startdate,enddate,status,ipaddress,progress,duration (in seconds),finished,recordeddate,responseid,recipientlastname,recipientfirstname,recipientemail,externalreference,locationlatitude,locationlongitude,distributionchannel,userlanguage,q_recaptchascore,q1_2,q1_3,q1_4,q1_5,q1_7,q1_8,tas_1,tas_2,tas_3,tas_4,tas_5,tas_6,tas_7,tas_8,tas_9,tas_10,tas_11,tas_12,tas_13,tas_14,tas_15,tas_16,tas_17,tas_18,tas_19,tas_20,ias_1,ias_2,ias_3,ias_4,ias_5,ias_6,ias_7,ias_8,ias_9,ias_10,ias_11,ias_12,ias_13,ias_14,ias_15,ias_16,ias_17,ias_18,ias_19,ias_20,ias_21,iats_1,iats_2,iats_3,iats_4,iats_5,iats_6,iats_7,iats_8,iats_9,iats_10,iats_11,iats_12,iats_13,iats_14,iats_15,iats_16,iats_17,iats_18,iats_19,iats_20,iats_21,sass_1,sass_2,sass_3,sass_4,sass_5,sass_6,sass_7,sass_8,sass_9,sass_10,sss_8_1,sss_8_2,sss_8_3,sss_8_4,sss_8_5,sss_8_6,sss_8_7,sss_8_8,pcs_1,pcs_2,pcs_3,pcs_4,pcs_5,pcs_6,pcs_7,pcs_8,pcs_9,pcs_10,pcs_11,pcs_12,pcs_13,phq_9_1,phq_9_2,phq_9_3,phq_9_4,phq_9_5,phq_9_6,phq_9_7,phq_9_8,phq_9_9,gad_7_1,gad_7_2,gad_7_3,gad_7_4,gad_7_5,gad_7_6,gad_7_7,stai_1,stai_2,stai_3,stai_4,stai_5,stai_6,stai_7,stai_8,stai_9,stai_10,stai_11,stai_12,stai_13,stai_14,stai_15,stai_16,stai_17,stai_18,stai_19,stai_20,vviq_q_2_1_1,vviq_q_2_1_2,vviq_q_2_1_3,vviq_q_2_1_4,vviq_q2_2_1,vviq_q2_2_2,vviq_q2_2_3,vviq_q2_2_4,vviq_q2_3_1,vviq_q2_3_2,vviq_q2_3_3,vviq_q2_3_4,vviq_q2_4_1,vviq_q2_4_2,vviq_q2_4_3,vviq_q2_4_4,q93,time_used,age,gender,evenodd_score,tas,ias,iats,sass,sss8,pcs,phq9,gad7,stai,vviq,scoring_flag
45574.64058,45574.64682,0,Anonymized,100,539,1,45574.64684,Anonymized,Anonymized,Anonymized,Anonymized,,Anonymized,Anonymized,anonymous,EN,1.0,Anonymized,1.0,1,1,2,24,2,2,1,2,2,4,1,2,2,1,4,1,1,2,2,2,1,1,1,2,4,5,4,5,5,5,4,4,4,4,5,2,4,2,4,2,4,2,4,2,2,1,4,1,2,4,2,4,1,2,2,4,2,2,1,1,1,1,2,4,4,2,2.0,4.0,4.0,3.0,2.0,3.0,4.0,2.0,1.0,1.0,2.0,1.0,2.0,2.0,2.0,1.0,3.0,3.0,4,2,1,2,2,1.0,1,4,4,4,4,3,2,2,2,2,2,1,1,1,1,1,2,1,2,2,1,3,1,1,2,2,2,1,2,3,1,1,2,1,2,2,2,1,1,4,3,2,1,5,5,4,5,5,5,5,5,4,5,3,5,5,5,5,5,Anonymized,539,24,2,-0.883589472,36,77,47,26.0,16,34,13,12,36,76,
45574.63957,45574.64808,0,Anonymized,100,735,1,45574.6481,Anonymized,Anonymized,Anonymized,Anonymized,,Anonymized,Anonymized,anonymous,EN,0.699999988,Anonymized,1.0,1,1,2,38,4,5,4,4,2,5,4,3,4,2,4,4,4,4,4,4,5,2,3,2,2,2,3,2,2,2,2,4,3,4,2,4,3,3,2,1,2,1,4,2,2,2,2,2,2,2,2,2,1,1,1,2,2,3,1,3,3,3,1,4,5,5,3.0,4.0,2.0,2.0,5.0,4.0,4.0,2.0,4.0,3.0,1.0,1.0,1.0,4.0,3.0,3.0,2.0,3.0,3,3,2,2,3,4.0,2,4,5,5,5,4,3,1,1,2,2,1,1,2,1,1,2,1,1,2,1,1,1,3,3,3,2,2,4,4,2,3,3,2,2,4,3,3,3,2,2,2,2,2,3,2,2,3,3,3,2,3,2,2,3,2,2,2,3,Anonymized,735,38,2,-0.927364305,73,52,49,33.0,18,45,12,9,54,39,
45574.63959,45574.6481,0,Anonymized,100,734,1,45574.64811,Anonymized,Anonymized,Anonymized,Anonymized,,Anonymized,Anonymized,anonymous,EN,1.0,Anonymized,1.0,1,1,1,31,2,2,1,2,2,1,1,1,1,2,2,2,1,1,4,3,4,1,2,4,3,5,4,4,5,5,5,5,5,5,4,5,4,4,4,2,4,1,3,4,3,1,4,2,4,2,2,2,1,1,1,3,3,1,1,2,1,1,1,2,2,2,1.0,3.0,5.0,1.0,4.0,1.0,2.0,1.0,1.0,1.0,2.0,1.0,1.0,1.0,4.0,1.0,4.0,1.0,1,1,1,1,1,2.0,1,1,1,1,1,2,2,2,1,3,2,2,2,2,3,1,1,1,1,2,1,1,1,1,2,2,1,2,1,1,1,1,1,2,2,2,2,1,2,3,1,1,2,4,4,4,5,3,2,3,3,4,3,3,4,4,4,3,3,Anonymized,734,31,1,-0.776180403,39,84,39,20.0,15,16,18,8,31,56,
45574.64125,45574.64872,0,Anonymized,100,645,1,45574.64873,Anonymized,Anonymized,Anonymized,Anonymized,,Anonymized,Anonymized,anonymous,EN,1.0,Anonymized,1.0,1,1,1,21,1,1,1,2,2,2,3,1,3,2,2,4,2,2,4,3,4,2,4,1,4,4,4,4,4,3,4,4,4,4,5,5,4,3,5,2,4,4,4,3,2,3,3,2,4,4,2,4,1,2,1,1,3,1,1,1,4,3,4,2,2,2,1.0,4.0,4.0,1.0,5.0,3.0,1.0,1.0,2.0,1.0,1.0,2.0,1.0,2.0,1.0,1.0,1.0,3.0,2,1,2,1,2,4.0,2,3,3,3,3,2,3,3,3,4,1,1,1,1,1,1,2,2,2,2,1,2,2,2,2,3,3,2,2,2,2,2,2,1,2,2,1,2,2,2,2,2,1,5,5,3,4,5,5,5,5,4,5,4,5,5,5,5,4,Anonymized,645,21,1,-0.879031452,46,80,50,23.0,12,31,16,13,39,74,
45574.64081,45574.64963,0,Anonymized,100,761,1,45574.64964,Anonymized,Anonymized,Anonymized,Anonymized,,Anonymized,Anonymized,anonymous,EN,1.0,Anonymized,1.0,1,1,2,30,4,5,3,4,2,2,4,4,3,2,4,2,4,4,3,2,4,1,2,4,2,2,5,4,5,4,4,5,4,2,5,4,4,4,5,4,5,1,2,2,2,2,2,2,4,2,2,2,1,1,1,4,2,1,1,1,2,2,1,4,2,2,3.0,4.0,4.0,4.0,5.0,4.0,5.0,3.0,4.0,2.0,4.0,1.0,2.0,3.0,2.0,1.0,1.0,1.0,2,1,1,1,3,3.0,1,2,1,2,2,2,3,2,2,2,4,4,2,3,2,2,2,2,2,3,3,4,1,3,3,4,2,3,4,3,2,2,3,3,4,3,4,3,3,3,3,3,3,1,1,1,1,1,1,1,1,2,1,2,1,1,1,1,1,Anonymized,761,30,2,-0.913356326,63,75,41,38.0,15,24,23,17,61,18,
45574.64086,45574.64975,0,Anonymized,100,768,1,45574.64976,Anonymized,Anonymized,Anonymized,Anonymized,,Anonymized,Anonymized,anonymous,EN,1.0,Anonymized,1.0,1,1,2,56,2,2,2,1,3,4,5,3,3,2,2,2,2,2,5,3,3,1,3,5,4,5,5,4,5,5,5,3,5,5,5,5,5,5,5,1,5,1,5,3,3,2,4,2,4,4,4,4,2,3,3,4,2,3,3,2,4,3,2,4,4,2,1.0,5.0,1.0,3.0,5.0,1.0,5.0,5.0,5.0,5.0,1.0,2.0,1.0,3.0,3.0,3.0,1.0,1.0,5,3,4,4,4,4.0,4,4,4,4,4,4,4,2,2,1,2,1,1,1,1,2,3,3,3,3,1,3,2,2,3,3,2,1,2,3,1,2,2,3,2,2,2,1,2,3,4,2,4,4,4,4,5,2,2,4,4,4,3,3,3,3,2,2,2,Anonymized,768,56,2,-0.912308846,55,89,65,36.0,15,52,13,18,46,51,
45574.64059,45574.64975,0,Anonymized,100,790,1,45574.64977,Anonymized,Anonymized,Anonymized,Anonymized,,Anonymized,Anonymized,anonymous,EN,1.0,Anonymized,1.0,1,1,2,62,2,2,1,3,2,2,3,2,2,1,3,2,2,1,3,2,2,1,2,2,4,4,4,4,5,4,5,4,4,4,5,3,3,3,5,2,5,3,5,3,4,2,2,3,2,5,1,4,1,1,2,3,1,1,1,5,3,5,4,3,2,4,3.0,5.0,5.0,5.0,5.0,4.0,5.0,4.0,2.0,1.0,5.0,4.0,1.0,5.0,1.0,5.0,1.0,5.0,2,1,3,3,2,3.0,1,3,2,2,2,2,2,1,1,4,4,4,1,1,1,1,4,3,3,2,1,1,1,3,3,2,1,1,3,2,1,2,2,1,1,1,2,1,1,2,2,2,2,5,5,5,5,4,4,3,3,3,2,2,4,3,3,2,2,Anonymized,790,62,2,-0.380755092,40,83,55,39.0,27,28,18,15,35,55,
45574.64013,45574.65316,0,Anonymized,100,1125,1,45574.65317,Anonymized,Anonymized,Anonymized,Anonymized,,Anonymized,Anonymized,anonymous,EN,1.0,Anonymized,1.0,1,1,2,43,2,2,5,1,1,4,4,2,4,1,2,2,4,4,3,4,2,1,1,1,4,4,4,4,5,5,5,5,5,5,5,5,5,5,5,2,5,1,5,3,3,1,2,1,1,2,1,4,1,1,1,1,1,1,1,4,5,4,1,4,4,1,1.0,5.0,5.0,2.0,4.0,2.0,4.0,4.0,2.0,1.0,4.0,1.0,1.0,4.0,3.0,5.0,1.0,3.0,5,2,1,3,3,4.0,1,5,4,4,4,2,4,1,1,3,3,1,1,1,1,1,3,3,3,3,1,4,4,2,3,2,4,1,3,4,2,3,2,3,2,2,1,2,2,3,3,2,3,4,4,4,5,2,3,2,4,5,3,4,4,3,4,4,3,Anonymized,1125,43,2,-0.894145689,50,90,42,30.0,22,42,13,21,49,58,
45574.64079,45574.65444,0,Anonymized,100,1179,1,45574.65447,Anonymized,Anonymized,Anonymized,Anonymized,,Anonymized,Anonymized,anonymous,EN,0.899999976,Anonymized,1.0,1,1,2,38,4,5,1,4,4,3,4,2,4,1,3,3,2,2,2,3,4,4,2,3,2,4,2,4,4,4,4,2,4,4,4,4,4,4,4,2,5,3,3,3,3,4,4,2,2,2,2,3,1,1,1,3,1,2,2,2,2,2,3,4,2,2,1.0,2.0,3.0,3.0,5.0,3.0,4.0,3.0,5.0,5.0,4.0,1.0,1.0,5.0,3.0,1.0,3.0,4.0,1,1,1,1,1,1.0,1,1,1,1,1,1,2,2,1,2,2,4,2,2,1,1,3,2,2,3,1,2,2,2,2,2,4,2,3,3,2,3,3,1,4,4,4,2,3,2,3,3,2,4,2,1,4,4,4,4,4,3,3,3,2,3,3,2,2,Anonymized,1179,38,2,-0.942728755,60,73,47,34.0,22,14,17,15,54,48,
45574.64177,45574.65666,0,Anonymized,100,1285,1,45574.65666,Anonymized,Anonymized,Anonymized,Anonymized,,Anonymized,Anonymized,anonymous,EN,0.5,Anonymized,1.0,1,1,1,27,4,3,3,2,3,3,4,3,3,3,4,3,2,1,3,2,3,3,3,3,3,2,3,3,3,3,3,3,3,3,4,3,3,4,3,3,4,3,3,3,3,4,4,3,3,3,2,3,3,3,2,3,2,3,3,2,2,2,2,3,2,3,1.0,1.0,1.0,1.0,1.0,2.0,1.0,2.0,2.0,3.0,1.0,1.0,1.0,1.0,2.0,1.0,1.0,1.0,1,1,1,1,1,1.0,1,1,1,1,2,1,1,1,1,1,2,1,2,2,2,2,1,2,2,1,1,1,1,1,1,2,1,1,2,1,1,1,1,1,1,2,2,1,2,1,2,2,1,4,3,4,3,3,4,4,3,3,4,3,3,3,3,4,3,Anonymized,1285,27,1,-0.957192715,58,65,57,15.0,9,14,14,9,27,54,
45574.66934,45574.67345,0,Anonymized,100,354,1,45574.67346,Anonymized,Anonymized,Anonymized,Anonymized,,Anonymized,Anonymized,anonymous,EN,0.0,Anonymized,1.0,1,1,2,28,4,5,4,2,1,5,5,3,2,4,4,2,4,4,5,5,3,3,4,4,1,2,3,3,5,4,4,4,5,2,4,4,4,4,3,4,4,4,3,2,3,5,4,3,3,3,4,5,5,5,5,2,2,4,4,5,3,4,4,5,3,4,5.0,5.0,5.0,2.0,3.0,3.0,2.0,2.0,1.0,5.0,2.0,3.0,4.0,4.0,5.0,5.0,5.0,5.0,2,3,4,4,3,2.0,4,3,4,4,4,2,4,2,3,3,4,3,3,2,4,3,4,3,3,3,4,4,4,3,3,2,4,3,3,3,2,2,2,3,2,1,3,2,3,3,3,2,3,3,4,2,2,4,3,4,3,4,3,2,2,4,3,2,2,Anonymized,354,28,2,-0.862078849,73,72,82,33.0,33,43,27,25,52,47,
45574.66935,45574.67374,0,Anonymized,100,378,1,45574.67374,Anonymized,Anonymized,Anonymized,Anonymized,,Anonymized,Anonymized,anonymous,EN,1.0,Anonymized,1.0,1,1,1,31,1,1,1,2,3,2,1,2,2,3,2,2,1,1,3,3,2,3,4,3,4,4,4,4,4,4,4,4,4,4,4,4,4,4,4,4,4,3,4,4,4,1,2,2,2,1,2,2,2,1,2,1,2,1,2,1,1,2,1,1,1,1,1.0,3.0,2.0,2.0,3.0,3.0,4.0,3.0,3.0,2.0,1.0,1.0,1.0,1.0,1.0,1.0,1.0,1.0,1,1,1,1,1,1.0,1,1,1,1,1,1,1,1,1,1,1,1,1,1,1,1,1,1,1,1,1,1,1,2,2,3,1,1,2,2,2,1,2,1,2,3,3,1,3,1,1,2,1,2,2,2,2,4,4,4,4,3,3,3,2,3,2,2,2,Anonymized,378,31,1,-0.988413189,42,83,31,26.0,8,13,9,7,36,44,
45574.66909,45574.67384,0,Anonymized,100,410,1,45574.67385,Anonymized,Anonymized,Anonymized,Anonymized,,Anonymized,Anonymized,anonymous,EN,1.0,Anonymized,1.0,1,1,1,50,2,3,1,3,2,1,1,2,1,5,3,3,2,2,4,2,4,2,3,1,1,4,1,4,4,4,3,3,3,3,4,4,4,3,4,1,3,2,3,2,3,1,1,1,1,2,1,1,1,1,1,1,2,1,1,1,1,1,1,1,1,1,2.0,4.0,3.0,2.0,5.0,2.0,3.0,2.0,2.0,3.0,1.0,1.0,1.0,3.0,2.0,1.0,1.0,5.0,1,2,2,2,2,1.0,1,1,3,2,4,4,2,2,2,4,2,1,2,1,1,1,3,2,3,3,1,3,3,3,3,3,1,2,3,4,1,1,3,1,1,3,3,1,3,2,1,3,1,2,2,1,2,2,2,2,2,1,1,2,1,1,2,2,1,Anonymized,410,50,1,-0.943977349,47,63,23,28.0,15,27,16,18,43,26,
45574.67032,45574.6745,0,Anonymized,100,361,1,45574.67452,Anonymized,Anonymized,Anonymized,Anonymized,,Anonymized,Anonymized,anonymous,EN,1.0,Anonymized,1.0,1,1,2,31,4,4,5,1,1,3,3,4,4,2,3,3,4,4,4,3,4,2,3,3,4,4,3,3,4,4,4,4,4,4,5,5,5,4,4,3,4,4,5,4,4,3,3,3,4,1,3,3,1,3,4,3,1,1,3,1,1,1,3,1,3,1,4.0,3.0,3.0,2.0,2.0,3.0,3.0,4.0,3.0,3.0,3.0,2.0,3.0,3.0,2.0,2.0,2.0,2.0,3,3,3,4,4,3.0,3,3,4,4,4,4,3,3,3,2,2,2,3,3,3,2,3,3,3,4,4,4,4,2,4,2,4,3,2,2,2,3,2,3,3,2,1,3,1,4,4,2,3,2,3,3,1,3,2,3,3,1,2,1,2,3,3,2,2,Anonymized,361,31,2,-0.966434675,64,85,47,30.0,19,45,23,25,52,36,
45574.66968,45574.67475,0,Anonymized,100,437,1,45574.67476,Anonymized,Anonymized,Anonymized,Anonymized,,Anonymized,Anonymized,anonymous,EN,1.0,Anonymized,1.0,1,1,2,59,2,1,1,1,4,1,1,2,2,3,2,1,1,1,2,3,1,2,3,2,5,5,5,5,5,4,5,4,4,4,4,4,3,3,5,2,3,2,3,2,2,1,1,1,1,1,1,1,1,1,1,1,1,1,1,1,1,1,1,1,1,1,2.0,3.0,3.0,2.0,2.0,1.0,3.0,3.0,2.0,2.0,1.0,1.0,1.0,2.0,1.0,1.0,1.0,1.0,3,2,2,1,1,1.0,1,2,1,1,1,1,1,1,2,1,2,1,2,1,1,1,2,1,2,2,1,1,1,2,1,2,2,1,3,2,1,1,2,1,1,2,3,1,1,1,1,1,1,4,4,4,4,4,4,4,4,4,3,3,4,5,4,4,4,Anonymized,437,59,2,-0.94834277,36,79,21,23.0,9,18,12,10,30,63,
45574.66936,45574.67485,0,Anonymized,100,473,1,45574.67486,Anonymized,Anonymized,Anonymized,Anonymized,,Anonymized,Anonymized,anonymous,EN,1.0,Anonymized,1.0,1,1,1,43,2,2,2,2,2,3,2,4,3,2,2,2,2,2,4,2,2,2,2,2,4,4,4,4,4,4,4,4,4,3,4,4,3,2,4,3,4,2,3,4,4,1,1,1,1,1,1,2,1,1,1,2,1,1,1,1,1,1,1,1,1,1,1.0,4.0,4.0,2.0,2.0,3.0,3.0,3.0,2.0,3.0,2.0,1.0,1.0,2.0,1.0,1.0,1.0,1.0,1,1,1,1,1,2.0,2,1,1,1,1,1,1,2,2,1,2,1,1,2,1,1,2,1,2,1,1,2,1,2,2,3,2,1,3,1,1,2,2,3,3,3,2,3,2,3,2,1,2,3,3,3,3,4,4,4,4,2,2,2,3,4,4,4,4,Anonymized,473,43,1,-0.96773613,46,76,23,27.0,10,15,13,10,43,53,
45574.66909,45574.6752,0,Anonymized,100,528,1,45574.67521,Anonymized,Anonymized,Anonymized,Anonymized,,Anonymized,Anonymized,anonymous,EN,1.0,Anonymized,1.0,1,1,1,57,2,4,1,4,3,2,1,3,2,3,1,4,2,1,4,3,4,2,3,2,4,2,4,5,3,5,4,2,5,3,2,1,4,3,4,1,2,1,3,1,1,1,3,2,3,4,3,4,2,1,1,2,1,3,1,5,1,2,1,1,1,1,1.0,3.0,3.0,1.0,2.0,4.0,3.0,3.0,4.0,2.0,3.0,1.0,1.0,2.0,2.0,3.0,2.0,4.0,1,1,1,1,1,1.0,1,1,1,1,1,2,1,3,2,3,1,2,2,1,1,1,2,1,1,1,1,2,1,2,2,3,2,2,1,1,3,1,3,2,1,2,2,2,2,1,2,1,1,4,5,5,4,3,5,4,5,5,5,5,3,4,3,5,4,Anonymized,528,57,1,-0.819376539,51,60,43,26.0,18,14,16,9,36,69,
45574.67031,45574.67523,0,Anonymized,100,425,1,45574.67525,Anonymized,Anonymized,Anonymized,Anonymized,,Anonymized,Anonymized,anonymous,EN,1.0,Anonymized,1.0,1,1,2,28,3,3,3,3,3,3,2,3,3,3,3,3,2,3,3,2,3,3,3,3,2,4,3,4,4,4,4,4,4,4,4,4,4,4,4,3,4,4,4,4,4,2,2,2,2,2,2,3,2,2,2,3,2,2,2,2,2,2,2,2,2,2,2.0,2.0,3.0,3.0,2.0,2.0,3.0,3.0,2.0,3.0,2.0,1.0,1.0,2.0,1.0,1.0,1.0,1.0,2,2,2,2,2,2.0,2,2,2,2,2,2,2,2,2,2,2,2,2,2,2,1,2,2,2,2,2,2,2,3,2,3,2,2,3,3,2,2,3,2,3,3,3,2,3,2,2,3,2,3,3,3,3,3,3,3,3,4,4,4,4,4,4,4,4,Anonymized,425,28,2,-0.993592165,57,80,44,25.0,10,26,17,14,50,56,
45574.66925,45574.67532,0,Anonymized,100,525,1,45574.67534,Anonymized,Anonymized,Anonymized,Anonymized,,Anonymized,Anonymized,anonymous,EN,1.0,Anonymized,1.0,1,1,2,58,2,2,1,2,2,2,2,2,2,2,2,2,2,2,2,2,2,2,2,3,4,4,4,5,5,5,4,4,4,4,4,4,4,4,4,3,4,4,4,4,4,1,2,1,3,2,2,4,2,2,2,2,2,2,2,2,2,2,2,2,2,2,3.0,4.0,3.0,2.0,2.0,2.0,4.0,3.0,2.0,2.0,1.0,1.0,1.0,2.0,1.0,1.0,1.0,2.0,2,2,2,1,1,2.0,2,2,2,2,3,2,3,1,1,2,2,1,1,1,1,1,2,1,1,1,1,1,1,2,2,2,2,2,3,3,2,2,2,2,2,2,2,2,2,2,2,2,2,5,4,5,5,4,4,4,3,3,3,3,3,4,4,4,4,Anonymized,525,58,2,-0.967581463,40,86,43,27.0,10,26,11,8,42,62,
45574.6688,45574.67549,0,Anonymized,100,577,1,45574.67549,Anonymized,Anonymized,Anonymized,Anonymized,,Anonymized,Anonymized,anonymous,EN,1.0,Anonymized,1.0,1,1,2,43,2,2,2,2,2,2,2,3,2,2,2,2,2,2,4,4,4,2,2,2,4,4,4,3,4,4,4,4,2,3,4,4,3,4,4,4,4,3,4,4,3,2,3,2,3,3,3,4,2,2,2,3,3,2,2,3,4,3,2,4,2,4,2.0,4.0,4.0,2.0,2.0,3.0,4.0,4.0,2.0,1.0,1.0,1.0,1.0,4.0,1.0,2.0,2.0,5.0,2,2,2,3,3,3.0,1,4,3,3,4,2,2,2,1,3,3,2,2,2,1,1,3,3,3,3,2,2,2,2,3,3,3,2,3,3,1,3,2,2,4,3,3,3,3,3,3,3,2,3,3,2,3,4,4,4,4,3,3,2,3,4,4,4,4,Anonymized,577,43,2,-0.726787622,47,77,58,28.0,17,34,17,18,54,54,
45574.66921,45574.67572,0,Anonymized,100,562,1,45574.67573,Anonymized,Anonymized,Anonymized,Anonymized,,Anonymized,Anonymized,anonymous,EN,1.0,Anonymized,1.0,1,1,1,36,4,4,2,4,4,4,2,2,3,2,4,4,4,2,4,3,4,2,4,2,3,4,4,4,4,4,4,4,4,2,4,4,5,4,3,2,3,2,4,4,2,2,2,2,2,2,2,2,2,2,2,2,4,3,2,2,3,4,2,2,2,2,1.0,1.0,3.0,2.0,4.0,5.0,3.0,4.0,2.0,3.0,2.0,1.0,1.0,4.0,1.0,4.0,2.0,2.0,2,3,2,2,2,3.0,2,2,3,3,3,4,4,3,3,2,3,2,3,2,1,1,3,3,3,3,2,3,3,3,3,3,3,3,3,3,3,2,3,3,4,3,3,4,3,3,3,3,3,4,5,3,4,4,4,4,5,5,4,5,5,5,5,5,5,Anonymized,562,36,1,-0.906002862,64,74,48,28.0,17,35,20,20,61,72,
45574.67006,45574.676,0,Anonymized,100,513,1,45574.67601,Anonymized,Anonymized,Anonymized,Anonymized,,Anonymized,Anonymized,anonymous,EN,1.0,Anonymized,1.0,1,1,2,47,2,3,2,3,4,2,2,4,2,3,3,3,3,2,4,4,4,3,4,4,3,2,4,2,4,4,3,3,4,4,4,3,4,4,4,4,4,3,3,3,4,2,2,2,2,3,1,4,1,1,1,1,1,1,1,1,1,1,1,3,1,1,3.0,4.0,3.0,2.0,3.0,3.0,4.0,3.0,2.0,3.0,2.0,1.0,2.0,3.0,3.0,1.0,1.0,2.0,2,1,2,1,2,1.0,1,2,2,2,2,2,1,2,2,2,2,1,1,1,1,1,2,2,2,2,1,1,1,3,3,3,3,2,3,4,2,2,3,2,3,3,3,2,3,3,3,3,2,4,4,4,4,4,4,4,4,4,4,4,4,4,4,4,4,Anonymized,513,47,2,-0.923560622,61,73,32,30.0,15,21,13,11,55,64,
45574.67056,45574.67603,0,Anonymized,100,472,1,45574.67604,Anonymized,Anonymized,Anonymized,Anonymized,,Anonymized,Anonymized,anonymous,EN,1.0,Anonymized,1.0,1,1,1,28,5,4,4,2,3,4,3,3,4,3,3,4,3,3,2,2,1,5,5,2,4,3,4,3,4,3,4,3,4,3,3,4,3,4,3,4,3,3,3,3,3,5,4,4,3,3,4,4,4,4,4,3,4,3,4,3,3,4,3,3,4,3,4.0,5.0,4.0,5.0,5.0,5.0,5.0,2.0,4.0,4.0,4.0,3.0,1.0,2.0,5.0,3.0,4.0,3.0,2,2,1,1,2,1.0,1,1,1,2,1,2,1,2,2,3,2,3,1,3,3,3,2,1,2,2,3,2,2,2,1,3,1,2,4,3,1,2,2,1,2,1,2,1,2,1,2,4,2,4,3,4,2,5,5,5,5,4,4,5,5,5,5,5,5,Anonymized,472,28,1,-0.942179883,65,71,76,43.0,25,18,22,14,39,71,
45574.66905,45574.67608,0,Anonymized,100,607,1,45574.67608,Anonymized,Anonymized,Anonymized,Anonymized,,Anonymized,Anonymized,anonymous,EN,0.899999976,Anonymized,1.0,1,1,2,21,2,2,1,3,2,3,2,2,3,2,4,2,3,1,4,1,4,2,3,4,3,4,4,4,4,4,5,3,4,4,4,4,4,4,4,4,4,4,4,4,4,2,3,1,3,2,1,4,3,2,1,4,1,1,1,2,2,1,1,4,2,1,1.0,3.0,3.0,2.0,1.0,2.0,2.0,1.0,1.0,1.0,1.0,1.0,3.0,3.0,3.0,1.0,1.0,2.0,1,1,1,1,1,1.0,1,1,1,1,1,1,1,2,1,2,2,1,1,1,1,1,1,1,2,1,1,1,1,3,2,2,1,1,3,2,3,2,2,1,2,4,2,1,3,1,1,2,1,5,5,4,4,5,5,4,4,4,3,3,3,5,5,5,4,Anonymized,607,21,2,-0.975085215,50,83,42,17.0,15,13,12,8,39,68,
45574.6702,45574.67611,0,Anonymized,100,511,1,45574.67612,Anonymized,Anonymized,Anonymized,Anonymized,,Anonymized,Anonymized,anonymous,EN,1.0,Anonymized,1.0,1,1,1,44,2,3,1,3,2,2,2,3,2,2,3,2,1,1,3,4,4,2,2,3,4,3,2,4,5,5,4,3,4,2,2,4,3,2,3,1,4,2,4,2,2,1,4,1,4,2,2,4,1,1,2,1,3,1,1,2,1,1,1,3,2,2,3.0,4.0,3.0,1.0,4.0,3.0,2.0,3.0,1.0,1.0,3.0,3.0,1.0,5.0,1.0,2.0,2.0,4.0,1,1,1,1,1,2.0,1,1,3,2,1,1,2,2,1,4,4,2,2,3,1,1,4,4,4,4,1,2,1,3,2,3,3,1,4,3,4,3,3,2,2,4,3,1,3,3,2,2,2,5,5,2,2,3,2,3,3,5,3,2,5,3,3,4,3,Anonymized,511,44,1,-0.690515746,47,65,40,25.0,21,18,20,20,53,53,
45574.66912,45574.6763,0,Anonymized,100,619,1,45574.6763,Anonymized,Anonymized,Anonymized,Anonymized,,Anonymized,Anonymized,anonymous,EN,1.0,Anonymized,1.0,1,1,2,31,2,3,2,2,3,4,3,2,3,2,2,2,2,4,3,2,4,2,3,2,4,2,3,4,5,5,4,3,3,3,3,3,4,4,4,2,4,2,2,2,2,4,2,2,2,2,2,5,1,1,1,4,1,1,1,3,3,2,2,3,2,2,2.0,3.0,4.0,2.0,5.0,5.0,5.0,2.0,2.0,2.0,5.0,1.0,4.0,4.0,4.0,1.0,1.0,2.0,2,1,1,3,2,3.0,1,4,2,2,2,1,3,2,1,2,3,2,2,3,3,1,2,2,3,3,3,2,2,3,3,3,3,2,4,3,3,3,3,2,4,3,2,2,2,3,2,3,2,5,4,2,5,5,5,5,5,5,4,4,5,4,4,4,5,Anonymized,619,31,2,-0.702778671,52,68,46,32.0,22,27,19,17,55,71,
45574.66971,45574.6765,0,Anonymized,100,587,1,45574.67652,Anonymized,Anonymized,Anonymized,Anonymized,,Anonymized,Anonymized,anonymous,EN,1.0,Anonymized,1.0,1,1,2,51,2,2,1,2,2,4,1,2,2,1,2,2,2,4,2,2,4,2,2,4,5,4,5,4,4,4,4,4,4,4,5,4,4,5,4,4,4,2,4,4,4,5,4,5,4,4,4,3,3,3,3,4,3,4,3,3,3,3,2,3,3,4,3.0,4.0,4.0,5.0,5.0,5.0,5.0,4.0,5.0,3.0,2.0,3.0,2.0,4.0,4.0,2.0,4.0,5.0,4,1,4,4,2,4.0,4,4,4,4,4,4,4,4,4,4,4,4,4,4,2,1,4,4,4,4,3,3,3,3,3,4,4,2,4,4,4,4,3,2,4,3,3,4,3,4,4,3,4,4,4,4,4,4,4,4,5,4,4,4,4,4,4,4,4,Anonymized,587,51,2,-0.924652651,45,86,73,43.0,26,47,31,25,69,65,
45574.66906,45574.67661,0,Anonymized,100,652,1,45574.67662,Anonymized,Anonymized,Anonymized,Anonymized,,Anonymized,Anonymized,anonymous,EN,1.0,Anonymized,1.0,1,1,2,66,2,2,1,2,2,3,1,3,2,2,2,2,2,4,2,1,3,3,4,2,4,4,2,4,4,4,4,5,5,5,5,5,4,4,4,2,5,1,2,3,4,4,4,1,2,1,1,4,1,1,1,1,2,4,1,1,1,1,1,4,1,1,1.0,3.0,2.0,2.0,2.0,4.0,3.0,3.0,5.0,4.0,1.0,1.0,1.0,1.0,1.0,1.0,1.0,1.0,1,1,1,1,1,1.0,1,1,1,1,1,1,1,1,1,1,1,1,2,1,1,1,2,2,2,2,2,1,1,3,2,2,2,1,3,2,3,2,2,1,3,3,3,2,2,2,2,2,2,4,4,3,2,2,2,3,4,2,1,2,3,2,3,3,3,Anonymized,652,66,2,-0.95992095,45,80,38,29.0,8,13,10,12,44,43,
45574.66953,45574.6767,0,Anonymized,100,620,1,45574.67671,Anonymized,Anonymized,Anonymized,Anonymized,,Anonymized,Anonymized,anonymous,EN,1.0,Anonymized,1.0,1,1,2,29,2,2,1,2,3,2,1,2,2,2,3,2,1,2,3,4,2,2,3,2,4,5,4,4,5,4,4,3,4,4,5,4,3,4,4,4,5,2,4,3,3,2,5,3,4,4,3,4,1,2,2,3,3,2,2,3,2,2,1,5,3,2,1.0,4.0,2.0,3.0,2.0,1.0,4.0,4.0,2.0,2.0,1.0,1.0,1.0,2.0,1.0,1.0,1.0,1.0,2,1,2,2,2,3.0,1,2,3,3,3,2,1,1,1,1,2,2,1,1,1,1,1,1,1,2,1,1,1,2,1,1,1,1,3,2,1,2,2,2,2,2,2,2,2,2,2,2,1,3,4,1,2,2,2,1,3,3,2,1,2,2,3,3,3,Anonymized,620,29,2,-0.947378877,43,82,58,25.0,9,27,11,8,35,37,
45574.66965,45574.67677,0,Anonymized,100,614,1,45574.67678,Anonymized,Anonymized,Anonymized,Anonymized,,Anonymized,Anonymized,anonymous,EN,1.0,Anonymized,1.0,1,1,2,72,3,2,2,2,2,1,2,2,1,3,2,2,1,2,4,1,4,4,4,3,3,4,4,4,4,4,4,4,4,4,4,3,3,3,4,4,4,3,4,3,4,2,2,2,3,2,1,3,1,1,1,2,1,1,1,1,1,1,1,3,3,2,1.0,1.0,2.0,4.0,2.0,1.0,2.0,3.0,1.0,1.0,2.0,2.0,2.0,2.0,1.0,1.0,1.0,2.0,2,1,1,1,1,1.0,1,2,1,1,1,1,1,1,1,2,2,2,1,1,1,1,1,1,1,2,1,1,1,2,2,3,3,1,3,2,2,2,2,1,1,2,2,1,2,2,2,2,1,3,4,4,4,3,4,1,4,4,3,3,1,3,4,4,1,Anonymized,614,72,2,-0.96564211,47,78,35,18.0,13,15,12,8,38,50,
45574.66941,45574.67683,0,Anonymized,100,641,1,45574.67684,Anonymized,Anonymized,Anonymized,Anonymized,,Anonymized,Anonymized,anonymous,EN,1.0,Anonymized,1.0,1,1,1,27,4,4,1,4,4,1,1,3,3,2,2,1,2,3,5,1,2,3,4,4,4,5,4,3,4,3,4,3,4,2,3,5,4,3,5,2,4,1,2,3,2,2,4,1,3,2,3,3,1,1,1,2,3,2,1,5,3,2,1,2,3,3,1.0,1.0,2.0,2.0,1.0,1.0,3.0,3.0,2.0,2.0,5.0,2.0,1.0,4.0,2.0,5.0,1.0,1.0,2,3,3,3,4,2.0,1,2,3,2,2,3,2,1,2,2,4,3,3,1,1,1,3,3,4,2,1,2,1,2,2,3,2,4,4,3,3,4,2,1,3,3,2,2,3,3,1,2,4,3,3,2,2,2,2,3,4,4,3,3,5,2,3,2,1,Anonymized,641,27,1,-0.790663356,54,70,48,18.0,21,32,18,16,53,44,
45574.66973,45574.67684,0,Anonymized,100,614,1,45574.67685,Anonymized,Anonymized,Anonymized,Anonymized,,Anonymized,Anonymized,anonymous,EN,1.0,Anonymized,1.0,1,1,2,26,3,2,2,2,3,2,2,2,3,1,2,2,3,2,5,3,3,2,2,2,4,4,4,5,3,4,4,3,4,3,3,3,3,3,3,2,3,2,3,3,2,2,3,2,4,5,2,2,3,2,2,2,2,2,2,2,2,2,2,2,2,3,3.0,4.0,4.0,4.0,4.0,2.0,4.0,3.0,4.0,3.0,1.0,2.0,2.0,5.0,2.0,1.0,4.0,3.0,3,2,2,3,3,3.0,2,4,4,4,4,3,3,4,4,4,4,3,3,3,1,1,3,4,4,3,2,2,3,3,3,3,2,2,3,3,3,3,3,1,2,3,4,2,3,3,3,3,2,3,3,2,4,2,2,2,2,1,1,1,3,2,2,2,2,Anonymized,614,26,2,-0.954453701,48,68,50,35.0,20,40,27,21,54,34,
45574.67014,45574.67692,0,Anonymized,100,585,1,45574.67693,Anonymized,Anonymized,Anonymized,Anonymized,,Anonymized,Anonymized,anonymous,EN,1.0,Anonymized,1.0,1,1,2,42,2,3,1,3,2,3,2,2,1,2,3,2,1,3,3,4,4,3,3,2,4,4,4,4,5,4,4,3,4,4,5,4,3,3,3,3,3,2,3,3,3,1,4,2,3,3,3,4,1,2,2,4,3,2,2,3,2,2,1,4,3,3,2.0,5.0,3.0,4.0,3.0,3.0,5.0,4.0,4.0,3.0,2.0,1.0,1.0,3.0,2.0,1.0,2.0,2.0,2,1,1,1,1,2.0,1,2,1,2,2,1,2,1,1,2,2,2,1,2,1,1,1,2,2,1,1,1,1,3,2,3,3,2,4,4,3,3,3,1,2,4,3,2,3,2,2,3,1,5,5,4,4,5,5,4,4,5,3,4,4,4,4,4,4,Anonymized,585,42,2,-0.965747111,49,75,54,36.0,14,19,13,9,53,68,
45574.66877,45574.67698,0,Anonymized,100,708,1,45574.67699,Anonymized,Anonymized,Anonymized,Anonymized,,Anonymized,Anonymized,anonymous,EN,1.0,Anonymized,1.0,1,1,2,60,1,1,1,1,2,1,1,3,1,1,1,1,1,1,3,1,1,1,2,3,5,5,5,5,5,5,5,5,5,5,5,5,5,5,5,5,5,5,5,5,5,1,1,1,2,1,1,4,1,1,1,3,1,1,1,1,2,1,1,3,1,1,1.0,4.0,3.0,2.0,2.0,1.0,4.0,3.0,3.0,1.0,3.0,1.0,1.0,1.0,1.0,2.0,1.0,1.0,2,1,1,1,1,2.0,1,2,1,2,1,1,2,1,1,1,1,1,1,1,1,1,1,1,1,1,1,1,1,1,1,1,1,1,1,1,1,1,1,1,1,1,1,1,1,1,1,1,1,5,5,5,5,5,5,5,5,5,5,5,5,5,5,5,5,Anonymized,708,60,2,-0.978016689,28,105,30,24.0,11,18,9,7,20,80,
45574.66902,45574.67711,0,Anonymized,100,698,1,45574.67711,Anonymized,Anonymized,Anonymized,Anonymized,,Anonymized,Anonymized,anonymous,EN,1.0,Anonymized,1.0,1,1,1,40,3,4,1,2,2,2,3,1,4,2,2,1,1,1,4,2,2,2,4,2,4,4,5,5,5,5,5,4,4,4,4,5,4,4,5,5,5,2,5,5,4,1,1,1,1,1,2,2,1,1,1,1,3,1,1,1,1,2,1,1,1,1,3.0,5.0,5.0,3.0,2.0,4.0,4.0,3.0,1.0,2.0,2.0,1.0,1.0,2.0,4.0,3.0,1.0,3.0,3,1,1,1,1,1.0,1,2,2,2,2,1,4,2,2,2,2,2,2,2,1,1,2,2,2,3,3,3,3,2,3,2,2,1,4,4,2,2,3,2,2,2,3,1,3,3,3,4,3,5,5,4,4,5,5,5,5,4,3,4,4,5,5,5,5,Anonymized,698,40,1,-0.978164535,45,93,26,32.0,17,22,16,18,51,73,
45574.66984,45574.67715,0,Anonymized,100,631,1,45574.67716,Anonymized,Anonymized,Anonymized,Anonymized,,Anonymized,Anonymized,anonymous,EN,1.0,Anonymized,1.0,1,1,2,57,1,2,2,2,2,2,2,2,2,2,2,1,2,2,2,2,2,2,2,2,4,4,4,4,4,4,4,3,2,4,4,4,2,2,4,2,4,4,4,2,4,1,2,1,2,1,1,4,1,1,1,2,1,1,1,2,1,1,1,1,1,1,1.0,4.0,4.0,4.0,2.0,4.0,4.0,4.0,1.0,2.0,1.0,1.0,1.0,2.0,2.0,2.0,1.0,3.0,3,2,2,2,2,3.0,2,3,3,3,3,2,3,1,1,3,2,2,1,1,1,1,1,1,1,2,1,2,1,2,1,2,1,1,2,2,1,2,1,1,1,1,2,1,2,2,2,2,2,3,4,2,4,4,4,3,4,3,2,3,3,3,2,3,3,Anonymized,631,57,2,-0.802336402,38,73,28,30.0,13,33,13,9,31,50,
45574.66976,45574.67716,0,Anonymized,100,639,1,45574.67718,Anonymized,Anonymized,Anonymized,Anonymized,,Anonymized,Anonymized,anonymous,EN,1.0,Anonymized,1.0,1,1,2,18,2,2,3,1,2,2,2,3,2,2,3,2,2,2,4,2,1,3,4,2,4,3,4,4,3,3,3,2,4,4,4,3,4,4,2,2,2,2,2,3,4,3,2,2,3,2,2,3,2,2,1,2,1,2,2,4,3,3,2,2,2,2,4.0,5.0,3.0,4.0,5.0,4.0,5.0,4.0,1.0,2.0,2.0,1.0,2.0,4.0,3.0,3.0,1.0,1.0,2,3,4,2,1,2.0,3,4,2,4,4,3,5,2,3,2,3,3,1,1,1,1,3,3,3,3,3,3,3,1,3,3,3,1,2,2,3,3,1,1,1,2,2,3,2,3,3,1,3,3,3,2,3,4,4,2,2,5,5,5,3,2,5,3,3,Anonymized,639,18,2,-0.96523334,46,66,47,37.0,17,39,17,21,43,54,
45574.66917,45574.67723,0,Anonymized,100,696,1,45574.67724,Anonymized,Anonymized,Anonymized,Anonymized,,Anonymized,Anonymized,anonymous,EN,0.899999976,Anonymized,1.0,1,1,2,43,1,1,1,2,3,3,4,4,3,2,1,4,1,2,3,5,1,1,1,2,3,4,3,3,4,4,4,4,4,4,5,3,4,4,4,3,4,3,5,4,4,5,4,3,4,2,1,4,1,1,2,5,1,1,1,1,4,3,2,4,3,4,1.0,4.0,3.0,4.0,5.0,1.0,5.0,4.0,4.0,1.0,5.0,2.0,3.0,5.0,4.0,3.0,4.0,5.0,2,1,1,1,1,1.0,1,1,1,1,1,1,2,3,2,4,4,4,3,3,2,1,2,2,4,4,3,2,1,1,3,2,3,1,2,3,2,2,2,1,2,2,2,1,1,4,4,2,3,5,5,5,5,5,5,4,5,5,5,4,5,5,5,5,4,Anonymized,696,43,2,-0.901353145,45,80,56,32.0,31,15,26,18,43,77,
45574.67007,45574.67725,0,Anonymized,100,619,1,45574.67726,Anonymized,Anonymized,Anonymized,Anonymized,,Anonymized,Anonymized,anonymous,EN,1.0,Anonymized,1.0,1,1,2,23,3,2,2,2,2,3,2,2,2,1,2,2,2,1,3,4,3,2,2,2,5,5,5,5,2,5,5,5,4,4,5,4,4,4,5,4,5,5,4,4,4,1,4,1,4,4,1,4,1,1,1,4,2,1,1,1,3,4,2,1,1,1,1.0,4.0,4.0,4.0,5.0,4.0,5.0,5.0,4.0,2.0,3.0,1.0,2.0,4.0,3.0,5.0,4.0,2.0,3,2,3,3,3,4.0,2,3,3,3,5,3,3,2,1,2,2,2,1,1,1,1,1,1,1,2,2,2,2,2,2,2,2,2,3,3,2,3,2,2,2,3,2,1,2,2,2,2,1,4,4,4,4,5,5,5,5,4,4,4,4,5,5,5,4,Anonymized,619,23,2,-0.990244148,44,93,43,38.0,24,40,13,11,42,71,
45574.66902,45574.67725,0,Anonymized,100,711,1,45574.67726,Anonymized,Anonymized,Anonymized,Anonymized,,Anonymized,Anonymized,anonymous,EN,1.0,Anonymized,1.0,1,1,2,46,2,1,1,2,3,2,1,4,2,3,2,1,1,3,4,4,2,2,3,4,5,4,5,5,4,3,4,5,5,4,5,4,4,4,5,4,5,3,5,5,4,2,3,2,4,3,2,4,2,3,3,2,2,2,2,3,3,2,2,3,3,3,1.0,3.0,2.0,1.0,1.0,3.0,3.0,2.0,1.0,1.0,1.0,1.0,1.0,1.0,1.0,1.0,1.0,1.0,1,1,1,1,1,2.0,1,2,1,1,1,1,1,1,1,1,1,1,1,1,1,1,1,1,1,1,1,2,1,2,2,1,1,1,1,1,1,2,2,1,1,1,3,1,1,1,1,2,1,3,4,5,3,3,4,4,5,4,4,5,5,4,4,5,5,Anonymized,711,46,2,-0.958437483,47,92,55,18.0,8,15,9,8,27,67,
45574.67032,45574.67728,0,Anonymized,100,600,1,45574.67729,Anonymized,Anonymized,Anonymized,Anonymized,,Anonymized,Anonymized,anonymous,EN,1.0,Anonymized,1.0,1,1,2,56,4,4,4,4,2,4,4,4,4,2,4,3,4,2,4,2,2,1,2,4,5,5,5,5,5,5,5,4,4,5,5,5,5,4,4,4,4,2,4,3,3,5,2,4,2,4,4,4,1,2,3,4,1,4,2,2,4,4,1,4,2,2,5.0,1.0,3.0,5.0,5.0,5.0,5.0,4.0,2.0,1.0,2.0,5.0,4.0,5.0,5.0,5.0,3.0,2.0,4,4,5,5,5,5.0,5,5,5,5,5,5,5,2,2,3,4,4,2,3,2,3,3,3,3,3,3,3,3,4,3,4,4,4,4,4,4,4,4,3,3,4,4,3,4,3,3,4,3,5,5,5,5,5,5,5,5,5,5,5,5,5,5,5,5,Anonymized,600,56,2,-0.934293017,64,91,61,36.0,31,63,25,21,73,80,
45574.66957,45574.67733,0,Anonymized,100,670,1,45574.67733,Anonymized,Anonymized,Anonymized,Anonymized,,Anonymized,Anonymized,anonymous,EN,1.0,Anonymized,1.0,1,1,2,54,2,2,4,2,2,2,2,3,3,2,2,2,2,1,3,2,2,2,2,1,4,2,4,2,2,4,4,2,2,2,4,4,4,4,4,2,5,1,4,3,3,2,2,2,4,2,2,4,2,2,2,4,3,2,2,4,3,3,2,4,2,3,4.0,2.0,3.0,2.0,2.0,5.0,2.0,2.0,2.0,1.0,4.0,2.0,2.0,3.0,1.0,4.0,1.0,4.0,3,1,1,2,2,3.0,1,3,4,2,2,1,1,1,1,4,3,3,1,2,3,1,2,1,1,2,2,1,1,2,2,2,1,1,2,1,2,2,2,2,2,2,2,1,2,2,1,2,1,5,5,3,4,4,4,4,4,3,2,2,4,5,5,5,4,Anonymized,670,54,2,-0.477377955,43,66,56,25.0,21,26,19,10,34,63,
45574.66873,45574.67736,0,Anonymized,100,745,1,45574.67737,Anonymized,Anonymized,Anonymized,Anonymized,,Anonymized,Anonymized,anonymous,EN,1.0,Anonymized,1.0,1,1,2,35,2,3,1,2,3,3,2,2,4,2,3,2,2,3,2,4,2,3,2,3,4,4,4,4,4,4,4,4,4,4,3,4,4,4,4,4,4,2,4,4,4,1,5,4,4,4,4,4,4,4,4,3,3,3,3,2,3,3,1,4,1,4,1.0,4.0,4.0,3.0,4.0,3.0,3.0,3.0,1.0,2.0,1.0,1.0,1.0,3.0,2.0,1.0,4.0,2.0,2,2,2,2,2,2.0,1,4,3,3,3,2,2,2,2,2,2,2,2,2,1,1,2,2,2,2,2,2,1,2,3,2,2,1,2,3,2,2,2,1,1,3,2,2,2,2,1,2,2,3,3,2,3,3,3,3,3,3,3,3,3,2,3,3,3,Anonymized,745,35,2,-0.939643048,50,81,68,28.0,15,30,16,13,39,46,
45574.66978,45574.67743,0,Anonymized,100,660,1,45574.67744,Anonymized,Anonymized,Anonymized,Anonymized,,Anonymized,Anonymized,anonymous,EN,1.0,Anonymized,1.0,1,1,2,30,5,5,2,4,2,4,4,3,4,2,4,3,3,4,4,2,4,2,2,3,3,5,4,4,4,4,3,2,4,3,5,4,4,3,4,2,3,3,3,2,2,4,5,3,4,3,3,4,2,3,2,4,4,3,2,4,4,3,4,5,4,4,2.0,4.0,4.0,5.0,2.0,5.0,5.0,5.0,4.0,1.0,1.0,1.0,2.0,4.0,3.0,2.0,2.0,3.0,3,1,1,2,2,3.0,3,4,4,4,4,3,4,2,4,3,4,4,4,4,1,1,2,4,4,4,4,2,3,3,3,4,3,1,3,4,3,4,3,2,4,3,3,3,3,4,3,3,2,4,3,4,5,4,3,3,4,4,5,5,5,5,4,5,4,Anonymized,660,30,2,-0.944676298,66,71,74,37.0,18,38,27,23,61,67,
45574.66938,45574.67744,0,Anonymized,100,697,1,45574.67746,Anonymized,Anonymized,Anonymized,Anonymized,,Anonymized,Anonymized,anonymous,EN,1.0,Anonymized,1.0,1,1,2,40,4,4,3,4,3,4,4,2,3,2,4,2,4,2,3,5,5,1,3,4,4,1,4,2,4,4,3,4,4,2,5,5,4,3,3,4,4,2,4,2,2,2,4,1,4,1,1,2,1,1,2,1,2,1,1,1,1,1,1,2,1,2,1.0,5.0,3.0,4.0,4.0,5.0,5.0,2.0,4.0,3.0,2.0,1.0,1.0,5.0,4.0,4.0,4.0,3.0,1,1,1,1,1,2.0,1,1,1,1,1,1,1,3,3,4,4,4,1,2,1,1,2,2,2,3,3,3,1,3,3,3,4,2,4,3,2,3,3,1,3,4,2,2,3,2,2,3,1,5,4,4,4,4,4,2,2,5,4,5,5,4,4,4,3,Anonymized,697,40,2,-0.907901902,66,70,33,36.0,24,14,23,16,53,63,
45574.67061,45574.67745,0,Anonymized,100,590,1,45574.67747,Anonymized,Anonymized,Anonymized,Anonymized,,Anonymized,Anonymized,anonymous,EN,1.0,Anonymized,1.0,1,1,1,33,3,4,4,4,2,4,4,5,4,2,4,2,4,4,2,5,5,2,2,4,4,4,4,4,5,4,4,4,2,4,4,2,2,4,4,2,4,2,2,4,4,2,2,2,3,2,2,4,2,2,2,2,4,2,2,2,2,2,2,4,2,2,4.0,2.0,3.0,4.0,2.0,3.0,2.0,4.0,4.0,4.0,3.0,1.0,3.0,4.0,1.0,1.0,1.0,4.0,1,1,1,2,1,1.0,1,1,1,1,1,1,1,2,2,3,3,1,2,3,1,1,2,2,3,3,1,2,1,2,2,3,3,2,4,3,2,3,3,1,4,4,2,2,3,2,2,3,2,4,4,3,3,4,4,3,2,3,2,4,4,4,4,5,3,Anonymized,590,33,1,-0.945941019,70,73,49,32.0,18,14,18,14,52,56,
45574.66881,45574.67753,0,Anonymized,100,753,1,45574.67754,Anonymized,Anonymized,Anonymized,Anonymized,,Anonymized,Anonymized,anonymous,EN,1.0,Anonymized,1.0,1,1,2,32,4,4,2,4,1,3,4,1,4,2,1,2,4,2,3,5,4,1,1,3,4,5,3,4,2,3,3,2,4,4,3,4,4,4,4,2,4,3,4,3,3,5,5,3,4,5,3,4,4,1,1,3,1,1,1,3,3,1,1,1,1,1,1.0,4.0,4.0,2.0,5.0,3.0,3.0,3.0,2.0,2.0,1.0,4.0,1.0,4.0,1.0,4.0,3.0,5.0,3,2,2,3,3,2.0,2,3,4,4,3,2,2,3,4,4,4,4,1,2,1,1,4,4,4,3,3,2,4,3,4,3,4,2,4,3,3,4,3,1,3,3,3,2,3,4,3,3,3,3,3,2,3,2,4,3,3,3,2,3,3,3,2,2,3,Anonymized,753,32,2,-0.292103638,55,72,52,29.0,23,35,24,24,61,44,
45574.66968,45574.67764,0,Anonymized,100,687,1,45574.67765,Anonymized,Anonymized,Anonymized,Anonymized,,Anonymized,Anonymized,anonymous,EN,1.0,Anonymized,1.0,1,1,2,31,4,4,2,4,1,4,2,2,4,2,4,2,4,2,5,5,4,4,1,4,5,4,5,2,4,5,4,4,4,4,2,4,4,4,4,5,4,5,4,5,5,2,4,2,2,2,2,4,1,1,2,2,1,2,2,4,2,2,4,4,4,2,4.0,5.0,5.0,5.0,5.0,5.0,4.0,5.0,4.0,4.0,1.0,3.0,1.0,4.0,1.0,1.0,4.0,4.0,4,2,2,4,3,4.0,4,5,5,5,5,5,4,4,4,4,4,4,1,4,2,1,3,2,2,1,1,2,1,2,2,2,1,1,3,2,1,2,2,2,2,2,1,1,1,3,3,2,2,4,4,3,5,4,4,4,4,5,4,4,5,4,4,5,4,Anonymized,687,31,2,-0.9108012,64,87,51,46.0,19,52,28,12,37,67,
45574.66953,45574.67771,0,Anonymized,100,706,1,45574.67771,Anonymized,Anonymized,Anonymized,Anonymized,,Anonymized,Anonymized,anonymous,EN,1.0,Anonymized,1.0,1,1,2,58,1,1,3,2,1,1,1,1,1,1,1,1,1,1,2,1,4,3,2,1,5,4,5,4,5,5,5,4,5,5,5,5,5,5,5,3,5,3,5,4,5,1,2,1,1,2,1,2,1,1,1,2,1,2,1,1,1,5,1,4,1,1,1.0,1.0,3.0,2.0,1.0,2.0,5.0,3.0,1.0,1.0,3.0,2.0,2.0,2.0,1.0,2.0,2.0,2.0,3,2,3,3,2,4.0,2,5,4,4,4,4,2,2,2,2,2,2,2,1,1,1,2,1,1,1,1,3,1,3,2,3,1,2,3,3,3,1,3,1,2,3,2,2,3,1,1,2,1,5,5,5,5,4,4,4,5,3,3,2,3,5,5,5,4,Anonymized,706,58,2,-0.92069176,30,97,33,20.0,16,42,15,10,42,67,
45574.66935,45574.67777,0,Anonymized,100,726,1,45574.67777,Anonymized,Anonymized,Anonymized,Anonymized,,Anonymized,Anonymized,anonymous,EN,0.899999976,Anonymized,1.0,1,1,1,35,3,3,3,2,3,3,3,3,3,3,3,3,3,3,3,3,3,3,3,3,3,4,4,4,4,4,4,4,4,4,4,3,3,3,4,4,4,4,4,3,3,4,3,3,3,3,3,4,3,4,3,3,3,3,3,3,3,3,3,3,3,3,3.0,2.0,4.0,2.0,2.0,3.0,1.0,1.0,3.0,2.0,1.0,1.0,1.0,1.0,1.0,1.0,1.0,1.0,2,2,2,1,1,1.0,1,1,1,1,1,1,1,3,1,1,1,1,1,1,1,1,1,1,1,1,1,1,1,1,1,2,4,1,4,2,1,1,1,1,1,2,2,1,2,1,1,2,1,4,4,4,4,3,3,3,3,3,3,3,3,3,3,3,3,Anonymized,726,35,1,-0.988235409,59,78,66,23.0,8,16,11,7,32,52,
45574.67037,45574.67782,0,Anonymized,100,643,1,45574.67783,Anonymized,Anonymized,Anonymized,Anonymized,,Anonymized,Anonymized,anonymous,EN,1.0,Anonymized,1.0,1,1,2,51,4,4,3,4,1,4,3,2,4,4,4,3,3,4,5,2,5,3,4,3,5,3,2,2,5,5,3,5,5,4,5,4,4,4,3,3,3,5,1,4,4,1,1,1,1,3,2,3,1,1,1,3,1,1,1,4,1,4,4,4,1,1,1.0,5.0,4.0,4.0,5.0,5.0,5.0,3.0,2.0,1.0,4.0,5.0,5.0,5.0,3.0,4.0,2.0,2.0,3,2,4,3,2,3.0,2,4,3,2,3,4,4,2,2,2,4,3,2,4,1,2,4,2,2,2,1,4,2,3,3,4,3,2,4,4,2,2,3,2,4,4,2,2,4,2,3,4,2,5,5,5,5,5,5,5,5,5,5,5,5,5,5,5,5,Anonymized,643,51,2,-0.898582761,69,79,40,35.0,30,39,22,17,59,80,
45574.6698,45574.67782,0,Anonymized,100,692,1,45574.67783,Anonymized,Anonymized,Anonymized,Anonymized,,Anonymized,Anonymized,anonymous,EN,1.0,Anonymized,1.0,1,1,2,60,1,1,2,1,3,5,3,1,5,1,1,3,3,3,3,3,1,1,1,1,5,5,4,5,5,5,5,5,5,5,5,5,5,3,4,1,5,3,5,5,4,1,1,1,2,3,1,5,1,1,1,4,1,1,1,4,3,3,1,1,1,1,1.0,1.0,5.0,1.0,5.0,5.0,5.0,5.0,5.0,3.0,5.0,1.0,1.0,2.0,1.0,5.0,1.0,2.0,5,1,5,5,5,5.0,1,5,5,5,5,5,5,2,2,2,2,1,2,2,1,1,4,4,4,4,4,2,4,2,3,3,3,2,3,4,2,4,2,4,4,1,1,3,2,4,4,2,4,5,5,4,5,3,3,2,4,4,4,4,5,4,4,3,3,Anonymized,692,60,2,-0.933655579,43,94,38,36.0,18,57,15,26,57,62,
45574.67221,45574.67794,0,Anonymized,100,495,1,45574.67795,Anonymized,Anonymized,Anonymized,Anonymized,,Anonymized,Anonymized,anonymous,EN,1.0,Anonymized,1.0,1,1,2,28,4,2,4,3,2,4,2,4,4,4,4,4,2,3,2,4,5,2,2,2,2,4,4,4,4,5,5,2,2,1,1,3,2,2,4,3,4,2,4,2,4,2,4,4,4,5,4,4,1,1,1,2,3,2,2,2,2,1,2,2,2,3,1.0,1.0,3.0,2.0,2.0,1.0,1.0,1.0,2.0,2.0,3.0,1.0,1.0,4.0,3.0,4.0,3.0,3.0,4,2,4,2,3,2.0,4,3,3,3,1,2,2,2,2,3,2,3,3,2,1,2,3,3,2,3,2,3,3,3,2,2,2,3,3,3,3,2,3,2,3,3,3,3,2,2,3,2,3,4,4,3,2,3,4,4,3,2,4,4,3,3,3,2,3,Anonymized,495,28,2,-0.902498782,63,64,53,16.0,22,35,20,19,52,51,
45574.66949,45574.67795,0,Anonymized,100,731,1,45574.67797,Anonymized,Anonymized,Anonymized,Anonymized,,Anonymized,Anonymized,anonymous,EN,1.0,Anonymized,1.0,1,1,1,29,2,4,1,4,2,2,2,1,1,4,3,3,1,2,4,3,4,2,3,2,3,5,5,5,5,3,4,3,5,5,5,5,5,5,5,3,5,1,5,5,5,1,2,1,2,2,1,1,1,1,1,3,2,1,1,1,1,1,1,3,1,1,1.0,4.0,3.0,3.0,2.0,3.0,5.0,4.0,2.0,2.0,2.0,2.0,1.0,3.0,1.0,4.0,4.0,4.0,2,1,1,1,2,2.0,1,1,3,3,3,1,3,1,2,1,2,3,2,2,1,1,1,1,2,2,1,2,1,2,1,3,3,2,2,2,2,1,2,2,2,2,2,2,2,1,2,2,2,2,3,2,3,4,4,3,4,3,2,3,3,4,4,4,4,Anonymized,731,29,1,-0.866368386,50,92,29,29.0,21,24,15,10,39,52,
45574.67031,45574.67797,0,Anonymized,100,662,1,45574.67799,Anonymized,Anonymized,Anonymized,Anonymized,,Anonymized,Anonymized,anonymous,EN,1.0,Anonymized,1.0,1,1,1,28,3,3,2,3,2,4,3,4,4,4,3,4,3,4,4,2,3,2,4,1,2,2,3,4,4,3,4,4,4,3,4,2,4,4,4,2,3,1,4,4,3,3,4,5,2,3,4,4,1,1,1,2,3,2,1,2,4,2,1,4,4,2,1.0,4.0,4.0,3.0,5.0,4.0,3.0,2.0,2.0,2.0,1.0,2.0,1.0,3.0,1.0,2.0,2.0,3.0,2,1,2,3,3,4.0,3,3,3,3,3,2,3,3,2,2,3,2,2,3,1,2,2,3,3,2,2,3,2,2,3,3,3,3,3,3,4,3,3,2,3,3,2,2,3,2,3,3,2,3,4,5,4,3,3,4,4,5,3,5,5,4,4,4,3,Anonymized,662,28,1,-0.776039926,62,68,55,30.0,15,35,20,17,55,63,
45574.67068,45574.67799,0,Anonymized,100,631,1,45574.678,Anonymized,Anonymized,Anonymized,Anonymized,,Anonymized,Anonymized,anonymous,EN,1.0,Anonymized,1.0,1,1,2,36,2,4,2,4,2,2,2,2,2,2,2,4,2,2,4,4,5,2,2,2,4,4,4,2,4,4,4,4,4,4,4,4,4,4,2,2,4,4,4,4,4,2,2,2,2,2,2,4,2,2,2,2,2,2,2,2,2,2,3,4,2,2,2.0,5.0,4.0,2.0,3.0,5.0,4.0,4.0,4.0,2.0,1.0,1.0,1.0,5.0,2.0,2.0,1.0,2.0,2,2,2,3,1,2.0,2,2,3,3,3,3,3,1,2,1,3,3,4,1,1,2,3,3,3,3,2,4,1,2,3,3,4,3,4,3,3,3,2,2,4,3,3,4,2,3,3,3,3,5,4,4,4,4,4,4,4,4,2,3,4,4,4,4,4,Anonymized,631,36,2,-0.839981458,53,78,47,35.0,15,31,18,19,60,62,
45574.67003,45574.67801,0,Anonymized,100,689,1,45574.67802,Anonymized,Anonymized,Anonymized,Anonymized,,Anonymized,Anonymized,anonymous,EN,1.0,Anonymized,1.0,1,1,2,45,5,5,3,5,1,5,5,5,5,3,4,5,5,1,1,5,5,1,3,5,5,5,5,5,1,3,5,3,4,3,5,5,4,4,5,5,4,5,5,5,5,2,5,5,5,5,3,5,1,1,1,3,3,5,3,3,5,5,5,5,5,5,1.0,5.0,3.0,5.0,5.0,1.0,5.0,5.0,5.0,5.0,4.0,1.0,1.0,4.0,1.0,5.0,5.0,5.0,5,5,5,4,4,4.0,3,5,5,5,4,5,4,4,4,4,3,3,4,4,4,4,4,4,4,4,3,4,4,2,3,2,3,3,4,4,1,1,1,4,1,4,4,4,4,4,2,2,2,3,3,1,1,2,2,5,5,5,5,5,5,5,5,3,5,Anonymized,689,45,2,-0.930868615,77,91,80,40.0,26,58,34,27,55,60,
45574.66962,45574.67813,0,Anonymized,100,734,1,45574.67814,Anonymized,Anonymized,Anonymized,Anonymized,,Anonymized,Anonymized,anonymous,EN,1.0,Anonymized,1.0,1,1,2,45,3,4,1,1,2,4,4,2,4,3,4,3,4,1,3,4,2,5,4,2,2,3,4,3,4,4,3,5,4,3,5,5,4,5,3,2,2,1,3,3,1,1,1,2,3,1,1,2,1,1,1,3,1,1,1,4,3,1,3,1,2,3,3.0,2.0,3.0,3.0,2.0,2.0,3.0,3.0,3.0,2.0,1.0,1.0,1.0,4.0,1.0,2.0,2.0,1.0,2,2,2,1,1,1.0,2,4,2,2,1,1,2,2,2,1,2,1,3,1,2,1,2,2,1,1,1,3,2,3,4,3,4,2,2,2,2,2,3,1,3,3,3,2,4,3,3,4,3,3,2,3,4,5,1,4,5,3,5,5,3,4,5,5,3,Anonymized,734,45,2,-0.847331973,60,69,37,26.0,13,23,15,12,56,60,
45574.67065,45574.67816,0,Anonymized,100,649,1,45574.67818,Anonymized,Anonymized,Anonymized,Anonymized,,Anonymized,Anonymized,anonymous,EN,1.0,Anonymized,1.0,1,1,1,25,4,5,2,5,4,4,4,4,3,2,1,5,2,4,5,5,5,4,5,1,4,5,5,2,5,4,4,1,1,2,4,5,4,3,5,1,4,5,5,5,4,4,4,2,4,4,2,2,4,4,2,4,2,2,2,4,2,1,5,2,1,1,1.0,5.0,5.0,2.0,1.0,1.0,4.0,5.0,2.0,2.0,1.0,3.0,1.0,5.0,3.0,1.0,1.0,5.0,3,1,2,4,4,4.0,4,4,3,3,4,2,4,4,2,2,3,4,4,4,4,1,3,3,3,3,4,2,3,2,3,2,4,2,3,2,2,3,2,1,2,3,2,1,3,4,2,2,1,3,4,3,3,4,5,4,5,5,4,2,4,3,3,3,2,Anonymized,649,25,1,-0.45995081,74,78,58,28.0,20,42,28,21,46,57,
45574.67032,45574.67821,0,Anonymized,100,681,1,45574.67822,Anonymized,Anonymized,Anonymized,Anonymized,,Anonymized,Anonymized,anonymous,EN,1.0,Anonymized,1.0,1,1,2,30,3,4,1,3,2,4,2,2,4,1,4,2,1,1,4,2,4,1,1,4,4,2,2,5,4,3,4,2,5,4,5,4,4,3,5,2,4,1,5,4,4,1,2,1,4,3,2,5,3,4,4,3,2,4,3,4,4,3,2,5,4,3,2.0,5.0,4.0,2.0,2.0,1.0,5.0,2.0,2.0,1.0,3.0,1.0,2.0,2.0,2.0,3.0,1.0,1.0,3,1,4,3,4,4.0,2,4,2,4,4,4,5,2,1,1,2,3,1,2,1,1,2,2,2,2,1,1,1,1,3,2,3,1,3,3,3,2,1,1,1,1,1,1,2,1,1,2,2,2,4,5,2,5,4,4,5,3,5,4,5,2,3,4,3,Anonymized,681,30,2,-0.882239195,50,76,66,26.0,15,44,14,11,35,60,
45574.67047,45574.67823,0,Anonymized,100,669,1,45574.67824,Anonymized,Anonymized,Anonymized,Anonymized,,Anonymized,Anonymized,anonymous,EN,1.0,Anonymized,1.0,1,1,2,53,2,2,1,2,2,2,3,4,3,2,4,3,3,4,4,2,4,2,2,4,4,2,3,3,4,4,4,3,4,3,4,4,3,4,4,4,4,2,4,3,3,2,3,2,2,2,2,4,2,2,2,2,2,2,2,3,3,2,2,3,2,2,2.0,4.0,3.0,3.0,2.0,3.0,3.0,4.0,1.0,2.0,2.0,1.0,1.0,3.0,3.0,4.0,1.0,2.0,4,3,4,4,3,4.0,3,4,4,4,4,4,4,2,2,2,2,3,2,1,1,1,1,1,1,1,1,2,2,2,2,3,2,1,2,3,2,3,2,2,2,2,2,2,2,3,2,2,2,3,3,3,4,3,4,3,3,4,3,2,2,3,3,3,3,Anonymized,669,53,2,-0.910449384,55,73,48,27.0,17,49,16,9,43,49,
45574.66924,45574.67823,0,Anonymized,100,777,1,45574.67824,Anonymized,Anonymized,Anonymized,Anonymized,,Anonymized,Anonymized,anonymous,EN,0.600000024,Anonymized,1.0,1,1,2,51,2,3,3,4,1,3,3,2,3,2,2,2,3,2,3,1,2,3,2,3,4,4,4,3,4,4,4,4,3,3,4,4,3,3,5,4,5,1,4,3,3,2,2,2,2,2,2,4,1,1,2,3,2,2,2,4,4,4,1,4,2,2,4.0,5.0,5.0,4.0,4.0,4.0,5.0,4.0,4.0,4.0,2.0,1.0,1.0,5.0,4.0,5.0,4.0,4.0,4,4,3,4,4,4.0,2,4,5,5,5,5,3,1,2,2,2,1,2,1,1,1,2,2,3,3,2,2,1,3,2,3,2,2,4,4,4,4,2,1,3,3,3,2,2,4,4,2,4,3,4,4,5,4,3,3,3,4,4,4,4,4,4,4,3,Anonymized,777,51,2,-0.876484607,49,76,50,43.0,26,52,13,15,58,60,
45574.6708,45574.67823,0,Anonymized,100,641,1,45574.67824,Anonymized,Anonymized,Anonymized,Anonymized,,Anonymized,Anonymized,anonymous,EN,1.0,Anonymized,1.0,1,1,1,26,3,4,3,3,2,3,3,4,4,2,4,4,2,2,4,4,4,3,3,3,4,3,4,4,5,5,4,4,4,3,4,5,5,5,3,2,4,2,4,4,3,2,4,3,4,3,3,4,2,4,3,3,4,4,3,4,3,2,2,2,2,2,4.0,3.0,4.0,2.0,3.0,4.0,2.0,3.0,3.0,2.0,2.0,1.0,1.0,3.0,2.0,1.0,2.0,2.0,3,2,2,2,2,2.0,3,4,3,3,2,2,2,2,2,2,2,1,2,2,1,1,2,2,2,1,1,1,1,2,2,3,2,2,4,3,3,2,3,1,1,3,2,2,2,3,3,3,3,4,4,3,4,4,4,4,3,4,4,3,3,4,4,3,3,Anonymized,641,26,1,-0.982914901,64,81,63,30.0,14,32,15,10,49,58,
45574.6702,45574.67826,0,Anonymized,100,696,1,45574.67828,Anonymized,Anonymized,Anonymized,Anonymized,,Anonymized,Anonymized,anonymous,EN,1.0,Anonymized,1.0,1,1,2,68,1,1,5,1,3,1,5,1,1,1,1,1,1,1,1,3,1,1,1,1,5,5,5,5,5,5,5,5,5,5,5,5,5,5,5,5,5,3,5,5,5,4,1,4,1,1,1,1,1,1,1,4,1,1,1,4,4,5,1,1,1,1,1.0,5.0,5.0,5.0,3.0,5.0,5.0,3.0,4.0,5.0,4.0,5.0,4.0,5.0,3.0,5.0,1.0,5.0,5,5,5,5,5,5.0,5,5,5,5,5,5,5,4,4,4,4,1,4,1,1,4,4,4,4,4,1,4,4,3,3,3,4,3,4,4,4,4,4,4,4,4,3,3,4,4,4,3,4,4,4,4,2,3,3,3,3,4,4,1,4,4,4,4,4,Anonymized,696,68,2,-0.877909872,32,103,40,41.0,32,65,27,25,73,55,
45574.66869,45574.67831,0,Anonymized,100,831,1,45574.67832,Anonymized,Anonymized,Anonymized,Anonymized,,Anonymized,Anonymized,anonymous,EN,1.0,Anonymized,1.0,1,1,2,36,1,1,1,1,3,1,1,5,1,1,1,1,1,1,1,5,1,1,1,1,5,5,5,5,5,5,5,5,5,5,5,5,5,5,5,5,5,5,5,5,5,1,5,5,5,5,5,5,4,5,1,4,4,4,4,4,4,4,1,4,1,4,1.0,5.0,5.0,5.0,5.0,1.0,5.0,5.0,5.0,5.0,4.0,1.0,1.0,1.0,1.0,1.0,1.0,1.0,1,1,1,1,1,1.0,1,1,1,1,1,1,1,1,1,1,1,1,1,1,1,1,1,1,1,1,1,1,1,1,1,1,1,1,1,1,1,1,1,1,1,1,1,1,1,1,1,1,1,4,4,4,4,4,4,4,4,4,4,4,4,4,4,4,4,Anonymized,831,36,2,-0.959364241,30,105,79,42.0,11,13,9,7,20,64,
45574.66885,45574.67833,0,Anonymized,100,818,1,45574.67835,Anonymized,Anonymized,Anonymized,Anonymized,,Anonymized,Anonymized,anonymous,EN,1.0,Anonymized,1.0,1,1,1,36,2,5,5,4,1,3,3,5,5,1,5,5,5,5,2,1,2,2,3,5,5,4,5,5,5,5,5,5,5,5,5,5,5,5,5,1,5,2,3,3,3,3,3,3,3,3,3,3,1,1,1,1,3,1,1,4,3,2,1,3,1,1,1.0,5.0,3.0,1.0,2.0,4.0,3.0,3.0,1.0,5.0,5.0,1.0,1.0,5.0,5.0,3.0,1.0,5.0,4,3,2,3,3,4.0,2,4,3,3,3,4,2,2,2,4,4,1,1,4,1,1,2,2,2,4,4,4,1,3,3,3,4,3,4,3,3,3,3,1,4,3,2,3,3,2,4,3,4,3,3,2,3,4,4,4,3,4,2,3,4,5,4,5,4,Anonymized,818,36,1,-0.753879692,69,91,45,28.0,26,40,20,19,61,57,
45574.66997,45574.67834,0,Anonymized,100,724,1,45574.67835,Anonymized,Anonymized,Anonymized,Anonymized,,Anonymized,Anonymized,anonymous,EN,1.0,Anonymized,1.0,1,1,1,83,1,1,1,1,1,1,1,1,1,1,1,1,1,1,5,3,4,1,3,1,5,5,5,5,5,5,5,5,5,5,5,5,5,5,5,2,5,3,5,5,2,1,1,1,1,1,1,4,1,1,1,1,1,1,1,1,1,1,1,2,1,1,1.0,4.0,3.0,3.0,2.0,1.0,4.0,4.0,1.0,4.0,1.0,1.0,1.0,2.0,1.0,1.0,1.0,1.0,1,1,1,1,1,1.0,1,1,1,1,1,4,1,2,2,2,2,1,3,1,1,2,1,1,1,1,1,1,1,1,1,3,1,2,2,1,2,1,2,1,1,1,1,1,2,1,1,1,2,5,5,5,5,5,5,5,5,5,4,4,5,5,4,5,5,Anonymized,724,83,1,-0.965488432,31,97,25,27.0,9,16,16,7,28,77,
45574.67072,45574.67841,0,Anonymized,100,664,1,45574.67842,Anonymized,Anonymized,Anonymized,Anonymized,,Anonymized,Anonymized,anonymous,EN,1.0,Anonymized,1.0,1,1,2,28,2,2,2,2,2,1,2,2,3,1,1,1,2,2,2,3,2,2,2,2,2,4,5,2,5,3,4,3,4,4,4,3,3,1,4,5,4,2,4,2,4,1,2,3,2,2,2,1,2,1,1,1,1,1,1,1,1,2,1,1,1,1,2.0,3.0,3.0,4.0,3.0,4.0,3.0,3.0,1.0,2.0,4.0,3.0,2.0,3.0,2.0,3.0,2.0,2.0,1,1,1,1,1,2.0,1,1,1,1,1,1,2,2,2,1,2,2,1,1,1,1,2,1,2,1,1,2,2,2,2,3,3,2,3,1,2,2,2,1,2,3,3,2,2,2,2,2,1,4,5,3,4,3,2,3,3,4,3,4,3,3,3,4,2,Anonymized,664,28,2,-0.860879241,38,72,29,28.0,21,15,13,11,42,53,
45574.6702,45574.67841,0,Anonymized,100,710,1,45574.67843,Anonymized,Anonymized,Anonymized,Anonymized,,Anonymized,Anonymized,anonymous,EN,1.0,Anonymized,1.0,1,1,2,19,1,2,1,2,3,1,1,1,1,1,1,3,1,1,2,3,1,1,1,1,4,4,5,5,5,5,5,5,5,5,5,5,5,4,5,4,5,3,5,5,5,2,3,2,3,2,2,4,1,1,1,4,1,1,1,1,1,3,1,5,3,2,3.0,4.0,3.0,2.0,2.0,4.0,4.0,4.0,3.0,1.0,2.0,1.0,1.0,4.0,3.0,3.0,1.0,2.0,1,1,1,1,1,1.0,1,1,1,1,1,1,1,1,1,2,2,1,1,1,1,1,1,1,1,1,1,1,1,2,2,2,2,1,3,3,1,1,2,1,2,2,3,1,2,1,1,3,1,4,4,4,5,5,5,5,5,5,4,4,3,4,4,4,3,Anonymized,710,19,2,-0.954423512,29,99,44,30.0,17,13,11,7,36,68,
45574.67052,45574.67841,0,Anonymized,100,682,1,45574.67843,Anonymized,Anonymized,Anonymized,Anonymized,,Anonymized,Anonymized,anonymous,EN,1.0,Anonymized,1.0,1,1,1,44,1,2,1,2,3,1,1,2,1,3,1,1,2,1,3,2,4,3,3,1,5,5,5,5,5,5,4,4,4,3,4,4,4,3,4,1,3,1,3,2,2,1,1,1,1,1,1,3,1,1,1,1,1,1,1,1,1,1,1,3,1,1,1.0,3.0,2.0,3.0,3.0,4.0,5.0,4.0,3.0,1.0,1.0,1.0,1.0,2.0,2.0,2.0,1.0,2.0,1,2,1,1,2,1.0,1,1,1,2,2,2,2,1,1,2,2,1,1,1,1,1,1,1,1,1,1,1,1,3,1,4,2,3,3,2,2,1,2,2,2,2,1,2,3,1,1,1,1,3,3,2,2,5,5,5,5,2,2,1,3,5,5,5,5,Anonymized,682,44,1,-0.971296872,38,76,25,29.0,12,19,11,7,39,58,
45574.67076,45574.67841,0,Anonymized,100,660,1,45574.67842,Anonymized,Anonymized,Anonymized,Anonymized,,Anonymized,Anonymized,anonymous,EN,1.0,Anonymized,1.0,1,1,1,60,1,1,1,2,2,1,1,1,1,1,2,1,1,1,2,2,2,1,2,3,4,5,4,5,5,5,4,5,5,5,5,5,5,4,4,4,5,4,5,5,4,4,2,1,2,2,1,4,2,1,1,1,2,1,1,2,1,1,1,4,2,1,2.0,3.0,3.0,2.0,3.0,1.0,4.0,4.0,2.0,2.0,1.0,1.0,1.0,2.0,1.0,1.0,1.0,2.0,1,1,1,1,1,1.0,1,1,1,1,1,1,1,1,1,2,1,1,1,1,1,1,1,1,1,1,1,1,1,2,1,2,2,1,2,1,1,1,2,1,1,1,2,1,1,1,1,1,1,5,4,4,5,5,4,4,5,4,3,3,3,4,5,4,4,Anonymized,660,60,1,-0.975331145,29,97,37,26.0,10,13,10,7,26,66,
45574.66938,45574.67844,0,Anonymized,100,783,1,45574.67845,Anonymized,Anonymized,Anonymized,Anonymized,,Anonymized,Anonymized,anonymous,EN,1.0,Anonymized,1.0,1,1,2,20,4,5,3,5,3,4,2,1,4,3,4,4,2,3,3,1,4,2,3,2,4,2,4,5,4,4,5,2,3,3,5,3,2,2,3,2,4,1,2,1,4,3,2,3,4,3,3,4,1,1,1,5,3,2,1,4,1,2,1,2,3,4,1.0,3.0,4.0,5.0,5.0,5.0,5.0,2.0,4.0,2.0,2.0,1.0,1.0,3.0,3.0,1.0,2.0,1.0,1,1,1,2,1,3.0,1,2,4,4,5,4,3,1,1,2,3,2,1,2,1,1,3,2,1,2,2,2,2,2,2,2,2,1,3,4,2,2,2,3,2,2,4,2,2,3,3,3,3,2,2,1,3,3,2,2,2,4,1,2,2,2,3,2,1,Anonymized,783,20,2,-0.876413746,62,65,53,36.0,14,32,14,14,49,34,
45574.66968,45574.67845,0,Anonymized,100,757,1,45574.67846,Anonymized,Anonymized,Anonymized,Anonymized,,Anonymized,Anonymized,anonymous,EN,0.699999988,Anonymized,1.0,1,1,2,47,1,1,1,2,3,1,1,2,1,1,2,1,1,2,1,3,2,1,1,2,4,2,5,4,5,5,5,5,5,2,5,5,2,2,4,1,3,2,5,4,3,1,1,2,1,4,2,4,1,4,2,4,4,1,1,2,1,1,1,5,1,2,1.0,2.0,5.0,1.0,1.0,1.0,5.0,1.0,1.0,1.0,2.0,1.0,1.0,2.0,1.0,2.0,1.0,1.0,2,1,1,1,1,2.0,1,1,1,1,1,1,2,1,1,2,2,1,1,1,1,1,1,1,1,1,1,2,1,1,1,1,1,2,3,2,2,1,1,1,2,2,2,2,1,1,1,2,1,5,5,5,5,4,5,4,5,4,4,3,4,5,5,5,5,Anonymized,757,47,2,-0.782705071,30,78,45,19.0,11,16,11,8,30,73,
45574.66956,45574.67854,0,Anonymized,100,776,1,45574.67855,Anonymized,Anonymized,Anonymized,Anonymized,,Anonymized,Anonymized,anonymous,EN,1.0,Anonymized,1.0,1,1,2,38,3,2,3,2,1,1,2,2,2,2,2,1,3,2,3,1,3,2,3,5,5,2,4,5,5,5,5,4,4,5,4,4,3,5,5,4,5,3,3,4,5,3,1,1,5,1,5,3,4,1,1,2,1,2,1,3,1,3,1,3,1,1,1.0,5.0,5.0,4.0,5.0,1.0,3.0,1.0,2.0,1.0,2.0,3.0,3.0,5.0,2.0,3.0,5.0,4.0,3,2,3,4,3,4.0,1,3,4,3,3,4,4,2,2,3,4,3,3,3,1,1,2,1,2,3,3,1,1,3,2,3,4,3,4,2,3,2,3,1,3,2,3,3,3,1,2,2,1,2,2,3,3,3,2,2,3,2,2,2,3,2,3,3,2,Anonymized,776,38,2,-0.884985628,45,89,44,28.0,27,41,22,13,50,39,
45574.67075,45574.67855,0,Anonymized,100,673,1,45574.67856,Anonymized,Anonymized,Anonymized,Anonymized,,Anonymized,Anonymized,anonymous,EN,1.0,Anonymized,1.0,1,1,2,25,1,1,1,2,3,2,1,2,2,1,1,1,1,1,1,3,1,2,3,1,5,4,4,4,4,5,4,4,4,2,5,4,2,2,4,2,5,4,4,2,2,2,4,2,2,4,2,4,2,1,1,2,2,1,1,2,2,2,2,2,2,2,4.0,3.0,3.0,3.0,4.0,5.0,5.0,3.0,2.0,2.0,1.0,1.0,3.0,5.0,5.0,1.0,4.0,4.0,1,1,1,1,1,1.0,1,1,1,1,2,4,1,1,1,3,3,1,1,1,1,1,2,1,1,2,1,2,1,2,2,3,3,2,4,3,2,3,3,1,3,3,3,1,3,2,1,3,1,5,5,3,4,5,5,4,5,4,4,4,4,4,4,4,5,Anonymized,673,25,2,-0.923295205,31,76,44,34.0,24,17,13,10,48,69,
45574.66992,45574.67855,0,Anonymized,100,746,1,45574.67857,Anonymized,Anonymized,Anonymized,Anonymized,,Anonymized,Anonymized,anonymous,EN,0.699999988,Anonymized,1.0,1,1,1,32,2,3,2,3,2,2,4,2,2,2,3,4,3,2,5,4,4,2,3,1,4,4,4,4,5,4,3,4,5,2,5,5,4,2,4,2,4,2,4,2,4,2,2,2,2,2,2,2,2,2,2,2,2,2,2,2,2,2,2,2,2,2,1.0,4.0,5.0,2.0,2.0,2.0,4.0,3.0,2.0,2.0,1.0,1.0,1.0,3.0,1.0,1.0,3.0,5.0,1,1,1,1,1,2.0,1,2,2,2,2,3,2,1,1,4,3,1,1,2,1,1,1,1,1,2,1,2,1,2,1,2,1,1,3,2,1,1,2,1,1,2,2,1,2,1,1,2,1,4,4,2,3,4,4,4,4,4,3,3,4,4,4,4,3,Anonymized,746,32,1,-0.816414661,55,77,42,27.0,16,21,15,9,30,58,
45574.67087,45574.67872,0,Anonymized,100,677,1,45574.67873,Anonymized,Anonymized,Anonymized,Anonymized,,Anonymized,Anonymized,anonymous,EN,1.0,Anonymized,1.0,1,1,2,22,3,4,3,4,4,2,3,4,3,2,4,2,2,3,4,2,4,2,3,4,3,4,3,4,4,3,4,4,4,4,4,4,4,4,4,2,3,2,3,3,4,2,4,3,4,4,3,3,4,2,2,4,4,4,2,4,2,2,2,4,2,4,3.0,4.0,4.0,2.0,3.0,4.0,5.0,4.0,4.0,3.0,3.0,4.0,4.0,4.0,4.0,4.0,4.0,3.0,4,3,4,4,4,3.0,2,4,4,4,4,4,3,2,2,2,3,2,2,2,1,1,3,3,3,2,2,2,2,3,3,3,3,2,3,3,2,3,3,2,3,3,3,3,3,3,3,3,3,3,2,2,3,3,3,2,3,2,2,2,3,2,2,2,2,Anonymized,677,22,2,-0.977347515,62,74,65,36.0,30,47,17,17,57,38,
45574.67046,45574.67872,0,Anonymized,100,712,1,45574.67873,Anonymized,Anonymized,Anonymized,Anonymized,,Anonymized,Anonymized,anonymous,EN,0.800000012,Anonymized,1.0,1,1,2,27,2,2,1,3,2,1,2,2,2,2,2,2,2,2,2,4,2,3,2,3,2,2,2,2,4,2,3,4,3,3,4,4,2,3,2,2,4,2,2,2,2,2,2,2,4,4,2,4,1,1,2,3,3,2,2,2,2,2,1,3,2,2,3.0,4.0,3.0,5.0,3.0,4.0,5.0,2.0,2.0,2.0,2.0,1.0,1.0,3.0,4.0,1.0,1.0,2.0,2,2,3,3,3,3.0,1,4,4,3,3,4,2,2,2,2,2,1,3,2,1,1,3,3,3,3,3,2,2,3,2,3,2,3,3,3,3,3,3,1,4,3,4,4,3,2,3,2,2,3,3,1,4,4,3,3,3,4,2,1,3,3,4,3,2,Anonymized,712,27,2,-0.932709851,43,56,48,33.0,15,37,16,19,56,46,
45574.66969,45574.67876,0,Anonymized,100,783,1,45574.67877,Anonymized,Anonymized,Anonymized,Anonymized,,Anonymized,Anonymized,anonymous,EN,1.0,Anonymized,1.0,1,1,1,34,3,2,1,2,2,2,1,3,1,4,2,2,2,2,5,4,3,2,4,2,3,4,4,4,4,3,3,2,3,3,4,4,3,3,4,2,4,1,3,2,2,1,1,1,1,4,1,2,1,1,1,1,3,1,1,4,3,1,1,4,3,1,1.0,2.0,1.0,1.0,3.0,2.0,4.0,2.0,1.0,3.0,1.0,1.0,1.0,1.0,1.0,1.0,1.0,1.0,1,1,1,1,1,2.0,1,2,2,2,3,3,2,2,1,1,2,1,1,2,1,1,1,1,1,2,1,2,1,2,2,2,3,1,3,2,1,2,2,1,1,2,2,1,2,3,3,2,2,3,3,2,2,4,4,3,3,4,3,2,3,4,4,4,3,Anonymized,783,34,1,-0.860732932,49,65,37,20.0,8,22,12,9,39,51,
45574.67054,45574.67878,0,Anonymized,100,711,1,45574.67879,Anonymized,Anonymized,Anonymized,Anonymized,,Anonymized,Anonymized,anonymous,EN,1.0,Anonymized,1.0,1,1,2,33,2,2,2,2,2,2,2,2,2,2,4,2,2,2,4,4,2,2,4,2,2,5,5,5,5,5,4,5,5,4,4,4,2,2,4,5,4,3,4,4,5,2,2,2,2,2,2,4,2,2,2,2,2,2,2,2,4,2,2,4,2,2,2.0,5.0,4.0,5.0,4.0,2.0,4.0,2.0,2.0,2.0,1.0,1.0,1.0,4.0,1.0,1.0,1.0,3.0,2,2,2,3,3,4.0,1,2,4,4,2,1,2,1,1,1,2,2,1,2,1,1,2,2,2,2,1,2,1,2,2,2,1,1,3,1,2,2,1,1,2,1,2,1,2,1,2,2,3,4,5,3,5,5,5,4,5,4,3,3,4,4,5,4,4,Anonymized,711,33,2,-0.879927691,48,86,48,32.0,13,32,12,12,34,67,
45574.66955,45574.67878,0,Anonymized,100,798,1,45574.6788,Anonymized,Anonymized,Anonymized,Anonymized,,Anonymized,Anonymized,anonymous,EN,1.0,Anonymized,1.0,1,1,2,18,5,5,4,4,1,4,4,1,5,1,4,2,5,5,4,2,2,1,2,3,5,2,5,4,2,2,4,5,2,5,5,5,2,5,5,2,5,3,5,4,4,5,4,4,2,1,1,4,4,1,1,2,1,1,1,4,2,4,1,4,2,4,1.0,5.0,3.0,3.0,5.0,5.0,4.0,2.0,4.0,4.0,4.0,2.0,2.0,5.0,4.0,3.0,3.0,3.0,3,3,4,4,5,5.0,2,5,5,5,5,3,4,3,3,3,4,4,4,2,4,2,4,4,4,4,3,3,3,3,4,3,3,3,3,4,3,4,3,2,3,2,4,3,3,2,3,4,4,1,1,1,1,2,2,3,2,3,2,3,2,3,3,3,2,Anonymized,798,18,2,-0.775524036,64,81,53,36.0,26,53,29,25,63,34,
45574.6697,45574.67881,0,Anonymized,100,787,1,45574.67882,Anonymized,Anonymized,Anonymized,Anonymized,,Anonymized,Anonymized,anonymous,EN,1.0,Anonymized,1.0,1,1,2,42,2,4,3,4,2,2,2,2,2,2,2,3,2,2,3,4,4,4,2,2,4,5,4,5,5,5,4,3,4,3,4,4,4,3,5,2,5,3,4,3,3,3,4,3,4,4,5,4,2,3,2,4,3,3,2,4,5,4,2,4,3,3,1.0,4.0,4.0,4.0,4.0,3.0,5.0,4.0,3.0,2.0,5.0,3.0,2.0,5.0,5.0,4.0,5.0,5.0,4,1,2,2,1,2.0,1,2,2,2,3,1,1,3,3,3,3,3,3,3,3,1,3,3,3,3,3,3,3,3,3,3,3,2,4,3,3,2,3,1,2,3,2,2,3,2,2,3,3,5,4,2,3,3,4,2,1,4,4,5,4,5,4,4,3,Anonymized,787,42,2,-0.959105975,53,82,71,34.0,34,24,25,21,52,57,
45574.66949,45574.67884,0,Anonymized,100,808,1,45574.67886,Anonymized,Anonymized,Anonymized,Anonymized,,Anonymized,Anonymized,anonymous,EN,1.0,Anonymized,1.0,1,1,2,34,4,4,3,4,2,4,3,2,4,2,4,4,4,4,3,2,4,2,3,3,5,2,5,4,3,4,5,4,4,4,5,4,2,4,4,2,5,1,4,3,3,5,4,4,2,2,2,4,4,1,2,4,2,2,2,5,5,5,1,2,1,1,2.0,3.0,4.0,2.0,3.0,4.0,5.0,4.0,3.0,2.0,5.0,3.0,2.0,5.0,2.0,4.0,2.0,3.0,4,3,3,4,4,4.0,3,5,4,4,4,4,3,4,3,2,4,2,2,2,2,2,4,3,3,2,2,2,2,3,3,3,3,2,3,3,3,3,3,3,4,4,3,3,4,4,3,3,3,4,3,2,3,2,3,3,3,4,2,4,4,2,2,3,1,Anonymized,808,34,2,-0.550379393,65,77,60,32.0,26,49,23,18,63,45,
45574.66875,45574.67884,0,Anonymized,100,872,1,45574.67886,Anonymized,Anonymized,Anonymized,Anonymized,,Anonymized,Anonymized,anonymous,EN,1.0,Anonymized,1.0,1,1,2,65,1,1,1,2,2,1,2,1,1,1,1,1,1,1,3,3,5,1,3,1,2,4,4,5,4,4,5,5,5,5,5,5,5,4,5,3,5,3,5,4,4,1,1,1,1,1,1,3,1,1,1,2,1,1,1,2,2,1,1,2,1,1,1.0,5.0,3.0,2.0,5.0,1.0,3.0,3.0,4.0,3.0,2.0,4.0,2.0,5.0,1.0,4.0,1.0,3.0,1,1,1,1,1,1.0,1,1,1,1,1,2,2,2,2,3,4,3,1,2,1,1,2,1,1,2,2,2,2,2,2,1,1,1,4,2,1,2,1,1,2,1,2,1,1,2,2,1,1,5,5,4,5,5,5,5,5,5,4,5,5,4,4,5,5,Anonymized,872,65,2,-0.7977137,33,91,27,30.0,22,15,19,12,31,76,
45574.6694,45574.67894,0,Anonymized,100,823,1,45574.67895,Anonymized,Anonymized,Anonymized,Anonymized,,Anonymized,Anonymized,anonymous,EN,1.0,Anonymized,1.0,1,1,2,29,4,4,4,4,3,5,4,4,4,3,2,3,4,5,4,1,5,1,2,3,4,2,4,5,3,5,5,2,3,3,5,4,2,3,5,4,5,1,4,3,2,3,5,3,4,4,1,5,4,1,1,4,3,1,1,5,5,5,2,3,2,3,3.0,2.0,3.0,4.0,5.0,5.0,5.0,5.0,4.0,2.0,1.0,3.0,3.0,5.0,5.0,2.0,3.0,4.0,4,1,4,4,4,3.0,4,4,4,5,5,4,3,4,4,4,4,4,2,2,2,1,4,2,3,2,2,4,3,3,4,4,4,4,4,4,4,4,3,4,4,3,3,4,3,4,4,4,4,5,5,3,4,4,4,4,3,4,3,5,2,4,3,4,3,Anonymized,823,29,2,-0.868517997,69,74,65,38.0,26,49,27,20,75,60,
45574.67069,45574.67902,0,Anonymized,100,718,1,45574.67902,Anonymized,Anonymized,Anonymized,Anonymized,,Anonymized,Anonymized,anonymous,EN,1.0,Anonymized,1.0,1,1,2,51,4,5,2,5,2,4,2,2,2,2,4,2,4,4,4,5,5,2,4,4,4,5,4,5,4,5,5,2,4,4,5,4,2,4,5,2,4,2,4,4,4,2,2,2,2,2,4,4,4,1,1,5,2,1,1,4,5,4,2,5,2,2,2.0,4.0,5.0,4.0,5.0,5.0,5.0,4.0,5.0,3.0,2.0,2.0,3.0,3.0,4.0,4.0,3.0,4.0,5,4,5,5,5,5.0,5,5,5,5,5,4,5,2,3,3,2,1,3,1,1,2,4,4,4,3,2,3,3,3,3,4,4,3,3,4,3,4,3,2,4,3,4,3,3,2,1,3,4,4,3,5,4,3,4,5,5,5,5,4,5,1,2,3,2,Anonymized,718,51,2,-0.978666245,68,82,57,42.0,25,63,18,23,63,60,
45574.67057,45574.67902,0,Anonymized,100,730,1,45574.67902,Anonymized,Anonymized,Anonymized,Anonymized,,Anonymized,Anonymized,anonymous,EN,,Anonymized,1.0,1,1,1,33,2,2,1,2,1,2,1,2,3,2,1,2,2,2,4,3,4,2,3,3,5,5,5,4,5,5,4,5,5,5,4,5,5,5,4,2,5,2,4,4,4,1,2,1,4,1,1,2,1,1,1,3,2,1,1,2,2,1,1,2,1,1,1.0,1.0,2.0,1.0,1.0,1.0,4.0,2.0,1.0,1.0,1.0,1.0,1.0,3.0,1.0,1.0,1.0,3.0,2,2,2,2,2,2.0,2,2,2,2,2,1,3,2,2,3,3,1,3,2,1,2,2,2,2,3,1,1,2,3,2,3,4,3,3,2,4,3,3,2,2,3,3,2,3,3,2,2,3,5,5,5,5,5,5,5,5,5,5,5,5,5,5,5,5,Anonymized,730,33,1,-0.950499485,44,92,32,15.0,12,26,19,13,55,80,
45574.66873,45574.67902,0,Anonymized,100,889,1,45574.67903,Anonymized,Anonymized,Anonymized,Anonymized,,Anonymized,Anonymized,anonymous,EN,1.0,Anonymized,1.0,1,1,2,21,2,2,4,2,2,2,4,2,4,1,2,2,3,4,2,2,2,1,1,5,5,5,5,4,2,2,4,2,4,2,4,4,2,2,4,2,4,2,4,4,4,5,5,4,4,2,2,4,2,2,2,4,1,2,2,4,4,4,2,4,2,4,3.0,4.0,5.0,3.0,2.0,4.0,5.0,5.0,4.0,4.0,5.0,3.0,1.0,5.0,2.0,3.0,5.0,2.0,3,2,4,4,3,4.0,2,4,5,4,4,4,4,1,2,2,3,4,2,3,2,1,3,2,3,2,1,3,2,2,2,2,2,2,3,4,3,3,2,2,3,3,3,1,3,3,3,3,3,4,4,3,5,5,5,5,5,4,4,3,5,3,4,5,3,Anonymized,889,21,2,-0.872098984,49,71,65,39.0,26,47,20,16,52,67,
45574.66936,45574.67904,0,Anonymized,100,835,1,45574.67905,Anonymized,Anonymized,Anonymized,Anonymized,,Anonymized,Anonymized,anonymous,EN,1.0,Anonymized,1.0,1,1,2,20,4,4,3,3,2,3,3,2,3,2,4,3,3,3,2,2,4,3,3,2,3,4,2,4,4,4,4,4,4,4,3,4,3,4,4,2,3,2,3,4,4,2,2,3,2,2,2,4,2,3,3,3,3,2,3,3,3,3,1,4,3,3,2.0,3.0,3.0,4.0,4.0,4.0,5.0,2.0,3.0,2.0,3.0,3.0,3.0,4.0,4.0,3.0,1.0,3.0,4,4,2,3,3,2.0,2,3,3,3,3,2,2,2,2,3,4,2,2,4,3,2,3,3,3,4,3,2,2,3,3,3,2,1,4,3,2,3,3,3,3,4,4,1,3,2,2,4,1,3,2,3,4,4,4,3,5,3,2,3,3,3,4,3,4,Anonymized,835,20,2,-0.898111071,58,73,56,32.0,24,36,24,20,54,53,
45574.66993,45574.6792,0,Anonymized,100,801,1,45574.67921,Anonymized,Anonymized,Anonymized,Anonymized,,Anonymized,Anonymized,anonymous,EN,1.0,Anonymized,1.0,1,1,2,42,5,5,2,5,2,5,4,1,5,3,5,5,5,5,4,3,5,1,4,4,4,2,3,1,3,4,4,5,4,3,1,5,5,5,5,1,3,1,3,1,3,3,1,1,1,1,1,1,1,1,1,1,4,1,1,2,3,4,1,4,1,1,1.0,4.0,5.0,2.0,5.0,5.0,5.0,1.0,4.0,2.0,4.0,1.0,3.0,4.0,3.0,4.0,1.0,3.0,1,1,1,2,2,1.0,2,3,2,2,2,2,1,3,2,2,3,4,1,3,3,1,3,2,2,3,3,3,1,3,3,3,3,2,3,3,2,3,3,1,3,3,3,3,3,3,4,3,3,2,1,1,1,2,1,1,2,2,1,1,2,2,2,1,1,Anonymized,801,42,2,-0.908300971,78,66,35,34.0,23,22,22,17,57,23,
45574.66873,45574.67924,0,Anonymized,100,907,1,45574.67925,Anonymized,Anonymized,Anonymized,Anonymized,,Anonymized,Anonymized,anonymous,EN,1.0,Anonymized,1.0,1,1,1,64,2,3,1,2,2,1,1,4,1,3,3,1,1,1,5,1,3,2,5,1,1,2,3,4,4,3,4,4,5,2,4,4,2,4,3,2,5,1,3,2,3,1,1,1,1,3,1,2,1,1,1,4,1,1,1,3,1,4,1,1,1,1,2.0,4.0,1.0,3.0,3.0,1.0,1.0,1.0,1.0,1.0,1.0,1.0,1.0,1.0,1.0,4.0,1.0,2.0,2,1,1,1,1,2.0,1,1,1,2,1,1,1,1,1,2,1,1,1,1,1,1,1,1,1,1,1,1,1,2,2,1,2,1,2,2,1,1,1,1,1,4,1,1,1,1,1,2,1,3,4,2,1,3,4,4,5,3,3,3,2,2,4,2,2,Anonymized,907,64,1,-0.86725552,43,65,32,18.0,12,16,10,7,29,47,
45574.67043,45574.67935,0,Anonymized,100,771,1,45574.67937,Anonymized,Anonymized,Anonymized,Anonymized,,Anonymized,Anonymized,anonymous,EN,1.0,Anonymized,1.0,1,1,2,63,4,3,4,4,3,4,4,3,4,2,3,2,4,3,2,4,4,3,3,2,4,2,4,3,2,5,3,4,4,3,5,3,3,3,4,3,4,3,4,4,5,2,3,2,3,5,5,3,2,2,2,4,3,3,3,3,3,4,2,2,4,4,2.0,4.0,4.0,4.0,5.0,2.0,5.0,4.0,3.0,3.0,4.0,1.0,2.0,3.0,3.0,2.0,4.0,4.0,3,2,3,3,3,4.0,3,3,4,3,3,2,5,2,2,4,2,3,2,3,1,1,3,3,3,3,1,2,2,2,3,2,2,2,3,2,2,4,3,3,2,2,3,1,3,4,3,2,2,3,3,2,4,5,5,4,5,5,3,3,4,5,5,5,5,Anonymized,771,63,2,-0.863821658,65,75,64,36.0,23,41,20,17,50,66,
45574.67027,45574.6794,0,Anonymized,100,789,1,45574.67941,Anonymized,Anonymized,Anonymized,Anonymized,,Anonymized,Anonymized,anonymous,EN,0.899999976,Anonymized,1.0,1,1,2,60,4,5,3,3,3,4,3,2,4,2,1,1,1,1,2,2,2,1,2,4,4,4,3,5,4,5,5,3,3,2,5,5,4,4,5,1,2,4,3,2,4,2,3,2,5,4,3,5,1,1,1,5,3,2,2,4,4,4,4,4,3,1,1.0,5.0,4.0,5.0,5.0,5.0,5.0,4.0,3.0,3.0,3.0,3.0,1.0,4.0,1.0,4.0,3.0,5.0,5,1,3,4,4,4.0,4,5,5,4,3,3,4,2,2,4,4,1,1,2,1,1,2,2,2,2,2,3,2,2,2,2,1,1,3,3,2,2,2,1,2,3,2,1,2,3,2,2,2,4,3,3,2,5,5,5,5,4,3,3,3,5,5,4,3,Anonymized,789,60,2,-0.746655301,50,77,63,40.0,24,49,18,15,40,62,
45574.6699,45574.67943,0,Anonymized,100,824,1,45574.67944,Anonymized,Anonymized,Anonymized,Anonymized,,Anonymized,Anonymized,anonymous,EN,1.0,Anonymized,1.0,1,1,2,22,5,5,2,5,3,4,4,2,3,3,4,3,4,2,2,5,5,2,2,2,5,2,4,3,3,3,4,4,4,2,3,4,3,3,4,4,4,3,4,4,4,4,2,2,3,2,1,3,4,3,3,4,2,1,1,1,1,1,2,4,3,1,1.0,4.0,4.0,3.0,5.0,5.0,5.0,2.0,2.0,2.0,3.0,1.0,1.0,3.0,3.0,1.0,2.0,2.0,3,1,2,2,1,1.0,1,2,1,2,2,1,1,1,1,2,3,4,2,2,1,1,3,3,2,4,4,2,2,2,3,3,3,2,3,4,1,3,2,2,3,3,4,2,2,2,3,2,3,4,4,4,4,3,4,3,3,4,4,5,5,4,5,4,3,Anonymized,824,22,2,-0.965297007,67,74,48,33.0,16,20,17,20,52,63,
45574.67041,45574.67948,0,Anonymized,100,783,1,45574.67949,Anonymized,Anonymized,Anonymized,Anonymized,,Anonymized,Anonymized,anonymous,EN,,Anonymized,1.0,1,1,2,63,1,2,3,2,2,1,1,2,1,2,2,1,1,1,3,1,2,1,2,1,1,4,4,4,4,4,4,3,2,2,4,3,4,3,2,1,3,1,4,1,3,1,2,1,2,1,1,4,1,1,1,4,1,1,1,2,1,1,1,4,1,1,1.0,4.0,2.0,3.0,2.0,4.0,4.0,3.0,1.0,1.0,2.0,1.0,1.0,1.0,1.0,1.0,1.0,1.0,1,1,1,1,1,1.0,1,1,2,1,1,4,2,1,1,2,1,1,1,1,1,1,1,1,2,1,1,1,1,1,2,2,1,1,2,1,1,3,1,1,3,1,2,1,1,1,2,1,1,5,3,3,4,4,3,4,5,5,3,2,2,3,3,3,3,Anonymized,783,63,2,-0.872604384,32,61,33,25.0,9,18,10,8,29,55,
45574.66884,45574.67955,0,Anonymized,100,924,1,45574.67956,Anonymized,Anonymized,Anonymized,Anonymized,,Anonymized,Anonymized,anonymous,EN,1.0,Anonymized,1.0,1,1,2,39,2,2,2,2,2,2,2,2,2,2,2,3,2,2,2,2,3,2,2,4,4,4,4,4,4,4,4,4,4,4,4,4,4,4,4,3,4,4,4,3,4,2,2,2,2,2,2,2,2,2,2,2,2,2,2,2,2,2,2,2,2,2,1.0,5.0,4.0,3.0,5.0,3.0,5.0,4.0,4.0,4.0,3.0,1.0,3.0,4.0,1.0,2.0,5.0,3.0,1,1,1,1,2,2.0,1,2,1,2,2,1,1,2,2,2,2,2,2,2,1,1,2,2,2,2,2,2,2,3,2,3,3,2,4,3,2,2,3,2,2,4,3,2,4,2,2,4,2,4,4,3,3,4,3,3,3,3,2,2,3,3,3,3,2,Anonymized,924,39,2,-0.979704645,44,82,42,38.0,22,18,16,14,54,48,
45574.66994,45574.67961,0,Anonymized,100,834,1,45574.67962,Anonymized,Anonymized,Anonymized,Anonymized,,Anonymized,Anonymized,anonymous,EN,1.0,Anonymized,1.0,1,1,2,62,2,2,2,2,2,1,2,3,2,3,2,1,2,1,2,2,2,4,2,2,5,4,5,3,5,5,4,5,4,4,4,3,4,4,5,4,5,4,3,4,4,2,2,2,2,2,2,2,2,2,2,2,2,2,2,2,2,2,2,2,2,2,2.0,3.0,4.0,2.0,2.0,3.0,3.0,2.0,2.0,2.0,1.0,1.0,1.0,1.0,1.0,1.0,1.0,1.0,1,1,2,3,1,1.0,3,1,1,2,3,2,2,4,2,1,1,1,3,3,2,1,1,1,1,1,1,1,1,2,2,4,2,3,2,3,3,2,3,1,4,3,3,4,3,1,2,2,1,3,4,3,2,3,3,3,3,4,3,3,4,3,3,2,3,Anonymized,834,62,2,-0.996019197,41,88,42,25.0,8,23,18,7,50,49,
45574.67019,45574.67961,0,Anonymized,100,813,1,45574.67962,Anonymized,Anonymized,Anonymized,Anonymized,,Anonymized,Anonymized,anonymous,EN,1.0,Anonymized,1.0,1,1,2,59,1,1,3,2,4,1,1,4,1,1,1,1,1,1,3,3,1,1,3,1,4,4,4,5,5,5,4,4,5,4,5,5,4,4,4,3,5,2,5,4,3,1,1,1,1,1,1,1,1,1,1,2,1,1,1,3,1,4,1,3,1,1,3.0,4.0,4.0,3.0,2.0,2.0,4.0,4.0,1.0,4.0,1.0,1.0,1.0,1.0,1.0,3.0,1.0,5.0,3,1,2,2,2,3.0,2,3,3,3,4,3,2,1,1,4,1,4,2,1,1,1,1,1,1,1,4,1,1,1,1,3,1,2,1,2,1,1,1,1,1,1,1,1,1,1,2,1,1,4,4,4,2,4,4,4,4,4,3,4,4,3,3,3,4,Anonymized,813,59,2,-0.767072537,35,88,29,31.0,14,33,16,10,25,58,
45574.66985,45574.67966,0,Anonymized,100,847,1,45574.67967,Anonymized,Anonymized,Anonymized,Anonymized,,Anonymized,Anonymized,anonymous,EN,1.0,Anonymized,1.0,1,1,2,57,2,2,1,1,2,2,2,2,2,1,2,2,2,2,2,2,2,2,2,2,4,4,4,4,4,4,4,4,4,4,4,4,4,4,4,4,4,2,4,2,2,1,1,1,1,1,1,4,1,1,1,2,1,1,1,2,1,1,1,4,1,1,1.0,4.0,1.0,1.0,2.0,1.0,2.0,1.0,1.0,1.0,1.0,1.0,1.0,4.0,1.0,4.0,1.0,2.0,1,1,1,1,1,1.0,1,2,1,2,1,1,2,2,3,3,2,1,1,2,1,1,2,1,1,2,1,2,1,2,2,2,2,1,1,1,1,2,1,2,2,1,2,1,2,3,1,2,1,4,4,4,4,4,2,4,4,4,4,4,4,4,4,4,4,Anonymized,847,57,2,-0.777497072,37,78,29,15.0,15,16,16,10,32,62,
45574.66944,45574.67965,0,Anonymized,100,881,1,45574.67967,Anonymized,Anonymized,Anonymized,Anonymized,,Anonymized,Anonymized,anonymous,EN,1.0,Anonymized,1.0,1,1,2,21,2,3,4,3,2,2,5,1,3,1,2,4,4,2,2,1,4,2,3,1,5,3,3,4,4,5,4,4,5,5,5,5,5,5,4,3,4,4,5,5,4,2,1,3,4,4,2,3,3,1,1,3,2,2,2,3,3,3,1,4,4,3,2.0,4.0,3.0,1.0,2.0,3.0,1.0,2.0,1.0,1.0,1.0,2.0,1.0,3.0,2.0,1.0,1.0,2.0,3,1,1,2,1,4.0,2,3,2,2,3,1,4,1,1,2,2,2,1,1,1,1,3,3,3,2,2,1,1,3,2,2,2,1,3,3,1,3,2,1,2,2,2,1,2,2,3,2,2,4,4,5,5,4,4,4,5,5,4,4,5,5,5,5,5,Anonymized,881,21,2,-0.949263415,51,91,54,20.0,13,29,12,15,41,73,
45574.6705,45574.67978,0,Anonymized,100,802,1,45574.67979,Anonymized,Anonymized,Anonymized,Anonymized,,Anonymized,Anonymized,anonymous,EN,1.0,Anonymized,1.0,1,1,2,42,4,4,3,4,2,4,3,1,4,2,2,2,3,4,4,1,4,1,3,4,3,4,4,2,5,5,5,4,4,2,4,5,4,4,3,4,5,2,2,2,2,2,3,1,4,3,3,5,1,1,1,3,1,3,1,4,3,3,1,4,3,3,3.0,1.0,1.0,2.0,1.0,4.0,1.0,3.0,4.0,1.0,5.0,1.0,1.0,2.0,1.0,2.0,1.0,1.0,1,1,2,1,1,3.0,1,1,1,2,2,2,3,3,4,3,3,2,4,3,1,1,2,3,3,3,1,3,1,3,3,3,3,3,4,3,3,3,3,3,4,4,3,3,3,3,3,3,3,4,3,5,4,5,5,5,4,5,5,4,5,3,5,5,5,Anonymized,802,42,2,-0.759830673,59,75,53,21.0,14,21,24,16,63,72,
45574.6703,45574.6798,0,Anonymized,100,820,1,45574.67981,Anonymized,Anonymized,Anonymized,Anonymized,,Anonymized,Anonymized,anonymous,EN,1.0,Anonymized,1.0,1,1,1,36,2,1,1,2,2,1,2,3,2,3,2,1,2,1,4,2,4,2,1,3,4,5,4,4,5,4,4,5,4,2,5,5,4,2,2,2,5,1,3,2,2,1,4,1,2,2,1,4,1,1,1,2,1,2,1,2,1,1,1,1,1,1,1.0,3.0,3.0,1.0,5.0,2.0,4.0,3.0,2.0,3.0,2.0,1.0,1.0,2.0,1.0,3.0,1.0,2.0,2,1,1,2,1,3.0,1,2,2,2,3,3,3,2,2,2,1,1,1,3,1,1,1,1,2,1,1,2,1,1,1,2,1,2,1,1,1,2,2,1,2,1,2,1,1,1,1,1,1,3,4,2,4,4,3,4,4,5,4,2,3,2,3,3,3,Anonymized,820,36,1,-0.910529703,41,74,32,27.0,13,26,14,9,26,53,
45574.67024,45574.67987,0,Anonymized,100,831,1,45574.67988,Anonymized,Anonymized,Anonymized,Anonymized,,Anonymized,Anonymized,anonymous,EN,1.0,Anonymized,1.0,1,1,1,23,2,2,1,2,2,2,1,2,2,2,2,1,1,1,1,3,1,1,2,2,5,3,5,5,5,5,5,5,5,5,5,5,5,5,5,5,5,5,4,5,5,1,4,1,3,1,1,2,1,1,1,4,4,1,1,1,1,1,1,4,1,1,1.0,4.0,2.0,1.0,4.0,2.0,4.0,4.0,2.0,1.0,2.0,1.0,1.0,3.0,2.0,1.0,1.0,3.0,2,1,1,1,2,1.0,1,2,1,1,1,1,1,2,2,2,2,2,2,1,1,1,2,2,2,2,1,3,1,3,2,3,3,1,2,3,2,3,3,1,2,3,2,2,3,3,1,2,1,4,4,4,4,4,4,4,4,4,3,3,4,4,3,4,3,Anonymized,831,23,1,-0.944598577,33,102,36,25.0,14,16,15,13,45,60,
45574.67086,45574.67988,0,Anonymized,100,780,1,45574.6799,Anonymized,Anonymized,Anonymized,Anonymized,,Anonymized,Anonymized,anonymous,EN,1.0,Anonymized,1.0,1,1,2,47,4,2,1,2,5,1,1,4,1,3,1,1,1,1,4,4,1,1,2,1,4,2,4,2,5,5,5,5,5,5,5,5,5,5,5,3,4,4,5,5,5,1,4,1,2,1,1,4,1,1,1,1,1,1,1,1,1,1,1,3,1,1,2.0,5.0,4.0,5.0,4.0,4.0,3.0,3.0,3.0,2.0,1.0,1.0,1.0,3.0,4.0,1.0,4.0,3.0,4,1,2,2,2,3.0,2,3,3,3,3,2,2,2,1,2,2,2,2,2,1,1,2,2,2,2,1,3,1,2,2,3,2,1,3,3,1,4,2,1,2,3,4,2,2,3,2,3,2,4,4,4,4,3,4,3,3,4,4,4,4,4,4,4,4,Anonymized,780,47,2,-0.876136756,41,93,30,35.0,18,32,15,13,47,61,
45574.66891,45574.67994,0,Anonymized,100,953,1,45574.67995,Anonymized,Anonymized,Anonymized,Anonymized,,Anonymized,Anonymized,anonymous,EN,0.100000001,Anonymized,1.0,1,1,2,34,1,1,2,1,4,1,2,2,1,1,1,1,1,1,3,3,3,2,2,1,3,4,4,5,4,4,4,4,2,4,5,5,2,2,5,3,4,2,5,4,4,1,4,2,5,4,1,3,1,1,1,5,1,1,1,4,2,2,4,4,4,4,3.0,3.0,4.0,5.0,4.0,2.0,5.0,4.0,3.0,4.0,2.0,2.0,1.0,4.0,2.0,1.0,1.0,4.0,4,2,3,4,3,4.0,2,4,4,4,4,2,3,2,2,3,3,2,3,4,2,1,4,3,3,4,3,3,2,3,2,3,3,3,3,3,2,3,2,2,2,3,4,2,2,2,4,3,3,3,4,5,5,4,4,4,4,5,4,5,4,4,5,4,3,Anonymized,953,34,2,-0.931513159,34,79,55,37.0,17,43,22,22,54,67,
45574.66977,45574.67998,0,Anonymized,100,881,1,45574.67999,Anonymized,Anonymized,Anonymized,Anonymized,,Anonymized,Anonymized,anonymous,EN,1.0,Anonymized,1.0,1,1,2,44,2,2,3,2,1,2,2,2,3,2,2,1,2,2,4,2,3,2,2,2,5,5,5,2,5,5,4,5,5,5,5,4,4,5,5,2,5,1,3,5,5,1,2,2,3,2,2,5,5,4,5,4,4,5,5,4,4,3,1,5,5,5,2.0,4.0,4.0,4.0,5.0,5.0,5.0,4.0,2.0,1.0,5.0,1.0,4.0,3.0,2.0,2.0,1.0,5.0,4,2,2,3,3,2.0,1,1,2,2,2,3,3,3,3,4,4,4,4,3,1,1,3,3,4,4,1,2,2,3,3,4,4,3,4,3,3,4,3,2,4,4,4,4,4,4,4,3,4,4,5,3,5,5,5,4,3,5,3,4,4,4,4,4,4,Anonymized,881,44,2,-0.923005333,43,90,76,36.0,23,30,27,19,71,66,
45574.66912,45574.68007,0,Anonymized,100,946,1,45574.68009,Anonymized,Anonymized,Anonymized,Anonymized,,Anonymized,Anonymized,anonymous,EN,0.800000012,Anonymized,1.0,1,1,2,55,2,2,1,2,2,2,2,3,2,2,2,2,2,2,4,2,2,2,3,2,3,4,3,4,4,4,4,4,4,4,5,4,4,4,5,4,5,3,5,3,3,1,2,1,2,1,1,4,1,1,1,2,1,1,1,3,1,3,1,4,3,2,1.0,4.0,4.0,3.0,1.0,1.0,4.0,4.0,1.0,2.0,2.0,1.0,1.0,4.0,2.0,4.0,1.0,4.0,1,1,1,1,1,1.0,1,1,1,1,1,1,1,1,1,2,2,2,1,1,1,1,1,1,1,1,1,1,1,1,1,1,1,1,3,2,1,2,1,2,3,1,2,1,2,2,1,2,1,5,5,5,5,4,4,4,4,5,5,5,5,5,5,5,5,Anonymized,946,55,2,-0.858488471,43,83,37,25.0,19,13,12,7,31,76,
45574.66956,45574.6802,0,Anonymized,100,918,1,45574.68021,Anonymized,Anonymized,Anonymized,Anonymized,,Anonymized,Anonymized,anonymous,EN,1.0,Anonymized,1.0,1,1,1,37,4,5,1,4,2,3,2,4,4,2,5,2,4,5,2,4,3,2,4,3,4,5,4,4,4,4,3,2,3,4,4,4,3,2,5,1,4,1,3,2,2,2,3,3,4,2,1,3,2,2,1,3,2,1,2,4,3,2,1,1,2,3,2.0,3.0,4.0,1.0,1.0,3.0,4.0,4.0,1.0,5.0,3.0,1.0,1.0,2.0,1.0,3.0,1.0,3.0,2,2,3,4,3,3.0,4,2,3,3,4,3,3,2,2,3,3,2,2,1,1,1,2,2,2,3,3,4,1,3,3,4,3,3,3,3,3,4,2,3,4,3,2,3,3,4,3,3,2,5,4,3,4,3,3,2,2,4,2,3,3,2,2,3,2,Anonymized,918,37,1,-0.740790863,65,68,47,28.0,15,39,17,17,61,47,
45574.6699,45574.68027,0,Anonymized,100,896,1,45574.68028,Anonymized,Anonymized,Anonymized,Anonymized,,Anonymized,Anonymized,anonymous,EN,1.0,Anonymized,1.0,1,1,2,34,2,4,1,4,2,4,1,4,1,2,2,1,1,2,5,5,2,2,2,1,4,1,4,1,2,5,5,2,4,4,2,5,4,4,4,1,4,4,2,2,1,1,4,1,4,4,4,4,1,2,1,1,1,2,2,2,4,2,2,4,2,5,4.0,5.0,3.0,4.0,3.0,1.0,2.0,4.0,4.0,1.0,2.0,1.0,1.0,2.0,1.0,4.0,2.0,1.0,2,1,3,2,2,3.0,1,2,1,2,2,1,2,1,1,1,2,2,2,1,1,1,1,1,1,1,1,1,1,1,2,2,1,2,2,2,1,3,1,1,2,2,2,1,1,2,3,2,2,5,5,5,5,4,4,5,5,4,4,5,5,3,4,4,5,Anonymized,896,34,2,-0.942324944,48,65,53,31.0,14,24,12,7,35,72,
45574.67006,45574.68031,0,Anonymized,100,886,1,45574.68033,Anonymized,Anonymized,Anonymized,Anonymized,,Anonymized,Anonymized,anonymous,EN,1.0,Anonymized,1.0,1,1,1,59,1,1,1,1,1,1,2,2,2,3,1,1,1,1,4,3,2,1,2,2,2,4,4,5,5,4,3,5,4,4,5,5,5,5,4,3,4,1,5,4,3,1,2,2,1,2,1,1,1,1,2,2,3,1,1,1,1,1,1,4,2,1,1.0,4.0,3.0,1.0,2.0,1.0,4.0,3.0,1.0,3.0,1.0,1.0,1.0,1.0,1.0,2.0,1.0,1.0,1,1,1,1,1,2.0,1,1,1,1,2,1,3,1,1,1,1,1,1,1,1,1,1,1,1,1,1,1,1,2,1,2,1,1,2,2,1,2,2,1,1,1,1,1,2,4,1,1,2,3,4,4,2,4,4,4,4,4,3,3,4,4,4,4,3,Anonymized,886,59,1,-0.98081385,33,84,32,23.0,9,17,9,7,31,58,
45574.66993,45574.68036,0,Anonymized,100,900,1,45574.68037,Anonymized,Anonymized,Anonymized,Anonymized,,Anonymized,Anonymized,anonymous,EN,1.0,Anonymized,1.0,1,1,1,70,4,3,4,2,3,2,3,2,4,2,3,2,2,1,3,2,4,3,1,1,4,4,4,4,4,4,4,4,4,4,4,5,5,5,5,2,5,3,4,4,3,1,1,1,2,3,2,3,1,1,1,3,2,2,1,3,1,3,1,1,1,2,1.0,5.0,3.0,2.0,5.0,4.0,4.0,3.0,1.0,1.0,2.0,1.0,2.0,4.0,4.0,4.0,1.0,2.0,1,1,2,2,1,2.0,1,1,1,1,1,1,1,3,3,3,3,1,2,2,2,1,3,3,3,2,1,2,1,2,2,2,3,2,3,3,2,2,3,2,2,2,2,2,3,2,3,3,2,5,5,5,4,5,5,4,4,5,4,4,4,4,4,4,3,Anonymized,900,70,1,-0.860921769,51,85,36,29.0,20,16,20,15,47,69,
45574.66942,45574.68039,0,Anonymized,100,947,1,45574.68041,Anonymized,Anonymized,Anonymized,Anonymized,,Anonymized,Anonymized,anonymous,EN,1.0,Anonymized,1.0,1,1,1,49,4,5,3,4,3,4,4,3,4,3,4,3,5,5,3,1,5,3,3,3,3,4,4,4,4,4,3,3,3,4,3,4,4,4,4,2,3,2,4,3,2,3,3,2,3,4,3,3,3,2,3,2,3,2,3,3,2,3,4,3,2,4,2.0,3.0,2.0,3.0,4.0,5.0,4.0,2.0,3.0,2.0,2.0,3.0,2.0,4.0,4.0,3.0,2.0,5.0,3,4,4,3,3,3.0,2,2,3,2,3,3,3,3,4,4,4,4,4,4,4,4,4,4,4,4,4,4,4,4,4,3,3,3,4,4,3,3,4,2,4,4,4,2,4,3,2,4,2,4,3,3,4,4,3,4,5,2,3,3,4,4,4,4,4,Anonymized,947,49,1,-0.915155456,72,71,60,30.0,25,38,35,28,66,58,
45574.66931,45574.68044,0,Anonymized,100,961,1,45574.68045,Anonymized,Anonymized,Anonymized,Anonymized,,Anonymized,Anonymized,anonymous,EN,0.800000012,Anonymized,1.0,1,1,1,56,4,5,1,4,1,4,2,2,4,3,4,3,4,4,3,3,3,2,3,4,4,4,3,4,3,2,4,3,4,4,4,5,3,2,4,2,4,3,5,3,2,1,1,1,2,1,1,1,1,1,1,1,3,1,1,1,2,1,1,2,2,1,1.0,5.0,4.0,2.0,3.0,3.0,4.0,3.0,2.0,3.0,2.0,4.0,3.0,4.0,3.0,1.0,1.0,4.0,4,5,4,4,4,3.0,3,4,3,3,4,4,3,3,3,4,4,4,4,4,2,3,3,4,4,4,3,3,3,3,3,3,3,3,3,3,3,3,4,3,3,3,3,4,3,3,3,4,3,4,2,2,4,5,4,4,4,4,4,5,4,4,4,5,4,Anonymized,961,56,1,-0.948568219,63,72,27,30.0,22,48,31,24,63,63,
45574.6697,45574.68047,0,Anonymized,100,930,1,45574.68049,Anonymized,Anonymized,Anonymized,Anonymized,,Anonymized,Anonymized,anonymous,EN,0.899999976,Anonymized,1.0,1,1,1,70,1,1,1,1,2,1,1,1,1,3,1,1,1,1,5,1,5,2,5,5,4,5,5,5,5,5,5,5,5,5,5,5,5,5,5,2,5,1,5,4,4,1,1,1,1,1,1,4,1,1,1,1,1,1,1,1,1,1,1,1,1,1,1.0,4.0,2.0,1.0,1.0,1.0,5.0,1.0,1.0,4.0,1.0,1.0,1.0,1.0,1.0,1.0,1.0,1.0,2,2,2,2,2,3.0,3,3,2,2,3,3,3,2,2,1,2,1,2,2,1,1,2,1,1,2,1,3,1,3,1,4,4,3,2,2,1,1,3,2,1,4,1,2,3,1,1,1,1,4,4,4,2,4,4,4,4,5,4,5,5,5,5,5,5,Anonymized,930,70,1,-0.949917448,40,95,24,21.0,8,32,14,11,41,69,
45574.66964,45574.68051,0,Anonymized,100,938,1,45574.68052,Anonymized,Anonymized,Anonymized,Anonymized,,Anonymized,Anonymized,anonymous,EN,1.0,Anonymized,1.0,1,1,1,53,2,2,1,2,2,1,1,1,1,2,1,1,1,1,2,1,3,3,3,1,4,3,5,5,3,2,5,5,5,5,3,4,5,5,5,2,5,2,3,4,4,2,3,1,4,4,4,4,1,1,1,4,3,1,1,1,3,1,3,3,1,3,1.0,1.0,3.0,3.0,5.0,3.0,5.0,3.0,5.0,3.0,1.0,1.0,2.0,1.0,1.0,1.0,2.0,1.0,1,1,1,3,2,1.0,1,4,3,3,5,1,1,3,4,3,2,2,4,3,1,4,2,2,2,2,1,4,3,4,4,4,2,4,4,4,3,4,4,3,4,4,4,4,4,4,4,4,4,4,2,1,3,2,3,4,4,5,5,5,5,2,2,4,4,Anonymized,938,53,1,-0.871449265,32,84,49,32.0,10,27,26,16,76,55,
45574.67035,45574.68051,0,Anonymized,100,878,1,45574.68052,Anonymized,Anonymized,Anonymized,Anonymized,,Anonymized,Anonymized,anonymous,EN,1.0,Anonymized,1.0,1,1,1,67,2,2,1,2,1,3,2,2,3,2,2,3,2,2,3,1,4,1,2,2,4,4,3,3,5,4,4,4,5,4,3,5,4,5,4,1,4,1,4,3,2,1,1,1,2,3,1,4,1,1,1,1,3,2,1,1,2,2,1,5,2,2,1.0,2.0,3.0,4.0,2.0,4.0,2.0,4.0,1.0,2.0,2.0,1.0,1.0,2.0,2.0,1.0,1.0,2.0,2,1,1,2,1,2.0,1,3,3,3,4,2,1,2,2,2,1,1,1,1,1,1,2,1,2,1,1,2,1,2,2,1,2,1,2,2,1,2,2,1,2,3,2,2,2,2,1,2,1,5,4,3,5,5,5,4,5,5,5,4,5,5,5,5,5,Anonymized,878,67,1,-0.848977239,42,76,38,25.0,12,26,12,10,35,75,
45574.67096,45574.68051,0,Anonymized,100,825,1,45574.68052,Anonymized,Anonymized,Anonymized,Anonymized,,Anonymized,Anonymized,anonymous,EN,1.0,Anonymized,1.0,1,1,2,25,4,5,2,4,4,3,3,3,4,1,4,4,4,4,4,3,4,2,2,3,3,2,3,3,3,3,4,4,4,4,4,4,4,4,4,2,3,2,2,3,3,4,4,3,4,3,3,4,3,2,3,4,4,3,2,3,3,4,2,4,4,3,3.0,3.0,4.0,3.0,2.0,2.0,4.0,3.0,3.0,3.0,4.0,2.0,4.0,5.0,4.0,2.0,4.0,3.0,4,5,4,4,3,3.0,4,5,4,4,4,4,5,4,4,2,2,4,3,3,3,3,4,4,4,4,3,3,3,3,4,3,4,3,4,3,3,3,3,2,3,3,3,3,3,3,3,3,3,4,3,4,4,3,3,2,3,3,3,2,3,3,4,4,4,Anonymized,825,25,2,-0.906449239,67,68,69,30.0,28,53,28,25,62,52,
45574.67014,45574.68067,0,Anonymized,100,910,1,45574.68068,Anonymized,Anonymized,Anonymized,Anonymized,,Anonymized,Anonymized,anonymous,EN,1.0,Anonymized,1.0,1,1,1,50,3,4,2,4,2,2,3,2,2,2,4,1,2,3,5,5,2,3,4,2,4,5,5,4,2,4,5,5,3,5,4,4,4,5,4,1,5,4,3,2,3,1,2,2,2,2,2,4,1,1,2,3,2,2,2,3,3,1,3,4,2,2,1.0,2.0,4.0,1.0,4.0,3.0,4.0,3.0,1.0,1.0,2.0,2.0,2.0,4.0,3.0,4.0,2.0,5.0,2,2,1,2,2,2.0,1,2,3,3,3,2,1,2,2,4,4,1,2,3,3,1,1,2,3,1,1,3,2,3,2,3,3,3,3,3,2,3,3,2,3,3,3,3,3,2,3,2,1,3,4,4,3,4,5,4,3,5,4,5,5,3,4,5,3,Anonymized,910,50,1,-0.716868118,57,81,46,24.0,24,26,22,13,53,64,
45574.66909,45574.68072,0,Anonymized,100,1005,1,45574.68073,Anonymized,Anonymized,Anonymized,Anonymized,,Anonymized,Anonymized,anonymous,EN,1.0,Anonymized,1.0,1,1,1,30,1,1,5,2,1,1,4,5,1,5,1,1,1,4,5,4,5,5,5,3,5,4,5,5,5,5,4,5,5,5,4,5,2,5,5,1,4,3,5,1,1,1,1,1,1,1,1,4,1,1,1,1,2,1,1,2,1,1,1,2,1,1,1.0,1.0,3.0,1.0,1.0,1.0,5.0,1.0,1.0,1.0,1.0,1.0,5.0,4.0,2.0,3.0,1.0,4.0,2,1,2,1,1,2.0,1,3,2,2,2,2,2,2,2,3,2,3,1,2,1,1,2,1,1,3,1,3,1,2,2,4,2,2,2,3,1,1,2,2,2,1,1,1,3,1,1,1,1,4,2,3,3,5,2,4,4,4,1,4,3,3,4,4,3,Anonymized,1005,30,1,-0.717632888,60,84,27,16.0,21,23,17,12,35,53,
45574.67017,45574.68074,0,Anonymized,100,912,1,45574.68075,Anonymized,Anonymized,Anonymized,Anonymized,,Anonymized,Anonymized,anonymous,EN,1.0,Anonymized,1.0,1,1,2,52,1,1,1,2,3,1,1,3,1,3,2,2,1,1,4,2,3,2,5,2,3,4,3,4,4,4,4,4,4,4,4,3,3,4,5,3,5,3,3,4,4,1,1,1,1,1,1,1,1,1,1,1,1,1,2,2,1,2,1,1,1,1,1.0,5.0,3.0,2.0,3.0,3.0,4.0,2.0,1.0,1.0,4.0,1.0,1.0,1.0,1.0,3.0,2.0,1.0,1,1,1,1,2,2.0,1,1,1,1,1,1,1,1,2,2,1,1,2,2,1,2,1,1,1,1,1,2,1,4,1,3,2,2,4,2,2,1,4,1,1,3,2,2,4,1,1,2,1,3,3,3,4,3,3,4,3,3,2,3,3,3,3,3,3,Anonymized,912,52,2,-0.954862853,41,79,24,25.0,14,15,14,8,43,49,
45574.66951,45574.68074,0,Anonymized,100,970,1,45574.68075,Anonymized,Anonymized,Anonymized,Anonymized,,Anonymized,Anonymized,anonymous,EN,1.0,Anonymized,1.0,1,1,2,49,2,2,1,2,3,3,3,3,3,1,1,1,1,1,4,1,4,2,2,1,4,5,2,5,5,5,5,5,5,5,5,5,5,3,4,4,4,3,5,4,4,1,4,1,4,3,2,4,1,1,1,2,2,2,2,2,1,1,1,1,3,2,1.0,5.0,4.0,4.0,3.0,4.0,4.0,4.0,3.0,1.0,1.0,1.0,1.0,4.0,1.0,1.0,1.0,4.0,3,1,2,1,1,2.0,1,2,2,2,2,2,2,1,1,2,2,2,2,2,2,1,2,2,2,2,2,2,2,3,3,3,2,2,3,3,2,2,3,2,2,4,4,2,3,2,2,3,2,5,5,4,5,5,5,5,5,4,4,3,3,3,3,3,3,Anonymized,970,49,2,-0.920788404,41,92,41,33.0,14,23,15,14,52,65,
45574.67054,45574.68074,0,Anonymized,100,881,1,45574.68076,Anonymized,Anonymized,Anonymized,Anonymized,,Anonymized,Anonymized,anonymous,EN,1.0,Anonymized,1.0,1,1,1,51,2,3,1,2,3,2,2,3,2,2,4,3,2,4,3,2,4,3,2,3,3,5,4,4,5,5,4,5,5,5,4,5,3,3,4,3,4,2,4,4,3,1,3,4,2,3,2,4,1,2,2,3,3,2,2,1,3,4,1,4,2,3,2.0,2.0,3.0,2.0,4.0,3.0,4.0,3.0,3.0,2.0,1.0,2.0,1.0,2.0,3.0,2.0,1.0,1.0,2,1,1,1,1,2.0,2,1,3,2,4,2,2,1,1,1,2,2,2,1,2,1,2,1,1,1,1,2,1,2,2,2,2,2,1,2,2,3,2,2,3,1,2,2,2,3,2,2,2,4,5,4,4,5,5,5,5,4,3,4,4,5,4,5,5,Anonymized,881,51,1,-0.91324577,52,84,52,28.0,13,24,13,9,41,71,
45574.67047,45574.68081,0,Anonymized,100,893,1,45574.68083,Anonymized,Anonymized,Anonymized,Anonymized,,Anonymized,Anonymized,anonymous,EN,1.0,Anonymized,1.0,1,1,2,59,3,4,2,3,4,4,1,3,3,3,2,2,4,3,4,4,3,3,2,2,3,3,4,3,2,5,3,4,5,5,5,5,5,4,5,3,4,1,4,4,3,1,1,1,1,3,3,2,1,1,1,1,1,2,1,1,1,1,1,1,1,4,3.0,2.0,3.0,2.0,1.0,3.0,3.0,4.0,3.0,1.0,2.0,1.0,1.0,3.0,2.0,2.0,2.0,1.0,1,1,1,1,1,1.0,1,1,1,1,1,1,2,2,1,1,2,1,1,2,1,1,1,1,1,1,1,1,1,2,2,2,1,2,3,3,2,1,2,1,1,2,3,1,2,1,1,2,1,3,3,2,2,2,2,2,3,2,2,2,2,2,2,2,2,Anonymized,893,59,2,-0.992136996,59,80,30,25.0,14,14,12,7,35,35,
45574.67041,45574.68084,0,Anonymized,100,901,1,45574.68085,Anonymized,Anonymized,Anonymized,Anonymized,,Anonymized,Anonymized,anonymous,EN,1.0,Anonymized,1.0,1,1,1,29,3,3,2,3,3,1,2,2,2,2,3,2,2,1,3,4,4,1,2,3,4,4,4,3,3,4,4,3,4,4,5,4,3,3,4,4,4,3,5,3,3,2,3,2,4,3,2,4,1,1,1,3,3,2,1,2,2,3,2,4,2,3,4.0,4.0,3.0,3.0,5.0,4.0,4.0,3.0,4.0,4.0,3.0,1.0,1.0,3.0,1.0,2.0,1.0,2.0,4,4,4,4,4,3.0,5,5,5,4,4,3,4,2,4,2,4,3,4,2,1,3,2,1,1,2,3,2,1,3,3,4,4,4,3,4,4,3,3,4,4,4,3,4,3,4,4,3,3,5,5,3,4,5,5,4,4,5,5,4,5,3,4,4,3,Anonymized,901,29,1,-0.928093211,48,78,50,38.0,14,53,25,12,71,68,
45574.66981,45574.68087,0,Anonymized,100,954,1,45574.68087,Anonymized,Anonymized,Anonymized,Anonymized,,Anonymized,Anonymized,anonymous,EN,1.0,Anonymized,1.0,1,1,1,52,1,1,1,1,2,1,1,1,1,1,1,2,1,1,2,1,1,1,1,2,4,4,4,4,4,4,4,4,3,3,4,4,4,4,4,1,4,3,5,4,3,2,2,2,3,2,3,4,1,1,1,4,4,2,2,4,4,1,1,3,3,2,2.0,5.0,3.0,1.0,3.0,4.0,4.0,4.0,4.0,3.0,1.0,1.0,1.0,2.0,1.0,4.0,1.0,3.0,1,1,1,1,1,1.0,1,1,1,1,1,1,1,1,1,2,1,1,1,1,1,1,1,1,2,2,1,2,1,1,1,2,2,2,2,2,1,1,2,1,2,2,2,2,2,1,1,2,1,4,4,2,3,4,4,3,4,3,3,2,5,3,3,3,3,Anonymized,954,52,1,-0.867675541,24,78,51,33.0,14,13,10,10,32,53,
45574.66973,45574.68087,0,Anonymized,100,962,1,45574.68088,Anonymized,Anonymized,Anonymized,Anonymized,,Anonymized,Anonymized,anonymous,EN,1.0,Anonymized,1.0,1,1,2,41,2,4,1,2,1,2,3,2,1,1,3,1,4,2,3,2,1,1,2,5,4,5,4,2,4,1,2,2,4,4,4,5,4,4,5,3,4,1,1,4,3,1,2,1,2,1,2,4,1,1,2,4,3,4,3,5,2,5,1,1,1,2,1.0,2.0,4.0,5.0,2.0,3.0,4.0,2.0,3.0,1.0,5.0,1.0,1.0,2.0,4.0,4.0,3.0,2.0,5,1,3,1,2,4.0,1,2,3,3,3,1,2,1,1,1,2,1,1,2,1,1,1,1,2,1,2,1,1,2,1,2,2,1,2,1,1,2,1,1,2,2,3,1,2,1,2,2,1,4,3,3,4,3,4,4,4,5,5,4,4,3,3,3,3,Anonymized,962,41,2,-0.853073049,43,70,48,27.0,22,31,11,9,32,59,
45574.66924,45574.68089,0,Anonymized,100,1007,1,45574.68091,Anonymized,Anonymized,Anonymized,Anonymized,,Anonymized,Anonymized,anonymous,EN,1.0,Anonymized,1.0,1,1,1,59,2,2,2,4,2,2,2,2,2,4,2,2,2,1,4,3,4,2,4,2,3,3,4,4,3,4,5,5,4,3,4,5,4,5,5,2,5,1,4,3,2,1,1,1,2,2,1,2,1,1,1,1,2,1,1,3,2,1,1,2,1,2,2.0,4.0,3.0,3.0,3.0,4.0,3.0,3.0,2.0,4.0,1.0,1.0,1.0,3.0,1.0,4.0,1.0,2.0,2,2,1,1,1,2.0,1,3,3,2,2,1,2,1,1,2,2,2,1,3,1,1,2,1,1,2,1,1,1,3,2,3,1,1,3,4,2,1,3,1,3,3,3,1,3,1,1,1,2,3,2,1,2,1,1,1,1,1,1,1,1,2,2,3,1,Anonymized,1007,59,1,-0.906058654,50,78,30,31.0,14,23,14,9,42,24,
45574.66959,45574.68105,0,Anonymized,100,989,1,45574.68106,Anonymized,Anonymized,Anonymized,Anonymized,,Anonymized,Anonymized,anonymous,EN,1.0,Anonymized,1.0,1,1,1,44,3,4,1,4,2,4,2,2,4,1,4,1,4,4,3,3,5,2,3,4,4,4,4,5,5,5,5,5,5,4,5,5,5,5,5,5,5,5,5,5,5,2,1,1,3,2,1,4,1,1,1,2,4,1,1,1,1,1,3,4,3,1,1.0,4.0,2.0,1.0,5.0,5.0,4.0,4.0,4.0,4.0,1.0,1.0,3.0,3.0,4.0,1.0,2.0,2.0,3,3,2,2,2,1.0,2,5,5,5,5,4,3,4,4,3,4,3,4,4,2,4,4,4,4,4,4,4,4,4,4,4,4,3,4,3,4,4,3,3,2,4,3,4,4,4,4,2,4,4,4,4,2,3,5,5,5,4,3,3,5,4,4,4,5,Anonymized,989,44,1,-0.981312872,60,101,39,34.0,17,42,32,28,71,64,
45574.67006,45574.68109,0,Anonymized,100,953,1,45574.6811,Anonymized,Anonymized,Anonymized,Anonymized,,Anonymized,Anonymized,anonymous,EN,1.0,Anonymized,1.0,1,1,2,74,2,2,2,1,2,2,2,2,2,1,2,2,2,2,4,5,2,2,2,2,4,4,4,4,4,4,4,4,4,3,4,4,3,3,3,2,4,2,4,3,2,2,2,2,2,2,2,4,2,2,2,2,2,2,2,2,2,2,2,2,2,2,1.0,4.0,5.0,2.0,1.0,1.0,4.0,4.0,1.0,1.0,1.0,1.0,1.0,1.0,1.0,1.0,1.0,1.0,2,1,1,1,1,2.0,1,4,3,3,4,2,3,1,1,1,1,1,1,1,1,1,1,1,1,1,1,1,1,1,1,1,1,1,2,1,1,2,1,1,2,1,1,1,1,1,1,1,1,4,4,4,4,5,5,5,5,5,4,5,5,5,5,5,5,Anonymized,953,74,2,-0.979495208,43,73,44,24.0,8,28,9,7,23,75,
45574.6713,45574.68112,0,Anonymized,100,848,1,45574.68113,Anonymized,Anonymized,Anonymized,Anonymized,,Anonymized,Anonymized,anonymous,EN,1.0,Anonymized,1.0,1,1,1,59,4,4,4,4,3,4,4,3,4,2,4,4,4,2,2,2,3,1,4,2,5,4,4,4,2,3,4,5,5,3,4,5,2,3,5,4,5,3,4,4,4,2,2,2,2,2,1,1,1,1,1,2,1,1,1,3,3,2,3,3,4,5,2.0,3.0,3.0,2.0,3.0,4.0,4.0,2.0,2.0,1.0,3.0,2.0,1.0,3.0,1.0,3.0,1.0,2.0,3,2,2,2,1,2.0,2,2,3,2,1,2,2,2,2,2,3,1,2,1,1,1,2,2,2,2,1,2,2,3,3,3,3,2,4,3,2,2,3,2,3,3,4,3,3,3,2,3,3,3,3,4,4,4,3,4,3,4,2,3,4,4,3,3,4,Anonymized,848,59,1,-0.903304566,64,82,43,26.0,16,26,15,13,57,55,
45574.67029,45574.68113,0,Anonymized,100,937,1,45574.68115,Anonymized,Anonymized,Anonymized,Anonymized,,Anonymized,Anonymized,anonymous,EN,1.0,Anonymized,1.0,1,1,1,40,1,3,1,3,3,2,2,2,2,2,2,2,1,1,4,3,2,2,2,2,4,5,3,5,4,4,4,4,4,4,4,5,4,3,4,3,4,4,4,4,4,2,2,2,3,4,3,3,1,1,1,3,2,2,2,1,1,1,3,1,1,1,1.0,3.0,3.0,1.0,3.0,3.0,4.0,3.0,2.0,3.0,1.0,1.0,1.0,1.0,3.0,1.0,1.0,2.0,1,1,1,2,2,2.0,3,3,2,2,3,1,1,1,3,2,1,1,3,1,1,1,1,1,2,1,1,1,1,2,2,4,3,4,2,3,1,2,3,1,3,3,3,3,3,2,2,3,2,4,4,4,4,4,4,5,5,5,4,5,5,4,4,5,4,Anonymized,937,40,1,-0.953332617,42,84,40,26.0,11,24,14,8,51,70,
45574.67221,45574.68117,0,Anonymized,100,773,1,45574.68118,Anonymized,Anonymized,Anonymized,Anonymized,,Anonymized,Anonymized,anonymous,EN,1.0,Anonymized,1.0,1,1,2,34,2,2,1,2,3,2,1,4,1,2,1,1,1,2,2,3,1,1,2,2,5,4,5,5,5,4,5,4,4,4,5,4,3,4,4,2,5,1,4,3,3,1,4,1,4,2,1,4,1,1,1,2,2,1,1,1,1,1,1,4,1,1,1.0,4.0,3.0,5.0,2.0,2.0,5.0,4.0,3.0,3.0,1.0,1.0,1.0,1.0,1.0,1.0,1.0,1.0,1,1,1,1,1,2.0,1,3,3,3,3,1,2,1,1,1,1,1,1,1,1,1,1,1,1,1,1,1,1,1,2,2,2,1,2,2,1,2,1,1,3,3,2,2,2,2,2,2,2,4,4,3,3,4,4,4,4,4,3,3,4,4,5,5,4,Anonymized,773,34,2,-0.922099428,36,83,36,32.0,8,23,9,7,37,62,
45574.67039,45574.68117,0,Anonymized,100,930,1,45574.68118,Anonymized,Anonymized,Anonymized,Anonymized,,Anonymized,Anonymized,anonymous,EN,1.0,Anonymized,1.0,1,1,2,61,2,3,2,4,3,1,3,1,2,3,2,1,4,3,5,3,4,4,4,2,4,4,4,4,4,4,3,2,3,3,5,4,4,4,5,1,5,2,4,4,4,2,2,2,2,2,2,3,1,1,1,3,2,1,1,2,2,3,1,3,2,1,1.0,4.0,3.0,4.0,4.0,4.0,5.0,2.0,2.0,2.0,4.0,2.0,1.0,5.0,5.0,4.0,2.0,5.0,3,3,4,3,4,3.0,1,2,2,3,3,4,2,2,2,4,4,4,1,4,3,1,1,1,1,2,2,4,2,3,2,3,1,1,4,3,1,1,3,1,2,4,4,1,3,2,1,3,1,4,2,1,3,3,2,4,5,3,2,2,4,3,4,5,4,Anonymized,930,61,2,-0.755862161,56,77,39,31.0,28,37,25,13,44,51,
45574.66963,45574.68118,0,Anonymized,100,997,1,45574.68119,Anonymized,Anonymized,Anonymized,Anonymized,,Anonymized,Anonymized,anonymous,EN,1.0,Anonymized,1.0,1,1,2,68,1,1,1,1,2,1,1,3,1,1,1,1,1,1,1,1,1,2,1,2,4,4,5,4,5,4,4,4,4,5,5,5,2,4,5,1,5,2,3,4,3,1,1,1,2,2,1,5,1,1,1,1,1,1,1,1,1,1,1,3,1,1,1.0,4.0,2.0,5.0,1.0,1.0,2.0,2.0,1.0,1.0,3.0,1.0,1.0,1.0,2.0,1.0,2.0,2.0,1,1,1,2,2,1.0,1,2,2,2,2,1,1,1,1,2,1,1,1,1,1,1,1,1,2,2,1,1,1,1,1,1,1,1,2,1,1,1,1,1,2,2,1,1,1,1,1,1,1,5,4,4,5,4,5,4,5,5,5,5,4,5,4,4,5,Anonymized,997,68,2,-0.865120516,25,82,29,20.0,13,19,10,9,23,73,
45574.66957,45574.68137,0,Anonymized,100,1019,1,45574.68138,Anonymized,Anonymized,Anonymized,Anonymized,,Anonymized,Anonymized,anonymous,EN,1.0,Anonymized,1.0,1,1,2,30,3,3,3,3,3,3,3,3,3,3,3,3,3,3,3,3,3,3,3,3,4,4,4,4,4,4,4,4,4,4,4,4,4,4,4,4,4,4,3,4,4,4,2,4,4,3,2,2,2,4,4,3,3,4,2,3,4,2,4,2,3,2,3.0,2.0,3.0,3.0,3.0,4.0,2.0,2.0,2.0,2.0,2.0,1.0,1.0,2.0,3.0,1.0,1.0,2.0,1,1,1,1,1,1.0,1,1,1,1,1,1,1,1,1,1,1,1,1,1,2,1,1,2,1,2,1,2,1,2,2,3,2,1,3,2,1,2,2,3,3,2,2,1,2,3,3,3,2,5,5,5,5,5,5,5,5,4,4,4,4,5,5,5,5,Anonymized,1019,30,2,-0.891397035,60,83,63,26.0,13,13,10,10,44,76,
45574.67072,45574.68138,0,Anonymized,100,921,1,45574.68139,Anonymized,Anonymized,Anonymized,Anonymized,,Anonymized,Anonymized,anonymous,EN,1.0,Anonymized,1.0,1,1,1,62,2,3,1,4,3,2,2,2,2,4,2,3,2,2,3,2,4,3,3,2,3,4,3,3,4,4,3,4,4,4,4,4,4,4,4,4,4,3,4,4,4,1,3,1,2,3,3,1,1,1,1,1,1,1,1,1,1,2,1,1,1,1,1.0,3.0,3.0,2.0,2.0,1.0,2.0,3.0,1.0,1.0,3.0,1.0,2.0,2.0,2.0,4.0,2.0,1.0,1,1,1,1,1,1.0,1,1,1,1,1,1,1,1,1,1,2,1,1,1,1,1,2,1,1,2,1,2,1,3,2,3,2,2,3,3,1,2,3,1,2,3,3,2,3,2,1,3,1,4,4,3,4,3,3,2,3,3,3,3,3,3,4,3,2,Anonymized,921,62,1,-0.963084277,51,79,29,19.0,17,13,10,10,45,50,
45574.67064,45574.68139,0,Anonymized,100,928,1,45574.6814,Anonymized,Anonymized,Anonymized,Anonymized,,Anonymized,Anonymized,anonymous,EN,1.0,Anonymized,1.0,1,1,1,45,2,2,2,2,3,2,3,2,2,2,2,1,2,3,4,3,5,2,3,3,4,3,4,4,3,4,4,3,4,4,4,4,4,4,4,4,4,2,3,3,3,2,3,2,3,4,3,4,1,1,1,2,3,3,2,3,3,3,1,3,2,2,2.0,4.0,4.0,3.0,5.0,5.0,4.0,3.0,4.0,3.0,3.0,1.0,1.0,4.0,4.0,2.0,1.0,2.0,2,2,2,2,2,3.0,3,3,2,3,2,2,2,1,2,1,2,2,2,1,1,1,2,1,1,2,1,2,1,3,2,3,2,2,3,3,2,3,2,1,3,3,2,3,3,2,2,3,2,4,2,2,4,4,4,2,4,5,3,4,4,4,3,3,2,Anonymized,928,45,1,-0.956090262,50,76,51,37.0,18,30,13,10,49,54,
45574.67351,45574.6814,0,Anonymized,100,681,1,45574.68141,Anonymized,Anonymized,Anonymized,Anonymized,,Anonymized,Anonymized,anonymous,EN,1.0,Anonymized,1.0,1,1,1,61,2,3,2,2,3,3,2,2,2,2,1,2,2,1,4,4,1,2,2,2,2,4,4,4,5,4,4,4,4,4,5,5,4,3,4,4,5,3,4,3,3,2,4,2,3,4,2,5,1,1,2,2,3,3,2,2,2,3,2,4,3,4,2.0,4.0,4.0,5.0,4.0,2.0,4.0,4.0,3.0,4.0,1.0,1.0,3.0,3.0,1.0,1.0,4.0,5.0,1,1,2,1,1,2.0,2,3,2,4,3,4,3,1,1,4,2,2,1,1,1,1,2,1,2,1,1,3,1,2,2,2,2,1,4,4,1,3,2,1,4,2,3,1,2,3,3,1,2,4,5,5,5,5,4,5,5,5,3,4,5,3,5,5,4,Anonymized,681,61,1,-0.938153457,44,82,56,36.0,19,29,14,11,45,72,
45574.66866,45574.68142,0,Anonymized,100,1102,1,45574.68143,Anonymized,Anonymized,Anonymized,Anonymized,,Anonymized,Anonymized,anonymous,EN,1.0,Anonymized,1.0,1,1,2,25,2,3,2,3,3,2,2,2,2,2,2,2,1,2,3,3,2,2,2,2,4,4,3,4,4,4,4,2,3,2,4,4,3,2,2,2,2,2,3,2,2,3,2,2,2,1,2,3,1,3,2,1,1,3,1,2,2,1,1,4,2,2,1.0,5.0,2.0,1.0,2.0,2.0,1.0,1.0,1.0,1.0,1.0,3.0,2.0,3.0,2.0,2.0,2.0,1.0,2,1,1,1,2,1.0,1,2,1,1,1,1,1,2,1,1,2,1,1,1,1,1,1,1,1,1,2,2,1,2,2,1,2,1,3,4,2,2,2,2,1,3,2,1,2,2,1,4,2,3,4,2,3,4,4,3,5,4,3,4,3,3,4,3,2,Anonymized,1102,25,2,-0.884479093,44,62,41,17.0,16,16,11,9,41,54,
45574.67042,45574.68145,0,Anonymized,100,953,1,45574.68146,Anonymized,Anonymized,Anonymized,Anonymized,,Anonymized,Anonymized,anonymous,EN,1.0,Anonymized,1.0,1,1,2,39,4,4,3,4,2,4,2,2,4,2,2,4,4,2,2,3,4,2,1,4,4,4,4,4,2,4,4,4,4,4,4,4,2,2,4,4,4,2,4,4,4,2,4,2,4,2,4,4,4,2,2,4,4,2,2,4,4,4,2,4,2,2,2.0,4.0,4.0,2.0,4.0,2.0,4.0,4.0,4.0,2.0,3.0,2.0,1.0,4.0,1.0,2.0,1.0,2.0,4,3,4,4,4,4.0,2,4,4,4,4,4,3,4,3,2,3,3,4,3,1,3,3,4,4,4,3,3,3,3,3,4,3,3,4,3,3,3,3,3,4,3,3,3,3,3,3,3,3,2,2,2,3,3,3,3,3,1,1,1,1,2,2,2,2,Anonymized,953,39,2,-0.896337809,59,76,64,32.0,16,48,26,24,63,33,
45574.66968,45574.6815,0,Anonymized,100,1022,1,45574.68152,Anonymized,Anonymized,Anonymized,Anonymized,,Anonymized,Anonymized,anonymous,EN,1.0,Anonymized,1.0,1,1,1,49,2,4,1,4,3,2,2,3,3,4,4,4,1,2,5,2,4,2,2,3,4,5,4,4,5,5,4,4,5,5,4,5,4,4,4,3,4,3,3,4,4,1,3,1,4,2,1,4,1,1,1,3,2,3,1,3,2,1,1,4,1,1,3.0,4.0,4.0,2.0,3.0,1.0,2.0,4.0,1.0,2.0,1.0,1.0,1.0,2.0,2.0,2.0,1.0,2.0,3,1,2,2,1,2.0,1,4,3,3,3,2,3,1,1,2,2,1,1,2,1,1,2,1,1,1,1,2,1,1,1,2,1,1,2,1,2,1,2,1,2,2,2,1,2,1,2,1,1,5,5,4,5,4,4,4,3,3,2,3,4,3,3,4,4,Anonymized,1022,49,1,-0.975344441,57,87,41,26.0,12,30,12,9,29,60,
45574.67054,45574.68157,0,Anonymized,100,953,1,45574.68159,Anonymized,Anonymized,Anonymized,Anonymized,,Anonymized,Anonymized,anonymous,EN,1.0,Anonymized,1.0,1,1,1,51,2,3,1,3,2,2,1,3,4,2,3,2,4,3,3,2,4,2,2,2,5,5,5,5,4,4,4,5,5,5,5,5,5,5,5,3,5,3,5,4,4,2,2,3,4,3,2,2,1,4,4,2,4,3,2,4,2,2,1,4,1,1,1.0,1.0,4.0,2.0,1.0,3.0,3.0,2.0,1.0,2.0,1.0,2.0,1.0,3.0,1.0,1.0,1.0,2.0,1,1,1,1,1,1.0,1,1,1,1,1,1,2,2,2,2,2,1,2,3,1,1,1,1,1,1,1,2,1,2,1,3,2,2,2,2,1,1,3,2,2,2,2,2,3,2,1,2,1,3,3,2,3,4,3,1,1,1,4,4,4,3,4,4,2,Anonymized,953,51,1,-0.958544227,50,96,53,20.0,12,14,16,8,38,46,
45574.67569,45574.68161,0,Anonymized,100,511,1,45574.68162,Anonymized,Anonymized,Anonymized,Anonymized,,Anonymized,Anonymized,anonymous,EN,1.0,Anonymized,1.0,1,1,2,26,2,3,2,4,4,3,4,2,3,2,3,2,3,2,3,1,2,2,2,1,4,2,4,4,2,4,3,2,4,4,3,4,2,3,4,3,4,3,4,4,4,1,4,2,4,5,2,4,2,1,1,3,1,2,1,2,2,2,1,4,4,2,1.0,4.0,4.0,2.0,3.0,4.0,5.0,3.0,4.0,4.0,1.0,1.0,1.0,5.0,2.0,2.0,1.0,4.0,4,3,4,4,4,4.0,2,5,4,4,4,3,4,2,2,3,4,1,2,3,1,2,4,4,4,4,3,2,4,2,3,3,3,2,3,3,2,4,2,2,3,3,3,2,3,3,3,3,3,3,4,3,2,4,3,3,4,4,3,4,3,3,3,3,4,Anonymized,511,26,2,-0.863178441,50,71,50,34.0,17,49,20,25,55,53,
45574.67059,45574.68163,0,Anonymized,100,954,1,45574.68164,Anonymized,Anonymized,Anonymized,Anonymized,,Anonymized,Anonymized,anonymous,EN,0.100000001,Anonymized,1.0,1,1,2,23,2,4,2,4,3,2,3,2,4,2,2,2,2,2,4,5,2,2,2,2,4,4,4,4,4,4,4,4,4,4,4,4,4,4,4,4,4,4,4,3,3,2,4,2,3,4,2,2,2,2,2,4,2,2,2,4,4,2,2,4,2,2,1.0,2.0,3.0,4.0,3.0,3.0,3.0,5.0,2.0,2.0,2.0,1.0,2.0,3.0,2.0,1.0,2.0,1.0,1,1,1,1,1,1.0,1,1,1,1,1,1,1,2,2,1,2,3,3,1,1,1,2,2,2,1,1,3,1,2,2,2,2,1,2,3,2,3,2,2,3,3,3,2,2,2,2,2,2,4,3,3,4,4,3,3,4,5,3,3,4,3,4,4,4,Anonymized,954,23,2,-0.936902303,53,82,55,28.0,14,13,16,12,44,58,
45574.67027,45574.68168,0,Anonymized,100,986,1,45574.68169,Anonymized,Anonymized,Anonymized,Anonymized,,Anonymized,Anonymized,anonymous,EN,1.0,Anonymized,1.0,1,1,1,48,2,3,2,3,2,3,2,2,2,3,3,3,3,3,5,2,4,2,2,3,4,4,4,4,5,4,3,4,4,2,4,5,2,2,4,3,4,2,4,2,2,2,2,1,2,3,1,2,1,1,1,3,3,2,1,3,3,1,1,2,2,2,2.0,4.0,3.0,3.0,2.0,3.0,3.0,3.0,2.0,3.0,3.0,1.0,1.0,3.0,2.0,2.0,1.0,4.0,2,1,1,1,1,2.0,1,1,2,2,3,3,2,2,2,3,3,1,1,3,1,2,2,1,2,3,2,2,1,3,2,3,3,2,3,2,2,2,3,1,2,2,2,2,3,2,2,2,2,3,2,3,4,3,3,4,4,2,3,3,3,4,4,4,3,Anonymized,986,48,1,-0.843993795,54,72,39,28.0,17,22,18,13,45,52,
45574.66947,45574.68171,0,Anonymized,100,1058,1,45574.68173,Anonymized,Anonymized,Anonymized,Anonymized,,Anonymized,Anonymized,anonymous,EN,1.0,Anonymized,1.0,1,1,2,37,2,2,2,3,4,4,3,2,3,3,4,4,4,4,2,3,4,4,4,3,4,4,4,4,5,4,4,3,3,3,4,3,3,3,4,3,3,3,3,2,3,3,3,3,3,2,2,2,2,2,2,3,3,2,2,2,3,3,3,3,3,3,2.0,5.0,5.0,3.0,3.0,1.0,5.0,5.0,4.0,3.0,5.0,4.0,1.0,4.0,3.0,2.0,1.0,2.0,3,2,2,2,2,3.0,2,4,2,2,4,3,2,2,2,2,2,2,1,2,2,1,2,2,2,2,2,3,2,3,2,3,3,1,3,3,2,3,2,1,2,3,3,1,3,2,2,3,2,4,3,3,3,3,3,3,4,4,4,3,4,5,5,5,5,Anonymized,1058,37,2,-0.936627535,64,72,54,36.0,22,33,16,15,47,61,
45574.67497,45574.68177,0,Anonymized,100,587,1,45574.68178,Anonymized,Anonymized,Anonymized,Anonymized,,Anonymized,Anonymized,anonymous,EN,1.0,Anonymized,1.0,1,1,2,46,2,2,1,2,2,3,2,2,2,2,2,2,2,2,3,2,3,2,1,2,3,4,5,3,4,3,5,4,5,4,5,4,5,3,5,1,2,2,5,3,3,1,2,3,2,4,3,5,1,1,2,4,1,2,1,2,1,1,1,5,1,2,2.0,2.0,1.0,3.0,5.0,3.0,4.0,4.0,2.0,1.0,2.0,1.0,1.0,2.0,1.0,1.0,2.0,1.0,2,1,2,2,2,3.0,2,3,2,2,2,1,4,1,1,1,1,1,4,3,2,1,2,1,2,1,1,2,1,2,2,3,2,3,3,3,1,2,2,3,2,2,2,3,2,3,2,3,1,2,3,3,3,2,3,3,3,3,3,2,3,3,3,4,2,Anonymized,587,46,2,-0.865291047,41,78,45,27.0,11,28,15,10,46,45,
45574.66998,45574.68201,0,Anonymized,100,1040,1,45574.68202,Anonymized,Anonymized,Anonymized,Anonymized,,Anonymized,Anonymized,anonymous,EN,1.0,Anonymized,1.0,1,1,2,27,1,2,1,2,1,1,1,1,1,1,1,2,1,1,3,1,1,3,1,1,4,4,4,5,4,4,4,4,5,5,5,4,4,4,4,4,4,1,4,3,3,3,5,2,5,2,1,3,1,1,1,1,1,1,1,3,1,1,1,1,1,1,1.0,3.0,5.0,4.0,5.0,5.0,3.0,5.0,1.0,1.0,3.0,1.0,1.0,3.0,1.0,1.0,1.0,1.0,1,1,1,1,1,1.0,1,3,2,1,1,1,1,1,1,1,2,1,1,1,2,1,2,1,1,2,1,1,1,1,2,1,2,1,1,1,1,2,1,1,2,1,3,1,1,1,2,1,2,5,5,4,5,5,5,5,5,5,5,5,5,3,4,4,4,Anonymized,1040,27,2,-0.976348026,27,83,37,33.0,12,16,11,9,28,74,
45574.66991,45574.68213,0,Anonymized,100,1056,1,45574.68214,Anonymized,Anonymized,Anonymized,Anonymized,,Anonymized,Anonymized,anonymous,EN,1.0,Anonymized,1.0,1,1,2,40,3,4,3,4,2,3,2,1,1,1,4,1,1,4,5,1,5,3,2,2,4,4,5,3,5,5,2,4,5,5,5,5,4,1,5,2,5,1,4,5,2,1,1,1,1,2,1,2,1,1,1,2,1,1,1,1,1,1,1,3,1,1,3.0,4.0,2.0,3.0,4.0,4.0,5.0,1.0,4.0,3.0,1.0,1.0,1.0,2.0,1.0,2.0,1.0,1.0,3,2,3,3,3,4.0,1,5,4,3,3,4,2,2,2,1,2,3,2,1,1,1,2,1,2,1,1,3,2,4,3,4,3,2,3,3,1,3,3,2,2,1,4,3,4,3,3,3,3,4,3,2,3,2,1,1,1,1,2,1,3,1,1,2,1,Anonymized,1056,40,2,-0.944602115,52,81,26,33.0,10,40,15,12,57,29,
45574.67023,45574.68222,0,Anonymized,100,1035,1,45574.68223,Anonymized,Anonymized,Anonymized,Anonymized,,Anonymized,Anonymized,anonymous,EN,1.0,Anonymized,1.0,1,1,2,41,1,1,1,1,3,1,1,3,1,1,1,1,1,1,3,1,2,1,2,1,4,5,4,5,3,5,5,5,4,3,5,5,3,4,5,1,5,1,5,2,3,1,2,1,1,2,2,4,1,1,1,2,1,1,1,1,1,2,1,4,1,1,3.0,3.0,3.0,4.0,2.0,1.0,5.0,3.0,1.0,2.0,1.0,1.0,1.0,2.0,2.0,1.0,1.0,1.0,3,1,3,3,3,3.0,1,5,3,3,3,3,3,1,1,1,2,1,1,1,1,1,1,1,1,1,1,1,1,1,2,2,1,1,2,1,1,2,2,1,2,1,2,1,1,2,1,1,3,4,4,3,4,4,4,3,5,4,5,5,5,4,5,5,5,Anonymized,1035,41,2,-0.949579755,28,82,32,27.0,10,37,10,7,30,69,
45574.67223,45574.68225,0,Anonymized,100,865,1,45574.68226,Anonymized,Anonymized,Anonymized,Anonymized,,Anonymized,Anonymized,anonymous,EN,1.0,Anonymized,1.0,1,1,2,41,2,2,1,1,2,1,1,2,1,2,2,1,1,1,1,1,1,2,2,4,5,5,5,5,5,5,5,5,5,5,5,5,5,5,5,1,5,1,5,2,2,1,1,1,1,2,1,4,1,1,1,4,1,1,1,1,4,1,1,1,1,1,1.0,5.0,5.0,1.0,1.0,3.0,5.0,3.0,5.0,5.0,1.0,1.0,1.0,1.0,1.0,1.0,1.0,1.0,1,1,1,1,1,1.0,1,1,1,1,1,1,1,1,1,1,1,1,1,1,1,1,2,2,2,1,1,2,1,2,2,2,3,1,2,4,1,3,2,1,2,2,3,2,2,3,1,3,3,4,4,2,3,4,4,4,4,4,4,4,4,4,4,4,4,Anonymized,865,41,2,-0.971696125,31,91,31,34.0,8,13,9,11,44,61,
45574.67012,45574.68226,0,Anonymized,100,1048,1,45574.68227,Anonymized,Anonymized,Anonymized,Anonymized,,Anonymized,Anonymized,anonymous,EN,1.0,Anonymized,1.0,1,1,1,42,3,3,2,3,1,2,4,1,4,1,3,2,4,2,2,2,4,2,2,1,4,5,4,5,5,4,5,5,5,4,5,5,5,5,5,3,4,3,4,2,2,2,1,2,3,1,2,1,1,1,1,2,3,1,1,3,1,3,2,5,1,1,1.0,3.0,5.0,3.0,4.0,4.0,5.0,4.0,2.0,3.0,4.0,3.0,2.0,5.0,3.0,4.0,5.0,5.0,3,2,4,3,2,4.0,2,3,3,3,3,3,3,4,4,4,4,1,4,3,1,2,3,3,4,2,2,2,4,3,3,4,4,4,4,3,3,3,4,3,3,4,4,4,4,4,4,3,3,4,4,3,2,3,3,2,2,3,2,2,4,3,3,3,2,Anonymized,1048,42,1,-0.849546164,48,89,38,34.0,31,38,27,20,71,45,
45574.6698,45574.68245,0,Anonymized,100,1092,1,45574.68247,Anonymized,Anonymized,Anonymized,Anonymized,,Anonymized,Anonymized,anonymous,EN,1.0,Anonymized,1.0,1,1,1,43,3,4,1,4,2,4,1,2,4,2,4,4,4,3,4,4,4,2,2,2,5,5,5,2,4,4,4,2,4,5,5,5,2,2,4,2,4,3,4,2,4,4,4,3,2,2,2,2,1,2,4,4,4,4,2,4,2,2,4,4,2,2,3.0,4.0,3.0,2.0,3.0,2.0,2.0,3.0,2.0,2.0,1.0,3.0,1.0,3.0,1.0,1.0,1.0,3.0,1,1,1,2,1,2.0,2,2,1,3,3,2,2,2,2,2,3,1,3,1,1,1,2,2,2,3,1,1,1,3,2,4,2,2,3,3,2,1,3,1,3,3,3,2,4,1,2,3,3,3,3,2,3,5,3,2,4,3,2,3,3,4,3,5,4,Anonymized,1092,43,1,-0.908205055,60,77,60,26.0,14,23,16,12,50,52,
45574.67065,45574.6825,0,Anonymized,100,1023,1,45574.68251,Anonymized,Anonymized,Anonymized,Anonymized,,Anonymized,Anonymized,anonymous,EN,1.0,Anonymized,1.0,1,1,2,22,3,4,3,3,1,3,2,2,4,2,4,3,2,2,3,1,4,1,2,2,4,3,5,4,4,4,4,5,5,5,5,4,5,5,5,2,4,2,4,4,4,4,2,2,4,4,2,4,1,1,1,4,1,1,1,1,2,3,1,3,1,1,2.0,3.0,4.0,2.0,3.0,4.0,5.0,3.0,4.0,2.0,3.0,1.0,1.0,3.0,1.0,1.0,1.0,2.0,3,1,1,3,2,2.0,1,2,2,3,1,2,1,2,2,3,3,2,2,2,2,1,2,1,1,1,3,1,2,3,2,3,2,2,3,2,3,3,2,2,2,3,3,2,1,2,2,2,2,3,4,2,5,3,2,3,4,3,3,3,3,4,2,3,4,Anonymized,1023,22,2,-0.808070017,51,87,44,32.0,13,24,19,11,46,51,
45574.66892,45574.68263,0,Anonymized,100,1183,1,45574.68263,Anonymized,Anonymized,Anonymized,Anonymized,,Anonymized,Anonymized,anonymous,EN,1.0,Anonymized,1.0,1,1,1,29,4,4,4,1,1,4,4,5,5,1,4,4,4,1,4,4,4,3,2,4,5,5,5,5,5,5,5,4,5,5,5,4,4,4,5,4,5,4,5,5,4,4,4,4,5,3,3,2,1,3,1,4,4,4,4,4,5,4,3,5,4,5,1.0,4.0,4.0,4.0,5.0,4.0,5.0,5.0,5.0,5.0,4.0,1.0,3.0,4.0,4.0,5.0,4.0,4.0,4,4,4,4,4,4.0,5,5,4,4,5,5,4,3,2,2,2,3,2,2,2,2,3,4,4,3,3,3,3,2,2,3,4,2,3,2,3,4,3,2,2,4,3,2,2,2,2,3,2,2,2,3,4,5,4,3,2,5,4,3,5,4,5,5,4,Anonymized,1183,29,1,-0.979672969,67,98,76,42.0,29,56,20,23,52,60,
45574.67,45574.68263,0,Anonymized,100,1091,1,45574.68264,Anonymized,Anonymized,Anonymized,Anonymized,,Anonymized,Anonymized,anonymous,EN,1.0,Anonymized,1.0,1,1,1,56,2,2,3,2,2,2,3,4,1,3,2,1,1,1,4,3,2,3,3,3,4,4,1,4,4,4,4,4,4,4,4,4,4,4,4,3,4,1,3,4,2,1,4,1,4,3,2,3,1,1,1,1,2,1,1,4,4,1,1,1,1,2,1.0,3.0,4.0,2.0,3.0,2.0,3.0,3.0,4.0,3.0,4.0,1.0,1.0,1.0,2.0,5.0,1.0,4.0,3,2,3,2,2,4.0,1,3,3,2,2,4,4,2,2,3,1,2,2,3,1,1,3,3,3,2,1,1,3,3,3,3,2,1,2,3,3,2,2,2,3,4,3,2,3,2,3,3,3,4,4,2,4,3,2,3,4,2,2,2,3,2,2,3,3,Anonymized,1091,56,1,-0.744907122,47,74,40,28.0,19,35,17,16,52,45,
45574.67133,45574.68264,0,Anonymized,100,977,1,45574.68265,Anonymized,Anonymized,Anonymized,Anonymized,,Anonymized,Anonymized,anonymous,EN,1.0,Anonymized,1.0,1,1,1,51,2,2,1,2,2,4,2,2,3,3,3,4,3,4,4,3,5,1,4,3,4,2,4,4,4,3,5,3,4,2,4,4,2,2,5,1,4,1,3,2,2,2,2,2,2,3,2,5,1,1,2,2,1,2,1,3,3,3,1,4,1,1,4.0,4.0,3.0,2.0,2.0,4.0,4.0,2.0,2.0,3.0,2.0,1.0,1.0,2.0,1.0,2.0,1.0,2.0,1,1,1,1,1,2.0,1,1,2,1,1,2,1,3,3,3,3,3,3,3,1,1,3,2,2,3,2,2,2,3,2,3,3,2,4,2,2,2,3,1,2,3,3,2,2,2,2,2,1,4,3,4,2,4,4,5,5,3,2,4,5,3,4,2,2,Anonymized,977,51,1,-0.829429567,57,65,44,30.0,12,16,23,16,46,56,
45574.66949,45574.68266,0,Anonymized,100,1137,1,45574.68267,Anonymized,Anonymized,Anonymized,Anonymized,,Anonymized,Anonymized,anonymous,EN,1.0,Anonymized,1.0,1,1,1,68,4,3,3,2,1,2,4,1,4,2,3,2,4,3,5,2,4,2,2,2,4,5,3,5,4,3,4,3,5,4,5,4,4,2,2,1,4,3,2,3,2,2,4,2,3,4,3,4,1,2,4,5,4,2,1,2,2,3,4,5,2,4,4.0,5.0,4.0,3.0,3.0,2.0,3.0,4.0,3.0,3.0,4.0,1.0,1.0,3.0,1.0,2.0,2.0,4.0,3,2,1,1,2,3.0,3,4,3,3,2,3,2,1,1,3,2,1,1,1,1,1,1,1,2,2,1,1,1,2,2,2,2,1,3,2,2,3,2,2,1,1,2,1,2,2,2,2,2,4,3,3,2,4,5,4,4,5,4,3,4,4,3,3,4,Anonymized,1137,68,1,-0.903991599,55,72,63,34.0,18,32,12,9,38,59,
45574.66922,45574.6827,0,Anonymized,100,1164,1,45574.68271,Anonymized,Anonymized,Anonymized,Anonymized,,Anonymized,Anonymized,anonymous,EN,1.0,Anonymized,1.0,1,1,1,31,3,4,5,4,1,4,4,2,4,4,2,5,4,4,5,2,5,4,5,2,1,4,2,4,5,5,5,3,2,2,4,4,2,1,1,1,5,1,2,1,2,2,1,3,1,2,3,3,3,4,4,4,3,3,2,4,4,2,1,4,3,4,3.0,1.0,2.0,3.0,2.0,4.0,5.0,3.0,2.0,2.0,4.0,3.0,1.0,5.0,1.0,3.0,1.0,5.0,2,1,2,1,1,2.0,3,3,2,2,2,1,2,3,3,4,4,2,3,3,4,2,4,3,3,4,3,4,3,3,3,4,4,3,4,2,2,4,3,3,3,3,1,3,3,4,4,3,4,2,3,4,4,4,4,4,2,4,2,3,3,4,2,3,2,Anonymized,1164,31,1,-0.526302863,73,57,60,27.0,23,24,28,24,63,50,
45574.67418,45574.68295,0,Anonymized,100,758,1,45574.68296,Anonymized,Anonymized,Anonymized,Anonymized,,Anonymized,Anonymized,anonymous,EN,1.0,Anonymized,1.0,1,1,1,51,2,3,2,2,2,4,3,4,3,1,2,1,3,1,3,1,2,2,3,3,4,4,4,2,3,4,4,2,4,4,2,4,3,3,3,3,4,2,2,3,3,2,2,2,2,4,2,3,1,1,3,2,4,2,2,4,3,3,2,4,1,2,2.0,2.0,2.0,2.0,2.0,4.0,2.0,2.0,2.0,2.0,4.0,1.0,2.0,3.0,2.0,4.0,1.0,1.0,3,1,2,1,1,3.0,3,2,2,2,2,4,5,2,2,1,2,1,4,1,1,3,3,3,2,2,1,2,2,3,3,4,4,4,3,2,4,3,2,3,4,3,3,4,3,3,3,1,3,4,4,3,2,5,3,3,4,4,2,5,3,3,4,3,3,Anonymized,758,51,1,-0.753984201,47,67,51,22.0,18,31,17,15,62,55,
45574.67111,45574.68297,0,Anonymized,100,1024,1,45574.68299,Anonymized,Anonymized,Anonymized,Anonymized,,Anonymized,Anonymized,anonymous,EN,1.0,Anonymized,1.0,1,1,2,31,1,1,1,2,1,1,1,1,1,2,4,4,1,1,4,4,1,5,5,1,4,4,4,4,4,4,3,3,4,4,4,4,2,4,4,4,4,4,4,4,4,2,4,2,4,1,1,1,1,1,1,2,1,1,1,4,1,1,1,1,1,1,2.0,5.0,5.0,4.0,1.0,1.0,4.0,1.0,1.0,4.0,1.0,1.0,1.0,1.0,2.0,1.0,2.0,2.0,5,4,4,4,4,5.0,4,4,4,4,4,4,4,1,1,1,1,1,1,1,1,1,1,1,1,1,1,1,1,1,1,2,2,1,2,2,1,1,2,1,1,2,2,1,1,1,1,2,1,4,4,3,3,4,4,4,5,5,5,4,4,5,4,4,5,Anonymized,1024,31,2,-0.994262657,42,80,33,28.0,11,54,9,7,28,67,
45574.67002,45574.683,0,Anonymized,100,1120,1,45574.68301,Anonymized,Anonymized,Anonymized,Anonymized,,Anonymized,Anonymized,anonymous,EN,1.0,Anonymized,1.0,1,1,2,52,1,2,2,4,2,2,2,2,4,2,5,1,3,2,3,1,5,5,2,1,4,2,5,4,2,5,4,4,4,4,5,4,2,4,4,1,4,4,5,5,2,1,1,1,2,2,1,3,1,1,1,4,1,1,1,2,3,1,2,3,1,1,2.0,5.0,3.0,3.0,4.0,1.0,5.0,3.0,2.0,1.0,1.0,1.0,2.0,4.0,1.0,2.0,1.0,4.0,3,3,4,4,3,4.0,3,5,4,4,4,3,5,3,3,3,3,3,4,2,1,1,2,2,2,1,1,2,1,3,2,4,3,4,3,3,2,3,4,2,4,4,3,2,4,3,3,3,2,4,4,3,2,3,3,3,4,4,4,4,4,3,4,3,3,Anonymized,1120,52,2,-0.702579755,51,78,34,29.0,16,49,23,11,61,55,
45574.67063,45574.68302,0,Anonymized,100,1070,1,45574.68303,Anonymized,Anonymized,Anonymized,Anonymized,,Anonymized,Anonymized,anonymous,EN,1.0,Anonymized,1.0,1,1,2,44,2,2,1,2,4,2,2,3,2,1,2,1,2,2,3,1,2,2,2,1,3,5,4,4,4,4,4,4,4,4,5,4,4,2,3,4,5,3,4,3,3,1,4,2,3,4,2,4,1,2,4,4,1,2,1,3,4,2,2,2,2,4,2.0,5.0,3.0,2.0,3.0,2.0,3.0,3.0,2.0,1.0,1.0,1.0,1.0,3.0,2.0,1.0,2.0,3.0,2,1,2,2,1,2.0,1,2,2,2,2,1,2,1,1,3,3,3,2,1,1,1,2,1,2,2,1,2,2,2,2,2,1,1,3,2,2,3,1,1,3,2,3,1,1,3,2,2,2,4,4,4,4,4,4,4,4,4,3,3,4,4,4,4,4,Anonymized,1070,44,2,-0.969512871,39,80,54,26.0,14,22,16,12,39,62,
45574.67014,45574.68302,0,Anonymized,100,1112,1,45574.68303,Anonymized,Anonymized,Anonymized,Anonymized,,Anonymized,Anonymized,anonymous,EN,1.0,Anonymized,1.0,1,1,1,30,2,2,1,2,3,2,2,2,2,2,1,2,2,1,2,2,2,2,4,2,2,4,2,4,4,4,4,4,4,2,4,4,4,2,4,4,4,1,4,4,2,2,4,2,4,4,4,4,1,2,2,4,4,2,2,4,4,4,1,4,2,2,2.0,3.0,3.0,3.0,3.0,3.0,4.0,3.0,3.0,4.0,1.0,1.0,1.0,2.0,2.0,1.0,1.0,1.0,4,3,4,3,3,4.0,1,3,3,3,3,2,2,2,1,2,2,1,1,2,1,1,2,2,2,1,1,2,2,2,2,2,2,2,2,2,2,3,2,1,2,2,2,3,2,3,2,2,2,3,3,2,3,4,4,4,4,4,2,2,4,4,4,4,3,Anonymized,1112,30,1,-0.956429522,40,71,62,31.0,10,38,13,12,42,54,
45574.66932,45574.68303,0,Anonymized,100,1184,1,45574.68304,Anonymized,Anonymized,Anonymized,Anonymized,,Anonymized,Anonymized,anonymous,EN,1.0,Anonymized,1.0,1,1,1,40,2,2,1,2,2,2,1,2,2,1,4,1,1,3,4,2,2,2,1,4,3,4,4,4,5,4,4,5,4,4,4,5,4,4,5,2,4,1,2,2,2,3,5,2,4,3,4,3,1,1,1,2,4,4,2,4,3,1,1,3,1,1,4.0,4.0,4.0,4.0,4.0,2.0,5.0,4.0,3.0,2.0,1.0,1.0,1.0,4.0,1.0,3.0,4.0,3.0,1,1,3,1,1,1.0,1,1,1,1,2,1,2,1,1,2,2,2,1,2,1,1,2,1,1,2,2,2,2,2,2,2,2,2,2,2,2,1,2,1,2,2,2,2,2,1,2,1,1,4,4,4,4,4,4,5,3,5,3,4,5,4,4,4,2,Anonymized,1184,40,1,-0.877713563,41,76,53,36.0,18,17,13,12,35,63,
45574.67293,45574.68307,0,Anonymized,100,875,1,45574.68307,Anonymized,Anonymized,Anonymized,Anonymized,,Anonymized,Anonymized,anonymous,EN,1.0,Anonymized,1.0,1,1,1,36,2,3,1,3,3,1,2,2,2,3,3,3,2,2,3,2,3,3,2,2,5,5,5,5,5,5,5,4,5,5,5,5,5,5,5,2,5,3,4,4,4,2,2,2,2,2,2,2,1,1,1,3,2,2,2,2,2,2,1,2,2,2,1.0,2.0,3.0,2.0,2.0,1.0,2.0,2.0,2.0,3.0,1.0,1.0,1.0,1.0,1.0,1.0,1.0,2.0,2,1,1,1,1,1.0,1,2,2,2,2,1,1,1,2,2,1,1,2,1,1,1,2,1,1,1,1,1,1,2,2,4,1,2,2,3,1,2,3,2,4,3,3,3,2,2,1,4,2,5,5,4,5,5,5,5,5,5,5,5,5,5,5,4,4,Anonymized,875,36,1,-0.985773803,47,96,39,20.0,9,18,12,8,48,77,
45574.66947,45574.68313,0,Anonymized,100,1180,1,45574.68313,Anonymized,Anonymized,Anonymized,Anonymized,,Anonymized,Anonymized,anonymous,EN,1.0,Anonymized,1.0,1,1,3,37,1,1,1,1,2,1,1,1,1,1,1,1,1,1,2,3,1,1,1,2,5,4,5,4,4,5,5,4,1,2,4,5,1,1,5,1,5,2,4,2,2,2,1,1,1,4,1,5,1,1,1,5,1,1,1,5,4,2,1,5,1,2,1.0,5.0,4.0,5.0,5.0,4.0,5.0,2.0,3.0,2.0,2.0,2.0,3.0,5.0,2.0,4.0,2.0,5.0,3,2,3,3,3,3.0,1,4,3,4,5,3,3,4,4,4,4,3,4,4,3,3,3,3,4,4,3,4,3,3,3,4,4,3,4,3,4,3,3,2,3,4,4,4,4,4,4,4,4,4,4,3,5,3,3,3,4,5,5,5,3,3,4,3,4,Anonymized,1180,37,3,-0.669591795,25,71,46,36.0,25,40,33,24,71,61,
45574.6738,45574.68316,0,Anonymized,100,808,1,45574.68317,Anonymized,Anonymized,Anonymized,Anonymized,,Anonymized,Anonymized,anonymous,EN,,Anonymized,1.0,1,1,1,60,2,3,1,3,2,2,2,2,2,2,3,2,3,2,3,3,3,2,3,1,3,2,4,2,4,4,3,3,4,4,4,4,4,4,3,2,4,2,3,1,1,1,1,1,1,1,1,1,1,1,1,2,1,1,1,1,1,1,1,2,1,1,1.0,4.0,3.0,2.0,2.0,4.0,4.0,3.0,2.0,3.0,2.0,2.0,1.0,2.0,3.0,1.0,1.0,2.0,2,1,1,1,1,2.0,1,2,2,2,1,2,3,1,1,2,2,2,1,2,2,1,2,1,1,2,2,2,1,2,2,3,1,1,3,3,1,2,2,1,2,3,3,1,2,1,1,2,1,2,3,2,2,4,4,3,4,4,2,3,3,4,3,4,3,Anonymized,808,60,1,-0.931693019,46,65,23,28.0,14,21,14,11,37,50,
45574.66933,45574.68326,0,Anonymized,100,1203,1,45574.68327,Anonymized,Anonymized,Anonymized,Anonymized,,Anonymized,Anonymized,anonymous,EN,1.0,Anonymized,1.0,1,1,1,53,1,1,1,1,2,1,1,1,1,1,1,1,1,1,2,2,1,1,2,1,4,4,4,4,5,5,4,4,4,4,5,4,4,4,4,2,5,1,2,2,2,1,1,1,1,1,1,5,1,1,1,2,1,1,1,1,1,1,1,1,1,1,1.0,2.0,2.0,1.0,3.0,2.0,4.0,2.0,1.0,1.0,2.0,1.0,1.0,2.0,1.0,1.0,1.0,2.0,1,1,1,1,1,1.0,1,1,1,4,4,2,1,1,2,2,2,1,1,1,1,2,1,1,1,1,1,2,2,2,1,1,1,1,2,2,2,2,2,3,1,2,2,1,1,2,2,2,2,5,5,5,5,4,4,4,4,4,4,4,4,4,4,4,4,Anonymized,1203,53,1,-0.931832393,24,77,26,19.0,11,20,13,9,34,68,
45574.67076,45574.68337,0,Anonymized,100,1088,1,45574.68338,Anonymized,Anonymized,Anonymized,Anonymized,,Anonymized,Anonymized,anonymous,EN,1.0,Anonymized,1.0,1,1,2,32,2,2,1,2,2,3,2,2,1,2,2,1,1,1,2,5,1,2,2,2,4,5,4,4,4,4,5,5,5,4,4,4,5,4,4,2,5,2,2,2,4,2,4,2,4,4,2,4,1,1,1,2,2,2,2,4,2,2,2,4,4,4,1.0,4.0,3.0,3.0,5.0,4.0,4.0,5.0,4.0,2.0,1.0,1.0,1.0,2.0,1.0,1.0,1.0,2.0,2,1,1,1,1,3.0,1,1,2,1,2,1,3,1,1,2,2,1,1,1,1,1,1,1,1,2,1,2,1,1,2,2,1,1,2,2,1,2,1,1,2,1,2,1,2,2,1,2,2,4,3,3,2,3,3,1,1,4,3,4,3,2,4,4,2,Anonymized,1088,32,2,-0.903376998,38,82,55,35.0,10,20,11,9,31,46,
45574.67072,45574.68347,0,Anonymized,100,1102,1,45574.68349,Anonymized,Anonymized,Anonymized,Anonymized,,Anonymized,Anonymized,anonymous,EN,1.0,Anonymized,1.0,1,1,1,33,1,2,1,2,2,2,1,2,2,1,1,1,1,2,1,3,2,1,1,2,5,4,5,3,4,4,4,5,5,5,5,5,5,5,5,3,5,4,3,3,4,1,1,1,1,1,1,1,1,1,1,1,1,1,1,1,1,1,1,1,1,1,1.0,5.0,5.0,1.0,4.0,2.0,4.0,4.0,4.0,3.0,2.0,1.0,1.0,2.0,2.0,2.0,2.0,2.0,4,2,1,2,2,3.0,2,3,3,2,3,1,2,2,2,2,2,2,1,1,1,1,2,2,2,2,1,2,1,3,2,3,2,1,2,3,2,2,3,2,1,3,3,1,3,2,1,3,2,4,4,4,4,4,4,4,4,4,4,5,5,5,5,5,5,Anonymized,1102,33,1,-0.931801755,31,91,21,33.0,14,30,14,12,44,70,
45574.67074,45574.68363,0,Anonymized,100,1113,1,45574.68364,Anonymized,Anonymized,Anonymized,Anonymized,,Anonymized,Anonymized,anonymous,EN,1.0,Anonymized,1.0,1,1,2,57,1,1,1,1,1,1,3,2,1,1,1,1,1,1,2,3,1,1,1,1,4,4,4,4,3,5,4,3,4,4,2,3,3,3,5,4,5,4,4,4,4,5,5,2,3,5,4,3,3,4,5,2,2,2,3,5,5,5,4,2,3,3,1.0,3.0,5.0,4.0,4.0,4.0,4.0,4.0,3.0,1.0,1.0,1.0,2.0,1.0,3.0,2.0,1.0,2.0,5,1,5,2,2,5.0,2,5,5,5,5,4,4,1,1,2,2,1,1,1,1,1,2,1,2,1,1,2,1,2,3,2,1,1,3,3,1,4,1,1,2,1,1,1,1,2,2,2,2,5,5,5,5,5,5,5,5,5,4,4,5,5,5,5,5,Anonymized,1113,57,2,-0.986436138,26,80,75,33.0,13,50,11,10,36,78,
45574.669,45574.68366,0,Anonymized,100,1265,1,45574.68367,Anonymized,Anonymized,Anonymized,Anonymized,,Anonymized,Anonymized,anonymous,EN,1.0,Anonymized,1.0,1,1,2,41,2,2,1,2,3,2,2,3,2,1,2,1,1,2,2,2,1,1,1,1,4,5,4,5,5,5,5,4,5,5,5,5,5,5,5,3,5,4,5,5,4,1,1,1,3,1,1,2,1,1,1,3,1,1,1,1,1,1,1,1,1,1,4.0,2.0,3.0,2.0,2.0,2.0,4.0,3.0,1.0,2.0,1.0,1.0,1.0,4.0,1.0,1.0,1.0,3.0,1,1,1,1,1,1.0,1,1,1,3,3,2,1,1,1,3,3,1,1,1,1,1,1,2,2,2,1,1,1,2,2,2,4,2,4,4,2,3,2,2,4,2,4,3,3,3,3,3,3,5,4,3,3,5,5,4,5,5,4,3,3,3,4,5,5,Anonymized,1265,41,2,-0.933459991,34,98,26,25.0,13,18,13,10,57,66,
45574.67079,45574.68394,0,Anonymized,100,1135,1,45574.68394,Anonymized,Anonymized,Anonymized,Anonymized,,Anonymized,Anonymized,anonymous,EN,1.0,Anonymized,1.0,1,1,1,50,2,2,2,2,2,3,4,1,2,2,2,3,2,4,2,2,2,4,4,4,4,4,4,4,4,4,4,4,4,4,4,5,4,4,3,3,4,4,4,4,4,2,2,2,2,2,2,2,2,2,2,3,4,2,2,3,2,2,2,4,3,3,1.0,2.0,3.0,2.0,3.0,3.0,4.0,2.0,2.0,2.0,1.0,1.0,1.0,2.0,1.0,1.0,1.0,5.0,2,2,2,2,2,2.0,2,2,3,3,3,2,4,1,1,4,2,1,1,1,1,1,2,2,2,2,1,1,1,2,3,2,3,2,2,3,2,2,2,2,1,3,2,2,2,2,2,2,2,4,3,3,4,4,4,5,5,5,5,4,4,4,4,4,4,Anonymized,1135,50,1,-0.86596093,51,83,50,24.0,13,31,13,11,43,66,
45574.66896,45574.68399,0,Anonymized,100,1298,1,45574.684,Anonymized,Anonymized,Anonymized,Anonymized,,Anonymized,Anonymized,anonymous,EN,1.0,Anonymized,1.0,1,1,2,22,3,5,1,5,4,4,2,3,3,3,2,4,2,2,3,2,5,4,3,2,3,4,4,4,5,5,4,5,4,4,4,3,4,4,5,4,4,5,3,4,4,2,2,3,3,3,2,2,1,2,2,2,1,1,1,3,2,2,2,2,2,1,3.0,3.0,4.0,3.0,2.0,5.0,4.0,5.0,1.0,2.0,3.0,1.0,1.0,4.0,4.0,3.0,1.0,3.0,2,1,1,2,1,2.0,2,2,1,2,2,1,2,1,1,2,2,2,1,1,1,1,2,1,1,1,1,2,1,1,3,2,2,2,3,1,1,2,1,2,3,3,3,2,2,2,2,1,2,5,5,4,4,5,5,5,5,5,5,5,5,5,5,5,5,Anonymized,1298,22,2,-0.97251772,62,86,41,32.0,20,21,12,9,40,78,
45574.66977,45574.68412,0,Anonymized,100,1240,1,45574.68413,Anonymized,Anonymized,Anonymized,Anonymized,,Anonymized,Anonymized,anonymous,EN,1.0,Anonymized,1.0,1,1,1,65,1,3,2,3,2,4,3,2,3,2,3,1,3,4,4,3,4,3,3,2,4,5,4,5,3,3,2,3,3,1,4,3,3,1,3,1,2,1,4,3,2,2,1,2,1,2,2,3,1,1,2,3,2,1,1,1,3,1,1,2,1,1,3.0,4.0,4.0,3.0,3.0,4.0,5.0,4.0,3.0,2.0,1.0,1.0,1.0,2.0,1.0,1.0,1.0,1.0,2,1,1,1,1,3.0,2,2,2,1,2,3,3,2,1,1,1,1,1,1,1,1,2,1,1,2,1,2,1,2,1,1,2,1,2,1,2,2,1,1,1,1,2,1,1,2,2,1,2,5,4,3,4,5,4,5,5,4,4,3,5,5,5,5,4,Anonymized,1240,65,1,-0.955810937,55,60,34,35.0,9,24,10,10,29,70,
45574.67072,45574.68429,0,Anonymized,100,1173,1,45574.68431,Anonymized,Anonymized,Anonymized,Anonymized,,Anonymized,Anonymized,anonymous,EN,1.0,Anonymized,1.0,1,1,1,48,1,3,1,2,1,1,1,2,1,1,1,1,1,2,3,3,4,2,3,1,3,5,4,5,5,5,5,3,1,2,4,5,3,2,5,2,5,3,3,4,3,1,4,1,4,4,3,5,1,2,2,3,3,2,2,3,3,2,1,5,1,2,1.0,1.0,3.0,2.0,2.0,1.0,3.0,4.0,1.0,1.0,1.0,1.0,1.0,3.0,2.0,3.0,1.0,1.0,3,2,3,2,2,3.0,1,4,3,3,2,4,3,1,1,1,2,1,1,2,1,1,2,1,1,2,2,1,1,2,2,2,1,1,3,3,1,1,3,1,2,2,2,2,2,1,3,1,1,3,2,2,2,4,4,3,4,2,1,2,4,2,3,3,2,Anonymized,1173,48,1,-0.934025707,35,77,54,19.0,13,35,11,10,36,43,
45574.67449,45574.68435,0,Anonymized,100,851,1,45574.68437,Anonymized,Anonymized,Anonymized,Anonymized,,Anonymized,Anonymized,anonymous,EN,1.0,Anonymized,1.0,1,1,2,39,5,4,4,4,2,5,5,1,4,4,5,4,5,5,4,2,4,4,4,2,2,1,3,2,3,4,4,4,2,4,5,3,4,4,2,2,4,2,3,3,3,2,2,2,4,4,4,3,4,2,2,5,3,4,3,5,5,5,1,2,2,2,2.0,1.0,4.0,5.0,5.0,3.0,5.0,2.0,4.0,5.0,5.0,1.0,2.0,5.0,4.0,5.0,5.0,4.0,4,2,4,5,3,4.0,3,5,2,4,5,4,2,3,4,4,3,4,3,2,1,1,3,2,2,2,1,3,2,3,4,4,4,3,4,4,4,4,4,2,1,4,3,4,4,3,3,3,4,4,4,2,4,4,5,5,5,4,5,4,5,4,5,5,5,Anonymized,851,39,2,-0.786683205,77,64,66,36.0,31,47,25,15,69,70,
45574.66956,45574.68442,0,Anonymized,100,1284,1,45574.68443,Anonymized,Anonymized,Anonymized,Anonymized,,Anonymized,Anonymized,anonymous,EN,1.0,Anonymized,1.0,1,1,2,62,1,2,3,2,3,3,3,4,3,2,2,2,3,2,3,2,3,2,3,2,3,4,4,5,5,4,4,5,5,5,5,5,4,4,5,4,4,2,4,4,4,1,2,1,2,2,2,4,1,1,1,1,1,1,1,1,1,1,1,3,1,1,1.0,4.0,4.0,5.0,4.0,3.0,5.0,4.0,3.0,3.0,2.0,2.0,2.0,2.0,1.0,2.0,3.0,2.0,4,2,3,3,3,3.0,1,4,3,3,3,3,3,1,1,2,2,1,1,1,1,1,1,1,2,1,1,1,1,2,1,2,1,1,2,1,1,1,2,1,1,1,3,1,2,1,1,1,1,5,5,5,5,5,5,5,5,5,5,3,4,5,5,5,5,Anonymized,1284,62,2,-0.984868246,50,89,30,36.0,16,38,11,8,27,77,
45574.67024,45574.68462,0,Anonymized,100,1242,1,45574.68463,Anonymized,Anonymized,Anonymized,Anonymized,,Anonymized,Anonymized,anonymous,EN,1.0,Anonymized,1.0,1,1,2,35,2,2,2,3,1,4,2,2,4,1,3,2,3,3,2,2,4,2,2,2,5,3,5,5,4,5,5,3,4,3,5,3,4,4,5,5,5,2,3,2,4,1,4,2,5,4,2,4,1,1,1,5,3,4,2,4,4,1,1,4,2,3,1.0,3.0,4.0,4.0,4.0,4.0,5.0,4.0,2.0,2.0,1.0,1.0,1.0,3.0,1.0,1.0,1.0,1.0,1,2,1,2,2,1.0,3,2,2,2,2,1,1,1,1,1,2,1,1,1,1,1,1,2,1,1,1,1,1,1,2,2,1,1,3,1,2,2,1,1,1,1,3,1,1,2,2,2,1,5,4,4,5,4,3,3,4,4,2,2,4,4,4,4,3,Anonymized,1242,35,2,-0.969812119,48,84,58,33.0,10,22,10,8,31,59,
45574.66956,45574.68472,0,Anonymized,100,1309,1,45574.68473,Anonymized,Anonymized,Anonymized,Anonymized,,Anonymized,Anonymized,anonymous,EN,1.0,Anonymized,1.0,1,1,2,67,1,1,1,2,1,2,1,1,1,1,2,1,1,1,4,2,2,2,2,3,4,5,4,3,5,5,5,4,5,5,4,4,3,3,5,4,5,2,5,4,3,1,4,1,3,2,1,2,1,1,1,3,1,2,1,3,2,1,2,4,2,2,1.0,4.0,3.0,3.0,2.0,2.0,5.0,4.0,3.0,2.0,1.0,1.0,1.0,2.0,1.0,4.0,1.0,3.0,1,1,2,1,1,4.0,3,4,3,2,4,2,4,2,1,2,1,2,1,1,1,1,1,1,1,1,1,1,1,2,1,2,1,2,2,2,1,3,1,1,1,1,1,1,2,1,1,1,1,3,4,5,4,4,5,3,4,4,2,4,5,3,3,2,4,Anonymized,1309,67,2,-0.880508076,32,87,40,29.0,14,32,12,7,28,59,
45574.67016,45574.68481,0,Anonymized,100,1265,1,45574.68483,Anonymized,Anonymized,Anonymized,Anonymized,,Anonymized,Anonymized,anonymous,EN,1.0,Anonymized,1.0,1,1,1,36,2,2,2,2,1,2,3,4,3,2,2,2,1,4,3,3,3,2,3,3,4,5,5,5,5,5,5,5,5,5,5,5,5,5,5,3,5,3,5,3,3,4,4,4,4,4,4,3,4,3,4,4,4,4,4,4,4,4,4,4,4,4,3.0,1.0,4.0,2.0,3.0,3.0,4.0,5.0,4.0,3.0,2.0,1.0,1.0,1.0,1.0,1.0,1.0,1.0,1,1,1,1,1,1.0,1,2,1,2,1,3,2,1,1,1,1,1,1,1,1,1,1,1,1,1,1,1,1,1,2,2,4,1,2,1,1,2,2,2,1,1,3,1,1,2,1,1,2,4,4,3,4,3,5,3,3,4,4,4,4,3,4,3,3,Anonymized,1265,36,1,-0.972430708,49,96,82,32.0,9,18,9,7,33,58,
45574.66957,45574.68485,0,Anonymized,100,1319,1,45574.68486,Anonymized,Anonymized,Anonymized,Anonymized,,Anonymized,Anonymized,anonymous,EN,1.0,Anonymized,1.0,1,1,2,43,2,3,2,3,3,2,2,2,3,1,2,2,2,2,3,2,4,2,2,2,4,4,4,3,4,4,3,3,5,5,4,4,4,4,5,4,5,3,4,3,4,2,4,2,2,2,2,4,1,1,1,1,2,3,1,1,4,2,2,4,3,2,2.0,3.0,4.0,4.0,4.0,2.0,3.0,3.0,1.0,5.0,4.0,1.0,1.0,3.0,1.0,1.0,1.0,2.0,4,3,2,3,4,3.0,2,5,4,5,5,2,2,1,1,2,2,1,1,1,1,1,3,2,3,2,1,2,1,3,3,3,3,2,4,4,3,2,3,2,3,3,4,2,3,3,3,3,3,3,2,2,4,2,3,3,3,4,3,2,4,3,3,3,2,Anonymized,1319,43,2,-0.959282088,46,83,46,31.0,14,44,11,14,59,46,
45574.66939,45574.6849,0,Anonymized,100,1339,1,45574.68491,Anonymized,Anonymized,Anonymized,Anonymized,,Anonymized,Anonymized,anonymous,EN,1.0,Anonymized,1.0,1,1,2,42,2,4,3,2,2,4,4,2,2,2,2,2,2,2,4,2,5,3,3,2,5,2,4,4,4,5,5,5,4,3,5,5,5,5,5,2,5,2,5,3,4,2,3,2,4,2,2,2,2,2,2,5,1,2,2,2,5,5,2,4,2,2,1.0,4.0,4.0,2.0,3.0,2.0,5.0,3.0,1.0,3.0,1.0,1.0,3.0,4.0,2.0,5.0,3.0,4.0,3,2,5,4,5,5.0,1,5,4,5,5,3,2,3,2,4,4,4,3,1,1,1,1,1,2,1,1,4,1,3,2,4,4,3,3,3,2,1,3,1,4,2,2,4,1,2,1,2,1,4,4,3,4,4,4,3,2,2,2,2,3,3,3,4,3,Anonymized,1339,42,2,-0.802940195,54,87,55,28.0,23,49,23,11,48,50,
45574.67086,45574.68498,0,Anonymized,100,1220,1,45574.68499,Anonymized,Anonymized,Anonymized,Anonymized,,Anonymized,Anonymized,anonymous,EN,1.0,Anonymized,1.0,1,1,1,54,2,2,2,2,3,2,2,3,2,2,2,2,2,2,2,4,2,2,2,2,4,4,4,4,4,4,4,3,4,4,4,4,3,3,4,3,4,3,4,3,3,1,2,1,1,2,2,2,1,1,1,1,2,1,1,2,2,2,1,2,1,1,1.0,4.0,3.0,3.0,3.0,1.0,1.0,2.0,2.0,3.0,1.0,1.0,1.0,1.0,1.0,1.0,1.0,1.0,1,1,1,1,1,1.0,1,1,1,1,1,1,1,1,1,1,1,1,1,1,1,1,1,1,1,1,1,1,1,2,2,2,1,1,2,2,1,2,2,1,1,2,2,1,2,1,1,2,1,3,3,2,2,2,2,1,1,2,1,1,1,1,1,1,1,Anonymized,1220,54,1,-0.984836499,44,77,30,23.0,8,13,9,7,31,25,
45574.66983,45574.68507,0,Anonymized,100,1317,1,45574.68508,Anonymized,Anonymized,Anonymized,Anonymized,,Anonymized,Anonymized,anonymous,EN,1.0,Anonymized,1.0,1,1,1,50,3,4,2,3,2,2,2,3,4,3,4,3,4,3,4,2,4,3,2,4,4,3,5,4,4,3,4,5,4,3,4,5,5,5,5,3,4,5,3,4,3,2,2,2,3,3,2,3,1,1,2,3,3,2,1,3,2,2,2,2,3,3,1.0,4.0,4.0,2.0,1.0,3.0,4.0,2.0,1.0,1.0,1.0,2.0,1.0,3.0,1.0,3.0,1.0,2.0,1,1,1,1,1,1.0,1,2,1,2,4,2,4,3,3,2,3,1,3,2,1,1,2,2,3,2,2,2,2,2,2,2,3,3,3,1,3,2,1,3,3,3,2,3,2,2,3,2,3,4,4,4,3,4,4,5,5,5,4,4,4,4,3,4,4,Anonymized,1317,50,1,-0.871564224,61,85,47,23.0,14,22,19,15,48,65,
45574.67002,45574.68507,0,Anonymized,100,1300,1,45574.68509,Anonymized,Anonymized,Anonymized,Anonymized,,Anonymized,Anonymized,anonymous,EN,1.0,Anonymized,1.0,1,1,2,56,1,2,4,2,1,1,4,2,2,1,2,3,1,1,4,1,4,2,2,2,4,5,4,5,3,4,4,5,3,4,4,5,4,3,5,2,5,2,4,3,3,4,4,2,4,4,3,4,4,4,3,2,2,3,2,4,2,4,2,4,4,3,3.0,4.0,4.0,2.0,5.0,1.0,4.0,4.0,3.0,2.0,1.0,1.0,2.0,5.0,3.0,5.0,5.0,3.0,2,1,2,1,2,3.0,1,4,2,2,3,2,3,2,2,1,3,1,2,2,1,1,2,1,1,1,1,1,2,2,2,2,2,2,4,2,1,1,2,2,4,1,3,3,2,2,1,2,2,4,4,3,4,3,2,3,3,4,4,3,4,4,4,3,3,Anonymized,1300,56,2,-0.820358846,42,81,68,32.0,25,28,15,9,42,55,
45574.66938,45574.68512,0,Anonymized,100,1360,1,45574.68513,Anonymized,Anonymized,Anonymized,Anonymized,,Anonymized,Anonymized,anonymous,EN,1.0,Anonymized,1.0,1,1,1,28,3,4,2,4,1,4,3,1,4,3,4,4,3,4,4,2,4,2,2,4,2,3,2,4,4,4,2,2,2,2,2,4,2,2,2,2,2,1,3,2,2,2,3,2,3,2,2,2,1,1,1,1,2,1,1,2,2,2,1,4,1,1,2.0,3.0,3.0,2.0,4.0,4.0,3.0,2.0,2.0,3.0,1.0,1.0,1.0,3.0,2.0,1.0,1.0,3.0,2,1,1,2,2,2.0,3,3,4,3,3,2,2,1,2,2,2,1,2,2,1,1,3,2,3,3,2,1,2,3,3,3,2,1,3,4,1,3,3,2,2,3,3,2,3,3,3,3,3,5,5,4,5,3,3,3,2,3,2,3,3,2,2,2,2,Anonymized,1360,28,1,-0.926267714,62,51,37,28.0,13,30,14,16,53,49,
45574.6694,45574.68516,0,Anonymized,100,1362,1,45574.68518,Anonymized,Anonymized,Anonymized,Anonymized,,Anonymized,Anonymized,anonymous,EN,1.0,Anonymized,1.0,1,1,1,53,2,2,1,2,2,2,2,2,1,2,2,2,2,2,4,4,2,2,3,1,4,4,4,5,4,5,4,5,4,4,4,4,4,3,4,1,4,2,4,5,2,2,3,2,3,2,2,4,1,3,3,2,2,2,2,2,2,2,2,2,4,2,3.0,1.0,3.0,4.0,5.0,3.0,2.0,3.0,2.0,2.0,2.0,1.0,1.0,2.0,2.0,1.0,1.0,1.0,2,1,1,1,1,2.0,1,1,2,2,1,4,3,1,1,1,2,1,1,2,1,1,1,1,1,1,1,1,1,2,2,2,1,1,2,2,2,2,2,1,2,2,2,1,2,1,2,2,2,5,4,3,4,5,3,4,5,5,4,4,5,4,4,4,5,Anonymized,1362,53,1,-0.980658582,42,80,49,28.0,11,22,11,7,35,68,
45574.66919,45574.68521,0,Anonymized,100,1384,1,45574.68522,Anonymized,Anonymized,Anonymized,Anonymized,,Anonymized,Anonymized,anonymous,EN,1.0,Anonymized,1.0,1,1,1,72,2,2,1,3,2,2,2,3,1,3,3,2,2,2,1,5,3,1,3,5,3,4,4,5,5,4,3,3,4,3,5,4,3,3,3,2,5,2,4,3,3,1,2,1,3,2,2,2,1,2,2,3,2,1,1,2,2,3,2,2,1,2,3.0,5.0,3.0,4.0,2.0,3.0,5.0,2.0,1.0,1.0,2.0,3.0,3.0,3.0,2.0,2.0,1.0,2.0,1,1,1,1,1,1.0,2,1,1,1,1,1,1,2,1,1,2,2,1,2,1,1,1,1,1,1,1,2,1,2,2,2,1,1,2,2,1,2,2,1,2,2,3,1,1,1,2,2,1,5,4,4,5,3,3,2,3,5,3,2,4,4,4,3,4,Anonymized,1384,72,1,-0.90116349,48,75,39,29.0,18,14,13,8,33,58,
45574.67089,45574.68521,0,Anonymized,100,1236,1,45574.68522,Anonymized,Anonymized,Anonymized,Anonymized,,Anonymized,Anonymized,anonymous,EN,1.0,Anonymized,,1,1,2,43,1,3,1,2,1,1,2,2,2,2,2,1,2,2,2,2,2,3,4,4,4,2,3,2,5,5,5,5,5,4,5,5,3,4,2,1,5,5,3,3,4,4,2,1,2,5,2,2,1,1,1,3,1,1,1,2,1,1,2,2,4,4,1.0,5.0,5.0,4.0,5.0,3.0,5.0,3.0,4.0,5.0,1.0,3.0,1.0,3.0,1.0,2.0,2.0,5.0,2,1,2,4,3,2.0,1,2,2,1,3,2,2,1,2,4,3,3,2,1,1,1,2,2,3,3,3,3,1,3,3,3,2,2,4,4,2,3,3,1,3,2,3,2,2,4,3,4,3,3,3,2,4,4,4,5,5,3,4,2,4,4,4,4,4,Anonymized,1236,43,2,-0.738606744,41,80,43,40.0,18,27,18,17,56,59,
45574.67285,45574.68538,0,Anonymized,100,1083,1,45574.68541,Anonymized,Anonymized,Anonymized,Anonymized,,Anonymized,Anonymized,anonymous,EN,0.800000012,Anonymized,1.0,1,1,2,33,1,1,1,1,2,1,1,2,1,1,1,1,1,1,1,2,2,2,2,2,4,5,4,5,5,5,5,5,5,5,4,5,5,5,5,5,5,4,4,5,5,1,2,1,1,1,1,1,1,1,1,1,1,1,1,1,1,1,1,1,1,1,2.0,4.0,5.0,3.0,1.0,3.0,2.0,5.0,5.0,4.0,4.0,1.0,1.0,5.0,4.0,5.0,1.0,2.0,5,3,5,4,3,4.0,1,5,4,5,5,3,5,1,1,2,3,1,1,1,1,1,1,1,2,1,1,1,1,1,1,2,1,1,2,2,2,2,2,1,1,2,3,1,3,1,1,2,1,5,5,4,5,4,5,4,5,5,5,5,5,3,3,3,3,Anonymized,1083,33,2,-0.965720992,27,100,22,34.0,23,52,12,8,32,69,
45574.67064,45574.6859,0,Anonymized,100,1318,1,45574.68591,Anonymized,Anonymized,Anonymized,Anonymized,,Anonymized,Anonymized,anonymous,EN,1.0,Anonymized,1.0,1,1,1,32,2,3,2,2,2,3,4,2,4,2,2,2,2,2,4,2,4,2,1,2,4,4,3,4,4,4,4,2,4,4,3,5,3,2,3,2,3,2,3,2,2,2,3,2,3,3,2,4,2,2,2,2,3,2,2,2,3,4,1,4,3,2,1.0,5.0,4.0,3.0,4.0,4.0,4.0,4.0,2.0,2.0,1.0,1.0,1.0,2.0,1.0,5.0,2.0,1.0,2,1,1,2,2,2.0,3,3,2,3,3,3,3,2,2,1,2,1,1,2,1,1,2,2,2,2,2,2,1,2,3,3,3,2,3,3,2,3,3,2,2,3,3,3,4,3,4,3,3,4,4,3,1,5,3,4,4,1,2,2,2,5,5,5,5,Anonymized,1318,32,1,-0.867035337,49,67,53,33.0,14,30,13,13,57,55,
45574.67029,45574.6859,0,Anonymized,100,1348,1,45574.68591,Anonymized,Anonymized,Anonymized,Anonymized,,Anonymized,Anonymized,anonymous,EN,0.699999988,Anonymized,1.0,1,1,2,53,2,2,1,2,2,2,2,1,2,2,3,2,3,1,4,3,4,3,3,2,4,4,4,4,4,4,4,4,4,4,3,4,3,3,4,3,4,3,3,3,3,1,4,1,3,2,2,3,1,1,1,3,3,2,2,3,2,2,2,3,2,2,1.0,4.0,4.0,4.0,3.0,2.0,3.0,4.0,3.0,1.0,2.0,1.0,1.0,2.0,1.0,3.0,2.0,4.0,2,1,1,1,1,1.0,1,1,1,1,1,1,1,4,4,4,2,1,4,3,2,3,2,3,3,4,3,3,3,4,4,4,4,4,3,3,4,2,4,4,3,4,3,4,4,3,3,2,3,3,3,3,2,3,3,3,3,2,2,2,2,3,3,3,2,Anonymized,1348,53,2,-0.949704003,46,76,45,29.0,16,14,27,21,69,42,
45574.67036,45574.68594,0,Anonymized,100,1345,1,45574.68595,Anonymized,Anonymized,Anonymized,Anonymized,,Anonymized,Anonymized,anonymous,EN,1.0,Anonymized,1.0,1,1,1,22,2,4,3,4,2,2,3,1,5,2,2,2,2,3,4,5,5,1,2,3,4,5,3,4,4,4,4,4,5,5,5,5,4,4,4,2,4,2,2,4,3,2,2,2,4,2,2,4,1,1,1,2,3,1,1,4,3,3,1,4,2,1,1.0,3.0,4.0,2.0,4.0,4.0,5.0,4.0,4.0,3.0,2.0,1.0,1.0,3.0,1.0,3.0,1.0,3.0,3,3,3,3,4,4.0,4,5,3,4,3,3,4,2,2,3,2,1,2,1,1,1,2,3,2,2,1,2,2,2,2,3,3,2,2,2,2,3,2,2,3,2,2,2,2,3,3,2,2,2,2,3,2,3,2,2,2,3,2,4,3,3,3,3,2,Anonymized,1345,22,1,-0.877584646,57,81,46,34.0,15,46,15,14,46,41,
45574.66955,45574.68597,0,Anonymized,100,1418,1,45574.68598,Anonymized,Anonymized,Anonymized,Anonymized,,Anonymized,Anonymized,anonymous,EN,1.0,Anonymized,1.0,1,1,2,56,2,1,5,1,1,1,5,1,1,3,1,1,4,1,2,1,2,1,2,4,5,4,5,4,5,2,4,5,5,5,5,5,4,5,3,1,5,1,5,1,1,4,1,3,1,1,1,1,1,1,1,4,1,1,1,3,1,1,1,1,1,1,1.0,3.0,4.0,4.0,1.0,5.0,2.0,2.0,1.0,1.0,1.0,1.0,2.0,5.0,4.0,4.0,1.0,5.0,1,1,1,2,2,3.0,1,3,2,2,2,2,2,2,2,4,4,1,2,2,4,1,1,1,1,3,1,2,1,3,2,4,2,3,4,3,3,1,3,1,4,4,3,3,3,2,2,3,1,5,5,5,5,5,2,4,5,5,1,3,4,5,5,4,4,Anonymized,1418,56,2,-0.441020354,40,80,31,24.0,23,24,22,10,54,67,
45574.66929,45574.68609,0,Anonymized,100,1450,1,45574.6861,Anonymized,Anonymized,Anonymized,Anonymized,,Anonymized,Anonymized,anonymous,EN,1.0,Anonymized,1.0,1,1,1,53,2,3,2,2,2,2,2,3,4,2,3,4,3,4,4,1,4,3,2,2,2,4,5,4,4,4,4,4,4,4,5,4,4,3,4,1,5,1,4,3,3,1,2,1,2,1,1,3,1,1,1,1,1,1,2,4,4,5,1,1,1,1,2.0,4.0,4.0,5.0,5.0,3.0,4.0,4.0,4.0,4.0,5.0,1.0,2.0,5.0,1.0,5.0,1.0,4.0,4,4,3,4,4,5.0,2,3,3,3,2,2,1,2,2,3,4,1,1,2,2,1,2,2,2,3,3,3,1,3,3,3,4,3,3,3,2,2,4,1,2,3,2,2,3,2,2,3,2,4,4,4,5,5,5,5,5,5,4,5,5,5,5,5,5,Anonymized,1450,53,1,-0.85633959,54,76,36,39.0,24,40,18,16,52,76,
45574.67067,45574.68631,0,Anonymized,100,1350,1,45574.68631,Anonymized,Anonymized,Anonymized,Anonymized,,Anonymized,Anonymized,anonymous,EN,1.0,Anonymized,1.0,1,1,1,47,1,1,1,1,3,1,1,2,1,2,1,1,1,1,2,1,1,2,2,1,4,5,4,5,5,5,5,4,4,4,5,4,5,5,5,4,5,2,4,3,4,2,2,2,2,4,2,4,2,2,2,2,2,2,2,4,4,2,2,2,2,4,1.0,4.0,2.0,4.0,2.0,2.0,3.0,4.0,3.0,1.0,1.0,1.0,1.0,1.0,1.0,4.0,1.0,1.0,2,2,2,2,2,3.0,1,2,3,3,3,2,2,1,1,1,1,1,1,1,1,1,1,1,1,1,1,1,1,1,1,1,1,1,3,1,1,1,1,1,1,1,1,1,1,1,1,1,1,4,4,3,2,3,3,3,4,4,3,4,4,3,4,3,3,Anonymized,1350,47,1,-0.944610433,27,91,52,26.0,11,29,9,7,22,54,
45574.67206,45574.68634,0,Anonymized,100,1234,1,45574.68636,Anonymized,Anonymized,Anonymized,Anonymized,,Anonymized,Anonymized,anonymous,EN,1.0,Anonymized,1.0,1,1,1,40,3,3,2,4,2,2,3,4,4,3,3,2,3,2,4,2,4,2,2,2,3,4,4,4,2,4,4,5,4,3,4,3,4,5,4,3,4,2,2,4,2,2,2,2,3,2,1,4,1,1,1,4,3,1,1,3,2,1,1,1,1,2,2.0,2.0,3.0,2.0,4.0,2.0,5.0,3.0,3.0,4.0,2.0,1.0,2.0,4.0,3.0,2.0,1.0,4.0,3,3,3,4,3,4.0,2,3,4,4,4,4,3,3,3,4,4,2,2,2,2,1,2,2,2,3,1,4,2,3,2,3,3,2,3,3,3,3,3,2,3,3,4,2,3,3,3,3,2,3,3,2,2,3,3,2,3,2,3,2,2,3,3,3,2,Anonymized,1234,40,1,-0.615309843,56,74,39,30.0,19,44,23,16,56,41,
45574.66889,45574.68708,0,Anonymized,100,1572,1,45574.6871,Anonymized,Anonymized,Anonymized,Anonymized,,Anonymized,Anonymized,anonymous,EN,1.0,Anonymized,1.0,1,1,1,63,4,4,3,5,4,4,3,3,4,2,4,3,3,4,2,5,4,1,2,3,2,3,3,4,5,4,4,5,4,4,5,5,3,3,2,2,4,2,5,3,3,3,3,2,2,2,2,3,2,2,2,2,3,2,2,3,2,2,2,5,3,2,1.0,4.0,3.0,1.0,4.0,5.0,3.0,2.0,5.0,3.0,1.0,1.0,2.0,5.0,2.0,5.0,4.0,5.0,4,2,3,3,3,4.0,4,5,5,5,5,4,5,4,2,3,3,3,2,2,2,1,2,2,2,2,2,2,3,3,2,3,3,2,3,3,2,3,3,1,2,3,3,3,3,2,2,3,2,3,3,2,2,3,4,5,5,5,3,4,2,3,4,2,2,Anonymized,1572,63,1,-0.712372934,67,75,51,31.0,25,52,22,15,51,52,
45574.67034,45574.68731,0,Anonymized,100,1467,1,45574.68733,Anonymized,Anonymized,Anonymized,Anonymized,,Anonymized,Anonymized,anonymous,EN,1.0,Anonymized,1.0,1,1,1,45,3,3,2,2,2,2,2,2,2,2,2,3,1,2,3,4,2,3,2,4,3,4,3,4,4,3,4,3,3,3,4,4,3,3,4,3,4,3,4,4,4,2,3,2,4,2,2,3,2,2,2,2,3,2,2,2,3,3,2,3,3,3,2.0,3.0,3.0,2.0,4.0,2.0,4.0,3.0,3.0,1.0,1.0,1.0,1.0,1.0,1.0,1.0,1.0,1.0,2,1,2,2,2,3.0,1,1,1,2,3,1,3,1,1,1,1,1,1,1,1,1,1,1,1,1,1,1,1,2,2,2,3,1,2,2,3,1,2,1,1,3,2,1,1,2,1,2,1,3,3,3,2,3,3,3,2,3,3,3,2,2,3,2,2,Anonymized,1467,45,1,-0.945391071,48,74,52,27.0,8,24,9,7,35,42,
45574.66968,45574.68766,0,Anonymized,100,1554,1,45574.68768,Anonymized,Anonymized,Anonymized,Anonymized,,Anonymized,Anonymized,anonymous,EN,1.0,Anonymized,1.0,1,1,1,38,2,3,3,3,3,2,3,2,2,2,2,2,2,2,3,2,4,2,2,2,4,4,4,4,4,4,3,4,3,3,4,4,3,4,4,3,4,3,4,4,4,2,2,2,2,2,3,3,2,2,2,3,3,3,2,3,2,2,2,3,2,2,3.0,3.0,4.0,3.0,3.0,4.0,5.0,3.0,1.0,1.0,2.0,1.0,1.0,2.0,1.0,2.0,2.0,1.0,1,1,1,1,1,1.0,1,1,1,1,1,1,1,1,1,1,2,2,1,1,1,1,2,1,1,1,1,2,1,2,2,3,3,1,3,2,2,2,3,2,2,3,3,2,3,1,1,3,1,4,4,3,4,4,4,4,4,5,4,4,4,4,4,4,4,Anonymized,1554,38,1,-0.993300894,48,78,49,30.0,12,13,11,9,44,64,
45574.66978,45574.6878,0,Anonymized,100,1557,1,45574.68781,Anonymized,Anonymized,Anonymized,Anonymized,,Anonymized,Anonymized,anonymous,EN,1.0,Anonymized,1.0,1,1,1,23,4,4,2,4,3,4,4,2,4,2,3,4,3,4,3,4,4,2,2,3,4,4,4,4,4,4,4,4,4,4,4,4,4,3,3,2,4,2,3,2,3,2,4,2,3,2,2,3,2,2,2,2,3,2,2,2,1,2,1,4,2,3,1.0,4.0,3.0,1.0,3.0,2.0,4.0,3.0,2.0,3.0,1.0,1.0,2.0,3.0,1.0,1.0,2.0,1.0,2,1,1,1,2,1.0,1,3,2,1,1,1,1,2,2,1,2,1,2,2,1,1,3,2,2,2,1,1,2,2,2,3,2,1,2,1,1,2,2,2,2,2,2,2,2,2,2,2,2,3,3,2,3,3,3,2,3,4,3,4,3,2,3,2,2,Anonymized,1557,23,1,-0.982134769,65,74,48,26.0,12,18,14,13,38,45,
45574.66912,45574.6881,0,Anonymized,100,1639,1,45574.68811,Anonymized,Anonymized,Anonymized,Anonymized,,Anonymized,Anonymized,anonymous,EN,1.0,Anonymized,1.0,1,1,2,28,5,4,2,3,4,4,4,4,4,2,4,2,5,4,2,3,1,1,2,4,4,5,4,5,3,3,5,4,5,5,5,4,2,2,2,2,2,1,1,1,1,1,4,3,4,3,2,5,1,1,2,4,3,2,2,3,1,1,1,2,2,2,4.0,2.0,2.0,5.0,3.0,4.0,4.0,5.0,4.0,3.0,4.0,3.0,1.0,5.0,4.0,4.0,4.0,4.0,5,5,5,5,5,5.0,5,5,5,5,5,4,4,3,4,3,3,3,3,3,2,3,3,3,3,3,3,3,2,3,4,3,2,3,3,3,3,3,4,3,2,3,3,2,3,3,4,4,3,4,4,2,4,3,3,4,5,4,2,4,5,3,3,3,3,Anonymized,1639,28,2,-0.965339195,64,66,49,36.0,29,63,27,20,61,56,
45574.66977,45574.68811,0,Anonymized,100,1585,1,45574.68813,Anonymized,Anonymized,Anonymized,Anonymized,,Anonymized,Anonymized,anonymous,EN,1.0,Anonymized,1.0,1,1,2,48,1,4,2,4,2,3,3,3,3,2,2,3,3,2,2,2,3,2,2,2,3,2,4,5,4,5,3,3,4,4,4,4,2,3,5,4,5,2,3,4,4,2,4,1,4,5,1,3,1,1,1,3,2,4,2,4,4,2,1,2,1,1,1.0,5.0,3.0,4.0,2.0,1.0,4.0,2.0,4.0,5.0,1.0,1.0,1.0,4.0,1.0,2.0,1.0,2.0,5,4,5,5,4,4.0,2,5,5,5,5,4,5,2,2,2,2,3,1,1,1,2,1,1,1,1,1,1,1,2,1,3,1,1,3,2,2,2,2,2,2,3,4,2,2,2,2,2,1,5,5,5,4,3,3,4,4,4,2,5,4,3,2,2,3,Anonymized,1585,48,2,-0.928975462,50,77,49,31.0,13,58,16,7,41,58,
45574.67946,45574.68847,0,Anonymized,100,779,1,45574.68849,Anonymized,Anonymized,Anonymized,Anonymized,,Anonymized,Anonymized,anonymous,EN,1.0,Anonymized,1.0,1,1,2,33,1,2,1,2,2,1,1,4,1,2,2,1,1,1,1,3,2,4,2,4,4,5,5,5,5,5,5,4,4,5,5,4,4,4,5,3,5,3,4,4,3,4,4,4,4,4,3,2,2,2,2,2,2,2,2,3,3,3,2,4,4,3,1.0,5.0,5.0,3.0,1.0,4.0,4.0,5.0,4.0,4.0,2.0,1.0,1.0,2.0,1.0,1.0,1.0,1.0,1,1,1,1,1,1.0,1,1,1,1,1,4,4,1,1,1,1,1,1,1,1,1,1,1,1,1,1,1,1,1,1,1,2,1,1,1,1,1,1,1,1,2,2,1,1,2,1,1,1,4,4,5,2,5,3,3,2,3,4,4,4,4,4,5,5,Anonymized,779,33,2,-0.95056813,38,91,61,36.0,10,19,9,7,24,61,
45574.67047,45574.68892,0,Anonymized,100,1593,1,45574.68893,Anonymized,Anonymized,Anonymized,Anonymized,,Anonymized,Anonymized,anonymous,EN,0.899999976,Anonymized,1.0,1,1,1,51,4,4,4,4,5,4,4,4,4,3,4,3,4,4,2,3,4,3,3,3,4,4,4,4,4,5,4,3,4,4,4,5,4,4,5,3,4,2,4,4,4,3,4,3,4,3,3,2,3,3,3,4,4,3,2,3,4,3,2,2,2,2,2.0,2.0,3.0,3.0,1.0,4.0,5.0,4.0,2.0,2.0,4.0,5.0,1.0,5.0,3.0,5.0,1.0,4.0,3,4,4,3,3,4.0,4,4,4,4,4,4,4,3,3,3,4,4,2,2,1,1,3,3,3,3,2,3,2,3,3,4,4,3,4,4,4,4,4,3,4,4,4,4,4,3,4,4,3,3,4,3,3,4,4,4,3,3,3,3,3,3,3,3,3,Anonymized,1593,51,1,-0.480918742,73,83,62,28.0,28,49,23,19,74,52,
45574.6772,45574.68938,0,Anonymized,100,1052,1,45574.68939,Anonymized,Anonymized,Anonymized,Anonymized,,Anonymized,Anonymized,anonymous,EN,1.0,Anonymized,1.0,1,1,1,32,2,3,1,4,2,1,1,2,1,1,1,1,1,1,3,2,2,2,3,1,3,5,4,4,5,5,4,5,4,4,4,5,4,4,4,1,4,1,4,2,2,2,3,1,4,3,2,4,1,1,2,2,3,2,1,1,1,3,1,4,1,2,3.0,5.0,4.0,2.0,4.0,2.0,5.0,4.0,2.0,3.0,1.0,1.0,1.0,2.0,1.0,1.0,2.0,1.0,2,1,1,2,3,1.0,2,1,2,3,2,1,1,1,2,1,2,1,2,1,1,2,2,2,1,1,1,3,1,3,1,3,2,1,3,1,1,1,3,1,2,3,2,1,3,2,3,2,1,5,5,3,5,4,4,5,4,5,4,5,5,4,5,5,3,Anonymized,1052,32,1,-0.915990505,35,78,44,34.0,10,22,13,11,39,71,
45574.6703,45574.68951,0,Anonymized,100,1659,1,45574.68952,Anonymized,Anonymized,Anonymized,Anonymized,,Anonymized,Anonymized,anonymous,EN,1.0,Anonymized,1.0,1,1,1,44,4,4,4,3,1,5,5,5,4,3,3,3,4,4,4,2,2,1,2,3,4,5,5,5,5,4,3,3,4,4,5,5,4,4,5,3,5,3,4,3,3,2,4,4,5,5,3,3,1,1,3,5,5,3,3,4,3,4,3,5,4,3,3.0,4.0,5.0,3.0,5.0,4.0,5.0,5.0,4.0,3.0,5.0,4.0,3.0,5.0,5.0,5.0,4.0,5.0,5,5,5,5,5,5.0,4,5,5,5,5,4,5,4,4,4,4,4,4,4,3,3,4,4,4,4,4,4,4,2,4,4,4,4,4,4,4,4,3,3,3,4,4,4,4,4,4,4,4,4,4,3,4,5,5,4,4,5,4,4,4,4,5,5,3,Anonymized,1659,44,1,-0.97575186,66,86,73,41.0,36,63,34,28,75,67,
45574.67762,45574.69,0,Anonymized,100,1069,1,45574.69001,Anonymized,Anonymized,Anonymized,Anonymized,,Anonymized,Anonymized,anonymous,EN,1.0,Anonymized,1.0,1,1,1,42,2,3,2,2,2,4,3,2,2,2,3,3,2,3,2,2,4,2,2,1,4,3,2,4,3,4,4,4,4,4,2,3,4,4,3,2,4,1,2,2,3,2,2,2,2,4,2,4,3,1,2,4,2,4,2,4,3,3,1,3,3,4,2.0,4.0,2.0,2.0,5.0,4.0,3.0,2.0,2.0,3.0,3.0,2.0,3.0,3.0,5.0,2.0,2.0,3.0,3,1,2,3,3,2.0,1,3,2,4,3,4,3,2,2,2,3,1,4,3,2,2,4,4,4,4,2,3,3,3,4,3,2,3,4,3,4,3,3,3,3,4,3,3,3,3,3,3,3,3,4,3,3,4,5,4,4,5,4,5,4,4,4,3,4,Anonymized,1069,42,1,-0.829578004,48,66,57,29.0,23,34,21,24,63,63,
45574.66948,45574.69007,0,Anonymized,100,1779,1,45574.69009,Anonymized,Anonymized,Anonymized,Anonymized,,Anonymized,Anonymized,anonymous,EN,1.0,Anonymized,1.0,1,1,1,34,3,4,2,3,2,2,4,3,4,1,3,2,2,2,4,4,4,4,2,3,2,4,4,4,5,5,4,5,5,3,2,5,2,4,3,1,3,1,2,2,2,2,4,4,4,3,3,2,3,4,3,3,4,2,2,2,4,2,1,1,2,2,1.0,4.0,2.0,3.0,4.0,2.0,4.0,5.0,4.0,2.0,3.0,1.0,1.0,3.0,1.0,1.0,2.0,1.0,3,1,1,1,1,2.0,2,4,2,2,3,1,4,2,1,2,2,1,1,2,2,1,2,2,3,2,1,1,2,1,2,2,3,1,3,3,1,1,2,2,2,2,2,1,2,2,2,2,2,5,4,3,2,4,5,3,4,4,3,1,5,3,3,4,3,Anonymized,1779,34,1,-0.929247151,58,68,57,31.0,13,27,14,13,38,56,
45574.67369,45574.69025,0,Anonymized,100,1430,1,45574.69027,Anonymized,Anonymized,Anonymized,Anonymized,,Anonymized,Anonymized,anonymous,EN,0.600000024,Anonymized,1.0,1,1,1,55,1,1,2,2,2,2,2,3,2,2,2,2,4,2,4,4,3,2,3,2,4,5,5,3,5,4,5,4,5,4,5,5,4,4,4,2,5,2,3,2,2,2,3,2,2,1,2,4,1,3,4,4,5,4,4,2,5,4,1,4,4,4,1.0,4.0,2.0,2.0,4.0,4.0,5.0,3.0,2.0,2.0,2.0,1.0,1.0,3.0,1.0,2.0,1.0,3.0,3,2,2,3,2,3.0,1,3,2,2,3,2,4,2,1,3,2,2,1,1,1,1,1,1,2,2,1,2,1,2,2,2,3,1,3,2,1,2,2,1,1,2,2,1,2,2,2,2,1,4,3,3,3,3,4,3,3,5,3,4,4,4,4,4,3,Anonymized,1430,55,1,-0.877501012,47,82,65,29.0,14,32,14,10,36,57,
45574.66944,45574.69031,0,Anonymized,100,1803,1,45574.69033,Anonymized,Anonymized,Anonymized,Anonymized,,Anonymized,Anonymized,anonymous,EN,1.0,Anonymized,1.0,1,1,2,28,3,2,1,2,2,4,1,3,1,2,4,4,4,1,4,3,3,3,3,3,4,4,4,4,4,4,4,5,4,4,5,5,5,4,3,4,4,3,4,4,4,1,3,1,3,3,3,4,1,3,3,4,3,3,2,1,1,3,1,5,4,1,1.0,5.0,4.0,4.0,3.0,4.0,4.0,4.0,3.0,3.0,2.0,2.0,1.0,2.0,1.0,1.0,1.0,3.0,1,1,1,1,1,1.0,1,1,1,2,3,2,1,2,1,1,2,1,1,2,1,2,1,1,1,3,3,1,1,3,2,2,1,1,3,3,3,2,3,1,1,2,2,1,4,1,3,2,1,2,1,1,2,4,4,4,4,4,4,5,5,2,3,4,4,Anonymized,1803,28,2,-0.949548816,53,86,53,35.0,13,17,13,11,41,53,
45574.67096,45574.69059,0,Anonymized,100,1696,1,45574.69061,Anonymized,Anonymized,Anonymized,Anonymized,,Anonymized,Anonymized,anonymous,EN,1.0,Anonymized,1.0,1,1,1,29,1,1,1,2,2,1,1,3,1,2,2,4,1,1,4,3,3,2,2,2,4,5,5,5,4,5,5,3,4,4,4,5,4,4,5,2,5,2,3,1,1,1,1,1,1,1,1,4,1,1,1,1,1,1,1,1,1,1,1,1,1,1,1.0,4.0,2.0,2.0,3.0,1.0,4.0,3.0,1.0,2.0,1.0,1.0,1.0,1.0,1.0,1.0,1.0,2.0,1,1,1,2,1,1.0,1,1,2,2,2,1,1,1,2,2,1,1,2,2,1,1,2,1,2,2,1,1,1,2,2,3,2,2,2,3,2,2,2,1,3,3,2,2,3,2,2,2,2,3,2,1,3,3,3,3,3,2,2,2,2,3,3,3,3,Anonymized,1696,29,1,-0.975593568,39,80,24,23.0,9,17,13,10,44,41,
45574.66965,45574.6909,0,Anonymized,100,1836,1,45574.69091,Anonymized,Anonymized,Anonymized,Anonymized,,Anonymized,Anonymized,anonymous,EN,0.400000006,Anonymized,1.0,1,1,1,42,1,3,1,4,4,2,1,1,2,5,1,1,1,1,1,1,1,5,5,1,2,4,2,5,5,4,5,4,4,4,5,4,5,4,4,4,4,1,4,2,2,1,1,1,1,4,1,1,1,1,1,1,1,1,1,1,1,1,1,1,1,1,1.0,3.0,1.0,3.0,1.0,1.0,4.0,1.0,1.0,3.0,1.0,1.0,1.0,1.0,1.0,1.0,1.0,1.0,1,1,1,1,1,1.0,3,1,1,1,1,1,2,1,1,1,1,1,1,1,1,1,1,1,1,1,1,1,1,2,1,2,2,1,4,2,1,1,2,1,1,2,2,1,2,1,1,2,1,4,4,3,3,4,2,4,5,5,3,4,3,3,5,4,4,Anonymized,1836,42,1,-0.967337071,42,78,24,19.0,8,16,9,7,32,60,
45574.67409,45574.69194,0,Anonymized,100,1542,1,45574.69196,Anonymized,Anonymized,Anonymized,Anonymized,,Anonymized,Anonymized,anonymous,EN,1.0,Anonymized,1.0,1,1,2,45,2,2,1,2,2,2,2,1,2,2,1,2,2,2,2,2,1,1,1,1,4,4,4,3,4,4,5,5,4,2,3,5,4,3,5,4,4,3,4,2,3,1,3,2,2,3,3,4,1,2,3,4,1,2,2,4,5,4,2,5,2,4,2.0,5.0,5.0,5.0,4.0,3.0,5.0,3.0,3.0,1.0,2.0,2.0,2.0,2.0,1.0,1.0,1.0,2.0,3,2,3,3,3,4.0,4,5,3,3,4,2,4,3,3,3,3,3,3,3,2,3,2,2,3,3,1,3,2,3,2,3,4,4,2,2,2,3,3,3,3,3,2,3,3,3,3,3,4,5,5,4,5,4,4,4,5,5,5,5,5,5,5,5,5,Anonymized,1542,45,2,-0.912228511,33,79,59,36.0,13,43,26,16,58,76,
45574.67032,45574.69203,0,Anonymized,100,1875,1,45574.69204,Anonymized,Anonymized,Anonymized,Anonymized,,Anonymized,Anonymized,anonymous,EN,1.0,Anonymized,1.0,1,1,1,46,4,3,3,2,3,3,4,3,3,2,4,2,4,3,4,2,3,3,2,4,2,4,3,4,4,4,4,3,3,3,4,4,3,3,4,2,4,2,4,2,3,2,3,3,4,2,2,3,3,1,2,3,3,2,2,4,3,4,2,4,1,2,1.0,4.0,3.0,1.0,3.0,2.0,4.0,3.0,2.0,2.0,5.0,4.0,2.0,2.0,2.0,5.0,3.0,4.0,4,2,3,3,3,4.0,3,4,3,3,4,3,4,3,2,3,3,2,1,2,2,1,3,2,2,3,3,2,2,3,3,2,3,2,4,3,2,2,3,1,1,2,2,2,3,3,2,3,2,4,4,4,4,3,3,2,3,4,3,3,4,2,3,2,2,Anonymized,1875,46,1,-0.897666354,61,69,55,25.0,27,43,19,17,48,50,
45574.66912,45574.69259,0,Anonymized,100,2028,1,45574.69261,Anonymized,Anonymized,Anonymized,Anonymized,,Anonymized,Anonymized,anonymous,EN,1.0,Anonymized,1.0,1,1,2,32,3,4,2,3,2,3,3,2,3,2,3,2,2,2,3,2,2,3,2,3,4,4,4,4,4,4,4,3,3,3,4,3,3,3,4,2,3,1,2,3,3,2,3,2,3,3,2,4,2,2,2,3,2,2,2,2,2,2,2,3,2,2,1.0,4.0,3.0,3.0,5.0,3.0,4.0,4.0,4.0,4.0,2.0,1.0,1.0,3.0,1.0,2.0,1.0,1.0,2,1,2,2,2,2.0,2,2,2,2,2,2,3,2,2,1,2,1,2,1,1,1,2,1,2,2,1,2,1,3,2,3,3,2,3,3,1,3,2,2,3,3,2,2,2,3,3,2,2,3,3,2,4,4,4,4,4,4,4,3,3,4,4,3,2,Anonymized,2028,32,2,-0.948379795,51,68,49,35.0,12,26,13,11,49,55,
45574.67032,45574.69275,0,Anonymized,100,1938,1,45574.69277,Anonymized,Anonymized,Anonymized,Anonymized,,Anonymized,Anonymized,anonymous,EN,1.0,Anonymized,1.0,1,1,2,28,2,2,2,2,2,3,2,2,2,2,2,2,3,2,3,2,2,2,2,2,4,5,4,4,5,5,5,4,4,4,4,4,4,4,2,2,5,2,4,4,4,2,4,2,2,2,2,4,2,2,2,4,2,2,2,2,2,2,2,4,2,2,4.0,2.0,4.0,3.0,3.0,4.0,4.0,5.0,1.0,1.0,3.0,1.0,1.0,4.0,2.0,3.0,3.0,3.0,3,3,3,3,3,3.0,3,3,3,3,3,3,3,2,2,2,3,4,4,2,1,1,3,3,3,3,1,3,3,2,3,3,3,3,3,3,3,4,2,3,4,2,2,3,2,4,4,2,3,4,4,2,4,5,5,5,5,5,3,3,5,5,5,5,5,Anonymized,1938,28,2,-0.928886637,43,83,50,31.0,20,39,21,19,58,70,
45574.67038,45574.69329,0,Anonymized,100,1979,1,45574.6933,Anonymized,Anonymized,Anonymized,Anonymized,,Anonymized,Anonymized,anonymous,EN,1.0,Anonymized,1.0,1,1,2,52,1,1,1,1,2,2,3,1,4,1,2,1,2,5,1,3,1,2,1,3,5,5,4,4,4,5,4,5,5,5,5,5,5,5,4,3,5,1,5,3,4,1,2,2,2,2,1,1,1,1,1,2,3,1,1,2,1,1,1,1,1,1,1.0,5.0,5.0,5.0,5.0,2.0,5.0,5.0,5.0,2.0,3.0,1.0,1.0,3.0,2.0,3.0,1.0,3.0,2,2,2,2,2,2.0,2,3,2,2,2,2,3,2,2,3,3,4,3,3,2,1,2,2,2,3,2,4,3,3,3,3,4,3,3,3,4,4,3,2,4,3,3,3,3,3,2,3,3,4,4,4,4,4,4,4,4,4,4,4,4,4,4,4,4,Anonymized,1979,52,2,-0.950995671,38,91,29,40.0,17,28,23,18,62,64,
45574.66894,45574.69515,0,Anonymized,100,2264,1,45574.69516,Anonymized,Anonymized,Anonymized,Anonymized,,Anonymized,Anonymized,anonymous,EN,1.0,Anonymized,1.0,1,1,1,35,4,4,2,2,1,2,4,2,4,2,4,4,4,4,4,3,5,4,2,4,2,2,4,2,2,4,4,4,4,2,2,2,4,2,2,2,3,1,2,2,4,4,4,4,2,2,4,4,2,4,4,2,2,4,2,2,4,2,2,2,4,4,2.0,2.0,2.0,1.0,2.0,1.0,2.0,2.0,3.0,2.0,2.0,1.0,1.0,2.0,2.0,2.0,3.0,3.0,3,2,3,3,2,3.0,3,3,2,2,2,2,3,3,3,3,2,2,4,3,2,2,3,3,3,3,2,2,2,3,3,3,3,3,4,3,3,3,3,2,3,3,4,3,3,3,3,3,3,2,3,3,2,4,3,3,3,3,2,3,2,2,2,3,2,Anonymized,2264,35,1,-0.896065908,65,56,64,19.0,16,33,24,18,61,42,
45574.67955,45574.69557,0,Anonymized,100,1384,1,45574.69558,Anonymized,Anonymized,Anonymized,Anonymized,,Anonymized,Anonymized,anonymous,EN,1.0,Anonymized,1.0,1,1,1,36,2,2,1,2,1,1,2,1,1,2,2,1,1,1,1,5,5,1,2,2,5,3,5,4,5,5,4,2,4,2,5,5,4,3,5,3,5,2,4,5,4,1,1,1,1,1,1,1,1,1,1,2,1,1,1,1,1,1,1,1,1,1,1.0,4.0,4.0,4.0,4.0,5.0,4.0,4.0,3.0,1.0,3.0,1.0,2.0,3.0,2.0,2.0,1.0,1.0,3,1,1,1,2,1.0,1,3,2,1,1,1,1,2,1,4,3,1,2,3,1,1,2,1,1,2,1,1,1,3,2,3,2,1,4,2,2,1,3,1,1,1,3,1,4,1,1,1,1,4,5,5,5,4,5,5,4,5,5,5,4,4,5,4,5,Anonymized,1384,36,1,-0.948598652,36,84,22,34.0,15,19,18,9,38,74,
45574.67024,45574.69571,0,Anonymized,100,2200,1,45574.69572,Anonymized,Anonymized,Anonymized,Anonymized,,Anonymized,Anonymized,anonymous,EN,1.0,Anonymized,1.0,1,1,2,36,2,4,2,4,4,2,2,3,4,2,4,2,4,2,2,2,4,2,2,2,4,2,4,2,4,4,4,4,4,4,4,5,4,4,5,4,5,4,4,2,4,2,4,2,2,2,1,2,2,2,2,2,2,2,2,4,4,5,2,4,2,2,2.0,2.0,3.0,4.0,3.0,5.0,5.0,2.0,4.0,1.0,3.0,2.0,2.0,4.0,2.0,5.0,2.0,2.0,2,1,4,4,3,3.0,2,5,2,3,4,5,2,2,1,3,3,4,3,3,2,2,3,2,2,2,2,3,2,3,2,3,3,2,3,3,1,3,3,3,4,3,4,2,2,3,3,3,2,5,5,5,5,5,5,5,5,5,5,5,5,5,5,5,5,Anonymized,2200,36,2,-0.85927723,55,81,52,31.0,22,40,23,16,55,80,
45574.67065,45574.69635,0,Anonymized,100,2221,1,45574.69637,Anonymized,Anonymized,Anonymized,Anonymized,,Anonymized,Anonymized,anonymous,EN,1.0,Anonymized,1.0,1,1,2,38,2,2,1,2,3,3,2,2,2,2,2,2,1,1,2,2,3,4,3,3,3,4,4,4,5,4,4,5,3,4,4,5,4,4,4,5,5,2,3,3,4,1,2,1,2,1,1,1,1,1,2,1,1,1,1,1,1,1,1,1,1,1,2.0,1.0,2.0,1.0,3.0,2.0,2.0,1.0,2.0,2.0,1.0,1.0,1.0,2.0,2.0,1.0,1.0,1.0,1,1,1,2,2,2.0,2,1,2,1,1,1,1,1,1,2,2,1,1,1,1,1,1,1,1,1,1,1,1,2,2,2,2,1,3,2,2,2,2,1,2,2,3,2,3,3,2,3,2,4,4,3,5,4,4,3,4,4,2,3,3,3,4,3,3,Anonymized,2221,38,2,-0.966456967,44,83,24,18.0,10,18,11,7,43,56,
45574.68712,45574.69764,0,Anonymized,100,908,1,45574.69765,Anonymized,Anonymized,Anonymized,Anonymized,,Anonymized,Anonymized,anonymous,EN,1.0,Anonymized,1.0,1,1,2,23,4,3,4,4,2,4,4,5,4,2,2,2,4,4,4,3,2,1,2,3,4,4,4,4,4,4,4,3,4,4,5,4,5,4,4,5,5,3,4,4,5,4,5,3,4,2,2,4,1,2,2,4,2,4,2,4,4,4,2,2,2,3,2.0,4.0,5.0,4.0,5.0,4.0,4.0,5.0,3.0,2.0,4.0,3.0,3.0,3.0,1.0,3.0,1.0,1.0,2,1,1,2,1,2.0,1,1,1,1,1,1,1,2,2,1,2,2,2,2,1,1,2,1,2,2,1,2,1,3,3,3,2,3,3,3,1,2,2,1,3,3,2,2,2,3,3,2,2,4,4,3,3,4,4,5,4,4,4,3,3,4,4,4,4,Anonymized,908,23,2,-0.979915421,63,87,62,38.0,19,16,15,11,48,61,
45574.67058,45574.70017,0,Anonymized,100,2556,1,45574.70019,Anonymized,Anonymized,Anonymized,Anonymized,,Anonymized,Anonymized,anonymous,EN,1.0,Anonymized,1.0,1,1,1,42,2,3,1,2,2,2,2,4,2,3,2,1,4,2,5,1,2,2,4,2,4,3,4,5,4,4,4,5,4,3,4,4,4,3,3,2,4,3,2,2,3,2,4,2,4,3,2,5,1,2,3,4,3,3,3,2,2,2,2,2,2,1,1.0,5.0,3.0,2.0,1.0,4.0,3.0,5.0,4.0,2.0,1.0,2.0,2.0,2.0,3.0,1.0,1.0,2.0,2,1,1,2,1,3.0,2,3,4,4,3,3,2,2,1,3,3,3,1,1,1,1,2,2,2,2,1,1,2,2,2,3,3,1,3,2,1,2,2,1,3,3,3,2,2,3,2,2,2,5,4,3,3,5,5,4,4,5,5,5,5,5,5,4,4,Anonymized,2556,42,1,-0.857881602,48,74,54,30.0,14,31,16,12,44,71,
45574.67332,45574.70098,0,Anonymized,100,2390,1,45574.701,Anonymized,Anonymized,Anonymized,Anonymized,,Anonymized,Anonymized,anonymous,EN,1.0,Anonymized,1.0,1,1,1,40,1,2,1,3,4,3,1,1,2,1,2,3,2,2,2,1,4,3,3,2,4,5,4,5,5,5,4,4,4,4,4,5,4,4,4,3,4,2,3,3,4,2,2,2,3,2,2,4,1,1,1,1,2,2,1,1,1,1,1,2,1,1,1.0,2.0,3.0,2.0,2.0,4.0,3.0,4.0,2.0,2.0,2.0,1.0,1.0,2.0,2.0,1.0,1.0,4.0,1,1,1,1,1,2.0,1,1,1,2,1,1,2,1,1,2,2,2,2,1,1,1,2,2,2,2,1,2,2,2,2,3,3,1,2,3,2,1,3,1,2,3,3,2,3,1,1,3,1,4,5,4,5,4,5,5,5,5,4,5,5,5,4,4,5,Anonymized,2390,40,1,-0.967051135,43,84,34,25.0,14,16,13,13,42,74,
45574.66991,45574.70205,0,Anonymized,100,2777,1,45574.70206,Anonymized,Anonymized,Anonymized,Anonymized,,Anonymized,Anonymized,anonymous,EN,0.699999988,Anonymized,1.0,1,1,2,29,1,4,1,2,3,1,1,4,2,1,2,1,1,2,4,1,1,1,1,1,2,4,2,5,5,5,4,4,5,4,5,5,4,4,4,1,4,4,5,2,5,2,4,1,5,3,1,5,1,1,1,1,3,1,1,4,4,4,1,3,2,1,1.0,3.0,2.0,1.0,3.0,5.0,5.0,5.0,1.0,3.0,2.0,1.0,1.0,2.0,1.0,1.0,2.0,4.0,1,1,1,2,1,2.0,1,2,1,1,2,1,1,2,2,2,1,2,3,2,1,1,2,2,2,1,1,1,1,2,2,1,2,2,4,2,3,2,2,1,1,1,3,1,1,2,4,1,4,5,3,5,5,5,5,3,5,5,4,5,4,5,5,4,5,Anonymized,2777,29,2,-0.924521865,35,83,49,29.0,14,17,16,10,41,73,
45574.6751,45574.7033,0,Anonymized,100,2435,1,45574.70331,Anonymized,Anonymized,Anonymized,Anonymized,,Anonymized,Anonymized,anonymous,EN,1.0,Anonymized,1.0,1,1,2,41,1,1,1,1,2,1,1,1,1,1,1,1,1,4,4,1,4,1,1,1,2,5,5,5,5,5,5,5,5,5,5,5,1,1,5,2,5,1,5,4,1,1,5,1,5,1,1,2,1,1,1,1,5,1,1,5,5,1,1,5,1,1,1.0,5.0,4.0,5.0,5.0,1.0,5.0,5.0,4.0,2.0,3.0,1.0,2.0,1.0,1.0,5.0,1.0,1.0,4,4,5,4,4,2.0,4,5,5,5,5,2,3,2,1,2,2,1,1,2,1,1,2,2,3,2,2,2,1,2,2,2,4,1,4,2,1,2,2,2,1,1,3,1,1,2,1,2,1,5,5,5,5,5,5,5,5,5,4,5,5,4,5,5,5,Anonymized,2435,41,2,-0.963338986,30,82,46,37.0,15,52,13,14,37,78,
45574.66994,45574.70882,0,Anonymized,100,3358,1,45574.70883,Anonymized,Anonymized,Anonymized,Anonymized,,Anonymized,Anonymized,anonymous,EN,1.0,Anonymized,1.0,1,1,2,23,5,5,4,4,3,3,4,4,4,1,5,4,4,4,4,4,4,2,2,3,4,4,3,3,4,4,5,5,3,4,4,3,4,4,3,1,2,1,4,3,3,2,2,2,2,2,2,4,1,4,4,2,4,2,2,3,2,2,2,4,4,4,3.0,2.0,2.0,3.0,4.0,2.0,5.0,2.0,3.0,4.0,3.0,1.0,4.0,5.0,4.0,2.0,3.0,3.0,3,2,2,2,2,4.0,3,3,3,4,3,4,3,2,2,2,3,3,3,3,2,2,3,3,3,3,3,4,3,3,3,3,4,3,3,3,2,2,3,3,4,3,4,4,3,4,4,3,3,3,2,3,3,3,2,3,3,4,4,3,3,2,2,3,3,Anonymized,3358,23,2,-0.842504002,73,71,56,30.0,25,38,22,22,64,46,
45574.69174,45574.71174,0,Anonymized,100,1728,1,45574.71175,Anonymized,Anonymized,Anonymized,Anonymized,,Anonymized,Anonymized,anonymous,EN,1.0,Anonymized,1.0,1,1,2,37,2,2,1,3,2,2,4,1,3,1,2,1,2,4,3,1,5,2,1,2,4,5,4,5,5,5,5,4,4,4,5,3,4,3,5,3,5,2,4,2,3,1,2,1,2,3,1,5,1,1,1,1,1,1,1,1,1,2,1,4,1,2,1.0,3.0,3.0,4.0,5.0,4.0,5.0,2.0,2.0,1.0,1.0,2.0,1.0,4.0,3.0,1.0,2.0,3.0,4,3,4,4,3,5.0,2,5,5,5,4,3,5,1,2,2,3,1,2,1,1,1,3,3,2,3,1,1,2,3,3,3,3,2,4,3,2,4,2,2,3,2,4,2,3,4,4,4,3,5,4,4,5,4,4,5,3,3,2,3,4,4,3,3,2,Anonymized,1728,37,2,-0.877244808,44,84,34,30.0,17,52,14,15,60,58,
45574.70082,45574.71284,0,Anonymized,100,1037,1,45574.71285,Anonymized,Anonymized,Anonymized,Anonymized,,Anonymized,Anonymized,anonymous,EN,1.0,Anonymized,1.0,1,1,1,33,1,1,1,2,1,1,1,1,1,2,1,4,1,1,3,2,3,2,2,2,4,4,3,4,5,4,5,3,2,3,4,4,3,4,5,2,1,3,4,3,4,1,3,1,4,4,2,5,1,3,3,5,3,4,2,4,1,2,3,2,3,4,3.0,4.0,3.0,1.0,2.0,3.0,3.0,4.0,2.0,1.0,2.0,1.0,1.0,4.0,3.0,1.0,2.0,2.0,1,1,1,1,1,1.0,1,1,1,1,1,1,1,1,1,2,2,1,1,2,1,1,1,1,1,2,2,1,1,1,2,1,1,1,2,1,1,1,1,1,1,1,1,1,1,2,1,1,1,4,4,3,4,3,2,2,3,4,3,4,3,3,2,2,3,Anonymized,1037,33,1,-0.968773849,33,74,60,26.0,16,13,12,9,23,49,
45574.669,45574.71306,0,Anonymized,100,3805,1,45574.71306,Anonymized,Anonymized,Anonymized,Anonymized,,Anonymized,Anonymized,anonymous,EN,1.0,Anonymized,1.0,1,1,2,22,1,5,4,1,1,4,1,3,1,1,3,4,5,4,2,5,4,1,1,5,4,5,5,4,5,5,4,2,5,4,5,5,5,3,4,4,5,5,4,5,5,5,4,5,5,5,5,4,5,5,1,3,4,4,4,5,4,4,2,4,4,4,1.0,5.0,5.0,5.0,5.0,5.0,5.0,5.0,5.0,5.0,5.0,1.0,1.0,5.0,5.0,5.0,3.0,3.0,5,5,5,5,5,5.0,4,4,4,5,4,5,5,4,3,3,2,3,3,3,2,1,3,3,4,4,1,2,3,2,4,2,4,4,2,1,4,3,2,4,2,1,2,4,2,3,4,2,4,2,1,1,2,2,1,1,2,1,2,1,1,4,4,4,5,Anonymized,3805,22,2,-0.754056318,56,93,86,46.0,28,61,24,20,56,34,
45574.72934,45574.73632,0,Anonymized,100,602,1,45574.73633,Anonymized,Anonymized,Anonymized,Anonymized,,Anonymized,Anonymized,anonymous,EN,1.0,Anonymized,1.0,1,1,2,32,2,2,1,2,2,3,3,4,3,4,3,3,2,2,3,2,2,4,3,4,3,2,3,2,2,3,2,3,3,2,4,3,3,3,2,3,3,3,4,3,3,2,2,1,2,3,2,2,2,3,2,3,3,3,4,3,3,2,3,3,2,3,2.0,2.0,4.0,2.0,3.0,4.0,4.0,2.0,2.0,2.0,2.0,1.0,1.0,2.0,2.0,2.0,1.0,2.0,2,1,1,1,1,2.0,1,1,2,2,2,2,2,1,1,1,2,2,1,2,1,1,1,1,1,2,1,1,1,2,1,2,1,1,3,2,2,1,2,1,2,2,2,1,2,1,1,2,1,3,4,4,3,3,4,4,3,3,3,4,3,3,4,3,3,Anonymized,602,32,2,-0.94190584,54,59,53,27.0,13,20,12,8,32,54,
45574.72931,45574.74006,0,Anonymized,100,929,1,45574.74007,Anonymized,Anonymized,Anonymized,Anonymized,,Anonymized,Anonymized,anonymous,EN,1.0,Anonymized,1.0,1,1,2,28,2,1,1,1,2,2,2,3,2,2,1,1,1,2,3,2,3,2,2,1,4,3,4,4,4,5,4,3,4,4,5,5,4,4,5,2,5,3,4,4,4,2,3,1,2,2,2,4,2,1,1,2,1,1,1,1,3,2,1,2,2,1,2.0,3.0,4.0,3.0,3.0,2.0,4.0,4.0,3.0,3.0,1.0,1.0,1.0,3.0,2.0,1.0,2.0,3.0,4,2,3,4,3,4.0,2,4,3,4,4,2,3,2,2,2,3,1,2,1,1,1,3,3,4,2,1,1,2,3,3,3,4,2,2,3,2,3,3,2,3,3,2,1,2,3,3,3,3,4,5,3,4,5,5,5,4,4,3,4,4,3,3,4,4,Anonymized,929,28,2,-0.942568309,36,84,37,31.0,14,42,15,16,53,64,
45574.74071,45574.74603,0,Anonymized,100,459,1,45574.74604,Anonymized,Anonymized,Anonymized,Anonymized,,Anonymized,Anonymized,anonymous,EN,1.0,Anonymized,1.0,1,1,1,55,4,4,3,4,4,4,3,4,4,3,4,4,4,4,3,5,4,4,4,4,4,3,3,4,4,4,4,4,4,4,4,3,3,3,4,4,4,2,2,4,4,3,3,2,3,2,2,2,2,2,3,3,2,2,2,3,3,3,2,3,2,3,1.0,4.0,4.0,4.0,5.0,5.0,5.0,3.0,4.0,5.0,1.0,2.0,2.0,4.0,2.0,3.0,4.0,4.0,2,2,3,3,2,2.0,2,2,2,2,2,2,3,4,4,4,4,4,4,4,2,3,3,4,4,4,2,3,4,4,3,4,3,3,4,4,3,3,4,2,3,4,4,3,4,3,3,4,3,2,2,2,2,3,3,2,3,2,2,3,3,2,2,2,3,Anonymized,459,55,1,-0.935129796,77,75,52,40.0,22,29,33,24,68,38,
45574.74095,45574.74638,0,Anonymized,100,469,1,45574.74639,Anonymized,Anonymized,Anonymized,Anonymized,,Anonymized,Anonymized,anonymous,EN,1.0,Anonymized,1.0,1,1,1,38,2,3,2,4,3,4,3,2,2,2,4,5,2,3,2,1,4,3,4,4,2,1,3,3,3,3,2,3,2,3,4,5,5,4,4,3,3,2,2,3,4,2,3,4,3,2,1,3,4,3,2,3,5,4,3,2,4,3,2,3,2,1,3.0,2.0,3.0,4.0,3.0,2.0,1.0,4.0,3.0,2.0,2.0,2.0,3.0,3.0,2.0,3.0,4.0,5.0,2,1,3,3,2,3.0,4,4,3,2,4,3,5,2,3,2,2,3,2,1,1,1,3,3,2,2,2,3,1,3,1,3,3,2,3,4,2,3,1,2,1,4,3,4,2,3,2,4,2,4,3,4,2,4,3,2,3,4,4,3,1,5,5,3,1,Anonymized,469,38,1,-0.697203926,59,64,59,27.0,24,39,17,16,52,51,
45574.74093,45574.74639,0,Anonymized,100,471,1,45574.7464,Anonymized,Anonymized,Anonymized,Anonymized,,Anonymized,Anonymized,anonymous,EN,1.0,Anonymized,1.0,1,1,1,47,3,4,4,4,2,3,3,4,3,2,4,5,3,2,4,1,4,1,3,2,2,5,3,2,2,4,3,4,4,2,4,4,3,2,3,2,2,1,4,2,2,2,5,2,3,4,2,3,1,2,2,4,2,2,1,2,2,1,1,5,3,2,2.0,4.0,3.0,2.0,2.0,3.0,4.0,5.0,2.0,2.0,3.0,2.0,2.0,2.0,2.0,2.0,1.0,3.0,2,1,1,1,1,3.0,2,1,2,1,1,1,1,1,1,2,2,2,1,1,1,1,2,1,1,1,1,1,1,3,2,4,2,2,2,3,2,2,3,1,2,3,3,3,3,2,2,2,1,3,3,2,4,3,4,3,3,4,4,3,4,4,4,3,4,Anonymized,471,47,1,-0.938810557,61,60,51,29.0,17,18,12,8,47,55,
45574.74108,45574.74644,0,Anonymized,100,462,1,45574.74645,Anonymized,Anonymized,Anonymized,Anonymized,,Anonymized,Anonymized,anonymous,EN,1.0,Anonymized,1.0,1,1,2,36,1,1,4,2,5,1,1,1,1,1,1,1,1,1,1,1,5,1,5,1,5,5,5,5,5,5,5,5,5,5,5,5,5,5,5,1,5,1,5,5,5,1,2,1,1,1,5,1,5,1,1,1,1,5,1,5,1,5,1,3,1,1,1.0,4.0,4.0,3.0,5.0,1.0,5.0,5.0,3.0,5.0,5.0,1.0,1.0,5.0,3.0,5.0,5.0,3.0,3,1,2,4,2,1.0,3,1,1,5,5,3,2,2,2,1,4,1,2,2,1,1,2,2,2,2,1,3,2,3,2,4,3,2,4,3,4,4,3,2,2,3,3,2,3,3,2,2,4,4,3,2,4,3,3,3,4,4,4,2,4,4,4,4,3,Anonymized,462,36,2,-0.932842792,36,97,44,36.0,28,33,16,14,58,55,
45574.74103,45574.74681,0,Anonymized,100,499,1,45574.74682,Anonymized,Anonymized,Anonymized,Anonymized,,Anonymized,Anonymized,anonymous,EN,1.0,Anonymized,1.0,1,1,1,35,2,2,1,2,2,2,2,2,2,2,2,2,2,2,4,2,2,3,2,2,4,5,4,5,5,5,4,4,5,4,5,4,4,2,4,2,4,2,4,2,2,2,4,2,4,4,2,4,2,2,2,2,2,2,2,2,2,2,1,2,2,2,2.0,5.0,1.0,1.0,1.0,2.0,5.0,4.0,1.0,1.0,1.0,1.0,2.0,3.0,1.0,1.0,1.0,4.0,1,1,1,1,1,2.0,1,2,1,1,1,1,1,1,1,2,2,1,1,1,1,1,1,1,1,1,1,1,1,3,1,2,1,1,3,2,1,1,2,1,1,2,2,1,2,1,1,2,1,5,4,2,3,3,3,4,4,4,2,3,5,4,2,3,2,Anonymized,499,35,1,-0.939850747,42,80,49,23.0,14,15,11,7,31,53,
45574.74142,45574.74681,0,Anonymized,100,465,1,45574.74682,Anonymized,Anonymized,Anonymized,Anonymized,,Anonymized,Anonymized,anonymous,EN,1.0,Anonymized,1.0,1,1,2,29,2,3,2,2,2,1,2,4,3,2,1,4,4,2,1,2,5,2,2,5,4,2,4,4,5,2,4,4,5,2,4,5,2,2,4,1,4,5,4,5,2,2,4,1,4,3,1,4,1,2,3,4,4,2,2,4,4,2,4,2,1,2,1.0,4.0,3.0,4.0,5.0,1.0,4.0,3.0,5.0,3.0,2.0,1.0,1.0,2.0,1.0,1.0,1.0,2.0,4,3,4,5,4,5.0,3,5,4,5,4,2,3,1,1,2,2,3,2,1,1,2,1,2,2,1,1,2,2,3,2,2,4,2,3,3,1,3,2,2,3,3,4,2,2,2,3,2,2,3,4,2,5,4,3,5,5,3,3,4,5,4,5,5,4,Anonymized,465,29,2,-0.929611776,51,74,56,33.0,11,51,15,11,50,64,
45574.74087,45574.74712,0,Anonymized,100,540,1,45574.74713,Anonymized,Anonymized,Anonymized,Anonymized,,Anonymized,Anonymized,anonymous,EN,1.0,Anonymized,1.0,1,1,1,41,3,2,3,3,2,2,2,2,2,2,3,2,2,2,2,4,3,2,2,3,3,3,4,3,3,3,3,4,4,3,4,4,4,4,4,3,5,2,2,3,3,2,2,2,3,2,2,2,2,2,3,3,3,2,2,2,2,2,1,2,2,2,1.0,3.0,3.0,2.0,4.0,3.0,3.0,2.0,2.0,3.0,2.0,2.0,1.0,3.0,2.0,2.0,1.0,2.0,2,2,2,2,2,3.0,3,3,3,2,2,2,2,2,2,2,3,1,2,3,1,1,3,3,3,3,2,2,2,3,3,3,3,2,3,3,2,2,3,1,3,3,4,2,3,2,3,3,2,4,4,4,4,4,4,4,4,3,4,4,4,4,3,3,4,Anonymized,540,41,1,-0.954569905,48,71,45,26.0,15,30,17,18,53,61,
45574.74097,45574.7474,0,Anonymized,100,554,1,45574.7474,Anonymized,Anonymized,Anonymized,Anonymized,,Anonymized,Anonymized,anonymous,EN,1.0,Anonymized,1.0,1,1,1,30,2,2,2,4,4,2,1,1,1,3,1,1,1,1,1,1,1,5,5,1,4,2,3,4,3,4,3,4,3,4,3,3,4,3,1,1,4,1,5,1,1,4,3,4,4,1,2,3,4,2,2,4,2,2,2,3,4,2,2,3,2,2,1.0,1.0,3.0,1.0,4.0,3.0,5.0,2.0,2.0,1.0,3.0,3.0,4.0,3.0,1.0,3.0,3.0,1.0,2,3,2,2,3,2.0,2,3,2,3,3,2,3,3,2,2,3,3,2,1,2,2,3,1,1,1,1,1,1,1,2,1,1,1,2,2,1,3,2,1,1,2,2,1,4,2,2,4,2,2,3,2,4,2,3,3,2,4,4,5,2,4,2,5,4,Anonymized,554,30,1,-0.771671496,40,61,57,23.0,21,32,20,9,37,51,
45574.74051,45574.74763,0,Anonymized,100,615,1,45574.74764,Anonymized,Anonymized,Anonymized,Anonymized,,Anonymized,Anonymized,anonymous,EN,1.0,Anonymized,1.0,1,1,1,42,1,2,1,4,2,3,1,2,2,3,3,2,3,1,4,4,4,2,3,5,4,4,4,4,4,4,4,5,4,4,5,4,4,4,4,4,4,4,4,4,4,1,2,1,1,1,1,3,1,1,1,2,1,1,1,1,1,1,1,2,1,1,1.0,1.0,1.0,2.0,1.0,2.0,1.0,1.0,1.0,1.0,1.0,1.0,1.0,2.0,1.0,1.0,1.0,2.0,1,1,1,1,1,1.0,1,1,1,1,1,1,1,1,2,2,2,1,1,1,1,1,2,2,2,2,1,1,1,2,2,1,1,1,2,2,1,2,2,1,2,2,2,1,2,2,3,2,1,4,4,4,4,5,5,5,5,5,4,4,4,5,4,4,4,Anonymized,615,42,1,-0.984501857,52,86,26,12.0,10,13,12,11,34,70,
45574.74104,45574.74791,0,Anonymized,100,593,1,45574.74792,Anonymized,Anonymized,Anonymized,Anonymized,,Anonymized,Anonymized,anonymous,EN,1.0,Anonymized,1.0,1,1,2,35,1,1,1,3,3,1,1,2,2,2,3,2,1,1,3,5,1,1,3,1,1,4,1,4,4,5,4,3,4,3,4,5,3,3,4,2,4,3,5,5,4,1,1,1,1,1,1,3,1,1,1,1,1,1,1,1,1,1,1,1,1,1,1.0,3.0,4.0,4.0,1.0,1.0,3.0,3.0,1.0,3.0,1.0,1.0,1.0,4.0,5.0,1.0,1.0,1.0,1,1,1,1,1,1.0,1,1,1,1,1,1,1,1,1,1,3,1,1,1,1,1,1,1,1,1,1,2,1,1,1,1,1,1,3,1,1,1,1,1,2,2,2,1,1,1,1,1,1,5,5,4,5,5,4,2,5,5,5,4,4,3,3,3,3,Anonymized,593,35,2,-0.913954736,38,75,23,24.0,15,13,11,8,25,65,
45574.7412,45574.748,0,Anonymized,100,586,1,45574.74801,Anonymized,Anonymized,Anonymized,Anonymized,,Anonymized,Anonymized,anonymous,EN,0.899999976,Anonymized,1.0,1,1,2,38,3,2,1,2,2,3,2,1,1,1,2,1,1,1,2,2,2,2,1,4,3,5,4,5,4,5,4,4,3,4,4,4,4,2,5,2,5,1,4,3,4,1,1,1,1,2,1,1,1,1,1,1,1,1,2,1,1,1,1,1,1,2,3.0,5.0,5.0,3.0,1.0,1.0,2.0,5.0,3.0,3.0,2.0,1.0,2.0,3.0,1.0,1.0,1.0,1.0,1,2,1,1,1,1.0,1,2,1,1,1,1,1,2,2,1,2,1,1,1,2,1,1,2,1,1,1,1,1,1,1,1,2,1,2,2,1,1,1,1,1,2,2,1,2,2,1,2,1,4,4,4,4,3,5,5,5,3,2,3,4,3,4,4,4,Anonymized,586,38,2,-0.944797093,36,79,24,31.0,12,15,13,8,28,61,
45574.74265,45574.74802,0,Anonymized,100,464,1,45574.74804,Anonymized,Anonymized,Anonymized,Anonymized,,Anonymized,Anonymized,anonymous,EN,0.899999976,Anonymized,1.0,1,1,2,36,1,1,1,1,3,1,1,1,1,1,1,1,1,2,2,2,3,3,1,3,4,2,4,1,3,5,4,4,3,5,5,2,3,3,2,2,3,4,4,4,4,2,4,2,2,4,4,4,2,4,4,4,2,2,2,2,2,2,4,3,3,4,3.0,5.0,2.0,5.0,5.0,3.0,5.0,3.0,4.0,1.0,4.0,1.0,1.0,5.0,3.0,2.0,2.0,5.0,4,3,5,3,3,4.0,4,4,4,4,4,3,3,4,4,4,4,4,4,4,1,2,4,3,3,4,4,4,2,4,4,4,4,4,4,3,2,3,4,2,4,3,4,4,4,2,3,2,3,5,3,3,3,4,3,3,3,3,3,3,2,3,4,4,2,Anonymized,464,36,2,-0.896657764,31,71,62,36.0,23,48,31,24,67,51,
45574.74087,45574.74821,0,Anonymized,100,634,1,45574.74822,Anonymized,Anonymized,Anonymized,Anonymized,,Anonymized,Anonymized,anonymous,EN,1.0,Anonymized,1.0,1,1,1,32,2,2,2,2,2,2,2,2,2,2,2,2,2,2,3,2,2,2,2,2,5,5,5,5,5,5,4,4,5,5,5,5,4,4,5,3,5,2,4,4,4,1,2,1,2,1,1,4,1,1,1,1,1,1,1,1,2,1,1,3,1,1,1.0,3.0,3.0,2.0,2.0,1.0,2.0,2.0,1.0,2.0,1.0,1.0,1.0,1.0,2.0,2.0,1.0,1.0,1,1,1,1,1,1.0,1,1,1,1,1,1,1,1,1,1,1,1,1,1,1,1,1,1,1,1,1,1,1,2,1,2,1,1,3,2,1,1,2,1,1,2,2,1,2,1,1,2,1,4,4,4,4,3,2,3,4,4,4,4,4,3,3,3,3,Anonymized,634,32,1,-0.994320859,41,93,29,19.0,10,13,9,7,30,56,
45574.74258,45574.74822,0,Anonymized,100,486,1,45574.74823,Anonymized,Anonymized,Anonymized,Anonymized,,Anonymized,Anonymized,anonymous,EN,1.0,Anonymized,1.0,1,1,1,47,2,3,2,3,2,2,2,3,2,2,3,2,2,3,3,4,2,2,4,2,4,5,4,5,5,5,5,4,5,5,5,5,5,5,5,4,5,4,5,5,5,2,3,2,4,3,1,5,1,1,1,3,2,2,2,2,1,2,2,4,2,2,1.0,3.0,4.0,2.0,2.0,4.0,3.0,3.0,2.0,2.0,1.0,1.0,2.0,2.0,2.0,2.0,1.0,2.0,3,2,2,2,1,3.0,3,2,2,2,2,3,3,1,1,2,2,1,1,1,1,1,1,1,1,1,1,1,1,2,1,2,3,1,2,1,2,1,2,1,2,2,2,1,2,1,1,1,1,4,4,5,4,5,5,5,5,5,5,5,5,5,5,5,5,Anonymized,486,47,1,-0.977112397,50,100,47,26.0,13,30,11,7,31,77,
45574.74256,45574.74848,0,Anonymized,100,512,1,45574.7485,Anonymized,Anonymized,Anonymized,Anonymized,,Anonymized,Anonymized,anonymous,EN,1.0,Anonymized,1.0,1,1,1,24,1,1,3,1,1,3,1,2,1,4,3,1,1,1,1,1,1,2,1,5,1,1,2,2,1,1,1,1,1,1,1,1,1,1,2,3,3,3,3,3,3,1,1,1,1,1,1,1,1,1,1,1,1,2,2,1,2,1,2,2,1,1,1.0,1.0,2.0,3.0,1.0,1.0,1.0,1.0,2.0,1.0,1.0,1.0,2.0,1.0,2.0,2.0,1.0,1.0,1,1,1,1,3,1.0,2,2,2,2,3,3,3,1,1,1,1,1,1,1,1,1,1,1,1,1,1,1,1,1,1,1,1,1,2,1,2,2,1,1,1,1,1,4,1,1,4,1,3,3,3,3,3,2,2,3,3,2,2,3,2,2,3,2,1,Anonymized,512,24,1,-0.983179759,35,36,26,14.0,11,25,9,7,31,39,
45574.74075,45574.74855,0,Anonymized,100,674,1,45574.74857,Anonymized,Anonymized,Anonymized,Anonymized,,Anonymized,Anonymized,anonymous,EN,1.0,Anonymized,1.0,1,1,1,43,1,1,2,1,4,1,1,4,1,1,1,1,2,1,4,2,1,1,5,1,4,2,5,4,5,5,5,4,4,2,5,5,4,4,5,2,5,1,5,5,4,1,4,1,3,1,1,4,1,1,1,1,2,1,1,2,1,1,1,4,1,2,2.0,5.0,3.0,1.0,2.0,2.0,5.0,4.0,1.0,1.0,1.0,1.0,3.0,2.0,1.0,1.0,1.0,1.0,2,1,1,1,1,2.0,1,2,1,1,1,2,2,2,1,1,2,2,1,1,1,1,1,1,1,1,1,1,1,1,1,1,4,1,1,1,1,1,1,1,1,1,1,1,2,2,1,1,1,5,5,4,5,3,2,4,3,4,3,4,2,3,3,3,3,Anonymized,674,43,1,-0.915034514,36,85,35,26.0,11,18,12,7,25,56,
45574.74091,45574.74858,0,Anonymized,100,662,1,45574.74859,Anonymized,Anonymized,Anonymized,Anonymized,,Anonymized,Anonymized,anonymous,EN,0.300000012,Anonymized,1.0,1,1,1,37,1,1,1,1,2,1,1,1,1,5,1,1,1,1,2,2,1,2,2,2,4,4,4,4,4,4,4,4,4,3,4,5,3,3,5,1,4,2,5,4,3,1,1,1,1,1,1,1,1,1,1,1,1,1,1,1,1,1,1,1,1,1,1.0,1.0,2.0,1.0,2.0,1.0,4.0,4.0,2.0,1.0,1.0,1.0,1.0,1.0,1.0,1.0,1.0,1.0,1,1,1,1,1,1.0,1,3,2,2,2,2,2,1,1,1,1,1,1,1,1,1,1,1,1,1,1,1,1,1,4,1,1,1,1,1,1,1,1,1,1,1,1,1,1,1,1,1,1,5,5,5,5,4,3,3,4,4,3,4,3,3,4,4,4,Anonymized,662,37,1,-0.979064622,30,78,21,19.0,8,20,9,7,23,63,
45574.74078,45574.74861,0,Anonymized,100,676,1,45574.74862,Anonymized,Anonymized,Anonymized,Anonymized,,Anonymized,Anonymized,anonymous,EN,1.0,Anonymized,1.0,1,1,2,26,4,4,1,4,5,4,1,3,3,2,4,2,3,1,3,5,5,1,1,2,5,5,2,2,5,1,1,1,1,1,5,1,2,1,2,2,2,1,1,2,4,4,5,1,2,4,1,1,1,2,1,5,1,2,1,1,2,2,3,4,2,4,1.0,2.0,4.0,3.0,5.0,3.0,5.0,4.0,4.0,2.0,3.0,2.0,1.0,5.0,1.0,1.0,2.0,5.0,4,3,4,3,4,3.0,4,2,3,2,3,2,2,3,4,4,4,3,3,4,4,2,4,4,4,4,4,4,4,3,3,3,4,2,3,2,3,3,3,3,3,3,1,2,3,3,4,3,3,5,5,3,5,3,5,5,3,3,3,4,2,3,3,5,1,Anonymized,676,26,2,-0.724088831,58,47,49,33.0,20,39,31,28,57,58,
45574.74105,45574.74862,0,Anonymized,100,653,1,45574.74864,Anonymized,Anonymized,Anonymized,Anonymized,,Anonymized,Anonymized,anonymous,EN,1.0,Anonymized,1.0,1,1,1,20,5,1,1,1,1,3,1,5,1,1,1,1,1,2,1,3,1,1,1,1,3,4,4,4,4,4,4,4,4,4,4,3,3,3,4,1,1,1,1,1,1,1,1,1,3,2,1,1,1,1,1,1,2,1,1,2,1,1,1,1,1,1,1.0,3.0,2.0,1.0,2.0,3.0,5.0,5.0,5.0,5.0,1.0,1.0,1.0,3.0,3.0,1.0,1.0,3.0,3,2,1,1,2,2.0,2,5,4,4,3,2,1,2,2,2,2,1,1,2,1,1,2,2,1,2,2,1,2,3,2,3,2,2,3,3,2,2,2,1,1,1,1,2,3,1,1,2,1,3,3,3,2,3,3,2,2,1,2,2,1,4,4,4,3,Anonymized,653,20,1,-0.944157652,33,62,26,32.0,14,32,14,12,38,42,
45574.7406,45574.74866,0,Anonymized,100,696,1,45574.74867,Anonymized,Anonymized,Anonymized,Anonymized,,Anonymized,Anonymized,anonymous,EN,0.899999976,Anonymized,1.0,1,1,1,58,2,3,2,4,3,2,3,2,2,5,3,2,2,3,2,1,5,1,5,2,4,4,5,5,3,4,3,3,4,3,4,5,3,2,5,3,4,2,3,4,3,4,3,4,3,2,2,1,1,2,1,1,3,2,2,2,2,3,1,2,2,2,2.0,4.0,5.0,4.0,3.0,5.0,4.0,3.0,2.0,2.0,2.0,1.0,1.0,2.0,2.0,3.0,1.0,5.0,2,1,1,1,1,1.0,1,2,1,2,1,2,1,3,3,4,2,2,1,1,1,2,1,1,1,2,1,2,1,4,2,3,2,1,3,2,2,2,3,1,2,3,2,1,3,3,1,2,1,3,2,1,2,4,4,5,4,3,4,2,5,4,3,4,5,Anonymized,696,58,1,-0.790732186,54,76,45,34.0,17,17,19,9,43,55,
45574.74255,45574.7488,0,Anonymized,100,539,1,45574.74881,Anonymized,Anonymized,Anonymized,Anonymized,,Anonymized,Anonymized,anonymous,EN,1.0,Anonymized,1.0,1,1,2,19,4,3,2,2,2,2,2,2,2,2,1,1,1,1,3,5,4,2,3,3,4,4,4,4,4,4,4,4,4,4,4,3,4,4,5,4,4,4,4,4,4,2,2,2,3,3,2,4,2,2,2,3,2,2,2,4,2,2,2,4,2,2,2.0,5.0,4.0,5.0,5.0,4.0,5.0,5.0,4.0,3.0,5.0,3.0,4.0,5.0,5.0,5.0,4.0,5.0,4,3,4,4,3,3.0,3,3,3,2,2,2,2,4,4,4,4,4,3,4,3,3,4,4,4,4,3,3,3,3,3,3,3,3,3,3,3,4,3,2,2,3,4,2,3,3,4,3,4,5,4,5,5,4,3,3,3,4,3,3,2,2,3,2,2,Anonymized,539,19,2,-0.962819119,47,84,51,42.0,36,38,33,25,61,53,
45574.74128,45574.74895,0,Anonymized,100,661,1,45574.74896,Anonymized,Anonymized,Anonymized,Anonymized,,Anonymized,Anonymized,anonymous,EN,1.0,Anonymized,1.0,1,1,2,20,5,3,4,1,2,4,2,4,4,3,2,5,4,2,5,2,5,2,4,4,4,3,5,2,5,2,4,4,4,5,2,4,5,2,4,5,4,2,4,4,5,4,2,5,2,4,4,4,2,2,5,4,4,5,2,1,4,4,2,5,4,4,3.0,1.0,4.0,5.0,5.0,4.0,5.0,2.0,4.0,5.0,5.0,4.0,3.0,4.0,5.0,5.0,3.0,5.0,1,3,4,4,5,5.0,3,3,5,3,3,4,4,2,3,4,2,4,3,1,2,3,3,2,2,4,4,2,3,2,4,1,3,4,3,1,3,4,3,4,4,3,1,2,2,4,2,1,4,3,2,3,1,1,3,3,1,1,3,2,1,2,2,1,3,Anonymized,661,20,2,-0.766948226,67,79,73,38.0,34,47,24,20,55,32,
45574.74139,45574.74897,0,Anonymized,100,654,1,45574.74899,Anonymized,Anonymized,Anonymized,Anonymized,,Anonymized,Anonymized,anonymous,EN,1.0,Anonymized,1.0,1,1,1,36,2,4,2,3,2,4,4,2,3,3,3,2,3,3,4,1,5,3,4,2,4,5,4,3,5,4,4,3,4,4,5,5,4,4,4,3,5,2,5,5,3,2,4,1,1,4,3,2,1,2,2,3,4,4,2,3,3,1,1,3,2,2,2.0,4.0,3.0,4.0,4.0,4.0,5.0,4.0,4.0,4.0,2.0,1.0,1.0,3.0,3.0,2.0,3.0,2.0,3,1,2,1,2,1.0,3,4,3,3,3,2,3,2,1,2,3,2,2,2,1,1,1,2,2,3,3,2,1,2,2,3,2,2,3,2,2,3,2,1,3,2,2,2,1,2,3,2,2,4,4,2,3,4,3,2,3,3,2,2,2,3,2,2,2,Anonymized,654,36,1,-0.872921769,59,85,50,38.0,17,31,16,14,43,43,
45574.74073,45574.74905,0,Anonymized,100,719,1,45574.74907,Anonymized,Anonymized,Anonymized,Anonymized,,Anonymized,Anonymized,anonymous,EN,1.0,Anonymized,1.0,1,1,2,26,4,5,1,5,3,4,4,2,5,3,2,2,4,2,3,5,4,2,3,2,2,3,2,1,4,4,5,5,4,5,5,1,3,2,4,2,3,1,2,2,2,1,3,2,1,4,3,2,4,3,3,4,1,2,2,4,5,5,1,1,4,4,1.0,3.0,2.0,3.0,3.0,4.0,4.0,3.0,2.0,5.0,2.0,1.0,1.0,3.0,3.0,2.0,1.0,3.0,3,2,4,4,4,5.0,2,2,5,5,4,4,4,1,2,2,3,1,2,2,1,1,1,1,1,3,2,1,1,2,2,2,2,2,2,2,2,2,2,2,3,2,3,2,2,3,2,2,1,2,2,1,2,2,1,1,1,2,1,1,2,1,2,2,1,Anonymized,719,26,2,-0.907939215,65,62,59,30.0,16,48,15,10,42,24,
45574.74098,45574.74928,0,Anonymized,100,716,1,45574.74929,Anonymized,Anonymized,Anonymized,Anonymized,,Anonymized,Anonymized,anonymous,EN,1.0,Anonymized,1.0,1,1,1,30,2,2,2,4,2,2,2,2,3,2,3,2,2,2,4,3,4,3,3,3,4,4,4,4,4,4,4,4,4,4,4,4,4,4,4,4,4,4,4,4,4,1,1,1,1,1,1,1,1,1,1,1,1,1,1,1,1,1,1,1,1,1,2.0,4.0,2.0,2.0,2.0,2.0,2.0,2.0,4.0,3.0,1.0,1.0,1.0,3.0,3.0,1.0,1.0,1.0,3,2,2,1,2,2.0,3,2,2,2,2,3,2,2,2,2,2,2,1,2,1,2,2,2,2,2,2,2,2,3,2,3,2,2,3,3,2,2,3,2,2,3,3,2,3,2,2,3,2,3,3,2,3,3,2,3,3,2,2,3,2,2,2,2,3,Anonymized,716,30,1,-0.986190969,52,84,21,25.0,12,28,16,14,49,40,
45574.7411,45574.74928,0,Anonymized,100,707,1,45574.74929,Anonymized,Anonymized,Anonymized,Anonymized,,Anonymized,Anonymized,anonymous,EN,1.0,Anonymized,1.0,1,1,2,28,2,3,2,3,2,2,2,3,2,2,3,2,2,2,4,2,4,2,2,2,3,4,3,4,4,4,3,4,4,4,4,3,4,4,3,2,4,2,3,3,3,2,4,2,2,2,2,2,2,2,2,3,2,2,2,2,2,2,2,2,2,2,2.0,3.0,2.0,2.0,3.0,3.0,4.0,4.0,3.0,2.0,1.0,2.0,2.0,4.0,1.0,1.0,1.0,4.0,1,1,1,2,2,1.0,1,2,2,1,2,1,1,3,3,3,4,3,2,3,2,1,4,3,3,3,2,3,2,3,3,4,3,3,4,3,3,3,3,3,3,3,3,3,3,3,3,3,3,4,4,2,4,2,2,2,2,3,2,3,3,2,2,2,2,Anonymized,707,28,2,-0.899716844,48,72,45,28.0,16,18,24,20,62,41,
45574.74273,45574.74928,0,Anonymized,100,566,1,45574.7493,Anonymized,Anonymized,Anonymized,Anonymized,,Anonymized,Anonymized,anonymous,EN,1.0,Anonymized,1.0,1,1,2,22,2,4,4,3,4,2,4,3,4,3,2,2,2,1,1,3,4,2,3,2,4,5,5,2,2,5,3,4,2,4,4,4,2,2,4,4,4,4,3,4,2,2,4,4,2,3,1,1,1,1,2,2,1,2,1,1,1,1,2,1,1,4,4.0,4.0,5.0,4.0,2.0,2.0,2.0,5.0,2.0,1.0,4.0,1.0,1.0,4.0,4.0,1.0,2.0,2.0,2,1,1,1,2,3.0,1,3,1,1,1,3,1,1,1,1,2,1,1,3,1,1,3,2,2,2,1,1,1,3,3,3,3,2,4,2,2,3,3,1,2,3,3,1,3,1,3,2,2,4,4,3,3,4,4,3,3,4,2,2,1,2,3,3,2,Anonymized,566,22,2,-0.905256495,55,73,38,31.0,19,21,12,12,49,47,
45574.74257,45574.74931,0,Anonymized,100,581,1,45574.74932,Anonymized,Anonymized,Anonymized,Anonymized,,Anonymized,Anonymized,anonymous,EN,1.0,Anonymized,1.0,1,1,1,37,3,4,3,3,3,3,2,4,2,3,4,2,3,2,3,2,4,2,2,2,4,4,4,5,5,5,4,4,4,4,4,3,3,3,4,3,4,3,3,2,2,1,2,2,3,2,2,3,1,1,1,4,1,1,1,1,1,1,2,3,2,2,2.0,3.0,2.0,2.0,4.0,2.0,4.0,3.0,2.0,2.0,2.0,1.0,1.0,2.0,1.0,1.0,1.0,2.0,1,1,2,2,2,1.0,2,2,2,2,2,2,2,2,2,2,2,2,1,1,1,1,1,1,1,3,2,2,1,2,2,2,3,1,2,1,2,2,3,1,1,2,3,1,1,2,3,2,2,4,3,3,4,3,3,3,3,3,3,3,4,3,3,4,4,Anonymized,581,37,1,-0.906300148,56,77,37,26.0,11,23,14,11,38,53,
45574.74203,45574.74932,0,Anonymized,100,630,1,45574.74933,Anonymized,Anonymized,Anonymized,Anonymized,,Anonymized,Anonymized,anonymous,EN,1.0,Anonymized,1.0,1,1,1,39,2,1,2,2,2,2,2,2,2,1,2,2,1,1,2,1,2,3,2,1,4,4,2,2,4,4,4,4,2,2,2,3,4,4,2,2,2,1,2,4,4,1,2,1,2,2,2,2,1,1,2,2,2,1,1,3,1,2,1,4,2,2,4.0,5.0,4.0,3.0,5.0,4.0,2.0,2.0,3.0,4.0,2.0,1.0,1.0,3.0,1.0,3.0,1.0,2.0,2,2,2,2,2,3.0,2,4,2,4,4,2,4,1,1,2,2,1,1,1,1,1,1,1,1,1,1,1,1,2,2,2,2,1,3,2,1,2,2,1,1,2,2,1,2,2,1,1,1,4,4,4,5,4,5,5,5,4,4,4,4,4,3,4,3,Anonymized,630,39,1,-0.941881179,35,62,37,36.0,14,35,11,7,33,66,
45574.74244,45574.74943,0,Anonymized,100,604,1,45574.74945,Anonymized,Anonymized,Anonymized,Anonymized,,Anonymized,Anonymized,anonymous,EN,1.0,Anonymized,1.0,1,1,1,41,2,2,2,2,3,3,2,2,3,4,2,3,4,3,4,2,3,4,3,3,4,4,4,5,5,4,4,3,5,4,5,5,4,3,3,2,4,2,3,3,4,3,4,2,3,5,2,4,2,2,2,3,4,2,2,4,4,3,1,2,2,2,2.0,3.0,3.0,4.0,2.0,4.0,4.0,4.0,3.0,3.0,3.0,2.0,1.0,4.0,1.0,4.0,1.0,2.0,2,2,2,2,2,3.0,1,2,2,2,2,3,4,2,3,2,4,1,3,3,1,1,2,3,3,2,3,2,3,2,2,4,2,4,3,3,2,4,3,2,3,3,4,3,4,3,2,3,3,4,4,3,4,5,5,4,4,3,4,3,3,5,4,3,3,Anonymized,604,41,1,-0.656178459,56,80,58,32.0,18,29,20,18,59,61,
45574.74081,45574.74954,0,Anonymized,100,754,1,45574.74955,Anonymized,Anonymized,Anonymized,Anonymized,,Anonymized,Anonymized,anonymous,EN,1.0,Anonymized,1.0,1,1,2,21,2,4,2,4,2,3,4,2,4,2,2,2,4,3,3,4,4,2,2,4,4,2,4,4,4,4,4,5,5,5,5,5,5,5,4,2,4,2,5,4,4,2,4,2,2,4,2,4,3,2,2,2,3,3,3,4,2,2,2,4,2,3,1.0,3.0,2.0,1.0,2.0,4.0,3.0,1.0,1.0,1.0,2.0,1.0,1.0,2.0,3.0,1.0,2.0,2.0,2,2,1,3,3,2.0,2,1,2,1,1,2,3,2,1,1,1,1,2,2,1,1,2,1,1,1,1,1,1,1,2,3,2,2,2,2,1,1,2,1,3,3,4,2,2,2,2,2,2,4,4,4,5,3,4,3,3,4,3,4,4,3,3,3,3,Anonymized,754,21,2,-0.980383406,59,86,57,19.0,14,25,12,8,41,57,
45574.74112,45574.74968,0,Anonymized,100,739,1,45574.74969,Anonymized,Anonymized,Anonymized,Anonymized,,Anonymized,Anonymized,anonymous,EN,1.0,Anonymized,1.0,1,1,1,25,2,2,2,2,2,2,2,1,2,2,2,5,2,1,4,1,4,2,2,1,4,5,2,1,4,4,4,5,4,2,4,2,2,1,4,1,4,1,4,3,3,4,2,4,1,4,2,4,5,2,1,4,1,2,2,4,5,5,2,1,4,4,1.0,4.0,3.0,1.0,3.0,1.0,4.0,1.0,2.0,4.0,2.0,1.0,1.0,3.0,2.0,1.0,1.0,2.0,5,4,4,4,5,4.0,3,4,4,3,3,4,5,2,2,2,2,2,3,1,1,1,2,2,2,2,1,2,2,2,2,3,3,2,2,3,3,3,3,1,2,3,4,3,3,2,4,3,3,5,4,5,5,4,3,4,5,3,2,1,1,3,3,2,2,Anonymized,739,25,1,-0.856265231,43,64,63,24.0,13,52,16,13,54,52,
45574.74076,45574.7497,0,Anonymized,100,772,1,45574.74972,Anonymized,Anonymized,Anonymized,Anonymized,,Anonymized,Anonymized,anonymous,EN,1.0,Anonymized,1.0,1,1,1,19,2,4,1,4,2,2,2,3,4,3,2,1,3,2,4,3,4,3,3,2,2,3,5,3,2,5,5,4,5,5,5,4,5,5,5,3,4,1,3,4,3,2,2,2,3,1,1,2,1,1,1,2,2,1,1,1,4,1,1,3,1,2,2.0,5.0,2.0,2.0,1.0,2.0,4.0,1.0,1.0,3.0,1.0,1.0,1.0,4.0,1.0,1.0,1.0,5.0,3,2,2,4,4,3.0,2,4,3,3,4,3,2,2,2,2,3,1,1,3,2,1,2,2,2,2,2,1,1,3,2,3,2,3,4,3,2,2,3,1,3,4,3,2,3,2,4,3,2,4,5,2,4,4,4,2,2,5,2,3,3,3,3,3,3,Anonymized,772,19,1,-0.815761022,54,81,35,23.0,15,39,17,12,54,52,
45574.74106,45574.74984,0,Anonymized,100,757,1,45574.74984,Anonymized,Anonymized,Anonymized,Anonymized,,Anonymized,Anonymized,anonymous,EN,1.0,Anonymized,1.0,1,1,2,38,3,4,4,4,2,4,4,1,4,2,4,2,3,4,4,4,3,2,3,4,4,4,4,5,2,5,4,2,5,5,4,2,4,4,4,2,4,4,2,4,4,2,4,2,4,4,2,3,1,1,1,4,2,3,1,4,3,3,3,5,4,3,1.0,4.0,4.0,3.0,4.0,4.0,4.0,5.0,4.0,4.0,4.0,2.0,1.0,5.0,4.0,3.0,2.0,5.0,4,4,4,4,4,4.0,2,4,4,4,4,4,3,2,2,4,4,4,2,2,1,1,3,3,3,2,2,4,1,3,3,3,3,2,4,3,3,4,3,1,3,3,3,3,3,3,3,3,4,2,3,3,3,4,4,3,4,5,4,5,5,5,4,4,3,Anonymized,757,38,2,-0.813595914,65,78,59,37.0,26,49,22,18,60,61,
45574.74095,45574.74991,0,Anonymized,100,773,1,45574.74992,Anonymized,Anonymized,Anonymized,Anonymized,,Anonymized,Anonymized,anonymous,EN,0.899999976,Anonymized,1.0,1,1,1,33,1,1,1,1,5,1,1,3,1,1,1,1,1,4,5,5,3,1,3,1,5,3,5,3,5,5,5,1,5,3,5,1,5,5,4,1,5,1,3,1,1,1,1,1,1,1,1,3,1,1,1,4,1,1,1,3,1,1,1,1,1,1,1.0,5.0,1.0,1.0,1.0,3.0,3.0,1.0,3.0,1.0,1.0,1.0,1.0,2.0,1.0,1.0,1.0,1.0,1,1,1,1,1,1.0,1,1,1,1,1,1,1,1,1,1,1,1,1,1,1,1,1,1,1,1,1,1,1,1,2,2,2,2,2,2,1,1,1,1,2,1,2,1,1,1,2,2,1,1,1,1,1,4,3,5,5,5,3,4,5,4,5,3,5,Anonymized,773,33,1,-0.778059357,41,72,28,20.0,9,13,9,7,30,55,
45574.74117,45574.74993,0,Anonymized,100,757,1,45574.74994,Anonymized,Anonymized,Anonymized,Anonymized,,Anonymized,Anonymized,anonymous,EN,1.0,Anonymized,1.0,1,1,1,56,4,5,1,5,1,4,4,2,4,2,1,5,5,5,5,2,5,1,3,4,4,3,4,4,2,1,5,5,5,3,5,5,5,2,2,3,5,2,2,1,2,1,4,1,1,2,5,1,4,1,1,1,1,1,1,1,1,1,5,2,1,1,1.0,4.0,1.0,1.0,5.0,5.0,5.0,4.0,1.0,1.0,1.0,1.0,3.0,5.0,1.0,1.0,5.0,2.0,1,4,4,5,5,4.0,4,5,4,5,5,4,4,2,4,4,4,4,4,4,4,4,4,4,4,4,4,4,4,3,4,4,3,3,4,4,4,4,4,4,4,4,1,4,4,1,4,4,4,2,1,2,1,3,1,2,2,1,2,4,2,2,4,4,2,Anonymized,757,56,1,-0.911901047,68,70,37,28.0,19,54,34,28,71,35,
45574.74095,45574.74998,0,Anonymized,100,779,1,45574.74999,Anonymized,Anonymized,Anonymized,Anonymized,,Anonymized,Anonymized,anonymous,EN,1.0,Anonymized,1.0,1,1,1,26,3,3,4,2,3,2,2,3,4,3,3,3,4,4,3,3,3,3,2,4,4,4,4,4,5,4,5,5,5,3,5,4,5,5,5,3,4,4,2,4,4,2,4,2,3,5,3,4,2,2,3,4,2,3,2,2,2,2,1,3,2,3,2.0,4.0,4.0,2.0,5.0,4.0,5.0,3.0,4.0,2.0,2.0,1.0,1.0,4.0,3.0,2.0,3.0,2.0,4,2,3,3,4,4.0,1,2,4,4,4,3,3,3,3,2,3,4,2,3,2,2,2,3,3,3,3,3,2,2,3,3,3,3,3,3,3,2,2,3,3,3,1,3,2,3,3,3,3,3,3,2,1,5,5,4,3,4,3,4,4,5,5,5,5,Anonymized,779,26,1,-0.871031112,61,88,56,35.0,18,41,24,19,54,61,
45574.74086,45574.74998,0,Anonymized,100,788,1,45574.74999,Anonymized,Anonymized,Anonymized,Anonymized,,Anonymized,Anonymized,anonymous,EN,0.899999976,Anonymized,1.0,1,1,1,54,4,2,1,4,4,4,1,2,4,2,2,2,2,1,2,2,4,2,4,1,4,4,4,3,4,4,2,4,2,2,4,4,2,2,4,1,4,1,5,2,4,2,4,4,3,4,4,2,1,2,4,2,4,2,2,2,3,4,1,4,4,2,1.0,4.0,4.0,3.0,2.0,2.0,3.0,2.0,2.0,2.0,1.0,1.0,1.0,2.0,2.0,1.0,2.0,4.0,2,1,1,1,1,1.0,1,1,1,1,1,2,1,1,1,2,1,2,1,1,1,1,1,1,1,1,1,2,1,2,2,2,2,2,3,2,1,2,2,1,1,2,2,1,2,2,1,2,1,5,5,4,4,5,5,5,5,4,4,3,5,4,5,5,5,Anonymized,788,54,1,-0.897824789,50,66,60,25.0,14,15,11,8,35,73,
45574.74264,45574.75017,0,Anonymized,100,651,1,45574.75019,Anonymized,Anonymized,Anonymized,Anonymized,,Anonymized,Anonymized,anonymous,EN,1.0,Anonymized,1.0,1,1,2,54,2,2,2,1,1,5,1,5,1,3,3,1,1,1,5,5,3,3,3,3,2,3,5,5,5,5,5,5,5,3,5,5,5,3,5,2,5,3,5,5,5,1,2,2,4,3,3,4,2,1,1,4,1,2,2,3,2,2,4,2,2,2,1.0,4.0,4.0,5.0,5.0,5.0,5.0,4.0,5.0,5.0,5.0,1.0,1.0,2.0,3.0,3.0,3.0,5.0,2,1,1,1,1,1.0,1,1,1,1,1,1,1,2,3,3,3,3,3,1,1,1,3,3,3,2,1,3,3,2,2,3,2,2,4,1,1,4,2,2,2,3,1,2,3,3,4,1,2,5,5,3,5,5,5,5,5,5,5,5,5,5,5,5,5,Anonymized,651,54,2,-0.948579662,51,91,49,43.0,23,14,20,18,46,78,
45574.74272,45574.75019,0,Anonymized,100,645,1,45574.7502,Anonymized,Anonymized,Anonymized,Anonymized,,Anonymized,Anonymized,anonymous,EN,1.0,Anonymized,1.0,1,1,1,30,4,5,2,5,1,3,2,1,3,1,4,3,3,2,3,1,2,2,1,2,4,2,4,3,4,2,3,4,3,3,4,4,5,4,3,5,5,3,3,3,4,2,2,2,4,3,3,3,4,1,3,4,2,3,1,3,3,5,3,2,1,2,1.0,3.0,2.0,5.0,2.0,5.0,5.0,3.0,2.0,3.0,5.0,4.0,2.0,5.0,2.0,5.0,4.0,5.0,4,3,4,5,4,5.0,3,4,4,4,3,3,5,4,4,4,4,4,2,4,1,3,4,4,4,4,2,4,2,4,4,4,3,2,4,3,4,3,4,3,2,3,3,2,2,2,4,3,2,4,4,3,4,5,5,5,5,5,4,5,5,5,5,5,4,Anonymized,645,30,1,-0.775920655,50,75,56,31.0,32,51,30,24,61,73,
45574.74128,45574.75037,0,Anonymized,100,784,1,45574.75038,Anonymized,Anonymized,Anonymized,Anonymized,,Anonymized,Anonymized,anonymous,EN,1.0,Anonymized,1.0,1,1,1,47,2,3,1,3,3,1,2,2,2,3,3,2,2,1,3,1,3,4,3,1,3,4,4,4,5,3,5,4,3,3,4,4,3,3,4,3,4,3,3,3,4,1,4,2,3,3,3,4,1,2,2,1,2,1,1,2,2,2,1,1,2,2,1.0,3.0,3.0,2.0,3.0,3.0,2.0,3.0,4.0,4.0,1.0,2.0,1.0,3.0,1.0,1.0,1.0,2.0,1,1,2,1,1,2.0,1,3,2,2,2,2,3,2,1,2,3,1,1,2,1,1,2,1,1,1,1,2,1,3,2,3,2,2,3,3,2,2,3,1,3,2,3,2,2,3,2,2,2,3,3,4,4,3,3,2,2,2,2,2,3,2,3,3,2,Anonymized,784,47,1,-0.934401179,45,76,42,28.0,12,23,14,9,47,43,
45574.7415,45574.7505,0,Anonymized,100,777,1,45574.75051,Anonymized,Anonymized,Anonymized,Anonymized,,Anonymized,Anonymized,anonymous,EN,1.0,Anonymized,1.0,1,1,1,25,2,4,3,4,2,2,2,2,3,3,4,2,2,2,4,3,4,4,4,3,5,4,5,4,4,5,5,5,4,5,5,5,4,4,5,4,5,2,4,4,4,1,2,1,2,2,1,4,1,1,1,1,1,1,1,3,4,3,1,2,1,1,1.0,2.0,4.0,2.0,4.0,2.0,5.0,4.0,2.0,2.0,5.0,1.0,1.0,3.0,1.0,1.0,1.0,1.0,4,4,4,4,4,4.0,3,4,4,4,4,4,4,2,2,1,3,1,1,2,1,1,2,1,1,2,1,2,2,3,3,2,3,1,4,3,2,3,3,2,3,3,3,1,3,2,3,3,2,2,2,1,1,3,3,3,3,3,2,2,2,3,3,3,3,Anonymized,777,25,1,-0.956164265,59,92,35,28.0,14,51,14,11,52,39,
45574.74231,45574.75059,0,Anonymized,100,714,1,45574.7506,Anonymized,Anonymized,Anonymized,Anonymized,,Anonymized,Anonymized,anonymous,EN,1.0,Anonymized,1.0,1,1,1,52,2,2,2,2,2,2,2,2,2,2,2,2,2,2,3,2,4,2,2,2,4,4,4,4,4,4,4,2,4,2,4,4,3,3,4,2,4,2,4,2,2,2,4,2,4,4,2,4,2,2,2,2,2,2,2,2,2,2,2,4,2,2,2.0,4.0,4.0,2.0,3.0,1.0,3.0,2.0,2.0,2.0,1.0,1.0,1.0,1.0,1.0,1.0,1.0,1.0,2,1,2,2,1,2.0,2,3,3,2,4,2,4,1,1,1,1,1,1,1,1,1,1,1,1,1,1,1,1,2,2,2,1,1,2,2,1,2,2,1,1,2,1,1,2,1,1,1,1,2,2,2,2,3,3,3,3,3,2,2,3,3,3,3,3,Anonymized,714,52,1,-0.978571532,43,70,52,25.0,8,30,9,7,29,42,
45574.74071,45574.75074,0,Anonymized,100,867,1,45574.75075,Anonymized,Anonymized,Anonymized,Anonymized,,Anonymized,Anonymized,anonymous,EN,0.899999976,Anonymized,1.0,1,1,1,49,2,2,1,2,3,2,1,2,2,2,3,1,1,1,4,2,4,4,2,1,4,5,4,4,4,4,4,3,5,5,4,4,4,4,4,1,4,1,5,3,4,2,2,2,2,2,2,2,2,2,1,2,2,2,2,1,4,1,1,3,2,2,2.0,4.0,4.0,2.0,4.0,1.0,4.0,4.0,4.0,4.0,2.0,1.0,1.0,1.0,1.0,1.0,1.0,1.0,1,1,1,1,1,1.0,1,1,1,1,1,1,1,1,1,1,1,1,1,1,1,1,1,1,1,1,1,1,1,2,1,1,1,1,3,2,1,1,1,1,1,2,3,1,2,1,1,1,1,4,5,3,4,5,4,4,4,4,4,5,4,5,3,4,2,Anonymized,867,49,1,-0.976835428,42,80,41,33.0,9,13,9,7,28,64,
45574.74112,45574.75078,0,Anonymized,100,834,1,45574.7508,Anonymized,Anonymized,Anonymized,Anonymized,,Anonymized,Anonymized,anonymous,EN,1.0,Anonymized,1.0,1,1,1,33,3,4,4,4,2,3,3,4,4,2,4,4,4,4,4,3,5,3,2,2,3,4,4,4,4,4,4,2,4,2,4,4,4,2,4,2,2,1,4,2,2,1,2,1,2,2,2,2,1,1,1,2,2,1,1,1,1,1,1,1,1,1,3.0,2.0,3.0,3.0,5.0,2.0,5.0,5.0,2.0,3.0,2.0,2.0,1.0,5.0,4.0,4.0,5.0,5.0,2,2,2,2,2,2.0,1,2,2,2,2,2,2,2,2,2,4,4,2,2,1,1,3,2,2,2,2,3,1,3,2,3,4,2,3,3,2,2,3,2,4,3,2,2,3,3,2,3,2,3,3,3,4,4,4,4,4,3,3,4,4,3,4,3,3,Anonymized,834,33,1,-0.851069045,68,66,28,33.0,28,25,20,15,53,56,
45574.74148,45574.75101,0,Anonymized,100,822,1,45574.75101,Anonymized,Anonymized,Anonymized,Anonymized,,Anonymized,Anonymized,anonymous,EN,1.0,Anonymized,1.0,1,1,1,47,1,1,1,1,3,1,1,4,1,1,1,1,1,1,2,2,3,2,2,2,4,5,5,5,5,5,5,5,5,5,5,5,5,5,5,5,5,5,5,5,5,1,1,1,1,1,1,3,1,1,1,1,1,1,1,1,1,1,1,4,1,1,1.0,4.0,1.0,1.0,1.0,1.0,5.0,4.0,1.0,2.0,1.0,1.0,1.0,1.0,1.0,1.0,1.0,1.0,1,1,1,1,1,1.0,1,1,1,1,1,1,1,1,1,1,1,1,1,1,1,1,1,1,1,1,1,1,1,2,2,2,1,2,2,3,1,2,2,1,2,2,2,1,2,1,2,2,2,4,4,4,4,4,4,4,4,4,4,4,4,4,4,4,4,Anonymized,822,47,1,-0.980672273,32,104,26,21.0,8,13,9,7,36,64,
45574.74149,45574.75109,0,Anonymized,100,828,1,45574.7511,Anonymized,Anonymized,Anonymized,Anonymized,,Anonymized,Anonymized,anonymous,EN,1.0,Anonymized,1.0,1,1,2,32,2,3,1,2,3,1,1,2,2,2,2,2,1,2,3,1,1,2,2,2,4,5,4,5,4,4,5,5,5,4,4,5,4,4,5,2,4,5,4,4,2,1,4,2,4,2,2,4,1,1,1,1,1,2,1,1,3,1,5,4,2,1,1.0,3.0,4.0,3.0,1.0,4.0,3.0,4.0,1.0,3.0,2.0,2.0,3.0,3.0,3.0,1.0,1.0,2.0,1,2,2,1,2,1.0,1,2,2,1,3,2,1,2,1,2,2,3,1,3,1,1,1,2,2,2,1,2,1,3,2,2,2,2,2,2,1,3,2,1,2,3,3,1,3,1,1,2,1,4,4,3,4,4,4,4,4,4,3,2,4,3,4,4,3,Anonymized,828,32,2,-0.726667446,37,88,44,27.0,17,21,16,11,39,58,
45574.74061,45574.75117,0,Anonymized,100,911,1,45574.75118,Anonymized,Anonymized,Anonymized,Anonymized,,Anonymized,Anonymized,anonymous,EN,1.0,Anonymized,1.0,1,1,1,29,4,5,4,5,1,3,1,2,4,5,3,4,4,4,5,4,5,1,2,2,4,5,5,2,5,5,5,5,5,5,5,5,5,5,5,5,5,3,5,4,4,2,4,3,2,4,2,4,1,1,3,3,5,1,1,4,5,4,2,4,2,4,1.0,5.0,4.0,2.0,5.0,3.0,5.0,4.0,5.0,1.0,3.0,4.0,3.0,4.0,5.0,2.0,3.0,4.0,3,2,1,1,1,1.0,1,1,2,2,2,1,2,3,2,3,4,2,3,3,1,4,3,3,3,3,2,3,3,4,3,4,4,4,4,2,3,3,3,3,2,3,3,3,3,3,3,3,3,5,5,5,5,5,5,5,5,5,5,5,5,5,5,5,5,Anonymized,911,29,1,-0.968684179,68,97,61,35.0,28,20,25,20,63,80,
45574.74132,45574.75122,0,Anonymized,100,854,1,45574.75122,Anonymized,Anonymized,Anonymized,Anonymized,,Anonymized,Anonymized,anonymous,EN,1.0,Anonymized,1.0,1,1,2,34,3,2,1,3,4,2,2,2,2,2,2,1,2,1,3,2,1,2,2,2,5,4,4,2,2,2,4,4,5,4,5,4,2,4,4,2,4,1,4,4,3,3,4,3,4,2,2,4,2,1,1,3,2,2,1,2,3,3,1,2,2,3,1.0,2.0,4.0,4.0,2.0,3.0,4.0,4.0,3.0,1.0,3.0,1.0,2.0,3.0,1.0,2.0,2.0,3.0,3,2,1,2,1,2.0,1,2,2,2,3,2,3,1,2,2,2,2,2,1,1,1,3,3,3,2,1,1,3,2,3,3,3,3,3,3,3,2,2,3,3,2,3,3,2,3,2,3,2,4,4,3,4,5,4,5,4,5,4,3,4,5,4,5,4,Anonymized,854,34,2,-0.967650689,41,73,50,28.0,17,26,14,16,53,67,
45574.74231,45574.75122,0,Anonymized,100,768,1,45574.75122,Anonymized,Anonymized,Anonymized,Anonymized,,Anonymized,Anonymized,anonymous,EN,1.0,Anonymized,1.0,1,1,2,38,2,2,4,1,1,1,2,2,2,2,2,1,2,3,1,1,1,4,1,1,4,5,4,3,3,5,5,2,2,5,5,5,5,3,5,4,2,3,5,2,3,2,3,2,4,1,1,2,1,1,1,3,1,1,1,1,4,1,4,1,1,1,2.0,1.0,1.0,5.0,2.0,3.0,5.0,5.0,2.0,1.0,1.0,4.0,4.0,5.0,3.0,1.0,3.0,2.0,1,2,2,2,1,1.0,2,4,1,1,1,1,4,2,3,2,4,3,1,1,1,1,1,1,1,2,1,3,1,3,2,2,1,1,3,2,1,2,3,2,3,2,4,2,2,2,4,3,2,2,2,2,1,2,1,2,2,3,1,1,1,2,2,2,1,Anonymized,768,38,2,-0.892516797,36,80,37,27.0,23,23,18,10,46,27,
45574.74264,45574.75138,0,Anonymized,100,754,1,45574.75139,Anonymized,Anonymized,Anonymized,Anonymized,,Anonymized,Anonymized,anonymous,EN,0.899999976,Anonymized,1.0,1,1,1,59,1,1,3,1,3,1,1,4,3,3,2,1,1,1,3,3,5,1,5,3,2,3,4,4,3,4,5,5,4,2,2,4,5,5,2,2,1,1,5,5,3,1,1,1,1,1,1,1,1,1,1,1,1,1,1,1,1,1,1,1,1,1,1.0,2.0,3.0,3.0,4.0,4.0,3.0,1.0,1.0,1.0,2.0,1.0,1.0,1.0,1.0,1.0,1.0,1.0,1,2,2,2,2,2.0,1,1,2,1,1,1,2,1,1,2,1,1,2,1,1,2,1,1,1,1,1,1,1,2,1,4,1,1,2,2,2,1,3,2,1,3,2,1,2,1,1,1,1,5,5,5,5,5,5,5,5,5,5,5,5,5,5,5,5,Anonymized,754,59,1,-0.989394941,46,71,21,23.0,9,20,12,7,34,80,
45574.74146,45574.75146,0,Anonymized,100,864,1,45574.75147,Anonymized,Anonymized,Anonymized,Anonymized,,Anonymized,Anonymized,anonymous,EN,1.0,Anonymized,1.0,1,1,1,33,2,3,2,3,3,1,2,3,2,2,2,2,2,2,3,3,1,3,2,3,4,4,4,4,4,4,4,3,4,4,3,4,5,4,4,3,4,4,4,4,4,2,3,2,3,3,1,4,2,3,1,3,2,2,3,2,3,2,3,3,2,3,1.0,3.0,3.0,1.0,2.0,2.0,4.0,3.0,3.0,2.0,2.0,1.0,2.0,1.0,2.0,1.0,3.0,2.0,2,1,2,2,2,2.0,2,2,1,2,2,1,2,1,1,2,2,1,1,1,1,1,2,1,1,2,1,1,1,2,1,3,2,3,3,2,2,3,2,1,3,2,2,1,2,2,3,2,2,2,3,2,2,2,2,3,2,2,3,3,4,2,2,3,3,Anonymized,864,33,1,-0.948952274,46,82,52,24.0,14,23,11,9,43,40,
45574.74252,45574.75155,0,Anonymized,100,779,1,45574.75156,Anonymized,Anonymized,Anonymized,Anonymized,,Anonymized,Anonymized,anonymous,EN,1.0,Anonymized,1.0,1,1,2,31,1,1,1,2,4,1,1,2,2,3,2,2,4,3,5,3,2,3,4,2,4,4,2,4,5,5,3,3,4,5,3,2,3,2,4,3,4,2,3,3,3,2,4,1,4,4,3,2,1,1,1,2,1,1,1,3,2,2,1,1,1,1,2.0,2.0,4.0,3.0,2.0,5.0,3.0,4.0,3.0,2.0,1.0,1.0,1.0,4.0,3.0,2.0,1.0,4.0,1,1,1,1,2,3.0,1,3,2,3,2,2,3,3,2,4,4,1,2,3,1,1,3,2,3,4,2,1,1,3,3,2,2,1,3,3,3,3,3,1,1,3,3,1,3,3,1,3,1,3,4,5,3,4,3,3,4,4,3,4,4,3,2,3,2,Anonymized,779,31,2,-0.840096659,48,71,39,30.0,17,25,21,16,46,54,
45574.74346,45574.75176,0,Anonymized,100,716,1,45574.75177,Anonymized,Anonymized,Anonymized,Anonymized,,Anonymized,Anonymized,anonymous,EN,1.0,Anonymized,1.0,1,1,1,28,1,1,1,1,3,1,1,2,1,1,1,1,1,1,3,2,1,3,2,1,5,5,5,5,5,5,5,5,5,5,5,5,5,5,5,5,5,3,4,4,3,2,2,1,1,1,1,1,1,1,1,1,2,1,1,3,1,1,1,1,1,1,1.0,5.0,3.0,2.0,3.0,3.0,4.0,1.0,1.0,1.0,1.0,1.0,1.0,1.0,1.0,1.0,1.0,1.0,1,1,1,1,1,1.0,1,1,1,1,1,1,1,1,1,1,1,1,1,1,1,1,1,1,1,1,1,1,1,2,1,1,2,1,2,1,1,1,1,1,1,1,1,1,1,1,1,1,1,4,4,3,5,4,4,3,4,3,3,4,3,4,3,3,2,Anonymized,716,28,1,-0.994109023,29,99,26,24.0,8,13,9,7,23,56,
45574.74084,45574.75182,0,Anonymized,100,948,1,45574.75183,Anonymized,Anonymized,Anonymized,Anonymized,,Anonymized,Anonymized,anonymous,EN,1.0,Anonymized,1.0,1,1,1,40,4,2,1,2,1,4,1,1,3,1,2,1,2,5,3,2,1,2,1,1,4,2,5,2,4,2,5,5,4,5,5,5,2,4,5,1,4,1,4,2,2,1,4,1,3,3,1,4,1,1,1,4,3,3,1,1,1,1,1,5,1,1,1.0,2.0,4.0,3.0,5.0,4.0,5.0,5.0,5.0,2.0,1.0,1.0,2.0,4.0,1.0,1.0,5.0,4.0,1,1,1,1,1,1.0,1,1,1,3,2,2,2,2,3,3,4,4,3,2,1,3,2,4,4,2,2,3,2,3,3,4,4,4,4,3,2,4,4,2,3,3,4,3,4,4,3,3,3,4,3,2,2,3,4,3,4,4,4,4,4,3,2,3,4,Anonymized,948,40,1,-0.882740675,40,73,42,36.0,19,18,25,19,67,53,
45574.7411,45574.75204,0,Anonymized,100,945,1,45574.75205,Anonymized,Anonymized,Anonymized,Anonymized,,Anonymized,Anonymized,anonymous,EN,1.0,Anonymized,1.0,1,1,2,76,1,1,1,1,1,1,1,2,1,1,1,3,1,1,5,2,1,2,2,5,4,4,2,5,4,3,5,4,2,2,5,1,3,2,4,1,2,1,3,3,3,2,3,1,3,3,1,4,1,1,1,3,1,1,1,2,1,1,1,4,2,3,1.0,3.0,3.0,4.0,1.0,4.0,3.0,5.0,2.0,1.0,1.0,1.0,1.0,1.0,1.0,1.0,1.0,1.0,1,2,3,3,3,4.0,1,3,3,2,4,3,4,1,1,1,1,1,1,1,1,1,1,1,1,1,1,1,1,1,1,2,2,1,1,1,1,1,1,1,1,1,1,1,1,1,1,1,1,5,4,2,3,5,5,5,5,2,1,2,1,5,4,4,5,Anonymized,945,76,2,-0.833498838,34,63,40,27.0,8,36,9,7,22,58,
45574.74053,45574.75207,0,Anonymized,100,996,1,45574.75208,Anonymized,Anonymized,Anonymized,Anonymized,,Anonymized,Anonymized,anonymous,EN,1.0,Anonymized,1.0,1,1,1,60,4,2,2,2,2,3,2,4,2,3,2,2,3,4,4,4,4,2,4,4,4,4,4,4,3,4,4,3,4,3,4,4,4,2,4,2,4,2,4,4,3,2,3,2,2,2,2,4,2,2,2,2,2,2,2,2,2,2,1,4,2,2,2.0,4.0,2.0,2.0,5.0,4.0,2.0,3.0,2.0,2.0,3.0,1.0,1.0,2.0,3.0,3.0,1.0,1.0,1,1,1,1,1,2.0,2,1,1,1,1,2,2,3,3,3,3,3,3,3,1,1,3,1,2,3,1,2,2,4,3,3,4,2,2,4,1,3,4,2,4,2,3,3,3,2,3,3,3,2,2,3,4,4,3,4,4,4,3,3,4,3,3,2,3,Anonymized,996,60,1,-0.911896535,59,74,46,28.0,15,17,23,14,58,51,
45574.74106,45574.75207,0,Anonymized,100,951,1,45574.75208,Anonymized,Anonymized,Anonymized,Anonymized,,Anonymized,Anonymized,anonymous,EN,1.0,Anonymized,1.0,1,1,1,60,1,2,4,2,2,1,3,2,1,2,1,1,3,1,3,2,1,3,3,2,5,4,4,4,5,5,5,5,4,4,5,5,4,4,5,2,4,1,5,3,3,2,2,3,1,2,3,4,1,2,1,3,4,3,1,5,3,5,1,4,4,2,1.0,4.0,5.0,3.0,1.0,4.0,5.0,3.0,4.0,2.0,5.0,1.0,3.0,1.0,2.0,4.0,1.0,1.0,3,1,3,2,4,4.0,1,2,2,3,4,4,2,1,1,1,1,1,1,1,1,1,1,1,1,1,3,1,1,2,1,1,1,1,2,1,1,1,1,1,1,1,1,1,1,1,1,1,1,4,4,5,5,5,5,5,5,5,3,4,5,4,3,4,4,Anonymized,951,60,1,-0.935252157,40,86,56,32.0,18,35,9,9,22,70,
45574.7411,45574.75207,0,Anonymized,100,948,1,45574.75209,Anonymized,Anonymized,Anonymized,Anonymized,,Anonymized,Anonymized,anonymous,EN,1.0,Anonymized,1.0,1,1,2,37,3,3,4,2,2,3,4,1,2,1,2,2,2,1,2,4,4,2,2,3,4,4,4,4,5,5,5,4,5,5,5,3,4,4,5,2,5,3,4,4,2,1,1,1,1,1,1,1,2,1,1,1,1,1,1,1,1,2,1,1,1,1,1.0,5.0,5.0,2.0,4.0,2.0,5.0,2.0,1.0,2.0,2.0,2.0,3.0,4.0,2.0,1.0,4.0,3.0,3,4,4,4,4,4.0,3,4,4,4,4,4,4,3,4,3,4,4,4,3,2,4,4,4,4,4,4,4,4,4,4,4,4,4,4,4,4,3,4,4,4,4,4,4,4,4,4,4,4,5,5,5,5,5,5,5,5,5,5,5,5,5,5,5,5,Anonymized,948,37,2,-0.983246186,49,86,23,29.0,21,50,31,28,79,80,
45574.74252,45574.75209,0,Anonymized,100,826,1,45574.75211,Anonymized,Anonymized,Anonymized,Anonymized,,Anonymized,Anonymized,anonymous,EN,1.0,Anonymized,1.0,1,1,1,47,1,1,1,1,2,1,1,2,1,1,1,4,1,2,4,3,2,3,1,2,3,5,4,5,5,5,4,4,4,5,5,5,5,3,5,1,4,3,4,4,1,1,4,2,4,3,3,4,2,2,2,5,3,3,2,4,4,2,2,1,2,2,2.0,5.0,3.0,3.0,4.0,1.0,5.0,4.0,2.0,2.0,2.0,1.0,1.0,2.0,1.0,4.0,2.0,3.0,1,1,1,1,1,1.0,1,1,2,2,1,1,1,1,1,2,1,1,1,2,1,1,1,1,1,1,1,1,1,2,2,2,1,2,2,2,2,2,2,3,2,1,3,1,2,2,2,2,1,3,2,2,2,2,1,2,1,5,4,4,5,4,3,5,3,Anonymized,826,47,1,-0.933912573,35,84,57,31.0,16,15,11,7,38,48,
45574.74097,45574.75213,0,Anonymized,100,964,1,45574.75214,Anonymized,Anonymized,Anonymized,Anonymized,,Anonymized,Anonymized,anonymous,EN,1.0,Anonymized,1.0,1,1,2,47,1,1,2,1,2,1,1,2,1,2,2,1,2,2,3,1,2,1,2,2,3,5,5,4,4,5,5,5,4,4,5,5,3,3,5,4,5,2,4,3,4,1,2,1,3,4,2,4,1,1,2,2,2,3,3,3,4,2,1,5,3,3,2.0,4.0,4.0,4.0,5.0,3.0,5.0,4.0,5.0,4.0,1.0,1.0,1.0,3.0,2.0,1.0,2.0,4.0,3,2,2,3,3,3.0,2,4,3,3,3,2,2,1,1,2,2,1,2,1,1,1,3,2,3,1,1,2,1,2,2,2,2,2,3,3,2,3,3,2,2,3,3,2,2,3,2,2,3,4,4,3,4,3,3,3,3,3,2,3,3,3,3,3,2,Anonymized,964,47,2,-0.969786348,32,87,52,40.0,15,35,12,13,48,49,
45574.74256,45574.75229,0,Anonymized,100,840,1,45574.7523,Anonymized,Anonymized,Anonymized,Anonymized,,Anonymized,Anonymized,anonymous,EN,1.0,Anonymized,1.0,1,1,2,51,2,2,1,2,3,2,2,3,2,2,2,2,3,2,3,3,3,3,3,3,4,4,4,4,4,4,4,4,4,4,4,4,4,3,4,3,3,3,3,3,3,2,3,2,2,2,2,2,2,2,2,2,2,2,2,2,2,2,2,2,2,2,2.0,4.0,3.0,4.0,3.0,2.0,3.0,3.0,3.0,3.0,2.0,2.0,1.0,3.0,2.0,1.0,1.0,2.0,2,2,2,2,2,3.0,3,3,3,3,3,3,3,2,2,2,2,2,2,2,2,2,2,1,2,2,1,2,1,2,2,2,2,1,3,2,2,2,2,1,2,2,2,2,2,2,2,2,2,4,4,4,4,4,4,4,4,4,3,3,3,4,4,4,4,Anonymized,840,51,2,-0.968483497,48,77,43,30.0,14,34,18,11,39,61,
45574.74135,45574.75229,0,Anonymized,100,944,1,45574.7523,Anonymized,Anonymized,Anonymized,Anonymized,,Anonymized,Anonymized,anonymous,EN,1.0,Anonymized,1.0,1,1,1,70,2,2,2,2,2,2,3,3,2,2,2,1,3,2,3,2,3,2,3,2,4,4,4,4,4,4,4,4,4,4,4,4,4,4,5,2,5,1,4,3,3,1,1,1,1,1,1,2,1,1,1,1,1,1,1,2,2,2,1,3,1,1,2.0,4.0,4.0,3.0,4.0,4.0,4.0,3.0,2.0,3.0,2.0,2.0,1.0,4.0,3.0,5.0,4.0,4.0,3,2,3,2,2,3.0,2,3,2,2,3,2,3,2,1,2,3,3,1,1,1,1,1,1,1,2,2,2,1,3,2,3,1,1,3,3,1,1,3,1,1,2,2,1,2,1,2,2,1,3,3,2,2,3,2,3,4,3,4,3,2,4,3,3,4,Anonymized,944,70,1,-0.87398639,45,79,27,33.0,25,32,15,10,36,48,
45574.74148,45574.75251,0,Anonymized,100,952,1,45574.75252,Anonymized,Anonymized,Anonymized,Anonymized,,Anonymized,Anonymized,anonymous,EN,1.0,Anonymized,1.0,1,1,2,32,4,4,2,2,3,4,3,2,5,1,4,1,2,3,4,4,4,1,2,1,5,5,5,5,5,5,5,5,5,5,5,5,5,5,4,4,5,4,5,5,5,4,4,2,2,4,4,4,4,2,2,3,2,2,2,2,2,3,1,2,5,3,1.0,5.0,4.0,2.0,2.0,2.0,3.0,2.0,1.0,2.0,1.0,1.0,1.0,2.0,2.0,1.0,1.0,1.0,2,2,1,3,3,3.0,1,5,2,2,5,1,1,1,1,1,2,1,1,1,1,1,2,1,1,1,1,1,1,1,2,2,1,1,3,1,1,3,1,1,1,1,2,1,1,1,1,2,1,4,4,4,5,5,4,4,5,5,5,4,5,4,5,4,4,Anonymized,952,32,2,-0.976101821,56,102,59,24.0,10,31,10,8,28,71,
45574.7427,45574.75251,0,Anonymized,100,848,1,45574.75253,Anonymized,Anonymized,Anonymized,Anonymized,,Anonymized,Anonymized,anonymous,EN,1.0,Anonymized,1.0,1,1,2,38,4,5,5,1,2,4,4,5,5,2,4,4,3,4,4,5,4,2,2,5,4,5,4,5,4,4,3,5,4,4,4,5,5,4,4,5,5,4,4,5,5,4,3,4,5,3,4,4,4,4,5,4,4,3,4,4,4,4,4,5,5,4,4.0,5.0,5.0,4.0,4.0,5.0,4.0,5.0,5.0,5.0,4.0,3.0,2.0,4.0,4.0,2.0,3.0,4.0,4,4,3,4,4,3.0,4,4,5,4,4,3,4,3,2,3,3,2,2,3,3,1,3,4,3,3,2,2,2,2,2,2,3,1,2,2,2,2,1,2,2,2,3,3,2,3,3,2,4,2,1,2,2,1,2,2,1,1,1,2,2,2,2,1,1,Anonymized,848,38,2,-0.975130956,74,92,85,46.0,26,50,22,19,45,25,
45574.74101,45574.75269,0,Anonymized,100,1008,1,45574.7527,Anonymized,Anonymized,Anonymized,Anonymized,,Anonymized,Anonymized,anonymous,EN,1.0,Anonymized,1.0,1,1,1,51,4,4,1,5,2,1,1,3,4,3,5,5,3,1,4,3,3,1,4,1,1,2,2,4,5,5,5,2,4,3,5,5,4,2,2,1,4,2,4,3,4,2,2,2,2,4,4,5,2,2,2,4,5,3,2,4,3,4,1,5,3,4,3.0,2.0,3.0,2.0,1.0,4.0,5.0,5.0,5.0,4.0,4.0,4.0,3.0,5.0,3.0,4.0,2.0,5.0,2,3,2,2,2,3.0,2,3,2,3,3,2,1,2,2,4,4,2,2,1,1,1,4,4,4,4,3,3,3,2,4,3,3,2,3,3,3,2,3,2,3,4,4,3,3,3,3,3,2,5,5,5,3,3,5,2,4,4,4,3,4,5,5,5,4,Anonymized,1008,51,1,-0.820173487,58,69,65,34.0,30,30,19,25,58,66,
45574.74101,45574.75272,0,Anonymized,100,1012,1,45574.75273,Anonymized,Anonymized,Anonymized,Anonymized,,Anonymized,Anonymized,anonymous,EN,1.0,Anonymized,1.0,1,1,2,37,2,4,2,2,2,2,3,2,3,1,2,2,2,2,3,4,4,1,3,4,4,4,4,5,4,4,4,4,5,5,5,4,4,4,5,3,4,3,3,4,4,2,2,2,3,3,2,2,1,1,1,4,1,1,1,3,1,3,1,1,3,3,2.0,4.0,5.0,2.0,5.0,4.0,4.0,4.0,5.0,4.0,2.0,3.0,2.0,5.0,4.0,3.0,3.0,5.0,4,3,3,3,3,2.0,3,3,4,3,3,3,4,3,3,4,4,3,4,2,2,3,4,4,4,4,2,3,4,3,4,4,4,4,3,3,4,3,3,2,4,4,4,4,4,4,4,4,4,4,4,3,4,3,2,3,3,2,2,2,3,4,4,3,4,Anonymized,1012,37,2,-0.825698289,50,86,41,39.0,27,41,28,25,73,50,
45574.74374,45574.75274,0,Anonymized,100,778,1,45574.75275,Anonymized,Anonymized,Anonymized,Anonymized,,Anonymized,Anonymized,anonymous,EN,1.0,Anonymized,1.0,1,1,2,21,1,4,1,4,1,1,4,2,1,1,2,1,5,2,3,1,4,1,4,4,5,5,4,5,2,5,5,4,4,5,5,5,5,2,5,4,5,4,5,2,4,4,5,2,4,5,1,3,4,5,1,4,3,4,3,5,4,5,1,4,1,3,1.0,4.0,5.0,4.0,4.0,3.0,5.0,4.0,1.0,2.0,2.0,1.0,1.0,5.0,3.0,1.0,3.0,5.0,2,2,3,4,1,1.0,1,2,3,2,2,2,5,2,4,2,4,1,3,2,1,1,1,4,4,3,4,1,1,3,4,3,3,3,4,3,3,4,2,1,2,2,3,2,4,4,3,3,1,3,5,2,5,4,5,3,5,4,4,3,5,4,5,5,3,Anonymized,778,21,2,-0.663142094,47,90,71,33.0,21,30,20,18,57,65,
45574.74105,45574.75278,0,Anonymized,100,1013,1,45574.75279,Anonymized,Anonymized,Anonymized,Anonymized,,Anonymized,Anonymized,anonymous,EN,0.699999988,Anonymized,1.0,1,1,1,34,1,4,2,1,1,1,4,2,5,1,4,4,4,2,2,2,5,2,2,1,5,5,5,5,5,5,5,4,5,3,5,5,2,4,5,1,5,1,3,4,4,4,2,4,4,4,4,2,3,5,2,5,1,1,1,1,2,4,1,3,3,3,2.0,4.0,5.0,2.0,2.0,5.0,5.0,5.0,2.0,5.0,2.0,2.0,1.0,5.0,2.0,1.0,1.0,5.0,1,2,2,2,2,3.0,3,3,4,4,3,1,4,2,3,4,4,2,2,1,1,1,3,3,3,2,2,2,1,3,3,3,3,2,3,3,2,1,3,2,3,2,2,2,3,2,1,2,2,1,1,1,1,1,1,1,1,1,1,1,1,2,1,1,1,Anonymized,1013,34,1,-0.789267573,50,86,59,37.0,19,34,20,16,47,17,
45574.74108,45574.75288,0,Anonymized,100,1019,1,45574.75289,Anonymized,Anonymized,Anonymized,Anonymized,,Anonymized,Anonymized,anonymous,EN,1.0,Anonymized,1.0,1,1,1,63,4,4,2,3,2,5,3,4,4,1,2,2,5,5,4,5,4,3,4,3,2,5,4,4,5,2,4,4,3,4,4,4,4,3,4,2,4,2,2,2,2,2,4,4,4,5,3,3,2,3,4,4,2,4,3,4,4,4,2,2,2,2,3.0,4.0,3.0,4.0,2.0,5.0,2.0,4.0,4.0,2.0,4.0,5.0,2.0,3.0,1.0,3.0,1.0,3.0,3,4,4,4,4,4.0,3,4,4,4,4,4,3,3,4,4,3,2,4,3,2,3,3,3,3,3,2,4,2,3,3,3,2,3,4,3,3,3,3,3,4,3,3,4,3,3,3,3,3,2,2,4,3,5,4,5,5,3,4,3,4,4,4,4,4,Anonymized,1019,63,1,-0.70005259,69,70,67,33.0,22,49,28,20,62,60,
45574.7425,45574.75299,0,Anonymized,100,906,1,45574.753,Anonymized,Anonymized,Anonymized,Anonymized,,Anonymized,Anonymized,anonymous,EN,1.0,Anonymized,1.0,1,1,1,60,2,4,1,4,3,1,2,3,3,2,2,1,4,1,5,3,4,4,3,1,4,5,5,4,5,2,3,2,2,1,4,5,3,3,5,1,4,1,2,2,5,2,3,4,4,5,3,4,1,1,1,1,1,1,1,2,2,1,1,3,2,4,2.0,4.0,3.0,1.0,2.0,2.0,2.0,3.0,2.0,1.0,1.0,1.0,1.0,2.0,1.0,2.0,2.0,3.0,1,1,1,1,1,2.0,2,1,1,1,1,1,1,1,1,2,2,2,1,2,1,1,1,1,2,1,1,2,1,2,1,2,1,1,3,2,1,1,2,1,1,2,2,1,1,1,1,1,1,4,3,4,2,4,5,4,4,4,3,3,2,5,4,3,5,Anonymized,906,60,1,-0.842066642,53,68,47,22.0,13,15,13,9,28,59,
45574.74063,45574.753,0,Anonymized,100,1068,1,45574.75301,Anonymized,Anonymized,Anonymized,Anonymized,,Anonymized,Anonymized,anonymous,EN,1.0,Anonymized,1.0,1,1,1,56,1,2,1,2,3,2,1,1,1,1,2,1,1,2,3,2,2,2,3,1,4,5,5,5,5,5,5,4,4,4,5,5,5,5,4,3,5,1,4,1,3,1,2,1,2,2,2,2,1,1,1,1,1,1,1,1,1,1,1,5,1,1,1.0,2.0,1.0,2.0,2.0,1.0,3.0,4.0,2.0,2.0,1.0,2.0,1.0,3.0,3.0,1.0,2.0,4.0,1,1,1,1,1,1.0,1,1,1,1,1,1,1,1,1,3,2,1,1,1,1,1,2,1,1,1,1,2,1,2,2,2,2,1,3,3,1,2,3,1,3,2,2,1,2,2,2,2,1,5,5,3,5,4,3,3,5,5,4,5,5,2,2,3,3,Anonymized,1068,56,1,-0.943277796,34,87,30,20.0,17,13,12,9,39,62,
45574.74505,45574.75302,0,Anonymized,100,688,1,45574.75303,Anonymized,Anonymized,Anonymized,Anonymized,,Anonymized,Anonymized,anonymous,EN,1.0,Anonymized,1.0,1,1,1,49,1,1,1,2,1,1,1,3,3,2,1,1,1,1,4,2,2,1,2,3,3,5,3,4,4,4,5,5,5,5,5,5,4,4,5,3,5,2,5,4,4,1,3,1,3,2,1,3,1,1,1,1,1,1,1,2,2,3,1,1,1,1,1.0,4.0,4.0,2.0,4.0,1.0,1.0,4.0,1.0,1.0,2.0,1.0,1.0,1.0,1.0,3.0,1.0,5.0,1,1,1,1,1,2.0,1,1,1,1,1,2,1,1,1,4,1,1,1,1,1,1,1,1,1,2,1,1,1,2,1,1,1,1,2,1,1,1,2,2,1,1,1,1,1,2,1,1,1,4,5,3,5,5,5,5,4,5,3,5,5,5,5,5,5,Anonymized,688,49,1,-0.909641322,34,89,32,23.0,15,15,12,8,25,74,
45574.743,45574.75308,0,Anonymized,100,870,1,45574.75309,Anonymized,Anonymized,Anonymized,Anonymized,,Anonymized,Anonymized,anonymous,EN,1.0,Anonymized,1.0,1,1,1,64,1,1,1,2,2,1,1,2,1,1,1,1,1,1,2,1,1,2,1,2,3,5,4,5,4,4,4,2,4,4,5,5,3,2,4,1,5,1,5,3,4,2,2,2,2,2,1,4,1,1,1,4,3,2,2,2,1,1,1,4,2,3,3.0,5.0,5.0,1.0,4.0,2.0,5.0,4.0,2.0,4.0,2.0,1.0,1.0,1.0,1.0,1.0,1.0,1.0,3,1,2,2,3,3.0,1,5,4,5,4,3,4,1,1,1,1,1,1,1,1,1,1,1,1,1,1,1,1,2,1,2,1,1,2,2,1,1,1,1,1,1,1,1,1,1,1,2,1,3,3,3,2,3,3,2,2,2,2,2,2,3,3,2,3,Anonymized,870,64,1,-0.962280041,26,77,43,35.0,9,40,9,7,25,40,
45574.74263,45574.75314,0,Anonymized,100,908,1,45574.75315,Anonymized,Anonymized,Anonymized,Anonymized,,Anonymized,Anonymized,anonymous,EN,1.0,Anonymized,1.0,1,1,1,45,2,1,1,3,3,1,1,2,1,3,1,1,3,1,5,2,5,3,5,2,2,5,5,5,4,5,5,5,5,5,5,5,4,4,5,1,5,4,4,3,3,1,1,1,1,1,1,1,1,1,1,1,1,1,1,2,2,2,1,1,1,1,3.0,3.0,2.0,4.0,5.0,3.0,4.0,4.0,4.0,4.0,1.0,1.0,1.0,4.0,1.0,5.0,1.0,2.0,4,3,4,3,3,4.0,4,5,4,4,4,4,3,4,4,4,4,4,2,4,1,2,3,4,4,1,1,4,3,4,3,4,4,4,4,4,4,4,4,4,4,4,4,4,3,4,4,4,4,2,2,2,3,3,3,3,4,3,3,3,3,3,3,3,3,Anonymized,908,45,1,-0.855169915,46,89,24,36.0,16,49,29,20,78,46,
45574.74075,45574.7533,0,Anonymized,100,1083,1,45574.75331,Anonymized,Anonymized,Anonymized,Anonymized,,Anonymized,Anonymized,anonymous,EN,1.0,Anonymized,1.0,1,1,1,34,3,3,5,3,4,4,5,3,4,3,2,4,4,2,3,2,4,2,2,3,3,5,3,2,3,2,3,4,4,3,4,4,3,2,5,3,3,2,2,3,3,1,4,4,4,5,5,4,1,1,1,4,3,1,1,5,4,2,1,3,1,1,1.0,4.0,5.0,2.0,4.0,4.0,4.0,2.0,2.0,2.0,1.0,1.0,1.0,2.0,1.0,2.0,3.0,3.0,3,2,3,2,1,3.0,2,3,3,3,1,1,1,2,1,1,2,2,1,2,2,1,2,2,2,2,2,2,1,3,2,3,3,2,3,2,2,2,3,1,3,3,3,2,3,2,2,3,2,3,2,3,1,3,3,2,2,1,1,1,1,3,2,2,1,Anonymized,1083,34,1,-0.926515901,65,66,56,30.0,14,28,14,13,49,31,
45574.74267,45574.75336,0,Anonymized,100,922,1,45574.75336,Anonymized,Anonymized,Anonymized,Anonymized,,Anonymized,Anonymized,anonymous,EN,1.0,Anonymized,1.0,1,1,1,27,3,4,3,3,3,3,2,4,4,1,5,1,4,1,3,4,2,3,3,2,3,5,5,5,5,5,5,4,3,3,5,4,4,2,3,4,4,1,3,4,4,3,5,3,5,5,3,5,1,2,2,4,3,1,1,4,4,4,1,3,3,3,1.0,4.0,4.0,3.0,1.0,2.0,4.0,3.0,3.0,3.0,2.0,1.0,1.0,3.0,1.0,1.0,1.0,4.0,2,1,3,3,2,3.0,2,2,3,3,2,2,4,1,2,3,3,2,2,1,1,1,1,1,2,2,2,1,1,3,2,2,3,2,4,1,2,2,3,2,2,3,2,2,3,3,3,2,3,4,4,2,3,4,4,4,3,4,4,3,3,4,3,3,3,Anonymized,922,27,1,-0.906473324,58,81,65,28.0,14,32,16,10,49,55,
45574.74219,45574.7535,0,Anonymized,100,977,1,45574.75351,Anonymized,Anonymized,Anonymized,Anonymized,,Anonymized,Anonymized,anonymous,EN,1.0,Anonymized,1.0,1,1,2,53,1,1,1,2,4,1,1,2,4,2,2,1,1,2,2,2,2,2,3,3,4,4,4,3,4,4,4,5,5,4,4,5,5,4,4,5,5,4,5,4,4,2,2,2,2,1,1,3,1,1,2,1,2,1,1,1,1,1,1,2,1,1,3.0,5.0,5.0,5.0,5.0,4.0,5.0,4.0,4.0,1.0,1.0,2.0,1.0,2.0,2.0,1.0,2.0,1.0,2,2,3,2,3,3.0,1,3,2,3,3,3,2,3,2,1,2,1,2,1,1,1,2,2,2,2,1,2,1,3,2,3,4,3,3,3,3,3,3,2,2,3,3,3,3,3,3,2,2,5,5,3,4,5,5,5,5,5,4,4,3,5,5,5,5,Anonymized,977,53,2,-0.962936433,39,90,30,41.0,12,32,14,12,56,73,
45574.74052,45574.75373,0,Anonymized,100,1140,1,45574.75374,Anonymized,Anonymized,Anonymized,Anonymized,,Anonymized,Anonymized,anonymous,EN,1.0,Anonymized,1.0,1,1,1,50,2,2,1,3,2,2,1,3,1,3,3,2,1,1,4,3,4,2,4,2,4,4,4,4,5,5,4,4,4,3,4,5,3,3,4,2,4,1,3,3,2,1,1,1,1,1,1,4,1,1,1,1,1,1,1,2,2,1,1,3,1,1,1.0,4.0,2.0,3.0,2.0,3.0,3.0,3.0,2.0,2.0,1.0,1.0,1.0,1.0,1.0,1.0,1.0,1.0,3,1,1,1,1,2.0,1,1,1,1,1,1,1,1,1,1,1,1,1,1,1,1,1,1,1,1,2,1,1,2,1,2,1,1,2,2,1,1,1,1,2,2,2,1,1,1,1,1,1,3,3,2,3,3,3,2,3,4,3,2,3,2,3,2,2,Anonymized,1140,50,1,-0.947953911,46,75,28,25.0,8,16,9,8,27,43,
45574.74071,45574.75394,0,Anonymized,100,1142,1,45574.75394,Anonymized,Anonymized,Anonymized,Anonymized,,Anonymized,Anonymized,anonymous,EN,1.0,Anonymized,1.0,1,1,2,59,1,4,4,4,2,4,4,5,4,1,2,4,4,5,4,4,5,2,2,5,4,4,5,1,2,4,4,4,4,4,2,5,2,4,4,1,3,1,1,4,4,4,2,4,1,1,2,4,4,4,4,2,5,4,4,4,5,1,1,4,1,1,1.0,4.0,4.0,4.0,2.0,4.0,3.0,4.0,4.0,5.0,4.0,3.0,1.0,4.0,3.0,4.0,4.0,5.0,4,1,4,4,1,3.0,4,4,3,4,3,3,4,2,3,3,1,1,3,3,1,1,3,1,1,2,1,2,2,2,3,2,4,2,2,2,3,3,3,3,3,2,2,4,2,3,4,2,3,2,3,3,3,3,3,2,3,3,2,3,4,3,2,2,2,Anonymized,1142,59,2,-0.818786739,70,67,62,35.0,28,42,18,12,54,43,
45574.74238,45574.75404,0,Anonymized,100,1007,1,45574.75405,Anonymized,Anonymized,Anonymized,Anonymized,,Anonymized,Anonymized,anonymous,EN,1.0,Anonymized,1.0,1,1,1,47,2,2,1,2,2,2,2,2,2,1,2,1,2,2,2,2,2,2,1,2,4,4,4,4,4,4,4,5,4,4,4,4,4,4,4,4,4,4,4,4,4,2,2,2,2,1,1,4,1,1,1,2,1,1,1,2,1,1,1,4,1,2,2.0,4.0,4.0,2.0,3.0,2.0,4.0,4.0,2.0,2.0,2.0,1.0,1.0,2.0,2.0,2.0,2.0,1.0,3,2,3,3,3,3.0,2,3,3,3,3,3,3,1,1,1,1,1,1,1,1,1,1,1,1,1,1,1,1,2,1,2,1,1,2,3,1,2,2,1,2,2,2,1,2,2,2,2,1,4,4,4,4,4,4,4,4,4,4,4,4,4,4,4,4,Anonymized,1007,47,1,-0.980330621,36,85,34,29.0,13,37,9,7,34,64,
45574.74343,45574.75409,0,Anonymized,100,921,1,45574.7541,Anonymized,Anonymized,Anonymized,Anonymized,,Anonymized,Anonymized,anonymous,EN,1.0,Anonymized,1.0,1,1,2,66,2,4,4,3,4,3,4,5,2,5,4,3,4,5,2,3,4,2,2,2,4,4,2,4,3,2,4,4,1,3,4,3,1,3,3,5,4,1,3,3,1,3,3,4,2,2,5,3,1,3,4,1,3,2,2,1,1,2,2,1,3,1,3.0,4.0,2.0,4.0,3.0,4.0,2.0,2.0,3.0,4.0,1.0,1.0,1.0,3.0,1.0,1.0,1.0,1.0,3,2,2,3,4,5.0,4,3,3,4,4,3,2,2,3,4,2,4,2,2,3,3,1,1,1,1,1,1,1,3,2,2,1,1,3,3,3,4,2,1,2,3,3,1,2,2,2,2,2,4,3,2,5,4,4,5,3,4,2,2,4,3,4,4,4,Anonymized,921,66,2,-0.932398746,67,62,49,31.0,10,42,25,7,44,57,
45574.74316,45574.75424,0,Anonymized,100,956,1,45574.75425,Anonymized,Anonymized,Anonymized,Anonymized,,Anonymized,Anonymized,anonymous,EN,1.0,Anonymized,1.0,1,1,1,31,2,4,2,4,2,2,4,2,4,2,4,2,4,2,4,4,4,2,2,2,2,4,2,2,4,4,4,4,4,4,4,4,4,4,4,2,4,1,2,2,2,2,4,2,4,4,2,4,2,2,2,4,4,2,2,2,2,2,1,4,2,2,4.0,3.0,3.0,2.0,4.0,1.0,3.0,4.0,2.0,3.0,2.0,1.0,1.0,3.0,3.0,1.0,1.0,3.0,2,1,1,2,2,1.0,1,3,2,2,2,2,1,2,2,2,3,1,2,2,3,1,2,1,2,2,1,2,1,3,3,4,1,2,3,4,1,2,3,1,3,3,3,2,3,2,2,3,2,2,1,2,1,2,2,2,2,2,2,2,2,2,2,2,2,Anonymized,956,31,1,-0.916102454,58,67,55,29.0,15,22,18,11,50,30,
45574.74262,45574.75429,0,Anonymized,100,1009,1,45574.75431,Anonymized,Anonymized,Anonymized,Anonymized,,Anonymized,Anonymized,anonymous,EN,1.0,Anonymized,1.0,1,1,1,36,2,4,1,2,2,3,1,4,1,4,4,3,2,2,5,2,5,3,4,1,4,4,4,2,4,4,3,3,5,4,3,3,5,4,4,2,4,2,3,4,2,3,3,1,2,3,3,2,1,1,1,2,2,1,1,3,1,1,1,3,3,1,1.0,3.0,3.0,1.0,3.0,2.0,2.0,4.0,2.0,3.0,1.0,1.0,1.0,2.0,1.0,2.0,1.0,2.0,2,3,3,1,2,2.0,2,2,2,2,3,1,1,3,3,3,2,1,4,1,1,2,2,2,2,3,1,2,1,2,2,4,3,4,2,2,2,2,4,1,4,2,4,3,3,2,3,1,2,3,3,3,3,4,3,4,4,3,2,3,3,2,2,2,3,Anonymized,1009,36,1,-0.792752325,55,73,39,24.0,11,26,20,13,52,47,
45574.74096,45574.75464,0,Anonymized,100,1181,1,45574.75465,Anonymized,Anonymized,Anonymized,Anonymized,,Anonymized,Anonymized,anonymous,EN,1.0,Anonymized,1.0,1,1,1,74,1,1,1,2,2,1,1,2,2,2,1,2,1,1,4,4,1,2,2,2,2,4,2,4,5,4,4,2,4,2,4,4,2,2,4,2,4,2,4,2,2,2,2,2,2,2,2,4,2,2,2,2,2,2,2,2,2,2,2,4,2,2,1.0,4.0,1.0,2.0,1.0,1.0,4.0,4.0,1.0,2.0,1.0,1.0,1.0,1.0,1.0,1.0,1.0,1.0,1,1,1,1,1,2.0,1,1,1,1,1,1,1,1,1,1,1,1,1,1,1,1,1,1,1,1,1,1,1,2,1,1,1,1,1,1,1,1,1,1,1,1,1,1,1,1,1,1,1,5,3,2,5,4,4,3,5,5,2,4,5,4,4,1,1,Anonymized,1181,74,1,-0.917716614,35,65,46,21.0,8,14,9,7,21,57,
45574.74273,45574.75475,0,Anonymized,100,1037,1,45574.75476,Anonymized,Anonymized,Anonymized,Anonymized,,Anonymized,Anonymized,anonymous,EN,1.0,Anonymized,1.0,1,1,2,38,2,4,3,3,4,4,4,2,4,1,2,1,3,4,2,2,4,1,2,1,3,5,4,5,4,3,5,4,2,4,4,4,4,3,4,1,4,2,4,2,2,1,4,3,4,3,4,5,2,1,4,3,1,2,1,4,4,4,3,4,1,2,3.0,3.0,4.0,4.0,5.0,2.0,4.0,5.0,4.0,1.0,3.0,1.0,1.0,4.0,1.0,2.0,3.0,3.0,5,2,3,3,2,4.0,3,3,3,2,3,3,4,2,3,4,4,3,3,1,2,2,2,3,3,2,2,3,4,3,3,4,3,2,3,3,3,4,3,2,2,4,3,3,3,3,4,2,2,4,4,3,3,4,3,5,3,3,2,4,4,4,3,4,4,Anonymized,1037,38,2,-0.848480608,53,73,60,35.0,18,40,24,19,59,57,
45574.74558,45574.75486,0,Anonymized,100,801,1,45574.75487,Anonymized,Anonymized,Anonymized,Anonymized,,Anonymized,Anonymized,anonymous,EN,0.699999988,Anonymized,1.0,1,1,1,38,2,2,1,2,2,2,1,2,2,1,2,3,3,4,2,2,2,2,2,2,4,4,4,4,5,5,5,4,5,4,5,5,4,4,5,4,5,4,4,4,4,2,4,2,4,2,3,4,1,2,3,4,3,2,2,4,2,2,2,4,2,2,2.0,3.0,4.0,4.0,4.0,4.0,2.0,4.0,2.0,1.0,2.0,1.0,1.0,3.0,4.0,2.0,2.0,4.0,4,1,3,3,2,4.0,2,4,4,4,4,3,3,2,2,3,3,2,1,2,1,1,2,2,2,3,1,2,2,2,2,2,2,1,2,2,2,2,2,2,2,2,2,1,2,3,2,2,2,5,5,3,4,4,4,5,4,4,3,3,3,4,3,3,4,Anonymized,801,38,1,-0.921156756,41,92,56,30.0,19,41,17,14,39,61,
45574.74682,45574.75497,0,Anonymized,100,704,1,45574.75498,Anonymized,Anonymized,Anonymized,Anonymized,,Anonymized,Anonymized,anonymous,EN,1.0,Anonymized,1.0,1,1,1,33,3,4,1,3,3,2,1,2,2,2,2,1,2,2,3,4,5,2,2,3,4,5,3,5,4,4,4,2,5,5,5,4,2,2,3,2,4,2,5,3,4,1,2,1,3,2,1,4,1,1,1,2,3,1,1,3,2,4,2,3,2,2,1.0,3.0,4.0,2.0,1.0,3.0,4.0,2.0,1.0,2.0,1.0,1.0,1.0,1.0,2.0,1.0,1.0,3.0,3,1,3,3,3,2.0,2,3,4,2,4,3,2,3,3,2,1,1,2,1,1,1,2,3,2,2,1,1,2,3,2,3,1,3,3,2,2,1,3,1,1,3,2,2,4,2,2,2,3,5,5,3,4,3,5,2,3,5,5,5,5,3,4,4,2,Anonymized,704,33,1,-0.932602141,49,77,42,23.0,11,35,15,13,45,63,
45574.74399,45574.75502,0,Anonymized,100,952,1,45574.75504,Anonymized,Anonymized,Anonymized,Anonymized,,Anonymized,Anonymized,anonymous,EN,1.0,Anonymized,1.0,1,1,1,54,1,1,1,2,1,1,1,1,1,2,1,2,1,1,3,2,3,1,1,2,4,4,5,5,5,4,5,5,4,4,5,5,4,3,5,1,4,2,3,3,2,1,2,1,1,4,4,3,1,1,4,1,1,1,1,2,4,1,1,2,1,1,1.0,4.0,4.0,1.0,1.0,2.0,5.0,4.0,2.0,2.0,2.0,1.0,1.0,3.0,1.0,3.0,4.0,2.0,2,1,1,1,2,2.0,1,2,2,3,2,3,2,1,1,2,2,2,1,2,1,1,1,1,1,2,1,2,1,1,1,2,2,1,2,2,1,1,2,1,1,2,2,1,2,2,1,2,1,4,4,3,2,3,4,4,5,2,1,1,2,4,4,5,4,Anonymized,952,54,1,-0.888978468,29,82,38,26.0,17,24,13,9,30,52,
45574.74244,45574.75517,0,Anonymized,100,1099,1,45574.75518,Anonymized,Anonymized,Anonymized,Anonymized,,Anonymized,Anonymized,anonymous,EN,1.0,Anonymized,1.0,1,1,2,45,4,5,1,5,2,4,1,2,4,2,4,5,1,1,3,1,5,2,2,1,4,5,5,4,5,5,5,5,4,4,5,5,4,4,5,2,5,3,2,4,2,1,3,1,4,2,2,4,1,1,1,2,1,1,1,2,2,2,1,4,1,1,1.0,2.0,4.0,1.0,1.0,3.0,5.0,4.0,3.0,1.0,3.0,1.0,1.0,3.0,2.0,2.0,1.0,5.0,2,1,1,2,1,2.0,1,1,1,1,1,1,1,1,1,4,3,3,1,2,1,1,1,1,1,1,1,3,1,3,1,2,2,1,3,3,1,1,2,1,1,2,2,1,2,2,3,2,1,4,4,4,4,4,4,4,4,4,2,4,3,4,3,3,3,Anonymized,1099,45,2,-0.875986708,55,87,38,25.0,18,16,17,9,36,58,
45574.74252,45574.75525,0,Anonymized,100,1100,1,45574.75527,Anonymized,Anonymized,Anonymized,Anonymized,,Anonymized,Anonymized,anonymous,EN,1.0,Anonymized,1.0,1,1,1,26,2,3,2,3,2,2,2,2,2,2,3,2,2,2,3,3,3,2,3,3,4,4,4,4,4,3,3,3,4,3,4,3,3,3,4,3,4,2,3,3,3,2,2,2,2,2,2,3,2,2,2,2,2,2,2,2,2,2,2,2,2,2,1.0,5.0,3.0,2.0,2.0,2.0,4.0,3.0,2.0,3.0,1.0,1.0,1.0,3.0,1.0,1.0,1.0,3.0,1,1,1,1,1,1.0,1,1,1,1,1,1,1,1,1,2,2,1,1,2,1,1,2,1,1,2,1,2,1,2,2,2,1,1,3,3,1,2,2,2,2,2,2,1,2,1,2,2,2,4,4,4,4,5,4,4,4,4,4,4,4,4,4,4,4,Anonymized,1100,26,1,-0.893835847,48,71,43,27.0,12,13,12,10,37,65,
45574.74253,45574.75525,0,Anonymized,100,1098,1,45574.75527,Anonymized,Anonymized,Anonymized,Anonymized,,Anonymized,Anonymized,anonymous,EN,1.0,Anonymized,1.0,1,1,1,68,3,4,2,2,2,2,3,2,3,2,2,2,2,3,2,1,3,1,2,2,5,5,5,5,5,5,5,4,4,4,5,5,4,3,4,3,5,2,4,3,3,3,2,2,2,2,2,2,1,2,1,1,3,2,2,3,1,2,1,3,2,3,1.0,4.0,2.0,3.0,2.0,3.0,4.0,4.0,2.0,1.0,2.0,1.0,4.0,4.0,2.0,5.0,2.0,4.0,5,3,5,2,3,4.0,2,5,4,4,5,2,3,1,2,3,2,1,1,1,1,1,1,1,1,1,1,1,1,1,1,2,2,1,3,2,1,1,2,1,3,2,3,2,2,1,1,1,1,5,5,5,5,4,5,5,5,5,5,5,5,5,5,5,5,Anonymized,1098,68,1,-0.932422146,45,88,42,26.0,24,47,13,7,33,79,
45574.7413,45574.75528,0,Anonymized,100,1207,1,45574.75529,Anonymized,Anonymized,Anonymized,Anonymized,,Anonymized,Anonymized,anonymous,EN,1.0,Anonymized,1.0,1,1,2,43,1,1,1,2,2,1,1,3,1,2,2,1,1,1,3,3,2,2,2,1,4,3,4,4,4,5,4,4,4,4,5,4,4,3,5,2,5,3,4,4,3,1,1,1,1,2,1,5,1,1,1,3,1,1,1,2,1,1,1,3,2,1,1.0,3.0,4.0,3.0,3.0,2.0,4.0,3.0,2.0,1.0,2.0,1.0,1.0,2.0,1.0,2.0,1.0,2.0,1,1,1,1,1,2.0,1,1,1,1,1,1,2,1,1,1,1,1,1,1,1,1,1,1,1,1,1,1,1,2,1,1,1,1,3,2,1,1,1,1,1,2,2,1,1,1,1,1,1,4,4,3,4,4,4,4,4,5,4,5,4,3,3,3,4,Anonymized,1207,43,2,-0.957609147,33,82,32,26.0,12,15,9,7,26,62,
45574.7412,45574.75531,0,Anonymized,100,1219,1,45574.75532,Anonymized,Anonymized,Anonymized,Anonymized,,Anonymized,Anonymized,anonymous,EN,0.899999976,Anonymized,1.0,1,1,2,73,2,2,2,2,4,1,2,3,2,2,1,2,2,2,3,2,2,1,3,1,4,4,5,5,5,4,4,4,5,4,5,5,4,5,5,3,5,1,5,4,4,1,2,1,2,2,1,4,1,1,1,3,1,1,1,2,3,1,1,3,1,1,3.0,5.0,3.0,4.0,4.0,4.0,5.0,3.0,2.0,3.0,1.0,1.0,2.0,3.0,2.0,2.0,2.0,3.0,3,2,3,2,2,3.0,2,4,3,3,3,2,4,1,1,2,2,1,1,2,1,1,2,1,2,1,1,2,1,2,2,2,2,2,2,2,2,3,2,1,2,2,2,2,2,2,2,2,2,4,4,3,3,4,3,3,3,2,3,3,4,3,3,3,2,Anonymized,1219,73,2,-0.949465185,41,90,34,36.0,16,36,12,10,40,50,
45574.74105,45574.75538,0,Anonymized,100,1237,1,45574.75539,Anonymized,Anonymized,Anonymized,Anonymized,,Anonymized,Anonymized,anonymous,EN,1.0,Anonymized,1.0,1,1,1,68,3,3,2,2,3,4,3,4,3,2,3,3,3,2,3,4,3,2,3,2,3,4,3,4,5,5,4,4,4,3,4,4,3,3,3,2,4,2,4,3,3,2,3,2,2,2,2,3,2,2,2,2,3,2,2,3,3,3,2,2,2,2,2.0,4.0,3.0,4.0,3.0,2.0,3.0,3.0,3.0,4.0,2.0,1.0,1.0,2.0,2.0,2.0,1.0,3.0,4,3,3,4,3,3.0,3,4,3,3,4,3,3,1,2,2,2,1,2,1,1,2,2,2,2,2,1,2,1,3,2,3,3,2,3,3,2,4,3,1,3,3,3,2,3,2,2,2,2,3,2,2,2,3,3,3,4,3,2,2,3,3,3,3,2,Anonymized,1237,68,1,-0.935647895,57,74,48,31.0,14,43,14,12,51,43,
45574.74094,45574.75578,0,Anonymized,100,1281,1,45574.75579,Anonymized,Anonymized,Anonymized,Anonymized,,Anonymized,Anonymized,anonymous,EN,0.600000024,Anonymized,1.0,1,1,1,48,4,3,3,3,2,3,4,3,3,2,4,3,3,3,3,4,4,4,2,3,2,4,2,2,3,3,4,4,4,4,3,4,4,3,4,3,4,2,3,3,3,2,3,2,2,3,2,4,2,2,2,2,2,2,2,2,2,2,2,4,3,2,2.0,3.0,2.0,3.0,3.0,2.0,4.0,4.0,3.0,3.0,1.0,1.0,1.0,4.0,2.0,2.0,1.0,4.0,2,2,2,2,2,3.0,1,2,2,2,2,3,2,3,2,3,3,1,2,1,1,1,3,3,3,3,2,2,2,3,3,3,3,3,3,3,3,3,3,2,3,3,3,3,3,3,2,3,3,3,3,2,3,4,4,3,4,3,2,2,3,4,4,3,3,Anonymized,1281,48,1,-0.833736539,63,68,49,29.0,16,27,17,18,58,50,
45574.74073,45574.75581,0,Anonymized,100,1302,1,45574.75582,Anonymized,Anonymized,Anonymized,Anonymized,,Anonymized,Anonymized,anonymous,EN,1.0,Anonymized,1.0,1,1,2,36,2,2,2,5,5,2,2,2,1,2,3,2,2,1,2,2,2,5,4,2,4,4,4,5,4,4,5,4,4,4,4,4,4,4,3,2,4,5,3,2,2,2,2,2,2,2,1,4,2,2,2,2,2,2,1,4,2,2,2,2,2,2,2.0,4.0,4.0,5.0,4.0,4.0,5.0,4.0,3.0,2.0,3.0,2.0,1.0,1.0,1.0,1.0,1.0,1.0,2,2,3,2,1,1.0,1,3,1,2,2,2,3,2,2,2,1,1,1,1,1,1,2,1,1,1,1,1,1,2,1,2,3,1,3,2,1,1,2,2,2,1,2,1,2,2,2,1,2,5,4,4,4,3,4,4,3,3,2,2,3,4,4,4,5,Anonymized,1302,36,2,-0.986277479,50,79,44,37.0,11,25,12,8,35,58,
45574.74101,45574.75587,0,Anonymized,100,1283,1,45574.75588,Anonymized,Anonymized,Anonymized,Anonymized,,Anonymized,Anonymized,anonymous,EN,1.0,Anonymized,1.0,1,1,2,65,1,3,1,2,3,3,1,5,1,2,2,2,3,1,4,3,2,3,2,1,2,4,3,4,4,4,3,3,4,2,5,4,2,3,4,5,4,3,4,3,3,1,2,1,2,2,1,4,1,1,1,1,1,1,1,2,1,1,1,3,1,1,1.0,4.0,4.0,5.0,3.0,1.0,5.0,4.0,3.0,3.0,1.0,1.0,1.0,2.0,1.0,2.0,1.0,1.0,2,1,1,1,1,3.0,3,5,3,4,4,1,4,2,1,1,2,2,1,1,1,1,1,1,1,1,1,1,1,2,1,2,3,1,3,2,1,1,2,1,1,1,2,1,1,1,1,1,1,5,5,4,5,5,5,5,3,4,2,3,5,5,5,5,3,Anonymized,1283,65,2,-0.961501196,45,73,30,33.0,10,33,12,7,29,69,
45574.74115,45574.75606,0,Anonymized,100,1289,1,45574.75608,Anonymized,Anonymized,Anonymized,Anonymized,,Anonymized,Anonymized,anonymous,EN,1.0,Anonymized,1.0,1,1,1,34,2,3,1,2,3,2,2,2,1,2,3,4,1,1,2,4,2,4,4,3,4,5,4,4,5,5,4,5,3,3,4,5,3,4,5,2,4,4,4,4,3,2,3,3,4,3,2,3,1,2,1,3,1,1,2,3,2,2,2,3,2,3,2.0,3.0,4.0,4.0,3.0,3.0,4.0,4.0,2.0,2.0,3.0,1.0,1.0,2.0,2.0,3.0,1.0,1.0,1,1,1,1,1,1.0,1,1,1,1,1,1,1,2,1,2,1,2,1,1,1,1,1,1,2,2,1,1,1,2,2,2,2,1,2,1,2,2,1,1,2,2,2,2,2,2,2,1,4,5,4,4,4,4,3,2,2,2,2,3,1,1,2,2,1,Anonymized,1289,34,1,-0.950690154,48,84,48,31.0,14,13,12,9,37,42,
45574.7423,45574.75628,0,Anonymized,100,1207,1,45574.75629,Anonymized,Anonymized,Anonymized,Anonymized,,Anonymized,Anonymized,anonymous,EN,1.0,Anonymized,1.0,1,1,1,33,1,1,1,2,2,1,1,1,1,2,1,1,1,1,1,3,2,2,3,1,4,1,4,2,5,5,4,4,5,4,4,5,4,3,5,1,5,1,4,1,2,2,1,2,2,2,2,1,1,2,2,4,1,3,3,4,3,3,1,2,1,2,2.0,5.0,4.0,1.0,5.0,4.0,4.0,1.0,4.0,2.0,2.0,1.0,3.0,5.0,5.0,5.0,3.0,3.0,3,1,2,3,4,5.0,2,5,3,2,2,2,5,2,1,2,4,3,1,2,1,1,1,2,1,1,1,2,1,3,1,3,1,1,2,3,2,2,1,2,1,2,2,1,2,3,1,3,1,2,2,2,3,4,4,4,4,3,2,4,3,3,4,4,4,Anonymized,1207,33,1,-0.716005794,29,73,44,32.0,27,39,17,9,37,52,
45574.74277,45574.75628,0,Anonymized,100,1167,1,45574.7563,Anonymized,Anonymized,Anonymized,Anonymized,,Anonymized,Anonymized,anonymous,EN,1.0,Anonymized,1.0,1,1,2,28,4,4,2,3,2,4,5,5,5,2,2,3,3,4,4,5,5,1,1,4,5,5,5,5,5,5,3,5,5,5,5,4,3,3,3,2,5,1,5,5,5,4,5,3,4,5,4,4,2,2,2,4,4,3,3,2,5,5,1,5,5,4,1.0,5.0,5.0,4.0,5.0,3.0,5.0,5.0,5.0,5.0,1.0,3.0,2.0,4.0,1.0,5.0,1.0,5.0,3,1,2,3,1,5.0,5,5,5,5,4,3,4,2,2,3,3,2,4,1,2,1,3,3,2,2,1,4,4,2,3,2,1,1,3,3,2,1,2,4,2,3,2,2,2,2,3,1,4,3,5,5,4,3,2,1,5,5,5,5,5,4,2,4,1,Anonymized,1167,28,2,-0.653870018,68,89,76,43.0,22,46,20,19,45,59,
45574.74106,45574.75641,0,Anonymized,100,1326,1,45574.75643,Anonymized,Anonymized,Anonymized,Anonymized,,Anonymized,Anonymized,anonymous,EN,1.0,Anonymized,1.0,1,1,2,50,2,3,2,2,3,2,3,2,2,1,1,1,3,4,3,2,2,2,2,3,4,4,4,4,4,4,4,4,4,4,4,4,4,4,3,4,4,5,4,3,4,3,2,2,3,3,1,2,1,1,1,2,2,2,2,2,2,2,5,2,2,2,3.0,3.0,4.0,3.0,2.0,4.0,4.0,4.0,2.0,1.0,4.0,3.0,1.0,4.0,1.0,3.0,1.0,4.0,1,1,1,1,1,1.0,1,1,1,1,1,1,1,2,1,3,3,2,1,1,1,1,2,2,2,2,1,2,1,2,2,2,1,2,4,3,2,2,2,1,2,2,1,1,2,2,2,3,1,3,1,4,4,4,4,4,4,4,3,4,4,3,4,4,4,Anonymized,1326,50,2,-0.856608767,45,83,44,30.0,21,13,15,12,39,58,
45574.74251,45574.7565,0,Anonymized,100,1208,1,45574.75652,Anonymized,Anonymized,Anonymized,Anonymized,,Anonymized,Anonymized,anonymous,EN,1.0,Anonymized,1.0,1,1,2,24,3,4,2,4,2,4,3,3,4,2,4,4,2,2,3,1,4,2,3,4,3,3,3,3,3,4,4,3,3,3,3,2,2,3,4,3,3,3,3,3,3,4,3,3,3,3,3,3,3,4,3,4,3,3,4,3,4,4,4,3,4,4,3.0,3.0,3.0,3.0,4.0,4.0,4.0,4.0,4.0,4.0,1.0,1.0,1.0,4.0,1.0,1.0,3.0,4.0,4,3,3,3,3,3.0,3,3,4,3,4,4,4,3,3,2,2,2,2,2,3,3,2,3,3,3,3,3,3,2,2,3,3,3,2,2,2,3,2,3,2,2,2,3,3,3,2,3,3,2,3,3,3,3,4,3,3,3,4,3,3,3,4,3,3,Anonymized,1208,24,2,-0.879975532,60,64,72,36.0,16,44,22,20,50,50,
45574.74142,45574.75672,0,Anonymized,100,1322,1,45574.75673,Anonymized,Anonymized,Anonymized,Anonymized,,Anonymized,Anonymized,anonymous,EN,0.800000012,Anonymized,1.0,1,1,2,68,1,1,3,2,3,1,2,2,2,3,2,2,1,1,3,2,2,2,4,3,5,2,4,2,2,3,4,4,4,4,4,4,4,4,5,4,4,2,4,2,2,4,4,2,4,3,4,2,1,3,4,5,3,3,2,4,4,4,2,4,4,5,1.0,2.0,3.0,5.0,2.0,1.0,3.0,2.0,2.0,1.0,1.0,1.0,1.0,2.0,3.0,2.0,1.0,2.0,2,1,1,1,1,1.0,2,1,1,2,5,2,1,3,1,3,1,1,1,1,1,1,2,2,1,1,1,1,2,3,1,4,2,1,4,2,2,2,3,1,1,3,1,1,4,1,1,1,1,3,3,3,4,5,5,5,5,4,2,3,4,5,5,5,5,Anonymized,1322,68,2,-0.939057927,42,73,71,22.0,13,21,13,10,39,66,
45574.74113,45574.75693,0,Anonymized,100,1365,1,45574.75695,Anonymized,Anonymized,Anonymized,Anonymized,,Anonymized,Anonymized,anonymous,EN,1.0,Anonymized,1.0,1,1,1,19,4,4,3,4,2,5,5,4,5,3,5,4,5,5,5,3,5,1,2,5,5,2,5,1,5,5,5,5,5,5,5,3,5,4,5,5,5,2,5,4,4,5,4,5,2,1,2,1,4,2,4,4,2,2,1,4,1,3,3,3,3,4,2.0,3.0,3.0,4.0,5.0,5.0,5.0,4.0,5.0,5.0,3.0,3.0,3.0,4.0,3.0,2.0,3.0,3.0,3,2,5,2,2,4.0,3,4,3,2,3,3,4,2,4,4,3,4,4,4,2,2,3,3,3,3,3,4,2,3,3,3,4,4,4,2,2,3,3,2,4,4,3,4,3,3,2,3,2,3,4,1,2,2,3,4,2,2,2,3,2,3,3,3,4,Anonymized,1365,19,1,-0.844869577,79,90,60,41.0,24,40,29,21,61,43,
45574.74449,45574.757,0,Anonymized,100,1081,1,45574.75702,Anonymized,Anonymized,Anonymized,Anonymized,,Anonymized,Anonymized,anonymous,EN,1.0,Anonymized,1.0,1,1,1,41,2,1,1,1,2,1,1,1,1,1,1,1,1,1,2,1,3,2,2,1,2,4,3,5,4,4,5,5,3,3,5,5,2,1,5,2,5,1,4,4,4,1,3,1,2,3,2,4,1,1,2,4,3,1,1,2,2,3,1,5,4,2,2.0,5.0,3.0,1.0,2.0,1.0,3.0,1.0,2.0,2.0,1.0,1.0,1.0,5.0,2.0,4.0,1.0,4.0,4,2,2,1,2,3.0,2,3,4,4,3,2,3,2,4,3,4,3,3,3,1,2,2,2,2,2,2,1,1,3,3,3,3,2,2,3,2,1,3,2,4,3,2,2,3,3,1,4,2,4,3,2,3,4,4,4,3,5,4,4,4,4,4,4,4,Anonymized,1081,41,1,-0.213541999,27,76,48,22.0,19,35,25,12,51,60,
45574.74067,45574.75713,0,Anonymized,100,1422,1,45574.75715,Anonymized,Anonymized,Anonymized,Anonymized,,Anonymized,Anonymized,anonymous,EN,1.0,Anonymized,1.0,1,1,2,51,5,5,3,5,2,5,5,1,4,2,3,2,4,5,4,1,5,1,4,4,2,2,2,3,2,2,4,4,4,2,4,3,1,3,4,1,4,1,4,2,1,2,2,2,2,3,2,2,2,1,1,3,1,1,1,4,1,2,4,3,1,2,1.0,3.0,4.0,4.0,5.0,5.0,4.0,2.0,5.0,2.0,5.0,4.0,5.0,5.0,5.0,5.0,5.0,5.0,2,3,2,2,2,2.0,3,4,4,4,4,4,4,4,4,4,4,4,3,4,3,3,4,4,4,4,4,4,4,3,4,3,4,3,4,4,4,3,3,3,2,4,4,4,4,4,4,3,4,4,4,5,3,2,3,2,2,4,4,5,4,2,2,3,3,Anonymized,1422,51,2,-0.966370948,70,55,42,35.0,39,40,33,28,71,52,
45574.74355,45574.75714,0,Anonymized,100,1174,1,45574.75715,Anonymized,Anonymized,Anonymized,Anonymized,,Anonymized,Anonymized,anonymous,EN,1.0,Anonymized,1.0,1,1,1,25,3,3,3,3,2,4,3,2,4,2,4,3,3,3,3,4,3,3,2,2,5,5,5,5,5,5,4,4,4,4,4,4,3,4,3,3,5,3,3,3,3,3,4,3,4,4,4,4,3,4,4,4,3,3,3,3,3,3,2,2,2,3,2.0,3.0,3.0,3.0,3.0,3.0,3.0,3.0,2.0,3.0,3.0,1.0,2.0,2.0,3.0,2.0,2.0,2.0,2,2,1,1,1,2.0,1,2,2,2,2,1,2,2,1,2,2,2,1,2,1,1,2,2,2,2,2,2,2,2,2,2,2,1,3,2,2,2,2,2,1,3,2,1,3,2,3,2,2,3,2,4,2,3,3,4,4,3,3,3,3,3,3,3,2,Anonymized,1174,25,1,-0.946807951,59,84,68,28.0,17,21,14,14,41,48,
45574.7424,45574.75744,0,Anonymized,100,1299,1,45574.75745,Anonymized,Anonymized,Anonymized,Anonymized,,Anonymized,Anonymized,anonymous,EN,1.0,Anonymized,1.0,1,1,1,31,2,4,1,3,2,2,1,2,2,2,2,1,4,1,3,2,4,2,2,2,5,5,5,5,5,5,5,4,5,5,5,5,4,5,5,1,5,4,4,5,3,1,1,1,3,2,1,4,1,1,1,2,3,1,1,2,1,1,3,4,1,3,1.0,1.0,3.0,1.0,3.0,2.0,1.0,1.0,1.0,1.0,1.0,1.0,3.0,3.0,1.0,1.0,1.0,2.0,2,3,3,2,2,2.0,1,2,2,3,2,3,3,2,2,2,1,3,3,1,1,2,2,1,1,1,1,2,1,2,2,4,3,3,2,2,2,1,3,3,2,2,1,3,3,1,2,2,2,3,3,2,3,4,4,3,4,4,2,3,4,4,4,3,4,Anonymized,1299,31,1,-0.971405871,44,95,38,15.0,13,30,17,9,45,54,
45574.74306,45574.75757,0,Anonymized,100,1253,1,45574.75758,Anonymized,Anonymized,Anonymized,Anonymized,,Anonymized,Anonymized,anonymous,EN,1.0,Anonymized,1.0,1,1,1,35,1,1,1,1,4,1,1,4,1,3,1,1,1,1,5,4,1,3,5,4,4,5,5,5,5,5,5,4,2,2,5,5,2,1,5,1,5,1,5,4,2,2,5,2,5,4,4,1,1,1,1,3,1,1,1,1,1,1,1,1,1,1,1.0,5.0,4.0,1.0,1.0,4.0,5.0,5.0,1.0,1.0,1.0,1.0,1.0,2.0,1.0,1.0,2.0,1.0,1,1,1,1,1,1.0,1,3,1,1,1,1,1,1,1,1,2,1,1,1,1,1,1,1,1,1,1,1,1,1,1,1,1,1,2,1,1,1,1,1,1,1,1,1,1,1,1,1,1,5,5,4,4,4,4,4,4,5,3,5,5,4,5,5,5,Anonymized,1253,35,1,-0.89828194,44,78,39,28.0,10,15,10,7,21,71,
45574.74277,45574.7576,0,Anonymized,100,1281,1,45574.75761,Anonymized,Anonymized,Anonymized,Anonymized,,Anonymized,Anonymized,anonymous,EN,0.600000024,Anonymized,1.0,1,1,2,25,4,5,2,3,2,5,2,4,1,1,3,4,4,2,3,1,3,2,1,3,4,4,5,3,5,4,5,4,5,4,5,5,4,4,5,2,4,3,4,1,3,4,3,4,2,3,4,5,2,3,2,1,5,3,2,4,2,3,4,5,4,4,4.0,5.0,3.0,4.0,5.0,4.0,3.0,4.0,5.0,3.0,2.0,4.0,4.0,3.0,4.0,5.0,2.0,4.0,3,1,2,2,3,4.0,2,5,3,4,3,1,3,3,4,4,3,3,4,2,3,2,4,3,4,3,2,3,3,3,4,3,4,2,2,3,2,4,3,3,4,1,3,2,3,3,4,3,4,4,5,4,3,3,4,5,4,5,3,4,2,3,5,4,5,Anonymized,1281,25,2,-0.785376387,55,83,69,40.0,28,36,28,22,60,63,
45574.74306,45574.75762,0,Anonymized,100,1258,1,45574.75763,Anonymized,Anonymized,Anonymized,Anonymized,,Anonymized,Anonymized,anonymous,EN,,Anonymized,1.0,1,1,1,32,3,4,3,4,2,4,4,3,1,2,4,3,2,2,3,4,3,2,2,3,3,4,4,4,5,5,4,4,4,4,4,5,4,4,5,4,5,2,4,4,5,2,4,3,5,3,3,2,1,2,2,2,3,2,2,2,2,2,2,2,2,3,4.0,3.0,2.0,3.0,4.0,2.0,2.0,4.0,4.0,1.0,3.0,3.0,2.0,2.0,4.0,3.0,3.0,2.0,2,2,2,3,1,2.0,2,1,2,1,2,2,1,2,2,2,2,2,1,2,2,1,2,1,2,2,1,2,1,2,2,2,2,1,3,1,2,3,2,2,2,2,2,2,2,2,3,1,3,4,4,3,3,4,4,3,4,4,4,4,4,3,4,4,3,Anonymized,1258,32,1,-0.953491845,58,87,51,29.0,22,23,16,11,41,59,
45574.74255,45574.75803,0,Anonymized,100,1337,1,45574.75805,Anonymized,Anonymized,Anonymized,Anonymized,,Anonymized,Anonymized,anonymous,EN,1.0,Anonymized,1.0,1,1,1,53,1,1,1,2,1,1,2,1,2,2,1,2,3,1,4,2,1,1,2,1,4,5,5,5,5,5,4,4,4,3,5,5,3,2,5,1,5,1,5,4,2,1,3,2,4,2,2,5,1,1,2,5,3,2,2,4,1,4,1,4,2,2,2.0,2.0,4.0,4.0,1.0,2.0,3.0,4.0,2.0,2.0,1.0,1.0,1.0,2.0,1.0,4.0,2.0,3.0,4,2,3,2,2,3.0,1,3,3,5,4,4,2,1,1,2,2,1,1,1,1,1,1,1,1,2,1,1,1,2,1,1,2,1,3,1,1,1,2,1,1,1,1,1,1,1,1,1,1,4,3,3,3,5,5,3,4,5,3,4,4,4,3,3,2,Anonymized,1337,53,1,-0.845330729,32,82,53,26.0,15,38,11,8,25,58,
45574.74081,45574.75816,0,Anonymized,100,1499,1,45574.75817,Anonymized,Anonymized,Anonymized,Anonymized,,Anonymized,Anonymized,anonymous,EN,1.0,Anonymized,1.0,1,1,1,44,1,1,1,2,3,1,1,4,1,3,1,1,1,1,5,3,4,1,5,1,5,5,5,5,4,5,4,5,5,4,5,5,4,5,5,4,5,3,5,4,3,1,4,1,4,3,2,4,1,1,1,1,4,2,1,5,4,1,1,2,1,2,2.0,5.0,4.0,2.0,1.0,1.0,3.0,2.0,1.0,1.0,1.0,1.0,1.0,1.0,1.0,3.0,1.0,1.0,3,2,3,4,4,3.0,4,3,4,4,5,4,4,2,1,1,1,1,1,2,1,1,1,1,1,1,1,1,1,3,2,3,3,2,4,2,2,3,2,1,2,3,2,1,2,2,2,2,2,3,4,4,5,3,3,5,4,4,3,4,3,3,3,4,3,Anonymized,1499,44,1,-0.977607757,41,95,46,22.0,10,47,11,7,45,58,
45574.74363,45574.75821,0,Anonymized,100,1258,1,45574.75822,Anonymized,Anonymized,Anonymized,Anonymized,,Anonymized,Anonymized,anonymous,EN,1.0,Anonymized,1.0,1,1,1,55,2,3,4,3,4,3,4,2,3,3,2,2,5,3,4,3,5,1,3,2,4,4,3,5,4,4,4,5,4,3,4,5,4,4,4,3,5,2,3,3,3,1,3,1,2,3,1,3,1,1,1,3,3,2,1,2,2,1,1,5,1,1,4.0,5.0,3.0,2.0,3.0,2.0,3.0,3.0,2.0,3.0,2.0,2.0,3.0,2.0,1.0,2.0,1.0,5.0,3,3,2,2,1,4.0,1,3,3,4,3,3,4,1,2,4,2,2,1,1,1,1,2,1,1,1,1,1,1,3,2,2,3,2,4,3,1,2,3,1,2,3,2,2,3,3,3,2,3,5,4,4,4,3,3,4,3,4,4,3,3,5,4,5,4,Anonymized,1258,55,1,-0.882270047,61,80,39,30.0,18,36,15,8,49,62,
45574.74073,45574.75884,0,Anonymized,100,1564,1,45574.75885,Anonymized,Anonymized,Anonymized,Anonymized,,Anonymized,Anonymized,anonymous,EN,1.0,Anonymized,1.0,1,1,2,31,1,1,1,2,3,1,1,2,1,1,2,2,2,2,2,2,5,1,1,1,4,4,4,4,5,5,4,5,4,4,4,5,4,3,3,1,4,2,3,2,2,1,2,1,2,2,2,1,1,1,1,2,2,1,1,1,1,1,1,2,2,1,2.0,5.0,4.0,2.0,4.0,4.0,4.0,4.0,4.0,2.0,1.0,3.0,1.0,3.0,2.0,1.0,1.0,1.0,5,2,3,3,4,3.0,4,4,5,5,3,3,3,2,1,1,2,1,2,2,1,1,1,2,2,1,1,2,1,2,2,3,2,2,3,1,2,2,2,2,3,3,3,2,2,2,2,2,2,4,4,4,3,2,2,2,2,2,1,1,2,3,3,2,2,Anonymized,1564,31,2,-0.971832789,34,76,29,35.0,13,47,13,10,44,39,
45574.74259,45574.75903,0,Anonymized,100,1419,1,45574.75904,Anonymized,Anonymized,Anonymized,Anonymized,,Anonymized,Anonymized,anonymous,EN,1.0,Anonymized,1.0,1,1,1,28,3,2,2,3,1,2,2,2,3,3,5,2,2,2,2,2,5,4,4,4,4,4,4,3,4,4,4,4,4,4,4,4,3,4,3,2,4,2,4,4,4,2,2,2,3,2,2,2,2,2,2,2,3,2,2,2,2,2,2,2,2,2,1.0,2.0,3.0,2.0,4.0,3.0,4.0,3.0,4.0,5.0,1.0,1.0,1.0,3.0,3.0,1.0,3.0,4.0,4,4,3,4,4,4.0,3,3,4,4,4,3,3,2,2,2,3,2,2,2,1,1,2,1,2,3,2,2,2,3,3,3,2,3,3,3,3,3,3,1,2,3,3,2,3,2,2,3,2,2,2,3,3,3,2,4,4,2,2,2,2,2,4,3,3,Anonymized,1419,28,1,-0.957542405,55,77,44,31.0,17,47,17,14,52,43,
45574.74105,45574.75906,0,Anonymized,100,1556,1,45574.75908,Anonymized,Anonymized,Anonymized,Anonymized,,Anonymized,Anonymized,anonymous,EN,1.0,Anonymized,1.0,1,1,1,57,1,1,1,1,2,1,1,2,1,1,1,1,1,1,3,3,1,2,1,1,5,4,5,3,5,4,5,2,2,4,5,4,2,5,5,2,5,1,4,4,4,1,4,1,5,4,3,5,1,2,3,4,2,2,4,4,5,2,1,5,1,1,2.0,2.0,2.0,3.0,3.0,2.0,4.0,4.0,2.0,3.0,4.0,2.0,2.0,5.0,2.0,3.0,2.0,5.0,3,1,2,2,2,3.0,2,3,3,3,3,2,2,1,1,4,4,1,1,1,1,1,1,1,1,3,2,1,1,2,2,2,2,1,3,2,1,1,2,2,1,2,2,2,2,2,1,1,1,4,3,3,4,4,4,5,5,4,2,3,5,3,4,5,4,Anonymized,1556,57,1,-0.79950766,27,80,60,27.0,25,31,15,10,34,62,
45574.74104,45574.75935,0,Anonymized,100,1581,1,45574.75937,Anonymized,Anonymized,Anonymized,Anonymized,,Anonymized,Anonymized,anonymous,EN,0.899999976,Anonymized,1.0,1,1,2,37,2,2,2,2,4,2,2,2,2,2,2,4,2,3,2,2,5,2,4,4,4,4,4,4,4,4,4,4,4,4,4,4,4,4,4,3,4,3,4,4,4,1,1,1,1,2,1,3,1,1,1,1,1,1,1,2,1,1,1,4,1,2,1.0,3.0,4.0,4.0,5.0,2.0,5.0,2.0,2.0,2.0,1.0,3.0,1.0,5.0,2.0,2.0,2.0,2.0,2,1,1,1,2,2.0,1,2,2,2,1,1,1,4,3,3,4,4,3,3,1,1,1,1,1,4,4,4,1,3,3,3,4,3,3,3,2,2,3,1,3,3,3,2,3,2,2,3,1,4,4,4,4,4,4,4,4,4,4,4,4,3,4,3,3,Anonymized,1581,37,2,-0.681953128,52,82,29,30.0,18,19,26,16,52,61,
45574.74304,45574.75936,0,Anonymized,100,1409,1,45574.75937,Anonymized,Anonymized,Anonymized,Anonymized,,Anonymized,Anonymized,anonymous,EN,1.0,Anonymized,1.0,1,1,1,46,2,2,1,2,1,2,2,1,2,1,1,2,1,1,2,2,2,2,2,1,4,5,5,5,5,5,5,4,4,4,4,5,5,5,5,3,5,2,4,3,3,4,4,4,5,5,5,5,5,5,5,4,4,4,4,4,5,5,2,4,3,4,2.0,5.0,4.0,2.0,3.0,2.0,4.0,3.0,2.0,3.0,1.0,1.0,1.0,1.0,2.0,1.0,1.0,1.0,4,3,3,4,3,4.0,4,4,4,4,4,3,4,1,1,1,1,1,1,1,1,1,2,1,1,1,1,1,1,1,1,1,1,1,2,1,1,1,1,1,2,1,1,1,1,1,1,1,1,3,3,2,3,3,3,4,4,3,3,4,3,4,4,4,3,Anonymized,1409,46,1,-0.991888781,32,90,90,30.0,9,48,9,8,22,53,
45574.74619,45574.7601,0,Anonymized,100,1202,1,45574.76012,Anonymized,Anonymized,Anonymized,Anonymized,,Anonymized,Anonymized,anonymous,EN,1.0,Anonymized,1.0,1,1,1,27,2,2,4,2,1,3,2,4,2,2,3,3,1,2,4,4,1,4,2,4,4,5,4,4,3,3,4,5,4,3,4,4,3,2,3,2,2,3,4,3,3,2,4,2,4,2,3,4,4,2,5,4,2,3,4,4,2,2,4,4,2,4,4.0,2.0,4.0,4.0,2.0,3.0,2.0,4.0,4.0,3.0,1.0,1.0,2.0,1.0,4.0,2.0,2.0,4.0,4,2,3,2,2,4.0,3,2,3,4,4,2,3,2,3,2,1,2,2,3,2,2,2,2,3,2,1,2,3,1,2,2,3,2,3,2,3,3,1,2,3,2,1,2,2,2,2,1,3,3,2,4,3,4,4,4,4,4,3,4,4,3,3,4,4,Anonymized,1202,27,1,-0.900468719,52,72,67,32.0,17,38,19,15,42,57,
45574.74083,45574.76036,0,Anonymized,100,1687,1,45574.76038,Anonymized,Anonymized,Anonymized,Anonymized,,Anonymized,Anonymized,anonymous,EN,1.0,Anonymized,1.0,1,1,2,59,2,2,3,3,2,2,2,1,2,2,2,2,2,1,3,4,2,1,2,4,1,5,2,5,5,5,5,5,5,5,5,5,4,4,5,3,5,3,4,3,4,1,3,1,2,1,1,3,1,1,1,3,2,2,2,3,2,3,1,2,2,3,1.0,3.0,4.0,2.0,3.0,1.0,4.0,4.0,3.0,2.0,1.0,1.0,1.0,5.0,2.0,2.0,1.0,1.0,3,2,2,3,2,4.0,2,4,3,3,4,3,3,1,1,3,3,3,1,1,1,1,1,1,1,1,1,1,1,2,1,2,2,1,2,2,1,1,1,1,2,2,2,1,2,1,1,2,1,4,4,4,5,5,5,5,5,5,4,4,4,5,5,5,4,Anonymized,1687,59,2,-0.939756728,44,88,40,27.0,14,38,15,7,30,73,
45574.74081,45574.76044,0,Anonymized,100,1696,1,45574.76045,Anonymized,Anonymized,Anonymized,Anonymized,,Anonymized,Anonymized,anonymous,EN,0.899999976,Anonymized,1.0,1,1,2,52,3,4,2,1,1,4,2,1,2,1,4,2,3,1,5,3,5,1,1,4,5,4,5,4,5,5,5,5,5,5,5,4,5,5,5,4,5,3,5,5,5,1,4,1,4,2,2,5,1,1,1,4,1,1,1,4,4,4,1,3,1,3,1.0,5.0,4.0,5.0,5.0,5.0,5.0,5.0,4.0,1.0,3.0,1.0,1.0,4.0,3.0,4.0,1.0,5.0,3,2,2,5,4,4.0,1,4,4,4,4,3,4,1,1,4,3,2,1,1,1,1,1,4,4,2,1,1,1,2,2,2,4,2,3,2,3,4,2,1,4,2,4,2,2,4,4,1,3,4,4,3,2,4,5,4,5,3,2,2,4,3,5,4,3,Anonymized,1696,52,2,-0.843132811,50,99,49,40.0,22,44,15,14,53,57,
45574.74112,45574.76091,0,Anonymized,100,1709,1,45574.76092,Anonymized,Anonymized,Anonymized,Anonymized,,Anonymized,Anonymized,anonymous,EN,1.0,Anonymized,1.0,1,1,2,35,2,2,1,2,2,2,3,2,2,1,2,1,1,2,2,3,2,2,3,2,5,4,2,4,4,4,5,2,3,3,4,5,2,2,3,1,5,3,4,2,4,3,4,1,4,3,2,3,1,2,2,3,1,2,1,1,4,2,1,3,2,3,4.0,5.0,5.0,4.0,4.0,4.0,5.0,4.0,3.0,3.0,3.0,1.0,1.0,4.0,3.0,1.0,1.0,1.0,3,1,3,4,4,3.0,2,3,4,4,4,2,2,1,2,4,3,2,1,1,1,1,3,2,2,2,2,2,1,2,3,2,2,2,2,3,2,4,2,3,3,3,3,2,2,2,3,3,2,4,4,4,5,5,5,5,5,4,4,3,4,5,4,5,4,Anonymized,1709,35,2,-0.957074581,39,71,48,41.0,15,39,16,14,50,70,
45574.74119,45574.76109,0,Anonymized,100,1718,1,45574.76109,Anonymized,Anonymized,Anonymized,Anonymized,,Anonymized,Anonymized,anonymous,EN,1.0,Anonymized,1.0,1,1,1,55,2,1,2,2,4,3,3,4,2,3,3,2,3,2,2,2,2,2,2,3,4,4,4,5,5,4,4,5,5,5,5,4,5,5,5,3,5,2,4,2,4,4,5,2,4,5,3,5,2,2,2,4,2,2,2,4,4,4,4,4,4,3,1.0,3.0,5.0,1.0,3.0,3.0,1.0,4.0,1.0,2.0,2.0,3.0,1.0,2.0,2.0,3.0,5.0,4.0,2,2,2,3,2,2.0,1,3,3,4,3,2,2,1,1,2,2,2,1,1,2,1,1,1,1,2,2,2,1,2,1,2,2,1,2,3,2,2,2,1,1,2,2,1,2,1,2,2,1,5,3,2,4,4,4,4,3,4,3,3,3,3,4,4,3,Anonymized,1718,55,1,-0.957464656,49,89,71,24.0,22,31,13,10,34,56,
45574.74351,45574.76154,0,Anonymized,100,1557,1,45574.76155,Anonymized,Anonymized,Anonymized,Anonymized,,Anonymized,Anonymized,anonymous,EN,1.0,Anonymized,1.0,1,1,1,45,2,2,2,4,4,2,2,3,2,4,3,3,2,2,2,3,2,2,3,3,3,4,4,4,5,5,4,3,4,4,4,5,4,5,5,3,4,4,2,4,4,1,3,2,3,4,2,3,1,2,2,2,3,2,2,3,2,2,3,3,2,2,3.0,5.0,2.0,2.0,2.0,2.0,5.0,5.0,4.0,3.0,1.0,2.0,1.0,4.0,4.0,4.0,2.0,5.0,3,2,2,3,2,2.0,2,3,3,3,3,3,3,1,1,4,3,3,2,3,1,1,2,1,1,3,3,3,1,3,2,3,2,2,3,3,2,2,3,2,2,3,3,2,3,2,2,3,2,3,3,3,2,3,3,3,3,3,3,3,3,3,3,3,3,Anonymized,1557,45,1,-0.745760648,52,84,49,33.0,23,34,19,14,49,47,
45574.74071,45574.76162,0,Anonymized,100,1806,1,45574.76163,Anonymized,Anonymized,Anonymized,Anonymized,,Anonymized,Anonymized,anonymous,EN,1.0,Anonymized,1.0,1,1,2,46,1,1,1,1,3,1,2,1,1,1,1,1,1,1,3,3,2,1,3,1,5,4,4,5,4,5,5,4,5,5,5,5,5,5,5,2,5,4,5,5,5,2,2,1,1,1,1,5,1,1,1,1,1,1,1,2,2,1,1,1,1,1,1.0,5.0,5.0,4.0,1.0,5.0,2.0,3.0,2.0,1.0,2.0,1.0,2.0,3.0,1.0,3.0,1.0,1.0,1,1,1,1,1,1.0,1,1,1,1,1,1,2,1,1,1,2,1,1,1,1,1,1,1,1,1,1,1,1,1,2,2,1,1,2,2,1,1,1,2,1,2,2,1,1,2,1,1,1,5,5,5,5,5,5,5,5,5,5,5,5,5,5,5,5,Anonymized,1806,46,2,-0.94035911,30,97,29,29.0,14,14,10,7,28,80,
45574.74248,45574.76172,0,Anonymized,100,1663,1,45574.76173,Anonymized,Anonymized,Anonymized,Anonymized,,Anonymized,Anonymized,anonymous,EN,1.0,Anonymized,1.0,1,1,1,64,3,4,2,4,2,3,2,3,4,2,4,4,3,5,5,2,5,3,4,3,5,5,5,5,5,5,5,4,5,4,5,4,4,4,5,3,5,3,4,4,4,1,4,2,3,5,3,4,1,2,2,3,4,3,1,3,2,3,1,4,2,4,1.0,3.0,4.0,1.0,2.0,3.0,3.0,4.0,2.0,1.0,3.0,1.0,1.0,2.0,2.0,4.0,2.0,2.0,3,1,4,2,1,5.0,2,2,3,4,4,3,4,2,2,2,1,1,2,2,1,2,2,2,2,2,2,3,2,2,2,3,2,2,3,2,2,1,2,2,3,2,3,2,3,3,1,2,1,4,5,4,4,5,5,5,5,4,4,4,5,4,5,4,4,Anonymized,1663,64,1,-0.957528467,67,93,57,24.0,17,38,15,15,43,71,
45574.74058,45574.76229,0,Anonymized,100,1876,1,45574.76231,Anonymized,Anonymized,Anonymized,Anonymized,,Anonymized,Anonymized,anonymous,EN,1.0,Anonymized,1.0,1,1,1,45,3,3,2,3,3,2,2,4,4,2,3,3,3,4,4,2,3,3,3,2,4,4,3,4,4,4,4,4,3,3,4,5,3,3,4,3,5,2,3,3,2,2,4,2,4,4,2,3,1,1,1,3,3,2,2,2,2,1,1,3,1,4,2.0,3.0,1.0,3.0,4.0,5.0,5.0,4.0,4.0,2.0,4.0,2.0,1.0,4.0,1.0,4.0,2.0,1.0,2,2,2,2,3,3.0,2,2,4,3,3,2,4,4,4,2,4,1,4,3,3,4,4,3,4,3,3,4,4,3,4,4,4,4,3,3,4,4,4,4,4,4,3,4,4,3,3,4,3,3,3,1,3,4,3,4,2,2,3,2,3,3,3,2,2,Anonymized,1876,45,1,-0.872005375,58,74,48,33.0,19,34,29,25,73,43,
45574.74303,45574.76247,0,Anonymized,100,1679,1,45574.76248,Anonymized,Anonymized,Anonymized,Anonymized,,Anonymized,Anonymized,anonymous,EN,1.0,Anonymized,1.0,1,1,2,30,2,4,2,3,2,4,2,2,4,2,2,3,2,2,2,1,4,2,1,2,4,5,4,5,5,5,5,5,5,4,5,5,4,5,4,1,5,1,5,2,1,1,2,1,1,1,1,2,2,2,1,1,1,1,1,1,1,1,1,1,1,1,2.0,3.0,4.0,4.0,3.0,4.0,5.0,4.0,2.0,1.0,1.0,1.0,1.0,1.0,2.0,1.0,1.0,1.0,2,1,1,2,1,1.0,3,5,4,4,5,3,4,1,1,1,2,1,1,1,1,1,2,1,1,1,1,1,1,1,2,1,4,1,2,1,2,2,1,1,1,2,3,1,1,2,1,2,1,4,4,3,4,4,3,3,4,3,2,3,4,3,4,4,4,Anonymized,1679,30,2,-0.988082905,48,85,25,32.0,9,36,10,8,32,56,
45574.74248,45574.76251,0,Anonymized,100,1731,1,45574.76253,Anonymized,Anonymized,Anonymized,Anonymized,,Anonymized,Anonymized,anonymous,EN,1.0,Anonymized,1.0,1,1,1,47,2,3,1,3,3,2,1,2,2,2,2,2,2,2,2,3,3,2,3,1,5,5,5,4,4,4,4,5,5,5,5,5,4,4,4,3,5,1,4,4,4,1,2,1,1,2,2,3,1,1,1,2,2,1,1,1,2,1,1,1,2,3,2.0,5.0,2.0,1.0,2.0,4.0,5.0,3.0,3.0,5.0,1.0,1.0,1.0,2.0,1.0,1.0,1.0,3.0,3,2,2,3,3,2.0,1,3,4,4,4,3,4,2,2,2,2,1,2,2,1,1,2,2,2,1,1,1,1,2,3,2,2,1,2,3,1,2,2,1,3,2,3,1,2,2,2,2,2,4,4,3,3,3,4,4,4,3,3,4,4,4,3,4,4,Anonymized,1731,47,1,-0.943360166,43,89,32,32.0,11,38,15,10,40,58,
45574.74102,45574.76264,0,Anonymized,100,1868,1,45574.76266,Anonymized,Anonymized,Anonymized,Anonymized,,Anonymized,Anonymized,anonymous,EN,1.0,Anonymized,1.0,1,1,1,38,4,4,5,4,1,2,2,1,4,1,3,2,2,1,1,2,2,1,2,2,4,1,5,4,5,2,4,2,1,4,5,4,4,5,5,1,4,4,2,1,2,2,1,2,4,5,2,2,1,2,1,1,3,4,5,5,2,3,1,4,2,2,1.0,2.0,4.0,5.0,3.0,5.0,2.0,1.0,1.0,2.0,1.0,1.0,2.0,5.0,2.0,3.0,4.0,2.0,3,1,1,1,1,1.0,1,3,1,1,1,1,1,2,2,3,4,4,1,1,2,2,3,2,2,2,1,2,2,2,2,3,3,1,4,4,2,2,2,3,4,3,3,1,3,3,4,2,4,5,4,5,5,4,5,5,3,3,3,4,4,3,4,3,3,Anonymized,1868,38,1,-0.71758056,46,69,54,26.0,20,17,21,14,55,63,
45574.74438,45574.76308,0,Anonymized,100,1616,1,45574.76309,Anonymized,Anonymized,Anonymized,Anonymized,,Anonymized,Anonymized,anonymous,EN,1.0,Anonymized,1.0,1,1,2,62,2,3,1,3,4,2,4,2,3,1,2,3,4,2,3,4,2,2,3,3,5,4,4,5,4,5,4,4,4,4,5,5,3,3,4,2,5,1,4,3,3,1,2,1,2,1,1,4,2,1,1,3,1,1,1,1,3,1,1,2,1,1,1.0,3.0,4.0,4.0,2.0,2.0,5.0,3.0,2.0,2.0,1.0,1.0,1.0,2.0,1.0,1.0,2.0,1.0,2,1,1,2,2,2.0,1,3,3,3,3,2,2,2,2,1,2,1,1,1,1,1,2,1,2,1,1,1,1,1,2,2,3,1,2,3,1,3,2,1,4,2,3,1,2,2,4,2,2,3,3,3,3,3,3,3,3,4,3,2,3,2,2,2,3,Anonymized,1616,62,2,-0.937078413,53,81,32,28.0,10,27,12,9,43,45,
45574.74632,45574.76399,0,Anonymized,100,1526,1,45574.764,Anonymized,Anonymized,Anonymized,Anonymized,,Anonymized,Anonymized,anonymous,EN,1.0,Anonymized,1.0,1,1,1,27,1,1,1,1,2,1,1,1,1,1,1,1,1,1,1,1,1,1,1,1,5,5,5,5,5,5,5,5,3,3,5,5,5,5,5,1,5,1,5,3,3,1,1,1,1,1,1,1,1,1,1,1,1,1,1,1,1,1,1,1,1,1,1.0,3.0,4.0,1.0,1.0,1.0,5.0,4.0,1.0,1.0,2.0,1.0,1.0,1.0,3.0,1.0,1.0,1.0,1,1,1,1,1,1.0,1,2,2,3,1,3,4,1,1,1,1,1,1,1,1,1,1,1,1,1,1,1,1,1,1,1,1,1,1,1,1,1,1,1,1,1,1,1,1,1,1,1,1,5,5,3,4,4,4,4,5,4,4,4,4,3,2,1,1,Anonymized,1526,27,1,-0.965373281,21,89,21,22.0,11,22,9,7,20,57,
45574.75806,45574.7649,0,Anonymized,100,591,1,45574.76491,Anonymized,Anonymized,Anonymized,Anonymized,,Anonymized,Anonymized,anonymous,EN,1.0,Anonymized,1.0,1,1,1,37,4,1,1,2,1,4,2,1,4,1,2,3,4,2,1,1,4,1,2,2,4,2,2,2,5,5,5,3,1,1,5,4,1,1,4,1,4,1,4,2,4,2,1,1,2,1,1,4,1,1,1,4,4,1,1,3,1,3,1,4,3,1,1.0,3.0,2.0,3.0,5.0,5.0,4.0,1.0,1.0,2.0,2.0,1.0,1.0,4.0,2.0,1.0,4.0,4.0,2,1,1,1,1,3.0,2,2,2,3,3,3,4,4,4,4,4,4,4,2,1,2,2,3,3,3,2,2,1,3,3,4,4,4,3,3,4,3,3,2,3,4,3,3,3,4,4,3,3,4,4,2,4,4,3,4,4,5,4,5,5,4,4,4,5,Anonymized,591,37,1,-0.587603572,43,61,41,27.0,19,28,29,16,66,65,
45574.7408,45574.76536,0,Anonymized,100,2121,1,45574.76537,Anonymized,Anonymized,Anonymized,Anonymized,,Anonymized,Anonymized,anonymous,EN,1.0,Anonymized,1.0,1,1,1,56,1,1,1,1,1,1,1,1,1,1,1,1,1,1,3,1,3,1,1,1,5,5,5,5,5,5,5,5,4,4,5,5,4,4,5,2,5,3,5,4,4,1,1,1,1,1,1,4,1,1,1,1,1,1,1,1,1,1,1,1,1,1,1.0,5.0,3.0,2.0,1.0,2.0,4.0,5.0,1.0,1.0,1.0,1.0,1.0,3.0,2.0,2.0,1.0,1.0,1,1,1,1,1,1.0,1,3,1,4,4,1,1,1,1,1,2,1,1,1,1,1,1,1,1,1,1,1,1,2,1,3,1,2,2,2,2,1,2,1,1,2,2,1,2,1,1,3,1,3,3,2,2,2,2,2,2,1,1,2,2,2,2,2,2,Anonymized,2121,56,1,-0.971127911,24,94,24,25.0,12,21,10,7,33,32,
45574.7426,45574.76641,0,Anonymized,100,2056,1,45574.76642,Anonymized,Anonymized,Anonymized,Anonymized,,Anonymized,Anonymized,anonymous,EN,1.0,Anonymized,1.0,1,1,2,40,1,2,3,2,2,3,3,2,2,1,2,1,2,4,4,2,2,2,2,3,4,5,4,5,3,3,4,2,3,5,5,4,3,3,5,2,5,2,4,3,3,1,3,1,4,5,4,4,2,2,3,4,3,5,3,3,3,4,1,2,1,4,2.0,4.0,4.0,3.0,4.0,4.0,4.0,4.0,2.0,1.0,4.0,1.0,2.0,4.0,1.0,2.0,1.0,3.0,2,1,1,2,1,1.0,1,1,2,2,2,3,1,1,2,3,3,2,2,1,1,1,2,2,3,1,1,2,1,2,2,3,4,2,4,2,4,2,3,2,2,3,4,2,3,1,2,3,3,2,1,2,3,3,2,3,3,4,3,4,2,2,3,2,1,Anonymized,2056,40,2,-0.946815313,45,77,62,32.0,18,20,16,12,53,40,
45574.74081,45574.76829,0,Anonymized,100,2374,1,45574.7683,Anonymized,Anonymized,Anonymized,Anonymized,,Anonymized,Anonymized,anonymous,EN,1.0,Anonymized,1.0,1,1,1,47,1,1,1,1,1,1,3,2,1,1,1,1,1,1,3,2,1,1,1,1,5,5,5,5,5,5,5,5,5,5,5,5,5,5,5,5,5,3,5,5,5,3,4,3,4,2,2,5,2,2,2,4,3,4,2,5,5,2,3,5,5,4,2.0,2.0,4.0,2.0,4.0,5.0,4.0,5.0,1.0,3.0,5.0,1.0,1.0,4.0,1.0,4.0,1.0,1.0,2,1,1,1,1,2.0,1,5,5,4,5,4,5,2,1,1,3,1,1,2,1,1,1,1,1,1,1,1,1,1,1,2,4,1,1,1,1,1,2,1,1,1,1,1,1,2,1,1,1,5,2,1,5,3,4,4,5,5,2,4,5,1,3,3,3,Anonymized,2374,47,1,-0.98305683,26,103,71,32.0,18,37,13,7,26,55,
45574.74093,45574.77039,0,Anonymized,100,2545,1,45574.7704,Anonymized,Anonymized,Anonymized,Anonymized,,Anonymized,Anonymized,anonymous,EN,0.899999976,Anonymized,1.0,1,1,2,43,2,2,1,2,3,1,2,4,2,2,2,2,1,2,4,4,2,2,2,2,5,4,4,3,4,4,5,4,4,4,5,5,4,4,5,3,4,2,4,2,3,2,2,2,2,3,3,3,1,1,1,4,1,1,1,1,2,2,1,1,2,1,1.0,3.0,3.0,3.0,1.0,1.0,3.0,4.0,1.0,1.0,1.0,1.0,1.0,2.0,1.0,1.0,1.0,3.0,4,3,3,4,3,3.0,2,4,3,3,3,4,3,1,1,1,1,1,1,1,1,1,1,1,1,1,1,2,1,1,2,2,1,1,3,3,1,2,2,1,2,1,2,1,1,1,2,2,1,5,5,4,4,5,4,4,4,4,2,3,4,4,3,3,3,Anonymized,2545,43,2,-0.930797026,44,82,37,21.0,11,42,9,8,32,61,
45574.74677,45574.77103,0,Anonymized,100,2096,1,45574.77105,Anonymized,Anonymized,Anonymized,Anonymized,,Anonymized,Anonymized,anonymous,EN,1.0,Anonymized,1.0,1,1,1,35,2,4,1,4,3,2,2,3,3,3,4,2,2,2,3,3,4,3,3,3,3,4,4,3,3,3,3,3,3,3,3,3,3,3,3,2,3,2,3,2,2,1,3,1,2,2,2,4,1,1,1,2,2,1,1,1,3,2,1,3,1,1,2.0,2.0,2.0,3.0,3.0,2.0,4.0,3.0,3.0,3.0,1.0,1.0,1.0,3.0,1.0,1.0,2.0,1.0,2,3,2,3,3,3.0,3,3,3,3,3,3,3,3,3,2,3,2,2,2,1,1,2,2,2,2,1,2,2,3,2,3,2,3,3,3,3,2,3,2,3,3,3,3,3,2,3,3,3,3,3,3,3,2,2,2,2,2,2,3,3,3,2,2,2,Anonymized,2096,35,1,-0.969161754,56,61,36,27.0,11,37,19,13,55,39,
45574.74113,45574.77603,0,Anonymized,100,3015,1,45574.77604,Anonymized,Anonymized,Anonymized,Anonymized,,Anonymized,Anonymized,anonymous,EN,0.400000006,Anonymized,1.0,1,1,2,41,3,2,2,2,3,3,2,3,2,2,4,3,2,2,4,4,4,3,2,3,4,4,4,4,4,4,4,4,4,4,4,4,4,4,4,4,4,4,4,4,4,4,4,4,4,4,4,4,3,4,4,4,4,4,4,3,3,3,3,3,3,4,4.0,4.0,4.0,4.0,4.0,3.0,2.0,4.0,4.0,4.0,3.0,2.0,3.0,4.0,3.0,3.0,2.0,2.0,1,1,1,1,1,1.0,1,1,1,1,1,1,1,1,1,1,1,1,1,1,1,1,1,1,1,1,1,1,1,1,1,1,3,1,2,1,1,1,1,1,1,1,1,1,2,1,1,2,1,5,5,5,5,4,4,4,4,3,3,3,3,2,2,2,2,Anonymized,3015,41,2,-0.99788351,55,84,77,37.0,22,13,9,7,25,56,
45574.74206,45574.78686,0,Anonymized,100,3871,1,45574.78688,Anonymized,Anonymized,Anonymized,Anonymized,,Anonymized,Anonymized,anonymous,EN,1.0,Anonymized,1.0,1,1,1,32,1,1,1,1,2,1,1,1,1,1,1,1,1,1,4,2,2,3,2,3,5,5,5,5,5,5,5,4,5,5,5,5,5,4,5,3,4,3,5,4,4,2,1,1,3,3,2,1,1,1,1,1,2,1,1,3,1,1,1,3,1,1,1.0,3.0,3.0,2.0,3.0,2.0,4.0,2.0,1.0,1.0,1.0,1.0,1.0,2.0,1.0,1.0,1.0,2.0,3,1,1,1,1,1.0,1,3,2,2,2,1,2,1,1,1,1,1,1,1,1,1,1,1,1,1,1,1,1,2,2,2,1,1,2,1,1,1,1,1,1,2,1,1,1,1,1,1,1,5,5,5,5,5,5,4,5,4,5,5,5,4,5,5,5,Anonymized,3871,32,1,-0.981520259,31,96,32,22.0,10,21,9,7,25,77,
45581.45383,45581.45895,0,Anonymized,100,441,1,45581.45895,Anonymized,Anonymized,Anonymized,Anonymized,,Anonymized,Anonymized,anonymous,EN,1.0,Anonymized,1.0,1,1,1,70,1,1,1,4,5,1,1,1,1,5,1,1,1,1,3,5,3,3,4,1,2,4,4,4,4,4,4,4,4,4,4,4,2,3,4,2,4,1,4,4,4,1,1,1,1,1,1,1,1,1,1,1,1,1,1,1,1,1,1,1,1,1,1.0,5.0,2.0,1.0,3.0,1.0,4.0,1.0,4.0,3.0,3.0,1.0,1.0,1.0,1.0,1.0,1.0,1.0,1,1,1,1,1,1.0,1,1,1,1,1,1,1,1,1,1,1,1,1,1,1,1,1,1,1,1,1,1,1,1,1,2,1,1,2,2,1,1,1,1,1,2,2,1,2,1,1,2,1,5,5,5,5,5,5,5,5,5,5,5,5,5,5,5,5,Anonymized,441,70,1,-0.983112915,44,74,21,25.0,10,13,9,7,27,80,
45581.45332,45581.45896,0,Anonymized,100,486,1,45581.45898,Anonymized,Anonymized,Anonymized,Anonymized,,Anonymized,Anonymized,anonymous,EN,1.0,Anonymized,1.0,1,1,1,44,2,2,1,2,3,1,1,1,1,2,2,1,1,4,3,5,1,2,2,2,3,4,4,5,5,5,4,4,4,4,4,4,5,5,4,2,4,1,3,3,4,1,1,1,1,3,2,1,1,1,1,1,1,3,1,4,4,4,1,1,1,2,2.0,3.0,3.0,1.0,2.0,2.0,4.0,4.0,3.0,3.0,3.0,1.0,1.0,2.0,1.0,3.0,2.0,1.0,4,1,2,2,1,4.0,1,3,3,4,3,2,4,1,1,1,1,1,1,2,1,1,2,2,2,2,1,2,1,2,3,2,2,2,2,4,3,4,2,2,3,1,2,2,1,3,4,2,3,4,2,4,4,3,4,3,4,4,3,4,4,4,4,4,2,Anonymized,486,44,1,-0.88265882,39,81,36,27.0,14,34,10,12,49,57,
45581.45414,45581.45958,0,Anonymized,100,470,1,45581.4596,Anonymized,Anonymized,Anonymized,Anonymized,,Anonymized,Anonymized,anonymous,EN,1.0,Anonymized,1.0,1,1,2,51,2,2,2,2,3,1,2,2,2,3,2,2,2,2,4,3,3,2,2,2,4,4,3,4,3,4,3,4,4,4,4,4,3,3,4,4,3,3,4,2,3,2,3,1,2,3,2,2,1,2,2,3,1,2,1,1,2,2,1,1,1,2,2.0,2.0,3.0,5.0,3.0,3.0,4.0,4.0,4.0,4.0,2.0,2.0,1.0,2.0,3.0,2.0,4.0,2.0,2,1,2,3,1,4.0,4,4,3,2,3,2,5,2,2,2,2,1,2,1,1,1,2,2,2,2,1,2,2,2,2,2,2,2,3,3,2,2,2,2,2,2,3,1,2,2,2,2,2,4,4,4,4,3,3,3,5,4,4,5,4,4,4,3,3,Anonymized,470,51,2,-0.940882787,45,74,37,34.0,18,36,14,13,42,61,
45581.45377,45581.45992,0,Anonymized,100,530,1,45581.45993,Anonymized,Anonymized,Anonymized,Anonymized,,Anonymized,Anonymized,anonymous,EN,1.0,Anonymized,1.0,1,1,1,63,2,1,1,2,4,1,1,2,1,4,1,1,1,1,4,3,4,2,5,4,4,5,5,5,5,5,5,5,5,5,5,5,5,5,5,4,5,2,4,3,4,2,3,2,2,4,1,3,1,1,1,1,3,1,1,1,1,1,1,1,1,1,1.0,3.0,2.0,2.0,1.0,1.0,5.0,2.0,2.0,4.0,2.0,4.0,1.0,3.0,1.0,2.0,1.0,4.0,4,2,3,3,2,4.0,1,4,4,4,4,3,3,1,1,3,3,3,1,1,1,1,2,1,1,1,1,1,1,3,2,2,3,1,3,2,1,1,2,1,1,1,1,1,2,1,1,1,1,5,5,3,4,5,4,4,4,3,3,4,5,4,5,5,5,Anonymized,530,63,1,-0.859309542,45,96,33,23.0,18,41,15,8,31,68,
45581.45429,45581.4602,0,Anonymized,100,509,1,45581.46021,Anonymized,Anonymized,Anonymized,Anonymized,,Anonymized,Anonymized,anonymous,EN,1.0,Anonymized,1.0,1,1,2,41,2,2,1,2,4,1,1,2,1,2,2,1,1,1,3,1,1,3,3,1,5,5,4,2,5,4,3,4,5,5,4,4,5,5,4,5,5,3,5,4,3,1,4,1,2,4,3,4,4,5,5,3,1,2,1,2,3,1,1,4,2,1,2.0,5.0,3.0,5.0,2.0,2.0,5.0,5.0,4.0,2.0,1.0,1.0,1.0,4.0,2.0,1.0,1.0,3.0,3,2,4,3,2,2.0,1,4,4,4,3,4,2,1,1,2,4,1,2,1,1,1,2,2,2,1,1,3,1,2,1,3,3,2,4,2,2,1,2,1,3,2,2,2,2,1,1,2,1,3,3,4,5,4,4,5,5,3,3,2,4,3,4,4,5,Anonymized,509,41,2,-0.916409181,35,89,54,35.0,14,38,14,12,39,61,
45581.45384,45581.46031,0,Anonymized,100,559,1,45581.46033,Anonymized,Anonymized,Anonymized,Anonymized,,Anonymized,Anonymized,anonymous,EN,1.0,Anonymized,1.0,1,1,1,43,2,2,4,3,2,2,2,4,3,2,3,4,3,3,4,1,4,2,3,2,4,4,4,4,4,4,4,4,4,4,4,4,4,4,4,4,4,4,4,4,4,2,4,3,4,4,4,4,3,2,2,4,5,3,2,4,3,3,1,4,1,3,4.0,5.0,4.0,1.0,2.0,4.0,5.0,5.0,5.0,1.0,1.0,3.0,1.0,5.0,3.0,2.0,4.0,4.0,1,1,1,1,1,1.0,1,1,1,1,1,1,1,1,1,3,4,2,1,1,1,1,2,2,2,1,1,2,1,2,3,2,2,2,3,2,2,2,2,3,1,2,2,1,2,3,2,2,2,4,4,4,4,4,4,4,4,4,4,4,4,4,4,4,4,Anonymized,559,43,1,-0.914898993,55,84,65,36.0,23,13,15,11,42,64,
45581.4534,45581.46056,0,Anonymized,100,618,1,45581.46057,Anonymized,Anonymized,Anonymized,Anonymized,,Anonymized,Anonymized,anonymous,EN,1.0,Anonymized,1.0,1,1,2,23,4,4,1,4,2,4,2,3,3,2,4,4,3,4,4,3,5,3,3,4,4,3,3,5,2,4,4,3,4,4,4,4,4,3,4,2,4,2,3,2,4,2,4,2,4,4,2,3,2,2,2,3,3,3,3,4,2,2,2,3,2,3,1.0,4.0,4.0,2.0,3.0,4.0,4.0,4.0,2.0,2.0,2.0,1.0,1.0,3.0,3.0,2.0,1.0,3.0,3,2,2,2,2,2.0,1,2,2,2,2,2,2,3,3,4,3,2,2,2,2,1,2,2,2,2,1,2,2,2,3,2,3,2,3,3,3,2,3,1,3,3,3,2,3,1,2,3,2,3,3,3,3,4,3,2,2,3,3,2,3,2,3,2,3,Anonymized,618,23,2,-0.921768904,66,72,57,30.0,16,26,22,13,49,44,
45581.45334,45581.46072,0,Anonymized,100,637,1,45581.46073,Anonymized,Anonymized,Anonymized,Anonymized,,Anonymized,Anonymized,anonymous,EN,1.0,Anonymized,1.0,1,1,1,37,4,4,4,5,3,3,3,4,5,3,4,3,4,1,5,1,5,3,5,4,4,5,2,5,5,5,2,4,4,4,5,5,2,2,4,1,3,1,4,1,2,1,1,1,1,1,1,1,1,1,1,1,1,1,1,1,1,1,1,1,1,1,1.0,3.0,1.0,3.0,3.0,2.0,4.0,5.0,3.0,1.0,2.0,1.0,1.0,4.0,2.0,1.0,4.0,4.0,1,1,1,1,1,1.0,1,1,2,1,1,1,1,1,1,2,2,1,1,1,1,1,1,1,1,1,1,1,1,2,2,2,2,1,2,2,1,2,2,2,4,3,2,1,2,2,2,2,1,5,5,5,5,3,2,2,2,3,3,4,4,2,3,2,2,Anonymized,637,37,1,-0.956131382,73,70,21,26.0,19,14,11,7,39,52,
45581.45355,45581.46076,0,Anonymized,100,622,1,45581.46078,Anonymized,Anonymized,Anonymized,Anonymized,,Anonymized,Anonymized,anonymous,EN,1.0,Anonymized,1.0,1,1,1,34,4,4,3,4,3,4,4,2,4,2,5,2,2,2,4,5,5,4,3,4,4,4,4,5,4,4,5,4,5,3,4,5,4,2,4,3,4,3,2,4,3,1,1,1,1,1,1,1,1,1,1,1,4,1,1,1,1,1,1,1,1,1,2.0,1.0,3.0,3.0,4.0,2.0,4.0,5.0,2.0,3.0,1.0,1.0,1.0,2.0,1.0,1.0,1.0,1.0,3,2,2,2,2,2.0,2,3,2,2,3,1,2,1,1,1,2,1,1,1,1,1,1,1,1,2,1,2,1,2,2,3,2,1,3,3,2,3,3,2,2,3,2,2,2,4,4,3,3,5,5,4,5,3,4,5,5,4,4,4,2,4,3,3,2,Anonymized,622,34,1,-0.949879962,70,80,24,29.0,9,28,10,9,51,62,
45581.45329,45581.46087,0,Anonymized,100,654,1,45581.46087,Anonymized,Anonymized,Anonymized,Anonymized,,Anonymized,Anonymized,anonymous,EN,1.0,Anonymized,1.0,1,1,1,32,4,4,2,4,1,4,4,4,2,4,2,4,3,2,4,5,5,1,4,4,4,4,4,5,2,2,4,4,4,4,4,2,4,4,2,4,4,4,2,2,4,1,4,4,4,1,2,4,3,4,4,2,2,4,4,3,2,4,2,4,4,4,3.0,2.0,4.0,3.0,5.0,4.0,5.0,4.0,4.0,4.0,1.0,3.0,1.0,4.0,2.0,2.0,3.0,4.0,2,1,2,2,1,1.0,4,4,2,1,2,2,4,2,2,3,3,3,2,3,1,2,4,3,3,2,3,3,3,2,4,2,2,1,3,3,2,2,2,3,2,3,2,2,2,4,2,2,2,5,4,2,4,2,3,4,5,5,4,5,5,4,5,4,5,Anonymized,654,32,1,-0.792825605,67,73,66,38.0,20,28,21,21,47,66,
45581.45406,45581.46094,0,Anonymized,100,593,1,45581.46095,Anonymized,Anonymized,Anonymized,Anonymized,,Anonymized,Anonymized,anonymous,EN,1.0,Anonymized,1.0,1,1,2,30,3,2,3,4,5,3,3,2,3,3,3,1,3,2,3,2,3,4,3,2,2,3,2,3,4,4,3,3,4,4,3,4,4,4,4,3,4,3,4,3,4,1,3,1,4,2,4,1,1,1,1,2,2,1,2,2,1,2,1,2,1,2,3.0,3.0,4.0,1.0,3.0,2.0,2.0,3.0,3.0,3.0,1.0,3.0,1.0,4.0,4.0,1.0,1.0,3.0,4,2,4,4,4,4.0,3,4,4,4,4,4,4,2,2,1,3,3,3,3,1,2,3,3,3,3,3,3,3,3,3,2,2,3,4,2,2,3,2,1,3,3,4,2,4,2,3,2,3,4,3,2,2,3,4,2,2,3,2,2,3,3,2,2,3,Anonymized,593,30,2,-0.902161174,57,72,37,27.0,18,49,20,21,53,42,
45581.45407,45581.46111,0,Anonymized,100,608,1,45581.46112,Anonymized,Anonymized,Anonymized,Anonymized,,Anonymized,Anonymized,anonymous,EN,1.0,Anonymized,1.0,1,1,1,31,3,4,2,4,2,1,2,3,3,3,2,2,1,1,5,2,5,2,2,1,4,2,4,4,4,5,4,4,5,2,3,5,5,2,4,1,2,2,4,4,4,2,5,2,4,4,1,2,1,1,2,5,4,2,1,3,1,1,2,3,1,4,3.0,2.0,3.0,2.0,5.0,5.0,5.0,4.0,4.0,1.0,1.0,1.0,1.0,3.0,2.0,3.0,3.0,3.0,1,1,1,1,1,1.0,1,1,1,1,1,1,2,2,2,2,2,3,1,2,1,1,2,1,1,2,1,3,1,3,3,3,3,2,3,2,2,3,3,2,3,3,4,3,3,2,3,2,2,2,2,3,4,2,2,4,5,4,3,2,5,2,3,4,3,Anonymized,608,31,1,-0.805736943,50,74,51,34.0,17,14,16,11,54,50,
45581.45436,45581.46119,0,Anonymized,100,590,1,45581.46121,Anonymized,Anonymized,Anonymized,Anonymized,,Anonymized,Anonymized,anonymous,EN,1.0,Anonymized,1.0,1,1,2,46,1,1,1,1,1,1,1,2,1,2,1,1,1,2,2,2,4,3,2,3,4,5,4,5,5,5,4,4,5,5,5,4,5,4,5,4,5,3,5,4,5,1,4,1,3,1,1,4,1,1,1,4,1,3,1,2,2,1,1,4,1,4,2.0,3.0,5.0,3.0,4.0,4.0,4.0,5.0,1.0,1.0,2.0,1.0,1.0,2.0,1.0,1.0,2.0,4.0,2,1,1,1,1,3.0,1,1,1,2,2,1,1,2,2,4,2,4,4,1,1,1,2,2,2,1,1,2,1,3,2,3,3,2,3,3,3,1,3,1,3,3,3,2,3,1,2,3,1,5,5,3,5,4,4,2,4,5,5,5,4,3,3,3,2,Anonymized,590,46,2,-0.952432376,33,95,42,32.0,14,18,21,11,48,62,
45581.4545,45581.46133,0,Anonymized,100,590,1,45581.46134,Anonymized,Anonymized,Anonymized,Anonymized,,Anonymized,Anonymized,anonymous,EN,1.0,Anonymized,1.0,1,1,1,19,4,3,2,2,3,4,2,3,4,4,3,2,4,2,3,4,2,3,3,2,4,5,4,5,3,4,5,5,5,5,2,5,4,3,4,5,5,3,3,4,2,2,4,2,4,2,3,4,3,2,3,4,3,2,1,4,5,2,3,2,3,4,2.0,4.0,3.0,4.0,3.0,4.0,4.0,5.0,5.0,2.0,2.0,3.0,2.0,4.0,3.0,2.0,3.0,2.0,4,3,4,2,3,4.0,2,3,4,3,2,4,2,3,2,2,2,1,2,3,2,2,3,2,3,2,2,3,2,2,2,1,2,1,2,2,2,1,1,2,1,3,2,2,2,3,2,3,3,4,3,4,2,5,4,5,4,4,3,4,5,3,4,3,3,Anonymized,590,19,1,-0.948852049,59,85,62,36.0,21,40,19,17,39,60,
45581.45359,45581.46139,0,Anonymized,100,673,1,45581.4614,Anonymized,Anonymized,Anonymized,Anonymized,,Anonymized,Anonymized,anonymous,EN,1.0,Anonymized,1.0,1,1,2,31,1,1,4,2,2,1,1,1,1,2,3,2,1,1,3,3,4,1,2,3,5,5,4,4,4,5,5,3,5,4,5,5,5,5,5,4,4,4,4,5,5,4,5,2,4,4,3,5,1,1,1,4,1,1,1,4,1,1,4,3,3,1,2.0,5.0,4.0,1.0,4.0,3.0,5.0,5.0,2.0,1.0,2.0,1.0,1.0,2.0,2.0,2.0,1.0,1.0,1,1,1,1,1,1.0,1,1,1,1,1,1,1,1,1,2,2,2,2,3,1,1,2,2,2,2,2,2,1,2,3,3,2,1,3,3,1,3,2,2,2,3,3,2,2,3,3,3,2,5,5,3,4,5,5,5,5,5,5,5,5,5,5,5,5,Anonymized,673,31,2,-0.985029838,39,95,54,32.0,12,13,15,13,48,77,
45581.45439,45581.46194,0,Anonymized,100,652,1,45581.46196,Anonymized,Anonymized,Anonymized,Anonymized,,Anonymized,Anonymized,anonymous,EN,1.0,Anonymized,1.0,1,1,2,38,4,5,2,5,2,4,4,4,5,2,5,5,5,2,4,1,5,1,2,2,5,4,4,4,5,4,4,5,5,5,5,4,4,2,4,4,5,2,4,4,2,2,3,1,4,5,3,5,2,2,1,5,2,3,1,1,2,2,2,4,2,2,1.0,4.0,4.0,5.0,3.0,2.0,5.0,4.0,2.0,2.0,1.0,1.0,1.0,3.0,2.0,2.0,2.0,1.0,4,2,3,3,3,4.0,4,4,4,3,5,4,5,1,1,1,2,1,1,1,1,1,2,1,2,1,1,2,1,3,2,3,1,1,2,3,3,4,2,1,3,2,3,1,2,4,2,2,1,4,4,5,3,4,4,4,3,5,4,4,4,3,5,4,3,Anonymized,652,38,2,-0.959605911,69,85,54,32.0,13,48,10,10,45,63,
45581.45365,45581.46194,0,Anonymized,100,717,1,45581.46196,Anonymized,Anonymized,Anonymized,Anonymized,,Anonymized,Anonymized,anonymous,EN,1.0,Anonymized,1.0,1,1,1,32,4,5,2,4,3,4,3,2,4,3,5,1,4,4,5,2,5,1,3,2,4,5,3,2,4,5,4,2,3,3,4,5,3,3,4,1,4,2,3,4,4,2,3,1,2,4,4,3,2,3,3,4,5,3,3,2,1,2,1,5,3,3,1.0,4.0,2.0,1.0,3.0,3.0,4.0,5.0,4.0,3.0,2.0,1.0,1.0,4.0,3.0,1.0,1.0,1.0,5,2,5,3,3,5.0,1,5,4,4,4,2,5,4,4,1,3,3,4,3,1,2,4,4,4,4,1,3,4,3,4,4,3,3,3,3,4,4,4,3,4,4,3,3,3,4,4,3,3,4,5,5,2,4,2,3,4,4,4,3,4,3,3,4,4,Anonymized,717,32,1,-0.89476711,66,72,59,30.0,14,48,25,24,69,58,
45581.45361,45581.46225,0,Anonymized,100,745,1,45581.46225,Anonymized,Anonymized,Anonymized,Anonymized,,Anonymized,Anonymized,anonymous,EN,1.0,Anonymized,1.0,1,1,1,40,2,1,1,2,3,2,1,4,1,4,1,1,1,4,5,1,2,1,3,2,4,2,4,5,5,1,4,2,4,5,5,5,4,4,5,1,5,1,3,2,2,2,1,1,4,4,1,2,2,4,3,4,3,1,1,1,4,2,1,1,2,1,1.0,4.0,4.0,2.0,4.0,4.0,5.0,2.0,4.0,3.0,1.0,1.0,1.0,1.0,1.0,1.0,1.0,4.0,4,1,4,3,4,4.0,3,5,2,4,5,4,5,2,2,3,1,1,2,1,1,1,1,1,2,1,1,1,1,2,1,2,3,2,2,2,1,2,2,2,2,3,2,2,2,2,1,2,2,4,5,3,3,3,3,4,4,4,4,2,5,4,5,4,4,Anonymized,745,40,1,-0.906463579,42,73,45,33.0,11,48,14,8,39,61,
45581.4541,45581.46226,0,Anonymized,100,704,1,45581.46226,Anonymized,Anonymized,Anonymized,Anonymized,,Anonymized,Anonymized,anonymous,EN,1.0,Anonymized,1.0,1,1,1,78,2,3,1,2,2,2,1,4,1,5,3,2,3,1,5,1,4,2,5,2,4,5,5,5,5,5,4,4,3,2,5,5,3,1,2,1,5,1,5,2,2,1,2,1,2,5,4,3,4,1,2,4,5,2,1,1,5,3,1,4,1,2,1.0,3.0,2.0,2.0,1.0,1.0,5.0,2.0,1.0,4.0,2.0,1.0,1.0,2.0,1.0,2.0,3.0,3.0,2,1,1,1,2,2.0,1,3,4,3,4,4,2,1,1,2,2,1,1,1,1,1,1,1,1,2,1,1,1,2,1,3,1,1,2,1,1,1,2,2,2,1,1,1,2,1,1,1,1,2,2,3,4,5,4,5,5,3,2,1,5,4,4,5,5,Anonymized,704,78,1,-0.937949447,51,74,54,22.0,15,30,11,8,28,59,
45581.45353,45581.46248,0,Anonymized,100,772,1,45581.46249,Anonymized,Anonymized,Anonymized,Anonymized,,Anonymized,Anonymized,anonymous,EN,1.0,Anonymized,1.0,1,1,2,67,1,1,1,2,2,1,1,3,1,2,1,1,1,1,4,2,3,2,4,1,5,5,5,5,5,5,5,5,5,5,5,5,5,5,5,4,5,4,4,4,4,1,1,1,1,1,1,3,1,1,1,1,1,1,1,1,1,1,1,2,1,1,1.0,1.0,2.0,1.0,1.0,2.0,5.0,2.0,1.0,2.0,1.0,1.0,1.0,2.0,1.0,2.0,1.0,1.0,1,1,1,1,1,1.0,1,1,1,1,1,3,2,1,1,1,1,1,1,1,1,1,1,1,1,1,1,1,1,1,1,1,1,1,2,1,1,1,1,1,1,1,1,1,1,2,1,1,1,4,4,3,4,4,2,2,2,3,2,3,3,4,3,3,2,Anonymized,772,67,2,-0.977900999,35,100,24,18.0,10,16,9,7,22,48,
45581.4538,45581.46269,0,Anonymized,100,767,1,45581.4627,Anonymized,Anonymized,Anonymized,Anonymized,,Anonymized,Anonymized,anonymous,EN,1.0,Anonymized,1.0,1,1,1,40,3,4,4,3,2,4,3,3,3,3,4,4,4,4,3,4,3,3,3,3,2,3,3,3,3,3,3,3,3,3,3,3,3,3,3,3,3,3,3,3,3,2,2,2,2,2,2,2,2,2,2,2,2,2,2,2,2,2,2,2,2,2,2.0,3.0,3.0,4.0,3.0,3.0,3.0,3.0,3.0,3.0,4.0,1.0,1.0,4.0,2.0,2.0,1.0,1.0,2,2,2,2,2,3.0,2,3,2,2,2,2,2,2,3,1,2,1,3,2,1,2,2,2,2,2,1,3,3,3,2,3,2,2,3,3,2,2,3,2,2,3,3,2,3,2,2,3,2,3,3,3,3,4,4,3,4,3,4,4,3,3,4,4,4,Anonymized,767,40,1,-0.934702675,67,62,42,30.0,16,28,17,15,49,56,
45581.45352,45581.46272,0,Anonymized,100,795,1,45581.46273,Anonymized,Anonymized,Anonymized,Anonymized,,Anonymized,Anonymized,anonymous,EN,1.0,Anonymized,1.0,1,1,1,42,2,3,1,2,3,2,2,3,2,2,2,1,1,1,2,3,2,3,3,2,4,4,4,5,5,5,4,4,5,4,4,4,3,3,4,2,5,3,4,3,3,2,4,2,4,3,3,2,2,2,2,2,3,1,1,2,2,2,1,1,1,1,1.0,2.0,3.0,2.0,3.0,2.0,2.0,4.0,2.0,2.0,1.0,1.0,1.0,2.0,2.0,1.0,1.0,1.0,1,1,1,1,1,1.0,1,1,1,1,1,1,1,1,1,1,2,2,1,1,1,1,1,1,1,1,1,1,1,2,2,3,2,1,3,2,1,1,2,1,2,2,3,1,2,1,1,2,1,3,3,2,3,3,3,2,2,4,3,3,3,3,2,2,2,Anonymized,795,42,1,-0.980555747,42,82,43,23.0,10,13,11,7,35,43,
45581.45378,45581.46275,0,Anonymized,100,774,1,45581.46277,Anonymized,Anonymized,Anonymized,Anonymized,,Anonymized,Anonymized,anonymous,EN,1.0,Anonymized,1.0,1,1,2,59,2,1,2,2,4,1,2,1,3,1,2,2,2,2,1,2,1,4,4,2,2,4,2,2,3,2,1,2,2,1,2,5,2,4,4,4,4,3,4,3,3,2,2,2,1,2,2,1,2,1,1,1,3,1,1,1,1,1,1,3,1,1,2.0,5.0,2.0,2.0,4.0,2.0,3.0,2.0,2.0,2.0,2.0,1.0,1.0,1.0,2.0,1.0,1.0,1.0,2,2,1,2,1,1.0,1,2,2,1,1,2,1,1,1,2,2,1,2,1,1,1,2,1,1,2,2,1,1,2,1,1,2,1,2,1,1,1,2,1,1,1,2,1,2,1,1,1,1,4,3,1,2,4,4,3,4,4,5,4,4,3,4,4,4,Anonymized,774,59,2,-0.891925576,41,59,31,26.0,10,19,12,10,26,57,
45581.45355,45581.46281,0,Anonymized,100,800,1,45581.46282,Anonymized,Anonymized,Anonymized,Anonymized,,Anonymized,Anonymized,anonymous,EN,1.0,Anonymized,1.0,1,1,1,27,2,2,1,2,2,2,1,2,2,2,4,1,1,1,5,2,4,3,2,2,3,5,4,5,5,5,4,5,4,4,4,2,2,3,5,2,5,1,2,4,4,1,4,1,2,4,2,4,5,5,4,5,4,2,2,5,4,4,1,4,4,4,1.0,2.0,4.0,2.0,4.0,4.0,5.0,4.0,3.0,4.0,2.0,1.0,2.0,3.0,4.0,1.0,1.0,2.0,4,1,2,1,2,3.0,1,3,2,2,2,1,1,3,2,3,2,1,2,2,1,1,2,2,1,2,1,1,1,2,2,2,3,2,2,2,3,3,2,1,2,2,3,2,2,3,2,2,2,3,2,3,4,3,2,4,4,4,3,3,4,3,4,3,4,Anonymized,800,27,1,-0.928337276,43,78,71,33.0,16,25,17,10,44,53,
45581.45367,45581.46322,0,Anonymized,100,825,1,45581.46324,Anonymized,Anonymized,Anonymized,Anonymized,,Anonymized,Anonymized,anonymous,EN,1.0,Anonymized,1.0,1,1,2,19,2,4,2,5,2,1,2,3,4,2,4,5,2,2,5,3,5,3,4,1,5,4,5,4,4,4,4,3,4,5,5,5,4,4,5,2,4,2,5,4,4,2,4,1,4,3,2,2,1,2,2,4,1,2,2,4,4,2,2,4,2,5,1.0,5.0,3.0,4.0,2.0,1.0,4.0,2.0,1.0,2.0,5.0,2.0,2.0,3.0,1.0,3.0,1.0,1.0,2,1,2,2,1,3.0,1,1,1,3,2,2,2,1,1,3,2,2,1,1,1,1,1,1,1,1,2,2,1,2,2,1,2,2,2,2,1,3,1,1,2,2,3,1,1,1,2,2,1,1,1,2,2,1,1,2,1,1,2,2,1,1,2,1,1,Anonymized,825,19,2,-0.963358212,61,86,55,25.0,18,23,13,9,34,22,
45581.45351,45581.46336,0,Anonymized,100,850,1,45581.46337,Anonymized,Anonymized,Anonymized,Anonymized,,Anonymized,Anonymized,anonymous,EN,1.0,Anonymized,1.0,1,1,2,29,4,4,3,4,1,4,4,1,4,2,2,2,3,2,3,4,5,3,2,4,5,4,5,4,4,3,4,2,5,4,4,4,3,4,4,2,5,2,2,3,3,2,2,2,1,5,2,4,1,4,4,4,3,1,1,2,4,4,4,5,3,4,2.0,5.0,4.0,4.0,3.0,4.0,4.0,3.0,4.0,5.0,2.0,2.0,3.0,4.0,4.0,1.0,3.0,5.0,3,2,3,3,3,4.0,2,4,4,4,3,3,4,3,4,3,2,2,3,2,1,1,4,4,4,3,2,2,2,3,4,4,4,4,3,3,4,4,3,1,4,3,4,4,4,3,4,3,2,4,4,3,4,3,3,3,3,4,4,3,4,3,3,3,3,Anonymized,850,29,2,-0.744394538,61,76,62,38.0,24,42,21,21,68,54,
45581.4544,45581.46337,0,Anonymized,100,774,1,45581.46338,Anonymized,Anonymized,Anonymized,Anonymized,,Anonymized,Anonymized,anonymous,EN,1.0,Anonymized,1.0,1,1,2,48,1,1,1,2,3,2,3,3,2,3,3,3,1,1,4,4,4,2,4,2,3,4,4,4,5,5,4,4,5,5,5,4,5,4,5,2,3,1,3,4,3,1,3,1,3,1,1,3,1,1,2,2,1,2,2,3,1,1,1,2,1,3,2.0,3.0,3.0,4.0,3.0,2.0,3.0,3.0,1.0,2.0,2.0,1.0,1.0,2.0,2.0,1.0,1.0,2.0,1,1,1,1,1,1.0,1,1,1,1,1,1,1,1,1,1,2,1,1,1,1,1,1,1,1,2,1,1,1,2,1,2,1,1,2,1,2,1,2,1,2,2,2,1,2,1,1,2,1,5,5,4,5,4,4,3,4,5,3,4,4,4,4,4,3,Anonymized,774,48,2,-0.972076701,49,82,36,26.0,12,13,10,8,30,65,
45581.45348,45581.46339,0,Anonymized,100,855,1,45581.4634,Anonymized,Anonymized,Anonymized,Anonymized,,Anonymized,Anonymized,anonymous,EN,1.0,Anonymized,1.0,1,1,1,33,4,4,1,4,1,4,2,4,3,2,4,3,3,5,5,3,5,4,3,1,2,4,4,2,5,5,5,4,4,4,2,3,3,3,2,2,5,1,4,3,4,1,3,1,3,2,2,4,1,1,1,1,2,1,1,2,1,1,1,2,1,1,1.0,2.0,2.0,1.0,2.0,2.0,5.0,3.0,3.0,2.0,3.0,1.0,1.0,2.0,1.0,1.0,1.0,3.0,1,1,1,1,2,2.0,2,3,3,4,4,4,2,2,1,1,2,1,1,3,1,1,2,1,1,1,2,3,1,2,2,3,3,2,2,2,2,3,3,1,3,3,3,2,3,2,3,2,1,4,3,3,4,4,4,4,5,4,3,2,2,3,3,3,4,Anonymized,855,33,1,-0.95430785,65,71,33,23.0,13,30,13,11,47,55,
45581.45419,45581.46346,0,Anonymized,100,800,1,45581.46347,Anonymized,Anonymized,Anonymized,Anonymized,,Anonymized,Anonymized,anonymous,EN,1.0,Anonymized,1.0,1,1,1,55,2,4,5,4,2,3,4,2,3,2,4,2,5,3,5,5,4,2,3,2,4,5,4,5,5,5,4,5,5,5,4,4,5,3,4,2,5,2,4,3,3,2,1,2,2,5,3,2,1,2,2,1,2,3,3,4,4,4,5,4,2,4,1.0,4.0,5.0,2.0,3.0,2.0,5.0,4.0,5.0,1.0,1.0,1.0,2.0,4.0,3.0,2.0,2.0,2.0,4,1,2,2,1,3.0,3,4,5,4,4,3,5,2,3,3,4,1,3,2,1,1,4,4,4,3,4,4,3,3,4,3,3,2,3,3,1,4,3,1,3,3,2,3,3,4,4,2,3,3,2,2,2,4,5,5,4,4,5,5,5,4,3,4,2,Anonymized,800,55,1,-0.880892823,66,86,58,32.0,17,41,20,26,57,59,
45581.4536,45581.4635,0,Anonymized,100,855,1,45581.46351,Anonymized,Anonymized,Anonymized,Anonymized,,Anonymized,Anonymized,anonymous,EN,1.0,Anonymized,1.0,1,1,1,45,1,2,1,2,4,1,1,4,1,5,1,2,1,1,3,2,2,2,4,4,5,5,5,5,5,5,2,2,2,4,5,5,4,5,4,2,5,1,4,2,2,1,4,1,2,2,1,2,1,1,1,2,1,1,1,1,1,1,1,1,1,1,1.0,5.0,4.0,1.0,3.0,1.0,4.0,3.0,1.0,2.0,1.0,1.0,1.0,1.0,1.0,1.0,1.0,1.0,2,2,1,2,2,2.0,1,1,1,4,4,4,2,1,1,1,1,1,1,1,1,1,1,1,1,1,1,1,1,1,2,2,1,2,2,2,1,2,1,1,2,2,2,2,2,1,2,1,1,4,4,4,3,3,4,2,3,5,4,4,4,5,4,5,4,Anonymized,855,45,1,-0.944603314,44,79,28,25.0,8,28,9,7,32,62,
45581.45363,45581.4635,0,Anonymized,100,852,1,45581.46351,Anonymized,Anonymized,Anonymized,Anonymized,,Anonymized,Anonymized,anonymous,EN,1.0,Anonymized,1.0,1,1,2,32,2,2,2,2,1,4,4,1,4,2,2,2,3,2,4,1,2,2,2,5,5,2,4,2,5,3,4,2,4,4,5,4,4,4,5,1,4,1,2,2,3,2,5,2,3,5,2,2,2,2,2,5,2,2,2,4,4,4,2,4,2,2,4.0,5.0,5.0,3.0,4.0,1.0,5.0,5.0,3.0,3.0,4.0,4.0,3.0,5.0,2.0,5.0,3.0,5.0,5,2,2,3,1,2.0,1,3,4,3,3,2,4,4,4,4,4,4,4,4,2,1,4,4,4,4,4,4,2,3,3,3,4,2,4,3,3,3,3,3,3,3,2,3,4,3,3,3,3,4,3,4,3,3,2,3,3,4,4,3,3,4,3,4,3,Anonymized,852,32,2,-0.588604403,49,70,60,38.0,31,35,31,26,61,53,
45581.45377,45581.4635,0,Anonymized,100,840,1,45581.46351,Anonymized,Anonymized,Anonymized,Anonymized,,Anonymized,Anonymized,anonymous,EN,1.0,Anonymized,1.0,1,1,1,52,4,5,5,4,3,5,4,2,5,2,4,3,5,2,4,3,4,1,2,3,4,2,4,2,4,4,2,4,4,2,2,4,2,2,4,2,4,2,4,2,2,4,2,4,2,2,4,2,2,2,2,2,2,2,2,4,2,2,2,2,2,2,2.0,4.0,4.0,3.0,5.0,5.0,3.0,1.0,1.0,3.0,1.0,4.0,4.0,5.0,1.0,3.0,3.0,3.0,2,2,2,2,2,2.0,2,3,3,3,3,3,2,4,4,4,4,3,3,4,4,1,2,2,2,2,1,4,2,3,2,3,2,2,4,3,3,2,3,2,2,3,4,2,3,3,2,2,3,4,4,4,4,2,2,3,3,3,2,3,3,3,3,4,3,Anonymized,840,52,1,-0.482953078,70,62,50,31.0,24,31,31,15,53,50,
45581.45683,45581.46352,0,Anonymized,100,578,1,45581.46353,Anonymized,Anonymized,Anonymized,Anonymized,,Anonymized,Anonymized,anonymous,EN,1.0,Anonymized,1.0,1,1,2,32,3,3,4,3,1,3,2,4,2,2,3,4,2,3,2,4,3,1,3,2,3,3,4,3,2,3,4,2,2,2,3,2,3,2,4,2,3,3,4,4,3,3,3,3,2,3,1,1,2,2,2,1,1,1,2,2,2,3,3,2,2,2,3.0,3.0,2.0,3.0,3.0,3.0,2.0,3.0,4.0,3.0,2.0,1.0,1.0,1.0,1.0,1.0,1.0,1.0,3,3,5,2,2,1.0,2,1,2,2,1,2,2,3,4,4,2,2,4,4,2,4,4,4,2,2,2,2,2,2,2,1,4,2,1,2,3,3,1,2,2,1,2,2,1,2,2,3,2,2,2,4,3,3,3,1,2,3,2,1,4,3,3,1,1,Anonymized,578,32,2,-0.939774288,54,61,43,29.0,9,28,29,18,40,38,
45581.45406,45581.46353,0,Anonymized,100,818,1,45581.46355,Anonymized,Anonymized,Anonymized,Anonymized,,Anonymized,Anonymized,anonymous,EN,1.0,Anonymized,1.0,1,1,2,30,4,4,1,4,2,4,2,2,2,2,2,2,2,2,1,4,1,2,2,4,3,4,4,4,4,4,4,4,4,4,4,4,4,2,4,4,4,4,4,4,4,1,4,2,4,4,4,3,1,2,2,4,4,2,1,4,2,1,1,1,4,4,1.0,5.0,4.0,5.0,5.0,5.0,5.0,5.0,2.0,1.0,2.0,3.0,2.0,2.0,4.0,3.0,2.0,4.0,1,1,1,1,1,1.0,1,2,2,2,2,2,1,2,2,3,2,2,2,2,2,2,2,2,2,2,2,2,2,2,3,3,3,3,3,3,3,3,3,1,4,3,2,3,3,3,3,3,3,4,4,1,4,4,5,4,4,4,1,5,5,5,5,5,5,Anonymized,818,30,2,-0.940613925,49,81,55,38.0,22,18,19,14,57,65,
45581.45391,45581.46358,0,Anonymized,100,835,1,45581.46359,Anonymized,Anonymized,Anonymized,Anonymized,,Anonymized,Anonymized,anonymous,EN,1.0,Anonymized,1.0,1,1,2,33,2,3,1,3,1,3,1,2,1,2,2,1,1,4,2,5,1,1,2,2,4,2,4,1,5,5,4,4,5,3,4,2,3,3,4,2,5,2,2,2,2,1,2,1,4,1,1,4,1,1,2,2,1,1,1,2,1,1,1,4,3,1,3.0,5.0,3.0,3.0,5.0,4.0,5.0,2.0,2.0,5.0,2.0,4.0,1.0,5.0,3.0,1.0,1.0,2.0,2,1,1,3,1,3.0,1,3,3,3,1,1,3,1,1,1,4,3,1,1,1,1,3,3,3,3,1,3,4,3,3,2,2,2,3,3,3,4,2,3,2,2,4,2,2,4,2,4,2,4,4,3,5,5,5,5,5,5,5,4,5,4,5,5,5,Anonymized,835,33,2,-0.800104932,40,68,36,37.0,19,26,14,20,54,74,
45581.45341,45581.46363,0,Anonymized,100,882,1,45581.46365,Anonymized,Anonymized,Anonymized,Anonymized,,Anonymized,Anonymized,anonymous,EN,1.0,Anonymized,1.0,1,1,1,39,2,3,3,2,3,1,1,1,2,1,1,1,2,1,3,3,1,1,1,1,3,5,3,5,5,4,5,4,5,3,4,5,4,3,2,2,5,1,5,2,3,2,4,1,3,4,4,5,1,2,3,3,5,4,3,2,3,5,2,4,1,4,1.0,2.0,3.0,2.0,4.0,3.0,4.0,4.0,3.0,3.0,3.0,1.0,2.0,4.0,2.0,3.0,3.0,2.0,3,2,3,4,3,5.0,1,5,3,3,4,2,4,2,3,3,3,2,4,2,1,1,3,2,3,2,1,2,4,3,3,3,4,3,4,4,3,2,3,2,3,4,3,3,4,3,3,4,2,4,4,3,4,5,4,5,5,5,4,5,5,5,5,5,5,Anonymized,882,39,1,-0.91273166,34,78,65,29.0,20,42,21,17,63,73,
45581.45396,45581.4639,0,Anonymized,100,858,1,45581.46391,Anonymized,Anonymized,Anonymized,Anonymized,,Anonymized,Anonymized,anonymous,EN,1.0,Anonymized,1.0,1,1,2,68,4,2,3,5,5,1,1,4,2,1,1,1,1,1,1,2,5,5,2,1,4,5,4,5,2,4,5,5,5,3,5,5,3,5,5,2,5,1,1,1,1,2,2,2,5,5,2,4,1,1,2,5,1,1,1,4,5,5,1,1,2,1,1.0,5.0,5.0,5.0,4.0,5.0,5.0,2.0,1.0,1.0,5.0,1.0,2.0,5.0,3.0,5.0,5.0,5.0,5,5,5,5,5,5.0,2,5,4,2,5,5,2,3,3,4,4,3,4,2,1,3,2,3,3,2,1,1,2,3,2,4,3,2,1,3,1,4,3,1,4,4,3,1,2,4,1,3,3,3,2,4,5,5,5,5,5,2,3,1,4,5,5,5,5,Anonymized,858,68,2,-0.95536542,48,76,53,34.0,31,55,27,14,52,64,
45581.45439,45581.46405,0,Anonymized,100,835,1,45581.46407,Anonymized,Anonymized,Anonymized,Anonymized,,Anonymized,Anonymized,anonymous,EN,1.0,Anonymized,1.0,1,1,1,65,1,1,1,3,4,2,4,3,3,2,3,3,3,2,3,5,2,1,3,2,2,5,4,4,5,5,4,4,4,4,4,5,5,3,5,2,4,3,4,4,3,2,2,2,2,2,2,1,1,1,2,1,3,3,3,2,2,2,1,3,2,1,3.0,4.0,4.0,3.0,3.0,2.0,5.0,5.0,5.0,5.0,2.0,1.0,1.0,2.0,1.0,1.0,2.0,3.0,1,2,1,2,2,3.0,3,3,2,3,2,3,3,2,2,2,3,3,1,1,1,1,2,1,2,1,1,2,1,2,2,3,3,2,2,2,1,1,2,2,2,2,2,2,2,3,3,2,2,4,4,3,1,4,3,3,3,2,1,1,1,3,4,3,4,Anonymized,835,65,1,-0.968691927,51,83,40,39.0,13,30,16,10,42,44,
45581.45696,45581.46405,0,Anonymized,100,613,1,45581.46407,Anonymized,Anonymized,Anonymized,Anonymized,,Anonymized,Anonymized,anonymous,EN,1.0,Anonymized,1.0,1,1,2,44,1,1,1,1,2,1,1,4,2,2,2,1,1,1,4,5,1,1,2,1,4,4,4,4,4,4,4,4,4,4,4,4,4,4,4,2,4,2,4,4,2,1,4,1,4,4,1,2,1,1,1,1,1,1,1,1,1,1,1,4,1,1,1.0,5.0,4.0,3.0,1.0,1.0,3.0,4.0,1.0,1.0,1.0,1.0,1.0,2.0,1.0,1.0,1.0,1.0,1,1,1,1,1,1.0,1,1,1,2,1,1,1,1,1,1,2,2,1,1,1,1,1,1,1,1,1,1,1,2,1,2,1,1,3,3,1,2,2,1,1,2,2,1,2,2,1,2,1,5,5,5,5,4,3,3,3,3,2,2,2,5,5,5,5,Anonymized,613,44,2,-0.951854482,35,78,34,24.0,9,14,11,7,33,62,
45581.45433,45581.46411,0,Anonymized,100,845,1,45581.46412,Anonymized,Anonymized,Anonymized,Anonymized,,Anonymized,Anonymized,anonymous,EN,1.0,Anonymized,1.0,1,1,1,52,2,4,1,3,1,4,2,4,3,3,2,2,2,1,4,5,5,4,5,5,1,1,1,4,4,4,4,3,4,2,4,4,4,2,4,5,5,4,4,3,4,2,2,2,4,2,2,2,2,2,2,2,2,2,2,2,2,2,2,2,2,2,1.0,4.0,2.0,3.0,1.0,1.0,4.0,3.0,2.0,1.0,1.0,1.0,1.0,4.0,1.0,1.0,1.0,2.0,3,2,2,2,2,3.0,1,4,4,4,5,4,2,2,3,1,4,2,4,4,1,4,4,3,2,1,1,2,3,4,3,4,3,4,3,4,4,2,4,2,3,4,4,4,4,2,1,4,1,4,3,3,3,5,5,5,5,4,4,4,3,4,2,4,3,Anonymized,845,52,1,-0.88287174,62,71,44,22.0,12,38,25,16,64,61,
45581.45351,45581.46418,0,Anonymized,100,921,1,45581.46419,Anonymized,Anonymized,Anonymized,Anonymized,,Anonymized,Anonymized,anonymous,EN,0.699999988,Anonymized,1.0,1,1,1,60,2,1,3,2,1,1,2,1,1,3,1,2,1,1,3,1,2,1,3,1,5,4,5,5,4,2,4,2,4,4,5,5,2,3,5,1,5,3,4,2,2,1,2,3,4,2,5,3,1,1,1,3,1,2,1,1,3,1,1,2,1,1,1.0,3.0,3.0,1.0,1.0,1.0,4.0,1.0,1.0,1.0,1.0,4.0,2.0,2.0,2.0,2.0,3.0,1.0,1,1,1,1,1,2.0,1,2,3,2,2,1,2,2,2,1,2,1,1,2,1,2,1,1,1,2,1,1,1,3,2,4,2,1,2,3,2,4,3,2,1,3,1,1,3,4,3,3,2,4,4,4,3,3,2,4,4,5,5,5,5,4,5,4,5,Anonymized,921,60,1,-0.913744751,33,76,40,17.0,17,20,14,8,49,66,
45581.45563,45581.46424,0,Anonymized,100,743,1,45581.46425,Anonymized,Anonymized,Anonymized,Anonymized,,Anonymized,Anonymized,anonymous,EN,1.0,Anonymized,1.0,1,1,2,33,2,2,2,2,2,4,3,2,3,2,4,2,2,4,2,4,4,2,2,2,4,3,4,2,4,4,4,4,2,3,2,4,4,2,2,2,4,2,4,3,3,2,2,2,2,2,2,4,2,2,2,2,2,2,2,2,4,3,2,2,2,2,2.0,3.0,3.0,3.0,3.0,2.0,3.0,3.0,2.0,2.0,2.0,1.0,3.0,3.0,2.0,2.0,3.0,3.0,3,2,2,2,2,2.0,2,2,2,3,3,2,2,2,2,2,2,2,2,2,2,2,2,3,3,3,2,2,2,2,2,3,2,2,3,3,2,2,2,2,2,2,2,2,2,2,3,3,2,4,4,4,4,3,4,4,4,4,3,3,3,4,3,3,3,Anonymized,743,33,2,-0.934964453,52,66,47,26.0,19,29,18,17,45,57,
45581.45451,45581.46427,0,Anonymized,100,843,1,45581.46429,Anonymized,Anonymized,Anonymized,Anonymized,,Anonymized,Anonymized,anonymous,EN,1.0,Anonymized,1.0,1,1,2,47,2,4,1,3,1,2,1,2,2,4,3,4,2,2,5,3,5,2,4,2,5,4,5,4,5,4,5,5,4,5,5,5,4,5,5,5,5,2,5,4,4,1,2,1,2,2,2,3,1,1,1,2,1,1,1,1,1,1,1,4,1,1,1.0,1.0,2.0,2.0,1.0,1.0,1.0,2.0,1.0,1.0,1.0,1.0,1.0,1.0,1.0,1.0,1.0,1.0,2,1,2,2,1,2.0,1,1,2,2,2,2,2,3,4,2,2,3,4,3,1,1,3,2,2,2,1,2,1,3,2,4,4,3,4,4,3,2,4,1,3,4,3,4,4,2,2,2,2,3,4,3,4,3,4,4,4,3,3,4,4,2,2,3,3,Anonymized,843,47,2,-0.969729689,54,95,31,13.0,8,22,23,13,60,53,
45581.45691,45581.46436,0,Anonymized,100,643,1,45581.46437,Anonymized,Anonymized,Anonymized,Anonymized,,Anonymized,Anonymized,anonymous,EN,1.0,Anonymized,1.0,1,1,1,64,2,2,1,2,3,3,2,2,2,2,2,2,2,2,3,2,2,2,3,2,4,4,4,4,4,5,3,4,5,5,4,5,3,3,4,3,5,2,3,2,3,1,1,1,2,1,1,3,1,1,2,2,2,2,1,2,1,2,1,2,2,2,2.0,3.0,2.0,4.0,3.0,2.0,4.0,3.0,2.0,4.0,2.0,1.0,1.0,2.0,1.0,2.0,1.0,1.0,3,1,3,2,2,3.0,3,4,3,3,4,3,3,1,1,1,2,1,1,1,1,1,2,1,2,1,1,2,2,2,1,2,2,1,3,3,1,2,2,2,1,2,2,1,2,2,2,2,2,4,4,3,3,4,5,3,4,3,3,3,4,4,3,4,4,Anonymized,643,64,1,-0.922860392,43,79,33,29.0,11,37,10,11,37,58,
45581.45407,45581.46439,0,Anonymized,100,891,1,45581.4644,Anonymized,Anonymized,Anonymized,Anonymized,,Anonymized,Anonymized,anonymous,EN,1.0,Anonymized,1.0,1,1,2,25,2,2,4,2,2,3,2,1,3,2,2,2,4,4,2,2,4,2,4,4,4,2,4,5,2,4,4,4,4,3,4,2,2,4,4,2,4,4,4,2,4,4,2,4,4,4,2,2,4,2,2,5,3,2,2,5,4,4,4,4,3,4,1.0,5.0,4.0,4.0,5.0,5.0,5.0,3.0,4.0,4.0,5.0,3.0,5.0,5.0,4.0,4.0,2.0,4.0,3,3,4,4,5,4.0,2,3,4,4,4,4,5,4,4,4,4,3,4,4,2,3,4,4,4,4,2,4,4,3,4,4,3,4,4,4,4,4,3,2,4,4,4,4,3,3,4,3,4,1,1,1,1,1,1,1,1,2,1,1,1,1,1,1,1,Anonymized,891,25,2,-0.933130282,53,72,70,40.0,32,49,32,26,72,17,
45581.45394,45581.46442,0,Anonymized,100,905,1,45581.46443,Anonymized,Anonymized,Anonymized,Anonymized,,Anonymized,Anonymized,anonymous,EN,1.0,Anonymized,1.0,1,1,1,44,1,3,1,3,2,1,1,3,1,4,2,1,1,1,4,4,3,2,4,2,4,5,5,5,5,5,4,4,4,4,5,5,4,4,4,2,5,1,3,2,2,2,4,2,4,4,4,5,2,2,2,2,2,2,2,2,2,2,2,2,2,2,1.0,4.0,1.0,1.0,1.0,2.0,3.0,4.0,1.0,1.0,1.0,1.0,1.0,1.0,1.0,1.0,1.0,1.0,3,1,3,2,2,3.0,1,3,3,2,2,1,2,1,1,1,1,1,1,1,1,1,1,1,1,1,1,1,1,2,1,2,2,1,2,2,1,2,2,1,1,2,2,1,2,2,1,2,1,4,3,2,3,4,3,3,4,5,4,5,5,4,4,5,4,Anonymized,905,44,1,-0.948312928,44,82,53,19.0,8,28,9,7,32,62,
45581.45361,45581.46458,0,Anonymized,100,948,1,45581.46459,Anonymized,Anonymized,Anonymized,Anonymized,,Anonymized,Anonymized,anonymous,EN,1.0,Anonymized,1.0,1,1,2,55,1,1,1,2,2,1,1,4,1,1,1,2,1,1,3,4,2,2,2,3,5,5,5,4,5,5,4,3,3,3,4,4,3,3,4,2,4,1,4,4,2,2,4,2,2,2,2,2,2,2,2,3,1,1,1,3,2,2,1,1,2,2,1.0,3.0,2.0,3.0,4.0,4.0,4.0,4.0,1.0,3.0,2.0,1.0,1.0,1.0,1.0,2.0,1.0,1.0,1,1,2,2,1,2.0,1,2,1,1,1,1,1,1,1,1,2,1,1,1,1,1,1,1,1,1,1,1,1,2,2,2,2,1,2,2,1,1,2,1,2,1,2,1,2,1,1,1,1,3,3,2,3,2,2,2,2,4,2,2,4,2,2,2,2,Anonymized,948,55,2,-0.938826746,36,77,41,29.0,10,17,10,7,30,39,
45581.45339,45581.46468,0,Anonymized,100,974,1,45581.46468,Anonymized,Anonymized,Anonymized,Anonymized,,Anonymized,Anonymized,anonymous,EN,1.0,Anonymized,1.0,1,1,1,44,2,4,2,4,4,2,2,2,2,2,2,4,2,2,4,4,4,2,3,2,4,4,4,4,4,4,4,4,4,4,4,4,4,4,4,2,4,2,4,4,4,2,2,2,2,2,2,2,2,2,2,2,2,2,2,2,2,2,2,2,2,2,1.0,2.0,4.0,2.0,2.0,2.0,2.0,2.0,2.0,3.0,1.0,1.0,1.0,2.0,1.0,2.0,1.0,2.0,2,1,1,1,1,2.0,1,1,1,2,2,1,2,1,1,2,2,1,1,2,1,1,2,1,1,2,1,2,1,2,1,3,2,1,2,2,1,2,2,2,2,2,2,1,2,2,1,2,1,4,3,3,5,4,3,4,4,4,2,4,4,3,4,4,4,Anonymized,974,44,1,-0.92870332,55,80,42,22.0,11,18,12,10,35,59,
45581.45348,45581.4647,0,Anonymized,100,969,1,45581.46471,Anonymized,Anonymized,Anonymized,Anonymized,,Anonymized,Anonymized,anonymous,EN,1.0,Anonymized,1.0,1,1,2,28,4,4,3,3,3,4,2,2,4,3,3,2,4,4,3,3,3,4,3,3,4,2,4,3,3,3,4,3,2,2,4,4,3,3,4,2,4,2,5,4,2,3,2,3,2,3,1,3,1,2,2,2,3,2,1,3,2,2,2,2,2,1,2.0,2.0,3.0,3.0,2.0,3.0,4.0,3.0,2.0,2.0,3.0,2.0,1.0,2.0,2.0,3.0,1.0,3.0,4,2,4,3,2,2.0,3,3,2,3,4,3,3,2,2,1,2,2,3,2,2,1,3,3,3,3,3,3,2,2,2,3,2,2,2,3,2,3,3,2,3,2,3,2,2,2,2,3,3,3,2,2,3,5,4,4,5,4,4,3,4,4,5,5,4,Anonymized,969,28,2,-0.851745147,64,67,44,26.0,17,38,17,20,48,61,
45581.45484,45581.46487,0,Anonymized,100,866,1,45581.46489,Anonymized,Anonymized,Anonymized,Anonymized,,Anonymized,Anonymized,anonymous,EN,1.0,Anonymized,1.0,1,1,1,30,1,1,1,1,1,1,1,1,1,1,1,1,1,1,1,1,1,1,1,1,5,5,5,5,5,5,5,3,1,1,5,5,5,5,5,1,5,1,5,1,1,1,4,1,1,1,1,1,5,1,1,1,1,1,4,1,1,1,1,1,1,1,1.0,5.0,5.0,5.0,1.0,1.0,5.0,5.0,1.0,1.0,1.0,1.0,1.0,1.0,3.0,1.0,1.0,3.0,2,1,1,1,1,2.0,3,2,1,2,2,1,3,1,1,2,1,1,1,1,1,1,1,1,1,1,1,1,1,1,1,1,1,1,1,1,1,1,1,1,1,1,1,1,1,1,1,1,1,4,4,2,4,5,5,5,5,4,3,4,5,3,2,2,2,Anonymized,866,30,1,-0.88784489,20,79,31,30.0,12,22,10,7,20,59,
45581.45567,45581.46491,0,Anonymized,100,797,1,45581.46492,Anonymized,Anonymized,Anonymized,Anonymized,,Anonymized,Anonymized,anonymous,EN,1.0,Anonymized,1.0,1,1,1,46,2,2,2,2,2,2,2,3,2,3,2,2,2,2,4,2,2,3,4,2,4,4,4,4,4,4,4,4,4,4,4,4,2,4,4,2,4,2,4,2,2,2,2,2,2,2,2,2,2,2,2,2,2,2,2,2,2,2,2,2,2,2,3.0,4.0,4.0,2.0,2.0,4.0,4.0,4.0,2.0,2.0,1.0,1.0,1.0,1.0,1.0,2.0,1.0,1.0,1,1,1,1,1,1.0,1,1,1,1,1,1,1,1,1,1,1,1,1,1,1,1,1,1,1,1,1,1,1,2,1,2,1,1,2,2,1,1,1,1,2,2,2,1,2,1,1,2,1,4,4,3,3,5,4,4,4,4,4,4,3,4,4,4,3,Anonymized,797,46,1,-0.991432487,47,74,42,31.0,9,13,9,7,29,61,
45581.45645,45581.46538,0,Anonymized,100,772,1,45581.46539,Anonymized,Anonymized,Anonymized,Anonymized,,Anonymized,Anonymized,anonymous,EN,1.0,Anonymized,1.0,1,1,1,43,1,1,1,2,1,1,1,2,1,3,1,2,1,1,5,3,4,2,3,2,5,5,5,5,5,5,2,5,5,5,5,5,5,5,5,2,5,1,5,5,5,2,3,1,2,2,2,1,1,1,2,3,2,1,1,2,2,1,1,2,1,1,1.0,1.0,2.0,1.0,1.0,2.0,5.0,5.0,5.0,1.0,1.0,1.0,2.0,4.0,1.0,2.0,2.0,3.0,1,1,1,1,1,2.0,1,5,5,3,4,2,3,1,1,2,3,1,1,1,1,1,1,1,1,3,2,1,1,1,2,1,1,1,2,1,3,2,1,1,1,1,2,1,1,1,1,1,1,4,4,4,4,4,4,4,4,4,4,4,4,4,4,4,4,Anonymized,772,43,1,-0.936294566,38,95,34,24.0,16,30,12,10,26,64,
45581.45441,45581.46546,0,Anonymized,100,955,1,45581.46547,Anonymized,Anonymized,Anonymized,Anonymized,,Anonymized,Anonymized,anonymous,EN,1.0,Anonymized,1.0,1,1,2,36,2,2,2,2,2,2,4,2,2,2,2,2,2,2,4,5,2,1,2,2,4,4,4,5,4,4,4,3,5,3,4,4,4,4,4,2,4,2,2,2,2,2,4,2,5,2,2,4,1,2,2,4,2,2,2,2,2,1,2,2,2,2,1.0,4.0,3.0,2.0,4.0,4.0,5.0,4.0,3.0,2.0,1.0,2.0,1.0,5.0,3.0,3.0,2.0,5.0,3,1,1,1,1,2.0,2,4,3,3,4,3,3,2,1,4,4,2,1,3,2,1,2,2,2,3,2,2,1,3,3,2,2,1,4,3,2,3,2,1,2,2,2,1,3,3,3,2,2,4,4,4,5,4,3,4,4,4,4,4,4,3,3,4,3,Anonymized,955,36,2,-0.4168945,46,74,49,32.0,22,31,20,14,46,61,
45581.45346,45581.46561,0,Anonymized,100,1049,1,45581.46563,Anonymized,Anonymized,Anonymized,Anonymized,,Anonymized,Anonymized,anonymous,EN,1.0,Anonymized,1.0,1,1,2,48,4,5,1,5,1,5,1,5,5,1,3,5,1,5,5,1,5,1,5,5,3,5,5,5,5,3,5,4,3,4,5,5,3,2,4,1,4,2,5,4,2,1,3,1,2,1,1,5,1,1,1,4,4,1,1,1,4,1,1,5,5,4,1.0,1.0,3.0,5.0,5.0,1.0,5.0,3.0,1.0,1.0,1.0,1.0,1.0,1.0,1.0,1.0,1.0,1.0,3,1,3,2,1,2.0,1,1,1,2,5,2,1,1,1,1,1,1,1,1,1,1,1,1,1,1,4,1,1,1,1,1,1,1,1,1,4,2,1,2,1,1,1,1,1,2,2,2,1,5,5,5,5,4,5,5,4,5,4,5,4,5,5,5,5,Anonymized,1049,48,2,-0.916365988,69,79,48,26.0,8,25,9,10,28,76,
45581.45334,45581.46565,0,Anonymized,100,1062,1,45581.46566,Anonymized,Anonymized,Anonymized,Anonymized,,Anonymized,Anonymized,anonymous,EN,1.0,Anonymized,1.0,1,1,2,31,2,4,1,3,2,2,2,2,2,1,4,2,2,3,5,2,5,2,2,2,4,4,4,4,5,5,4,4,4,4,4,4,4,4,5,2,4,2,4,4,4,2,4,1,3,2,1,5,1,1,1,3,1,1,1,2,1,1,1,2,1,1,1.0,2.0,4.0,3.0,3.0,3.0,4.0,4.0,2.0,3.0,1.0,1.0,1.0,2.0,1.0,2.0,2.0,2.0,2,1,1,1,2,3.0,3,2,2,2,2,1,2,2,2,1,2,1,1,2,1,1,2,2,2,2,1,1,1,2,3,2,2,2,2,2,2,2,2,1,4,3,2,2,2,2,2,2,1,3,3,2,3,3,3,4,4,4,4,3,4,3,3,3,3,Anonymized,1062,31,2,-0.958174232,50,83,36,29.0,12,24,13,11,42,52,
45581.45573,45581.46594,0,Anonymized,100,881,1,45581.46595,Anonymized,Anonymized,Anonymized,Anonymized,,Anonymized,Anonymized,anonymous,EN,1.0,Anonymized,1.0,1,1,2,40,2,2,1,2,2,2,1,1,3,1,2,2,2,1,3,2,3,1,1,2,4,5,3,4,5,5,4,4,5,4,5,4,4,4,5,2,4,5,4,3,3,2,5,3,3,5,5,5,3,3,3,5,3,3,3,4,3,3,4,3,2,2,1.0,5.0,4.0,2.0,5.0,2.0,5.0,4.0,1.0,2.0,1.0,1.0,1.0,4.0,1.0,1.0,1.0,3.0,3,3,3,3,2,3.0,1,2,2,3,2,2,4,1,1,2,3,2,2,1,1,1,1,1,1,1,1,1,1,2,2,3,2,2,3,2,2,2,2,1,2,3,2,2,3,2,2,2,1,4,4,3,3,5,4,3,4,2,2,3,4,5,3,3,3,Anonymized,881,40,2,-0.959228645,36,86,72,31.0,13,33,14,7,42,55,
45581.45628,45581.46617,0,Anonymized,100,854,1,45581.46618,Anonymized,Anonymized,Anonymized,Anonymized,,Anonymized,Anonymized,anonymous,EN,1.0,Anonymized,1.0,1,1,2,28,1,1,1,1,4,1,1,1,1,1,1,1,1,1,2,3,1,1,1,2,4,4,5,4,4,4,4,5,4,3,4,4,5,4,5,3,5,4,5,4,3,1,3,1,2,1,1,4,1,1,1,1,1,2,1,1,1,1,1,1,1,1,1.0,3.0,1.0,2.0,1.0,1.0,1.0,2.0,1.0,1.0,1.0,1.0,1.0,2.0,1.0,1.0,1.0,1.0,1,1,1,1,1,1.0,1,1,1,1,1,1,1,1,1,1,1,1,1,2,1,1,1,1,1,1,1,1,1,1,2,1,1,1,2,1,1,1,1,1,1,1,1,1,1,1,1,1,1,4,3,2,2,5,3,3,4,5,3,5,5,4,5,5,2,Anonymized,854,28,2,-0.94044619,27,87,28,14.0,9,13,10,7,22,60,
45581.45377,45581.46637,0,Anonymized,100,1087,1,45581.46638,Anonymized,Anonymized,Anonymized,Anonymized,,Anonymized,Anonymized,anonymous,EN,1.0,Anonymized,1.0,1,1,2,51,4,4,2,4,4,3,4,3,4,2,2,2,2,2,5,3,4,2,3,3,4,4,3,4,2,4,3,4,4,4,5,3,2,4,4,2,4,2,3,3,2,2,4,2,3,4,3,2,1,2,4,5,1,4,2,2,2,4,2,3,2,2,3.0,4.0,3.0,5.0,5.0,4.0,5.0,3.0,3.0,2.0,1.0,3.0,1.0,4.0,2.0,1.0,2.0,4.0,2,1,2,1,1,1.0,2,4,2,2,3,1,3,3,3,4,3,3,4,2,1,3,4,4,4,3,2,3,4,3,3,4,4,3,4,3,4,3,4,2,4,4,4,4,4,1,4,3,4,4,2,3,3,4,3,5,4,5,5,3,4,2,3,3,4,Anonymized,1087,51,2,-0.849088167,62,70,56,37.0,18,25,26,24,69,57,
45581.45343,45581.46648,0,Anonymized,100,1128,1,45581.4665,Anonymized,Anonymized,Anonymized,Anonymized,,Anonymized,Anonymized,anonymous,EN,1.0,Anonymized,1.0,1,1,2,32,3,2,4,2,1,3,4,1,2,1,4,1,4,4,1,1,3,2,1,1,5,2,4,1,2,5,2,4,4,4,2,3,4,2,4,5,4,1,4,3,4,4,1,4,1,5,4,1,3,3,4,5,4,4,2,4,2,4,2,4,2,4,1.0,3.0,4.0,5.0,5.0,5.0,5.0,1.0,4.0,1.0,2.0,4.0,3.0,5.0,3.0,1.0,3.0,4.0,2,1,3,3,1,4.0,4,4,4,4,4,3,4,4,4,3,4,4,3,3,1,1,4,4,4,4,4,4,4,3,4,3,4,3,4,3,4,4,3,1,4,4,4,4,3,4,4,3,4,5,4,4,4,4,4,3,4,4,2,3,3,3,4,4,3,Anonymized,1128,32,2,-0.768674585,45,69,67,34.0,25,41,27,28,70,58,
45581.45387,45581.46655,0,Anonymized,100,1096,1,45581.46657,Anonymized,Anonymized,Anonymized,Anonymized,,Anonymized,Anonymized,anonymous,EN,1.0,Anonymized,1.0,1,1,2,32,2,2,2,2,2,2,2,2,2,2,2,1,2,2,2,2,1,2,2,1,4,4,4,5,2,2,4,5,5,4,4,4,5,1,5,2,4,5,4,5,5,1,4,4,4,4,4,4,1,1,1,4,1,1,1,1,1,1,1,4,1,4,2.0,5.0,3.0,2.0,5.0,4.0,5.0,4.0,2.0,2.0,2.0,1.0,1.0,1.0,1.0,1.0,1.0,1.0,2,2,2,2,2,4.0,1,2,3,4,4,3,3,2,2,1,1,2,2,1,1,1,2,2,2,2,2,2,2,2,2,3,2,2,2,3,2,3,3,2,4,4,3,2,3,3,4,3,3,4,2,2,4,3,3,4,4,4,2,4,3,2,3,3,2,Anonymized,1096,32,2,-0.948483865,37,83,48,34.0,9,34,13,14,55,49,
45581.45374,45581.46659,0,Anonymized,100,1109,1,45581.46659,Anonymized,Anonymized,Anonymized,Anonymized,,Anonymized,Anonymized,anonymous,EN,1.0,Anonymized,1.0,1,1,2,30,1,1,1,1,1,4,2,1,1,1,1,1,1,1,3,3,1,1,1,1,5,5,5,5,5,5,5,5,5,5,5,5,5,5,5,1,5,4,5,2,2,2,2,2,4,2,2,5,1,1,1,4,1,1,1,1,1,1,2,1,1,1,1.0,5.0,5.0,1.0,5.0,5.0,5.0,5.0,2.0,1.0,1.0,1.0,1.0,1.0,1.0,1.0,1.0,1.0,3,1,1,3,1,3.0,3,5,5,3,5,3,5,1,1,1,1,1,1,1,1,1,1,1,1,1,1,1,1,1,1,1,1,1,1,1,1,1,1,1,1,1,1,1,1,1,1,1,1,5,4,3,3,5,5,4,5,5,5,2,5,3,2,3,3,Anonymized,1109,30,2,-0.985889303,28,94,37,35.0,8,41,9,7,20,62,
45581.45516,45581.4667,0,Anonymized,100,996,1,45581.46671,Anonymized,Anonymized,Anonymized,Anonymized,,Anonymized,Anonymized,anonymous,EN,1.0,Anonymized,1.0,1,1,1,43,1,3,1,4,3,1,1,3,2,2,2,2,2,2,1,1,3,1,3,2,4,5,5,5,5,5,3,4,5,4,4,5,3,3,3,1,5,2,3,1,1,4,4,4,4,4,4,2,2,2,2,3,2,2,2,2,3,3,1,3,2,2,2.0,4.0,4.0,2.0,4.0,4.0,5.0,4.0,1.0,1.0,4.0,1.0,1.0,3.0,1.0,1.0,1.0,2.0,1,1,1,1,1,1.0,1,1,1,2,2,1,1,1,1,2,2,1,1,2,1,1,1,1,1,2,1,2,1,2,1,2,1,1,2,2,1,2,1,1,2,2,3,1,1,2,2,2,1,4,4,2,4,2,3,3,4,2,1,2,2,2,3,3,2,Anonymized,996,43,1,-0.922706416,40,76,57,31.0,14,15,12,9,32,43,
45581.45427,45581.46671,0,Anonymized,100,1074,1,45581.46672,Anonymized,Anonymized,Anonymized,Anonymized,,Anonymized,Anonymized,anonymous,EN,1.0,Anonymized,1.0,1,1,2,27,1,1,4,2,3,1,4,1,1,2,2,2,1,2,2,2,4,1,3,1,5,4,5,4,5,5,5,5,5,4,5,5,4,5,5,4,5,5,5,5,4,1,1,1,4,2,1,4,1,1,1,2,1,1,1,1,2,4,1,2,1,1,1.0,5.0,5.0,4.0,4.0,3.0,5.0,4.0,3.0,3.0,2.0,2.0,1.0,5.0,4.0,3.0,2.0,5.0,4,5,4,4,5,5.0,4,5,5,5,5,5,4,4,4,4,4,4,4,4,4,4,4,4,4,4,4,4,4,4,4,4,4,4,4,4,4,3,4,4,4,4,4,4,4,3,4,4,3,5,5,5,5,4,4,5,4,5,5,5,4,5,5,5,4,Anonymized,1074,27,2,-0.958539648,40,99,34,37.0,24,60,36,28,77,75,
45581.45368,45581.46675,0,Anonymized,100,1129,1,45581.46676,Anonymized,Anonymized,Anonymized,Anonymized,,Anonymized,Anonymized,anonymous,EN,1.0,Anonymized,1.0,1,1,1,44,2,2,1,2,2,2,1,2,1,2,1,3,1,1,5,4,3,2,3,3,3,5,5,4,5,5,5,4,5,5,5,5,4,4,5,1,5,1,4,2,2,1,2,1,2,1,1,1,1,1,1,1,1,1,1,1,1,1,1,1,1,1,1.0,4.0,4.0,2.0,1.0,1.0,4.0,4.0,2.0,3.0,1.0,1.0,1.0,1.0,1.0,2.0,1.0,1.0,3,1,2,3,3,2.0,1,4,4,3,4,2,2,1,1,2,1,1,1,1,1,1,1,1,1,2,1,1,1,2,1,2,2,1,3,2,1,1,2,1,1,2,1,1,2,1,1,2,1,4,4,3,3,4,4,4,4,4,3,4,4,4,5,4,4,Anonymized,1129,44,1,-0.95372694,43,84,23,26.0,9,34,10,8,30,62,
45581.45375,45581.46714,0,Anonymized,100,1156,1,45581.46716,Anonymized,Anonymized,Anonymized,Anonymized,,Anonymized,Anonymized,anonymous,EN,1.0,Anonymized,1.0,1,1,2,28,3,3,2,3,2,2,3,2,3,3,4,4,3,2,4,3,4,2,4,3,4,2,3,4,4,4,4,4,4,4,4,4,3,3,4,2,4,2,3,2,2,4,4,3,4,4,4,4,4,4,4,4,3,3,4,4,4,4,1,1,1,2,1.0,4.0,4.0,4.0,5.0,5.0,3.0,3.0,3.0,2.0,2.0,1.0,1.0,4.0,1.0,2.0,2.0,4.0,1,1,1,1,1,2.0,1,2,1,2,2,1,2,2,2,4,4,1,2,2,1,1,4,4,4,4,1,3,1,3,3,3,3,2,4,3,2,3,3,1,2,4,3,2,3,3,2,3,3,3,3,2,2,3,3,3,3,3,2,3,3,3,3,3,3,Anonymized,1156,28,2,-0.826874954,59,70,70,34.0,17,18,19,21,55,45,
45581.45331,45581.46726,0,Anonymized,100,1204,1,45581.46726,Anonymized,Anonymized,Anonymized,Anonymized,,Anonymized,Anonymized,anonymous,EN,1.0,Anonymized,1.0,1,1,1,39,2,2,2,3,2,2,2,3,2,2,2,3,2,2,4,3,4,2,3,3,5,5,5,4,5,5,4,5,5,5,5,5,5,5,4,3,5,2,3,3,3,2,2,2,2,2,2,2,2,2,2,2,2,2,2,2,2,2,2,2,2,2,3.0,3.0,4.0,3.0,3.0,4.0,4.0,4.0,2.0,1.0,2.0,1.0,1.0,2.0,2.0,2.0,1.0,1.0,1,1,1,1,1,1.0,1,1,1,2,2,1,1,1,1,1,2,1,1,1,1,1,2,1,1,1,1,1,1,2,2,2,2,1,2,2,1,2,2,1,1,2,2,1,2,2,2,2,2,4,3,3,3,2,2,2,2,3,3,3,3,2,2,2,2,Anonymized,1204,39,1,-0.989473509,50,91,42,31.0,12,15,10,8,35,41,
45581.45468,45581.46727,0,Anonymized,100,1087,1,45581.46727,Anonymized,Anonymized,Anonymized,Anonymized,,Anonymized,Anonymized,anonymous,EN,1.0,Anonymized,1.0,1,1,1,70,2,4,1,4,2,3,1,3,1,2,4,1,1,1,4,1,4,2,5,1,5,3,5,3,2,3,4,4,3,4,4,5,3,4,4,2,5,2,4,4,4,1,1,1,1,2,2,4,1,1,1,2,1,1,1,2,1,3,1,4,1,1,1.0,4.0,4.0,3.0,3.0,4.0,4.0,4.0,5.0,2.0,3.0,1.0,1.0,2.0,2.0,4.0,3.0,4.0,2,1,2,1,1,3.0,1,2,1,1,1,2,1,2,1,2,2,1,1,2,1,1,1,1,1,1,1,1,1,3,2,3,2,1,3,2,1,2,2,1,2,2,3,1,2,1,1,2,1,4,3,3,3,4,4,4,4,4,4,4,3,4,3,3,3,Anonymized,1087,70,1,-0.936681072,47,77,33,34.0,20,19,13,7,37,57,
45581.45541,45581.46744,0,Anonymized,100,1039,1,45581.46746,Anonymized,Anonymized,Anonymized,Anonymized,,Anonymized,Anonymized,anonymous,EN,1.0,Anonymized,1.0,1,1,2,33,1,1,1,1,2,1,1,4,1,2,1,1,1,1,2,1,1,5,1,1,3,5,3,4,4,4,5,3,4,4,5,4,3,3,4,2,4,2,4,2,3,1,3,1,1,1,1,2,1,1,1,1,1,1,1,1,1,1,1,1,1,1,1.0,5.0,3.0,5.0,2.0,3.0,5.0,4.0,5.0,3.0,3.0,1.0,1.0,2.0,1.0,1.0,1.0,1.0,3,1,2,3,3,4.0,1,5,3,5,5,4,4,1,1,1,3,1,1,1,1,1,1,1,1,1,1,1,1,2,2,3,4,3,3,4,2,3,3,2,4,4,3,3,3,2,2,4,3,4,4,3,4,3,2,1,1,5,4,5,4,2,3,2,1,Anonymized,1039,33,2,-0.964711944,30,75,24,36.0,11,43,11,7,59,48,
45581.45734,45581.46765,0,Anonymized,100,890,1,45581.46767,Anonymized,Anonymized,Anonymized,Anonymized,,Anonymized,Anonymized,anonymous,EN,1.0,Anonymized,1.0,1,1,1,27,3,2,1,2,2,2,2,1,1,2,5,4,2,2,3,4,3,2,1,1,4,4,4,4,4,4,5,4,4,4,4,4,4,4,4,4,4,2,4,4,4,2,3,2,2,2,2,5,1,1,1,3,3,2,1,2,2,1,1,4,2,1,1.0,4.0,4.0,2.0,2.0,1.0,4.0,2.0,1.0,1.0,1.0,1.0,1.0,1.0,1.0,1.0,1.0,1.0,1,1,1,1,1,1.0,2,4,2,1,2,1,1,1,1,1,1,1,1,1,1,1,1,1,1,1,1,2,1,2,1,2,2,1,2,1,1,1,1,1,1,2,2,1,1,2,1,2,1,4,4,3,5,4,4,4,4,3,3,4,4,4,4,4,4,Anonymized,890,27,1,-0.975598234,45,83,43,22.0,8,19,9,8,28,62,
45581.45414,45581.46772,0,Anonymized,100,1172,1,45581.46774,Anonymized,Anonymized,Anonymized,Anonymized,,Anonymized,Anonymized,anonymous,EN,1.0,Anonymized,1.0,1,1,2,52,2,1,1,1,2,2,1,2,2,1,2,2,1,1,1,3,2,1,2,2,4,3,5,3,2,4,5,4,3,5,5,2,3,2,2,5,5,1,3,3,4,1,4,3,2,4,1,5,1,1,2,3,1,2,1,4,2,3,1,2,1,2,3.0,5.0,3.0,5.0,4.0,4.0,4.0,2.0,2.0,1.0,2.0,1.0,1.0,2.0,1.0,3.0,1.0,2.0,3,2,2,2,1,3.0,1,2,3,3,2,1,3,1,1,2,2,1,1,2,1,1,1,1,1,2,1,1,1,2,2,2,2,2,2,2,1,1,2,1,2,2,1,1,2,1,1,2,1,3,4,2,4,2,3,4,3,4,4,4,3,4,3,3,3,Anonymized,1172,52,2,-0.845879964,32,73,46,33.0,13,28,12,8,32,53,
45581.45436,45581.46782,0,Anonymized,100,1162,1,45581.46784,Anonymized,Anonymized,Anonymized,Anonymized,,Anonymized,Anonymized,anonymous,EN,1.0,Anonymized,1.0,1,1,2,53,2,3,2,3,3,2,3,2,2,3,3,2,2,2,3,4,3,4,3,4,4,4,4,2,4,4,4,4,4,4,4,4,3,3,3,3,3,3,4,3,3,3,2,2,1,1,3,4,1,4,4,2,2,3,2,2,4,4,3,4,2,3,3.0,5.0,4.0,3.0,4.0,2.0,4.0,3.0,4.0,4.0,1.0,1.0,1.0,2.0,1.0,2.0,2.0,3.0,1,1,1,1,1,2.0,1,1,1,2,1,1,1,2,1,2,2,1,1,2,1,1,2,2,2,2,1,1,1,2,2,2,2,1,3,2,1,3,2,1,1,2,3,1,2,3,2,2,2,4,4,3,3,3,3,3,3,4,3,2,3,2,2,3,3,Anonymized,1162,53,2,-0.952061099,55,74,56,36.0,13,15,13,11,39,48,
45581.45348,45581.46823,0,Anonymized,100,1273,1,45581.46824,Anonymized,Anonymized,Anonymized,Anonymized,,Anonymized,Anonymized,anonymous,EN,1.0,Anonymized,1.0,1,1,1,37,2,2,2,2,3,2,2,3,2,2,2,2,2,2,3,2,2,2,3,3,4,3,4,4,4,4,4,3,4,4,3,4,4,4,4,2,3,2,3,3,3,3,4,3,4,4,3,4,2,3,3,4,3,2,2,2,2,2,2,4,3,3,3.0,4.0,4.0,3.0,2.0,3.0,2.0,3.0,3.0,2.0,2.0,4.0,2.0,4.0,4.0,4.0,2.0,5.0,3,2,3,2,2,2.0,3,3,3,3,3,2,3,2,2,4,3,2,2,1,1,1,1,1,1,2,2,2,1,2,2,2,2,1,3,2,2,2,2,1,2,2,3,2,2,1,1,2,1,5,5,4,4,4,4,4,4,5,4,4,5,4,4,4,4,Anonymized,1273,37,1,-0.69198303,45,73,62,29.0,27,34,18,10,37,68,
45581.45508,45581.46833,0,Anonymized,100,1145,1,45581.46835,Anonymized,Anonymized,Anonymized,Anonymized,,Anonymized,Anonymized,anonymous,EN,1.0,Anonymized,1.0,1,1,2,52,2,2,1,2,3,1,2,2,1,2,2,1,4,2,3,2,2,2,1,2,4,5,5,5,4,5,4,3,5,4,5,5,5,3,4,1,5,2,2,2,3,2,4,2,4,3,4,5,3,1,2,3,2,2,1,4,4,5,2,4,2,4,2.0,4.0,3.0,2.0,5.0,1.0,4.0,5.0,3.0,4.0,5.0,2.0,2.0,3.0,2.0,3.0,1.0,3.0,4,3,2,4,5,3.0,2,5,4,4,5,3,4,2,2,3,3,2,1,1,1,1,2,1,2,1,1,2,2,2,2,3,2,1,3,2,3,2,2,2,2,2,2,1,3,2,2,2,1,3,2,3,2,3,2,2,4,4,4,3,4,2,3,3,3,Anonymized,1145,52,2,-0.945071981,39,81,63,33.0,21,48,16,11,41,47,
45581.45391,45581.46947,0,Anonymized,100,1344,1,45581.46948,Anonymized,Anonymized,Anonymized,Anonymized,,Anonymized,Anonymized,anonymous,EN,,Anonymized,1.0,1,1,2,26,2,4,4,2,2,2,3,2,4,1,1,4,2,1,4,5,2,4,2,2,4,5,4,4,4,4,4,3,4,4,5,4,3,3,4,3,4,2,4,4,4,2,4,4,2,3,3,4,4,2,2,2,2,2,2,2,2,3,2,4,2,2,1.0,4.0,3.0,2.0,4.0,2.0,5.0,4.0,4.0,4.0,4.0,2.0,4.0,5.0,4.0,3.0,1.0,4.0,4,3,4,3,4,4.0,4,5,3,4,2,2,2,2,1,2,3,2,1,1,1,1,2,3,3,1,1,1,1,1,2,2,2,1,2,1,2,2,1,2,2,2,2,1,1,2,2,2,3,3,4,2,5,3,4,2,5,5,5,5,5,3,4,4,1,Anonymized,1344,26,2,-0.951256832,53,80,55,33.0,27,44,14,12,35,60,
45581.45582,45581.46953,0,Anonymized,100,1184,1,45581.46954,Anonymized,Anonymized,Anonymized,Anonymized,,Anonymized,Anonymized,anonymous,EN,1.0,Anonymized,1.0,1,1,2,36,1,1,2,2,2,1,4,1,1,1,1,1,1,1,3,1,1,1,1,1,5,5,4,3,4,5,5,3,4,3,5,5,4,5,5,2,5,3,2,3,4,2,4,1,2,2,2,2,1,1,1,3,3,2,2,2,2,2,1,1,1,1,2.0,3.0,4.0,3.0,5.0,3.0,4.0,5.0,2.0,1.0,1.0,1.0,1.0,2.0,2.0,3.0,2.0,2.0,4,1,2,2,1,3.0,1,2,2,2,2,1,1,2,2,2,1,1,3,1,1,2,1,2,1,2,1,3,1,2,2,3,4,2,3,3,1,1,3,1,3,2,2,4,3,3,4,2,2,4,4,2,3,4,4,4,4,4,4,5,5,3,3,3,3,Anonymized,1184,36,2,-0.720371462,28,84,38,32.0,14,24,15,11,50,59,
45581.455,45581.46971,0,Anonymized,100,1270,1,45581.46973,Anonymized,Anonymized,Anonymized,Anonymized,,Anonymized,Anonymized,anonymous,EN,1.0,Anonymized,1.0,1,1,2,74,1,1,1,1,1,1,1,2,1,1,1,1,1,1,3,1,1,1,2,1,4,5,4,5,5,5,4,5,5,5,4,4,5,5,5,2,4,1,4,2,4,1,2,1,2,1,1,1,1,1,1,2,1,1,1,2,1,2,1,1,1,1,1.0,5.0,3.0,2.0,1.0,4.0,4.0,4.0,1.0,1.0,1.0,1.0,1.0,2.0,1.0,3.0,1.0,1.0,1,1,1,1,1,1.0,1,1,1,2,1,2,1,1,1,1,1,1,1,1,1,1,1,1,1,2,1,1,1,2,1,1,1,1,1,1,1,1,2,1,1,1,1,1,2,1,1,1,1,4,4,3,5,5,4,3,4,3,2,3,3,3,4,2,2,Anonymized,1270,74,2,-0.927634437,24,87,26,26.0,11,15,9,8,23,54,
45581.45385,45581.46985,0,Anonymized,100,1381,1,45581.46986,Anonymized,Anonymized,Anonymized,Anonymized,,Anonymized,Anonymized,anonymous,EN,1.0,Anonymized,1.0,1,1,1,28,4,5,5,4,1,4,5,2,5,2,5,4,5,4,5,1,4,2,2,1,4,4,5,4,2,2,5,5,5,5,5,5,5,5,5,2,5,2,5,4,5,2,4,4,2,2,1,4,2,1,4,5,5,2,1,5,5,5,2,5,4,4,2.0,2.0,5.0,5.0,4.0,5.0,5.0,4.0,3.0,5.0,5.0,3.0,3.0,5.0,5.0,5.0,3.0,4.0,5,4,4,3,3,5.0,5,5,4,4,5,4,5,3,4,3,4,4,3,3,4,2,4,4,4,4,4,4,4,4,4,4,4,3,4,4,3,4,4,4,4,4,3,3,3,3,3,4,4,4,4,3,5,3,5,4,5,4,3,4,2,3,3,4,4,Anonymized,1381,28,1,-0.82625708,70,89,69,40.0,33,56,30,28,73,60,
45581.45378,45581.46998,0,Anonymized,100,1399,1,45581.46999,Anonymized,Anonymized,Anonymized,Anonymized,,Anonymized,Anonymized,anonymous,EN,1.0,Anonymized,1.0,1,1,1,19,2,3,2,3,4,2,3,2,2,3,2,3,2,2,3,2,3,4,4,2,5,4,5,4,5,5,5,3,4,4,4,4,4,5,4,4,4,5,4,4,5,4,3,4,3,3,4,4,3,4,4,4,3,3,4,4,3,4,3,3,4,4,1.0,4.0,3.0,4.0,3.0,4.0,3.0,3.0,1.0,2.0,2.0,1.0,1.0,2.0,1.0,2.0,1.0,1.0,1,2,1,1,1,2.0,1,2,1,1,1,2,1,2,1,2,1,1,1,1,1,1,1,1,1,2,1,1,1,2,2,2,2,2,2,2,1,2,2,1,2,2,2,2,2,2,2,2,2,4,4,4,4,4,4,4,4,3,4,4,4,3,4,3,5,Anonymized,1399,19,1,-0.932536933,53,91,75,28.0,11,17,11,8,38,62,
45581.45354,45581.47097,0,Anonymized,100,1506,1,45581.47098,Anonymized,Anonymized,Anonymized,Anonymized,,Anonymized,Anonymized,anonymous,EN,1.0,Anonymized,1.0,1,1,2,22,4,4,3,4,2,4,3,2,4,3,4,4,4,4,4,3,4,3,3,4,2,2,2,4,4,4,4,3,4,4,4,4,4,4,4,3,3,4,4,4,4,4,2,4,2,2,2,2,4,2,2,4,2,1,1,2,3,3,3,2,2,2,1.0,2.0,2.0,3.0,2.0,2.0,2.0,4.0,2.0,3.0,1.0,3.0,3.0,4.0,3.0,1.0,3.0,3.0,4,4,4,4,4,4.0,4,4,4,4,4,4,4,3,3,2,4,2,4,4,1,2,3,3,3,3,1,2,2,4,3,4,4,4,3,4,3,3,4,2,4,4,3,4,4,3,3,4,3,2,2,2,3,3,3,3,3,3,3,3,3,3,4,4,3,Anonymized,1506,22,2,-0.883133773,70,75,51,23.0,21,52,25,17,70,47,
45581.45449,45581.4713,0,Anonymized,100,1451,1,45581.47131,Anonymized,Anonymized,Anonymized,Anonymized,,Anonymized,Anonymized,anonymous,EN,1.0,Anonymized,1.0,1,1,2,23,3,4,2,3,3,3,3,3,3,2,2,3,4,3,4,4,4,2,2,2,3,2,4,4,4,3,2,4,3,4,3,3,4,2,3,3,3,1,4,3,3,2,4,2,3,3,2,3,1,2,2,3,2,2,2,3,3,2,1,2,2,3,2.0,3.0,2.0,3.0,4.0,2.0,3.0,3.0,3.0,3.0,2.0,1.0,1.0,2.0,2.0,1.0,3.0,2.0,4,2,2,3,3,4.0,1,5,4,5,4,3,2,1,2,2,2,1,2,1,1,1,2,2,1,1,1,2,2,3,2,3,2,2,3,2,3,2,2,2,3,3,4,2,3,2,2,3,2,3,4,2,4,3,2,3,4,2,5,3,4,2,3,3,3,Anonymized,1451,23,2,-0.823902024,59,65,49,28.0,14,42,13,11,50,50,
45581.45497,45581.47144,0,Anonymized,100,1422,1,45581.47145,Anonymized,Anonymized,Anonymized,Anonymized,,Anonymized,Anonymized,anonymous,EN,1.0,Anonymized,1.0,1,1,2,27,2,2,2,4,3,3,2,4,2,2,2,2,2,1,3,4,2,2,2,4,4,4,5,5,5,5,5,5,5,5,5,5,5,5,5,3,5,3,3,3,3,2,2,2,2,2,2,1,1,1,1,1,1,1,1,1,1,1,1,1,1,2,1.0,1.0,4.0,4.0,4.0,3.0,4.0,4.0,2.0,2.0,1.0,1.0,1.0,2.0,2.0,1.0,2.0,1.0,4,3,4,3,3,4.0,2,5,4,4,5,4,4,3,1,2,1,1,1,1,1,1,1,1,2,1,1,1,1,2,2,2,3,2,2,1,1,2,2,2,2,2,2,2,2,1,1,2,2,5,5,5,3,4,4,3,5,5,5,5,5,3,3,3,3,Anonymized,1422,27,2,-0.980369325,50,93,28,29.0,11,49,12,8,37,66,
45581.45711,45581.47172,0,Anonymized,100,1263,1,45581.47174,Anonymized,Anonymized,Anonymized,Anonymized,,Anonymized,Anonymized,anonymous,EN,1.0,Anonymized,1.0,1,1,1,25,3,4,2,3,2,3,2,2,3,2,3,4,2,2,3,2,3,3,3,3,4,4,3,4,4,5,4,4,3,4,4,5,4,4,4,4,4,2,3,3,3,4,2,3,2,3,3,2,4,4,4,4,4,3,2,3,2,2,1,3,2,2,2.0,3.0,3.0,2.0,3.0,3.0,2.0,3.0,2.0,2.0,2.0,2.0,1.0,3.0,1.0,2.0,2.0,2.0,3,1,2,2,2,3.0,2,3,2,2,3,2,2,2,2,2,2,1,1,2,1,1,3,2,2,2,1,2,1,2,2,2,1,1,3,2,2,3,2,2,4,3,3,2,2,3,2,2,2,4,4,3,3,3,2,3,4,3,2,4,2,4,3,3,2,Anonymized,1263,25,1,-0.890794673,54,79,59,25.0,15,29,14,13,45,49,
45581.45414,45581.47219,0,Anonymized,100,1558,1,45581.4722,Anonymized,Anonymized,Anonymized,Anonymized,,Anonymized,Anonymized,anonymous,EN,1.0,Anonymized,1.0,1,1,2,40,1,1,1,2,4,1,1,5,1,4,1,2,1,1,5,3,5,4,5,5,2,2,2,5,5,5,4,4,4,4,4,4,4,4,4,2,4,2,4,4,4,1,4,1,5,2,2,1,1,1,1,1,3,1,1,1,1,1,3,1,1,1,2.0,4.0,3.0,1.0,5.0,4.0,4.0,3.0,2.0,2.0,1.0,1.0,1.0,4.0,1.0,1.0,1.0,5.0,3,1,1,1,2,3.0,2,2,2,2,2,2,3,2,2,4,3,4,2,2,1,1,2,1,1,2,1,1,2,3,3,4,4,2,4,1,2,2,3,2,3,3,2,3,3,2,1,2,1,4,3,2,2,2,2,2,2,3,2,2,2,4,3,2,2,Anonymized,1558,40,2,-0.735009933,53,77,34,30.0,15,26,21,10,50,39,
45581.45388,45581.47279,0,Anonymized,100,1634,1,45581.47281,Anonymized,Anonymized,Anonymized,Anonymized,,Anonymized,Anonymized,anonymous,EN,1.0,Anonymized,1.0,1,1,1,22,2,2,1,2,1,5,2,1,2,2,1,4,1,3,4,1,2,1,4,1,4,2,4,4,4,4,5,5,4,2,2,5,4,4,4,1,4,5,5,5,4,4,2,2,5,4,2,5,4,2,2,4,5,2,2,4,5,5,5,5,4,4,1.0,1.0,4.0,2.0,2.0,4.0,5.0,2.0,1.0,1.0,1.0,1.0,1.0,3.0,1.0,1.0,1.0,3.0,1,1,1,1,1,1.0,1,1,1,4,4,4,5,1,1,2,2,1,1,1,1,1,2,1,1,2,1,1,1,2,2,2,2,1,3,2,1,1,2,2,2,2,2,2,1,2,1,2,1,4,4,3,4,4,4,3,3,4,4,4,4,2,2,2,2,Anonymized,1634,22,1,-0.931462112,42,81,77,23.0,12,26,11,9,35,53,
45581.46512,45581.47354,0,Anonymized,100,727,1,45581.47355,Anonymized,Anonymized,Anonymized,Anonymized,,Anonymized,Anonymized,anonymous,EN,1.0,Anonymized,1.0,1,1,2,49,2,2,1,2,2,1,2,1,2,2,1,3,2,1,2,1,4,2,2,1,4,5,4,5,4,5,3,3,3,3,5,5,2,2,5,1,5,3,4,2,2,1,2,1,2,1,1,4,1,1,1,2,1,1,1,3,3,2,2,2,1,2,1.0,4.0,3.0,3.0,4.0,3.0,4.0,5.0,4.0,2.0,4.0,3.0,1.0,3.0,1.0,3.0,1.0,1.0,4,1,2,3,2,4.0,1,4,4,3,4,2,4,1,2,1,2,1,1,1,1,1,1,1,2,1,1,2,1,2,2,3,2,1,3,3,2,2,2,1,4,3,2,2,2,1,1,2,2,2,3,2,3,2,3,3,3,3,3,3,3,2,3,3,2,Anonymized,727,49,2,-0.950253614,36,75,35,33.0,17,38,11,9,42,43,
45581.45507,45581.47361,0,Anonymized,100,1601,1,45581.47363,Anonymized,Anonymized,Anonymized,Anonymized,,Anonymized,Anonymized,anonymous,EN,1.0,Anonymized,1.0,1,1,2,28,2,1,1,5,2,2,1,2,1,1,1,2,1,2,3,1,2,2,1,1,5,4,4,5,5,5,5,4,5,4,4,4,4,4,5,2,4,1,4,2,2,1,4,1,4,3,3,2,2,4,4,3,4,2,2,4,4,2,1,2,2,2,1.0,2.0,3.0,1.0,3.0,3.0,4.0,2.0,1.0,1.0,2.0,1.0,1.0,2.0,1.0,2.0,1.0,2.0,1,1,1,1,1,1.0,1,1,1,1,1,1,1,2,2,2,2,1,1,1,1,1,2,2,2,2,2,2,3,2,1,1,1,1,2,2,1,2,1,2,1,1,2,1,1,1,2,1,2,3,4,4,5,5,4,5,4,5,5,5,3,2,3,4,3,Anonymized,1601,28,2,-0.945054525,34,82,56,21.0,12,13,13,15,28,64,
45581.45374,45581.47583,0,Anonymized,100,1908,1,45581.47585,Anonymized,Anonymized,Anonymized,Anonymized,,Anonymized,Anonymized,anonymous,EN,1.0,Anonymized,1.0,1,1,2,35,1,1,1,1,2,1,3,1,1,1,1,1,1,1,4,1,2,2,1,1,5,5,5,5,5,5,5,5,5,5,5,5,4,4,5,1,5,2,5,2,2,4,4,3,4,2,2,5,4,4,4,4,2,2,2,2,5,1,1,5,5,4,4.0,3.0,4.0,1.0,4.0,5.0,5.0,4.0,2.0,2.0,4.0,1.0,1.0,4.0,1.0,1.0,1.0,1.0,4,1,1,2,2,3.0,1,5,5,5,5,4,2,2,1,2,3,1,1,2,1,1,1,1,1,1,1,1,1,2,1,2,3,1,2,1,2,2,2,1,1,1,1,1,2,2,2,1,1,3,3,3,2,1,3,4,4,5,2,4,5,1,2,2,1,Anonymized,1908,35,2,-0.968481331,28,90,69,34.0,14,40,14,7,31,45,
45581.45506,45581.47772,0,Anonymized,100,1958,1,45581.47773,Anonymized,Anonymized,Anonymized,Anonymized,,Anonymized,Anonymized,anonymous,EN,1.0,Anonymized,1.0,1,1,2,50,1,1,5,1,1,5,1,3,3,1,2,1,5,3,2,5,5,1,3,2,5,2,4,5,3,3,4,1,1,1,3,5,1,1,1,2,5,2,3,5,5,4,1,4,1,1,3,1,1,1,2,5,4,1,1,3,5,5,1,3,3,4,1.0,1.0,3.0,2.0,5.0,3.0,5.0,3.0,4.0,1.0,5.0,5.0,1.0,5.0,4.0,5.0,1.0,5.0,5,4,5,5,5,5.0,1,5,3,4,5,5,5,3,4,4,4,3,1,2,1,3,2,4,4,4,4,4,4,1,3,2,2,1,3,3,1,3,2,2,3,2,2,4,3,2,2,1,3,4,3,5,3,2,3,1,5,3,2,5,2,3,5,3,1,Anonymized,1958,50,2,-0.661675522,51,62,54,28.0,31,57,25,26,45,50,
45581.45466,45581.48358,0,Anonymized,100,2497,1,45581.48358,Anonymized,Anonymized,Anonymized,Anonymized,,Anonymized,Anonymized,anonymous,EN,1.0,Anonymized,1.0,1,1,2,24,2,3,2,3,3,3,2,4,4,2,3,3,3,2,3,3,4,3,2,2,4,3,4,4,3,3,3,3,3,3,3,4,3,3,4,2,4,3,3,3,3,2,2,4,3,4,3,3,2,2,2,2,3,3,2,2,3,3,3,2,3,2,1.0,5.0,4.0,2.0,3.0,3.0,4.0,4.0,5.0,4.0,2.0,1.0,1.0,3.0,2.0,2.0,1.0,2.0,3,1,2,2,3,3.0,1,3,2,2,2,2,2,2,3,2,2,1,3,1,1,1,3,2,3,1,1,3,3,2,2,3,2,2,2,2,1,2,2,2,2,2,3,2,2,2,2,2,2,2,2,1,1,3,3,3,3,4,2,2,3,3,3,3,3,Anonymized,2497,24,2,-0.924984489,56,68,55,35.0,14,28,16,16,41,41,
45581.45377,45581.48392,0,Anonymized,100,2605,1,45581.48394,Anonymized,Anonymized,Anonymized,Anonymized,,Anonymized,Anonymized,anonymous,EN,1.0,Anonymized,1.0,1,1,2,21,4,4,3,3,2,4,4,4,3,2,2,4,2,3,3,4,4,2,2,4,4,5,5,3,4,3,2,3,4,3,2,4,4,2,2,2,4,1,5,4,4,2,4,2,2,2,2,4,1,1,1,1,2,2,2,2,4,2,2,4,2,1,3.0,4.0,3.0,4.0,4.0,4.0,4.0,4.0,3.0,4.0,2.0,3.0,1.0,4.0,2.0,2.0,3.0,3.0,1,1,3,3,3,4.0,2,4,2,4,2,2,4,3,3,2,3,2,2,3,1,1,3,3,3,2,2,2,3,2,3,3,2,2,3,3,3,4,2,1,3,3,4,2,3,3,2,3,2,3,3,2,4,2,4,1,3,4,2,4,3,3,2,3,2,Anonymized,2605,21,2,-0.831108093,63,70,45,37.0,20,35,20,18,53,45,
45581.45528,45581.48671,0,Anonymized,100,2716,1,45581.48672,Anonymized,Anonymized,Anonymized,Anonymized,,Anonymized,Anonymized,anonymous,EN,1.0,Anonymized,1.0,1,1,2,54,3,3,1,2,2,4,2,2,3,3,3,2,2,2,4,4,4,2,2,2,4,4,2,4,4,4,4,4,4,4,4,3,4,4,4,2,4,1,3,3,3,2,1,1,1,1,1,1,1,1,1,2,1,1,1,1,1,1,1,1,1,1,2.0,2.0,4.0,3.0,1.0,1.0,4.0,3.0,4.0,3.0,1.0,1.0,1.0,1.0,1.0,1.0,1.0,2.0,2,1,1,1,1,2.0,1,2,2,2,2,2,1,1,1,2,1,1,2,2,1,1,2,2,2,2,2,2,2,2,2,2,2,2,2,2,3,4,1,2,3,2,2,2,1,3,3,2,3,4,5,5,5,3,3,4,4,2,3,3,2,2,3,2,2,Anonymized,2716,54,2,-0.979438806,52,73,23,27.0,9,20,12,14,45,52,
45581.45471,45581.49142,0,Anonymized,100,3172,1,45581.49144,Anonymized,Anonymized,Anonymized,Anonymized,,Anonymized,Anonymized,anonymous,EN,1.0,Anonymized,1.0,1,1,1,29,2,3,2,2,3,4,3,3,2,3,4,3,2,3,2,4,2,4,3,3,4,3,3,2,3,2,2,2,3,3,3,2,2,4,2,3,2,3,3,3,2,2,2,2,2,2,2,2,2,1,2,1,2,1,2,1,2,2,1,2,1,1,2.0,3.0,4.0,2.0,2.0,2.0,4.0,2.0,2.0,2.0,2.0,1.0,1.0,2.0,2.0,1.0,1.0,3.0,2,1,2,1,1,1.0,1,1,1,1,1,1,1,1,1,2,1,1,1,3,2,1,1,1,1,1,1,2,1,2,2,3,2,2,4,3,3,2,2,1,2,3,3,2,3,3,1,3,2,4,3,3,4,4,4,4,4,2,3,4,2,4,3,3,4,Anonymized,3172,29,1,-0.886183245,57,56,35,25.0,13,15,13,8,48,55,
45581.45902,45581.49405,0,Anonymized,100,3026,1,45581.49406,Anonymized,Anonymized,Anonymized,Anonymized,,Anonymized,Anonymized,anonymous,EN,1.0,Anonymized,1.0,1,1,1,27,2,4,3,4,3,2,3,2,4,2,4,5,4,3,4,2,3,3,2,3,4,3,4,5,5,4,4,4,5,3,4,5,4,4,4,3,5,2,4,4,4,2,3,2,1,2,1,2,2,2,3,4,3,2,3,2,3,2,3,2,3,2,3.0,4.0,3.0,4.0,3.0,4.0,2.0,3.0,3.0,4.0,4.0,2.0,3.0,4.0,3.0,3.0,2.0,3.0,3,1,2,3,2,1.0,1,4,1,2,3,2,3,3,2,3,2,1,1,2,3,2,2,3,2,3,4,2,3,2,1,2,4,1,2,1,2,1,2,3,2,2,1,2,2,1,2,2,2,2,3,2,3,2,3,4,3,3,2,3,3,4,3,2,3,Anonymized,3026,27,1,-0.893929435,62,84,49,33.0,24,28,19,19,37,45,
45581.5003,45581.50662,0,Anonymized,100,545,1,45581.50663,Anonymized,Anonymized,Anonymized,Anonymized,,Anonymized,Anonymized,anonymous,EN,1.0,Anonymized,1.0,1,1,2,37,2,3,3,4,2,4,3,2,4,3,3,2,4,4,5,5,5,4,5,1,5,3,4,4,5,5,5,4,4,4,4,1,2,2,3,2,3,2,1,2,3,3,3,3,3,3,2,3,2,2,2,3,1,1,2,2,2,2,2,1,1,1,2.0,2.0,5.0,3.0,4.0,2.0,2.0,1.0,2.0,3.0,3.0,2.0,1.0,4.0,4.0,3.0,2.0,1.0,5,5,5,5,5,5.0,5,5,5,5,5,5,5,4,4,1,4,3,4,4,4,4,4,4,4,4,4,4,4,4,4,3,4,4,3,4,4,4,4,4,4,4,3,1,3,4,4,4,4,5,5,5,5,3,3,3,2,3,3,2,2,3,2,2,2,Anonymized,545,37,2,-0.924086623,68,68,44,26.0,20,65,32,28,73,50,
45581.50028,45581.50733,0,Anonymized,100,609,1,45581.50734,Anonymized,Anonymized,Anonymized,Anonymized,,Anonymized,Anonymized,anonymous,EN,1.0,Anonymized,1.0,1,1,1,43,3,4,3,4,3,3,3,4,4,1,5,5,4,4,5,4,5,2,4,3,4,5,5,5,3,5,5,5,5,5,5,5,5,5,5,1,5,2,3,4,4,2,4,4,5,4,2,5,3,3,3,3,4,3,3,5,5,3,3,4,4,4,4.0,5.0,4.0,2.0,1.0,5.0,5.0,5.0,2.0,1.0,2.0,2.0,3.0,4.0,1.0,5.0,1.0,5.0,5,2,3,3,2,4.0,4,2,2,3,1,1,1,3,2,4,4,4,3,4,4,1,4,3,4,4,3,1,1,3,3,4,3,2,4,2,4,1,4,2,2,4,4,3,4,2,2,4,1,2,2,2,2,3,3,3,3,3,2,1,1,2,2,2,2,Anonymized,609,43,1,-0.737150279,73,91,76,34.0,23,33,29,20,58,35,
45581.50031,45581.50738,0,Anonymized,100,611,1,45581.5074,Anonymized,Anonymized,Anonymized,Anonymized,,Anonymized,Anonymized,anonymous,EN,1.0,Anonymized,1.0,1,1,1,42,2,2,2,2,2,1,2,1,2,2,2,2,2,1,4,5,2,3,2,2,4,5,4,5,5,4,5,5,4,2,5,5,4,2,5,2,5,5,4,4,4,3,2,2,3,2,1,4,1,1,1,4,4,1,1,5,4,1,4,2,1,1,1.0,2.0,3.0,2.0,2.0,3.0,5.0,4.0,2.0,2.0,2.0,2.0,1.0,3.0,2.0,4.0,3.0,2.0,4,2,3,3,2,4.0,3,4,4,3,3,2,4,2,2,3,3,2,2,2,1,1,2,2,2,2,1,2,2,3,3,3,2,2,3,3,2,3,3,2,2,3,3,2,3,3,3,3,3,3,3,4,4,2,2,2,2,5,4,3,3,2,3,3,2,Anonymized,611,42,1,-0.931988781,43,88,48,26.0,19,41,18,13,54,47,
45581.50032,45581.50756,0,Anonymized,100,624,1,45581.50756,Anonymized,Anonymized,Anonymized,Anonymized,,Anonymized,Anonymized,anonymous,EN,1.0,Anonymized,1.0,1,1,2,44,2,3,4,3,2,3,2,1,4,2,3,4,3,3,1,1,3,1,2,3,5,4,4,4,5,5,5,5,4,4,4,5,4,4,4,3,5,3,3,4,5,1,4,1,3,2,1,4,1,1,1,4,1,1,1,4,1,3,1,2,4,4,1.0,5.0,5.0,4.0,5.0,5.0,5.0,4.0,4.0,5.0,1.0,1.0,2.0,4.0,3.0,4.0,1.0,2.0,1,1,1,1,1,1.0,1,1,1,1,1,1,3,1,1,2,3,2,2,4,3,1,4,3,3,3,2,3,3,2,2,3,3,2,3,4,2,2,2,1,2,2,2,2,2,4,2,4,3,4,5,4,5,5,5,5,5,4,4,5,4,4,5,4,4,Anonymized,624,44,2,-0.95476702,50,89,45,43.0,18,15,19,21,49,72,
45581.50031,45581.50772,0,Anonymized,100,640,1,45581.50773,Anonymized,Anonymized,Anonymized,Anonymized,,Anonymized,Anonymized,anonymous,EN,1.0,Anonymized,1.0,1,1,1,29,3,2,1,3,2,3,2,2,3,2,3,3,2,1,5,2,2,2,2,1,4,4,3,3,4,4,4,4,4,4,4,4,4,4,4,4,4,2,4,3,2,1,2,1,2,4,3,2,1,3,3,4,2,2,1,1,3,1,1,4,1,2,1.0,4.0,2.0,2.0,4.0,4.0,4.0,3.0,4.0,3.0,1.0,2.0,1.0,2.0,1.0,1.0,1.0,1.0,2,1,2,2,3,2.0,1,3,3,3,3,2,2,2,2,1,2,1,1,2,1,1,2,1,2,2,1,3,1,3,2,2,3,1,3,3,2,2,2,1,2,2,2,1,2,2,2,2,1,4,2,2,3,4,3,4,4,5,4,3,4,5,5,5,4,Anonymized,640,29,1,-0.941966068,46,77,44,31.0,10,29,13,12,40,61,
45581.50034,45581.50848,0,Anonymized,100,703,1,45581.50849,Anonymized,Anonymized,Anonymized,Anonymized,,Anonymized,Anonymized,anonymous,EN,1.0,Anonymized,1.0,1,1,1,23,4,5,1,5,3,4,2,2,2,3,4,4,2,4,4,4,4,1,4,2,1,2,3,2,4,4,3,4,5,5,3,2,4,3,5,2,4,1,1,1,1,1,3,1,4,3,2,4,1,2,1,4,1,1,1,2,3,2,1,1,1,1,2.0,4.0,2.0,1.0,5.0,2.0,4.0,4.0,2.0,3.0,2.0,1.0,1.0,4.0,3.0,1.0,1.0,1.0,3,2,3,3,2,3.0,3,4,4,4,4,3,1,2,2,1,3,1,2,3,1,2,2,2,2,3,2,3,1,3,3,3,4,3,3,4,2,3,3,1,4,3,4,3,3,3,2,4,2,4,3,2,3,4,3,4,4,4,4,4,3,3,3,2,1,Anonymized,703,23,1,-0.832656813,64,60,40,29.0,14,39,17,15,60,51,
45581.50021,45581.50869,0,Anonymized,100,732,1,45581.50871,Anonymized,Anonymized,Anonymized,Anonymized,,Anonymized,Anonymized,anonymous,EN,1.0,Anonymized,1.0,1,1,1,78,1,4,1,3,2,2,4,1,2,3,1,2,1,1,1,5,5,2,3,3,4,4,5,5,4,4,3,4,2,3,4,1,4,1,4,1,5,3,3,3,3,3,2,4,4,2,1,2,1,1,1,2,1,1,1,1,1,1,2,4,2,3,2.0,5.0,2.0,3.0,4.0,4.0,4.0,3.0,3.0,2.0,4.0,2.0,1.0,4.0,1.0,1.0,1.0,4.0,2,1,1,1,1,1.0,3,2,1,1,1,1,2,2,3,3,3,2,3,1,2,1,2,2,2,3,1,1,2,3,2,2,4,1,4,3,2,1,3,2,1,2,3,2,3,3,2,2,1,4,4,3,3,5,4,4,5,5,5,4,3,4,4,4,4,Anonymized,732,78,1,-0.724593133,47,70,40,32.0,18,18,20,13,46,65,
45581.50025,45581.5091,0,Anonymized,100,763,1,45581.50911,Anonymized,Anonymized,Anonymized,Anonymized,,Anonymized,Anonymized,anonymous,EN,1.0,Anonymized,1.0,1,1,1,62,2,3,2,3,2,2,2,2,3,2,3,4,2,2,3,1,3,2,2,2,4,4,3,4,3,4,3,4,4,4,5,5,3,3,3,3,4,3,2,2,2,2,1,2,1,2,1,2,1,1,1,1,2,2,1,1,1,2,1,2,1,1,1.0,4.0,2.0,2.0,3.0,3.0,4.0,2.0,3.0,5.0,1.0,2.0,1.0,3.0,2.0,1.0,1.0,3.0,3,1,1,1,2,3.0,2,2,3,2,2,3,3,2,2,2,2,1,2,2,2,1,2,2,2,2,2,2,1,2,2,3,2,1,3,3,2,3,3,1,2,3,4,2,3,2,1,3,2,4,3,2,3,3,2,3,4,3,2,2,3,3,3,3,2,Anonymized,763,62,1,-0.891906414,47,72,29,29.0,14,28,16,13,47,45,
45581.50022,45581.5095,0,Anonymized,100,801,1,45581.50952,Anonymized,Anonymized,Anonymized,Anonymized,,Anonymized,Anonymized,anonymous,EN,1.0,Anonymized,1.0,1,1,2,41,1,1,1,2,2,1,1,2,1,2,1,1,1,1,3,4,1,1,2,2,4,5,5,5,5,5,5,5,5,5,5,5,5,5,5,4,5,4,5,4,3,2,2,2,2,2,2,2,2,2,2,2,2,2,2,2,2,2,2,3,2,2,1.0,4.0,4.0,3.0,4.0,4.0,4.0,5.0,2.0,2.0,1.0,1.0,1.0,1.0,1.0,1.0,2.0,2.0,1,1,1,1,1,1.0,1,1,1,1,1,1,1,1,1,1,1,1,1,1,1,1,1,1,1,1,1,2,1,1,1,1,1,1,1,1,1,1,1,1,1,1,2,1,1,1,1,1,1,5,5,5,5,4,4,4,4,5,5,5,5,5,5,5,5,Anonymized,801,41,2,-0.975427274,31,99,43,33.0,10,13,9,8,21,76,
45581.50023,45581.50968,0,Anonymized,100,816,1,45581.50969,Anonymized,Anonymized,Anonymized,Anonymized,,Anonymized,Anonymized,anonymous,EN,1.0,Anonymized,1.0,1,1,2,28,2,4,1,3,3,2,1,4,3,2,2,2,3,1,2,4,3,2,2,3,4,5,4,3,5,5,5,5,5,5,5,4,5,5,5,4,5,4,5,3,5,1,3,1,3,3,1,4,1,1,1,2,1,1,1,2,1,1,1,1,1,1,1.0,3.0,2.0,2.0,2.0,2.0,3.0,2.0,2.0,3.0,1.0,4.0,1.0,5.0,1.0,2.0,1.0,1.0,1,1,2,1,2,2.0,1,1,2,2,3,3,2,4,3,3,4,1,2,4,1,1,3,2,2,1,1,1,2,3,3,3,3,3,3,3,3,3,3,1,3,3,3,3,3,2,3,3,2,5,4,3,4,4,4,4,4,5,4,4,4,4,4,5,4,Anonymized,816,28,2,-0.771549403,49,96,32,22.0,16,23,23,12,56,66,
45581.50319,45581.50971,0,Anonymized,100,563,1,45581.50973,Anonymized,Anonymized,Anonymized,Anonymized,,Anonymized,Anonymized,anonymous,EN,1.0,Anonymized,1.0,1,1,1,38,3,5,2,3,2,2,1,3,2,3,4,2,4,2,5,3,5,2,3,2,4,5,3,3,4,4,3,5,3,2,4,5,3,3,2,2,4,1,3,3,4,1,2,2,2,3,1,4,2,2,2,1,3,1,2,2,1,1,1,2,1,1,3.0,3.0,2.0,4.0,3.0,3.0,4.0,3.0,2.0,3.0,2.0,2.0,1.0,4.0,3.0,1.0,1.0,1.0,1,2,2,2,1,2.0,3,2,3,3,3,2,2,2,3,1,3,1,2,1,1,1,2,1,1,2,1,3,2,3,2,3,3,2,2,2,1,2,3,1,3,3,3,2,3,1,1,2,1,4,4,2,3,4,4,5,3,5,5,4,4,3,4,3,3,Anonymized,563,38,1,-0.882934116,58,70,37,30.0,15,28,15,12,43,60,
45581.50043,45581.50999,0,Anonymized,100,826,1,45581.51,Anonymized,Anonymized,Anonymized,Anonymized,,Anonymized,Anonymized,anonymous,EN,1.0,Anonymized,1.0,1,1,2,48,2,2,1,1,3,2,1,1,2,2,2,1,2,3,3,3,2,2,2,3,2,2,4,4,4,4,4,4,5,4,5,4,4,3,4,3,4,4,4,4,3,1,1,1,1,1,1,3,1,1,1,1,1,1,1,1,3,1,1,3,1,1,2.0,3.0,3.0,3.0,3.0,4.0,3.0,3.0,3.0,3.0,2.0,1.0,2.0,2.0,2.0,1.0,1.0,2.0,1,1,2,1,1,3.0,1,2,2,2,1,1,3,1,1,2,2,1,1,1,1,1,1,1,1,1,1,2,1,1,1,1,1,1,2,3,1,1,1,1,2,1,2,1,1,2,3,2,2,4,3,4,4,5,5,4,4,4,3,5,4,4,4,4,5,Anonymized,826,48,2,-0.959460288,40,79,27,30.0,13,21,11,8,30,66,
45581.50024,45581.51005,0,Anonymized,100,847,1,45581.51006,Anonymized,Anonymized,Anonymized,Anonymized,,Anonymized,Anonymized,anonymous,EN,1.0,Anonymized,1.0,1,1,1,80,2,4,1,3,3,2,2,3,2,2,2,1,3,2,3,3,4,2,3,3,1,5,4,4,3,3,4,3,5,4,4,3,2,2,4,3,4,1,4,2,2,2,3,1,3,4,3,4,1,3,2,3,2,3,2,2,2,1,1,4,2,1,1.0,2.0,2.0,2.0,1.0,2.0,3.0,3.0,2.0,3.0,1.0,1.0,1.0,2.0,1.0,2.0,1.0,1.0,2,1,1,2,1,2.0,1,3,3,2,3,3,2,1,1,1,1,1,1,1,1,1,2,2,1,2,1,1,1,2,2,2,1,1,2,2,1,2,1,2,2,2,2,1,1,2,2,1,2,4,3,2,5,5,4,4,5,4,3,4,4,4,3,4,4,Anonymized,847,80,1,-0.904846704,50,67,49,21.0,10,26,9,10,33,62,
45581.50034,45581.51041,0,Anonymized,100,869,1,45581.51042,Anonymized,Anonymized,Anonymized,Anonymized,,Anonymized,Anonymized,anonymous,EN,1.0,Anonymized,1.0,1,1,2,32,4,5,5,5,1,2,1,5,4,5,4,5,5,5,2,3,5,1,5,1,3,2,4,1,5,2,4,2,5,4,2,5,2,2,1,1,4,1,2,5,4,1,2,1,1,3,3,4,1,2,2,5,5,1,1,2,5,1,1,2,4,2,2.0,3.0,2.0,4.0,5.0,1.0,5.0,1.0,1.0,4.0,5.0,1.0,1.0,1.0,1.0,1.0,2.0,1.0,4,5,4,5,5,1.0,1,5,5,5,5,5,3,4,4,1,1,1,4,4,2,4,2,3,3,2,1,3,4,3,3,4,3,4,3,3,4,4,3,4,4,3,4,4,4,3,4,3,4,4,5,5,5,5,5,5,5,3,3,4,5,5,5,5,5,Anonymized,869,32,2,-0.920647623,73,61,49,28.0,13,53,25,18,71,74,
45581.50041,45581.51044,0,Anonymized,100,867,1,45581.51046,Anonymized,Anonymized,Anonymized,Anonymized,,Anonymized,Anonymized,anonymous,EN,1.0,Anonymized,1.0,1,1,1,27,4,3,2,3,2,4,3,2,3,3,3,4,4,3,5,2,5,2,2,2,2,4,2,4,2,3,3,4,2,2,3,4,2,2,4,1,4,2,4,2,2,1,5,2,5,4,5,2,3,4,3,2,5,5,4,4,4,4,3,5,3,3,1.0,2.0,3.0,1.0,2.0,1.0,4.0,4.0,1.0,2.0,4.0,1.0,2.0,3.0,2.0,1.0,2.0,3.0,3,4,3,4,4,5.0,5,4,4,4,4,3,4,2,3,3,4,2,3,2,1,2,2,3,3,2,2,1,3,3,2,3,3,3,4,2,2,4,3,2,3,3,3,3,3,3,3,3,3,5,5,2,3,5,5,4,4,4,4,2,3,5,5,5,4,Anonymized,867,27,1,-0.864338292,61,58,76,21.0,18,51,22,16,58,65,
45581.5005,45581.51054,0,Anonymized,100,867,1,45581.51055,Anonymized,Anonymized,Anonymized,Anonymized,,Anonymized,Anonymized,anonymous,EN,1.0,Anonymized,1.0,1,1,1,19,4,2,3,4,2,3,2,5,1,4,3,4,4,2,3,3,5,5,3,2,5,1,2,4,3,2,5,1,2,3,2,1,2,4,3,5,2,4,2,3,3,2,4,2,3,4,2,4,3,1,1,1,2,2,3,2,2,2,3,3,4,2,1.0,4.0,1.0,5.0,3.0,4.0,3.0,4.0,2.0,3.0,2.0,1.0,2.0,4.0,2.0,1.0,1.0,2.0,4,2,3,2,4,3.0,3,1,4,3,4,2,3,2,2,2,2,1,1,1,1,1,2,1,1,2,1,1,1,3,3,4,2,1,2,3,2,1,2,2,1,2,3,3,2,1,2,2,2,2,4,3,4,1,1,3,2,2,4,2,3,2,3,4,3,Anonymized,867,19,1,-0.530585408,64,59,52,30.0,15,38,13,9,43,43,
45581.50035,45581.51061,0,Anonymized,100,887,1,45581.51062,Anonymized,Anonymized,Anonymized,Anonymized,,Anonymized,Anonymized,anonymous,EN,1.0,Anonymized,1.0,1,1,1,53,1,1,1,1,2,1,2,1,1,1,1,1,1,1,1,1,1,1,1,1,4,4,4,4,4,4,5,4,3,3,4,5,3,3,5,2,5,2,5,3,2,3,1,1,1,1,1,4,1,1,1,1,1,1,1,1,2,1,1,4,1,1,1.0,3.0,3.0,2.0,1.0,3.0,2.0,1.0,1.0,1.0,2.0,1.0,1.0,2.0,1.0,1.0,1.0,1.0,1,1,1,1,1,1.0,1,1,1,1,1,1,1,1,1,1,2,1,1,1,1,1,1,1,1,1,1,1,1,2,1,2,1,1,3,2,1,1,2,1,1,2,1,1,2,1,1,1,1,4,4,3,4,3,3,3,3,4,3,4,4,3,3,3,3,Anonymized,887,53,1,-0.959810705,22,78,30,18.0,10,13,10,7,28,54,
45581.50407,45581.51141,0,Anonymized,100,633,1,45581.51142,Anonymized,Anonymized,Anonymized,Anonymized,,Anonymized,Anonymized,anonymous,EN,1.0,Anonymized,1.0,1,1,2,27,3,4,1,3,2,4,2,2,3,2,3,4,3,2,4,3,5,2,3,2,4,5,4,5,5,5,5,4,4,4,5,5,4,4,5,2,5,1,4,3,4,1,4,2,3,3,1,5,1,1,1,4,2,2,1,2,3,2,1,5,2,1,2.0,3.0,4.0,4.0,4.0,2.0,5.0,5.0,4.0,4.0,1.0,1.0,1.0,5.0,3.0,1.0,1.0,5.0,3,3,4,4,3,3.0,4,4,5,5,5,4,3,3,4,4,4,4,4,2,1,2,3,3,4,2,2,3,3,3,3,3,4,4,2,3,3,3,3,3,3,3,3,4,3,3,3,4,3,5,5,4,4,4,4,3,4,4,4,5,5,4,4,5,4,Anonymized,633,27,2,-0.877962996,57,87,47,37.0,18,50,28,20,63,68,
45581.5003,45581.51237,0,Anonymized,100,1043,1,45581.5124,Anonymized,Anonymized,Anonymized,Anonymized,,Anonymized,Anonymized,anonymous,EN,1.0,Anonymized,1.0,1,1,1,39,4,4,2,4,3,4,4,2,4,3,4,3,4,4,4,3,4,2,3,3,4,4,3,4,4,4,3,3,2,2,3,4,3,2,4,3,4,2,2,3,3,2,4,2,4,3,3,2,2,2,2,2,2,2,2,2,2,3,1,2,2,2,2.0,3.0,3.0,2.0,4.0,3.0,2.0,3.0,3.0,3.0,4.0,3.0,2.0,4.0,3.0,4.0,5.0,3.0,3,2,3,3,2,4.0,3,3,3,3,3,2,4,3,3,3,3,2,2,3,2,2,3,3,3,3,3,3,3,3,4,4,3,3,4,3,3,3,4,3,2,3,4,3,4,3,3,4,3,3,3,3,4,4,4,3,4,4,4,4,4,3,3,3,2,Anonymized,1043,39,1,-0.981937396,68,66,48,28.0,28,38,23,21,66,55,
45581.50046,45581.51275,0,Anonymized,100,1062,1,45581.51277,Anonymized,Anonymized,Anonymized,Anonymized,,Anonymized,Anonymized,anonymous,EN,1.0,Anonymized,1.0,1,1,2,32,1,3,1,3,2,2,2,3,2,1,2,2,3,2,4,2,2,2,2,3,4,4,4,2,5,4,5,5,4,3,5,5,4,5,5,2,5,1,2,4,4,2,4,2,2,2,4,3,5,4,4,2,4,2,2,3,4,4,1,4,4,3,1.0,3.0,3.0,4.0,5.0,4.0,4.0,5.0,3.0,4.0,2.0,1.0,2.0,3.0,1.0,1.0,1.0,3.0,3,1,2,3,1,2.0,3,4,3,5,4,2,3,2,1,2,2,2,2,1,1,1,2,2,3,2,2,2,1,2,2,3,3,3,3,3,3,2,2,1,4,3,3,3,2,3,3,3,3,4,4,2,4,4,4,3,3,4,4,4,4,3,3,3,3,Anonymized,1062,32,2,-0.896154118,44,82,65,36.0,14,36,14,14,54,56,
45581.50584,45581.515,0,Anonymized,100,790,1,45581.51501,Anonymized,Anonymized,Anonymized,Anonymized,,Anonymized,Anonymized,anonymous,EN,1.0,Anonymized,1.0,1,1,2,27,4,4,4,3,2,2,2,4,4,2,2,2,2,2,2,2,2,2,2,4,4,4,4,4,4,4,5,5,4,4,4,4,4,4,4,2,4,2,4,4,4,2,4,2,4,3,4,4,2,2,2,2,2,2,2,4,2,2,1,3,4,4,1.0,2.0,4.0,1.0,5.0,5.0,5.0,5.0,2.0,2.0,3.0,1.0,2.0,4.0,2.0,4.0,4.0,2.0,1,1,2,2,1,2.0,1,2,1,1,1,1,3,2,1,2,3,2,1,2,1,1,2,2,2,3,3,2,1,2,3,2,2,2,3,1,2,2,2,1,2,3,2,1,2,3,3,2,1,3,5,2,4,3,2,4,3,5,4,4,4,3,4,2,2,Anonymized,790,27,2,-0.958215172,53,82,57,32.0,22,19,15,15,41,54,
45581.50332,45581.51516,0,Anonymized,100,1023,1,45581.51519,Anonymized,Anonymized,Anonymized,Anonymized,,Anonymized,Anonymized,anonymous,EN,1.0,Anonymized,1.0,1,1,1,30,2,2,1,1,2,1,2,4,2,2,2,2,2,2,3,1,1,1,1,2,4,5,5,5,5,5,5,5,5,5,5,5,5,5,4,4,5,4,5,5,5,4,5,2,4,5,4,4,2,2,2,4,2,2,2,2,4,4,4,2,2,4,1.0,5.0,4.0,5.0,5.0,1.0,5.0,5.0,5.0,5.0,2.0,1.0,1.0,4.0,1.0,1.0,1.0,4.0,2,1,1,2,2,4.0,4,5,4,4,5,2,4,2,1,2,2,2,1,2,1,1,2,1,1,2,2,1,1,2,2,2,4,1,3,2,1,1,2,2,1,1,1,1,1,1,2,2,1,5,3,5,4,4,5,5,5,5,5,5,5,4,4,5,5,Anonymized,1023,30,1,-0.952933318,36,101,66,41.0,15,40,14,10,33,74,
45581.50368,45581.5156,0,Anonymized,100,1030,1,45581.51562,Anonymized,Anonymized,Anonymized,Anonymized,,Anonymized,Anonymized,anonymous,EN,1.0,Anonymized,1.0,1,1,1,27,3,3,4,3,3,4,3,4,4,2,3,3,4,4,3,4,3,3,3,3,3,3,3,3,3,3,4,2,2,2,3,2,4,3,3,4,2,3,4,2,3,1,1,1,1,1,1,1,1,1,1,1,1,1,1,1,1,1,1,1,1,1,1.0,3.0,3.0,2.0,4.0,3.0,4.0,3.0,3.0,4.0,3.0,2.0,2.0,2.0,2.0,2.0,2.0,1.0,1,1,2,2,2,2.0,1,1,2,2,2,2,2,3,2,1,2,1,2,2,3,2,2,1,1,1,1,1,1,2,2,2,3,2,2,2,2,2,2,2,2,2,2,3,3,3,2,2,3,4,4,2,3,3,3,3,3,4,4,4,4,2,2,2,2,Anonymized,1030,27,1,-0.965834935,66,61,21,30.0,16,22,18,8,45,49,
45581.50014,45581.51561,0,Anonymized,100,1337,1,45581.51563,Anonymized,Anonymized,Anonymized,Anonymized,,Anonymized,Anonymized,anonymous,EN,1.0,Anonymized,1.0,1,1,2,36,2,4,2,2,3,4,2,2,1,2,2,2,2,3,3,2,2,2,2,2,4,5,4,5,5,4,4,4,4,4,4,5,4,4,4,2,4,2,4,4,2,2,4,2,4,4,3,4,1,1,2,2,1,2,2,4,1,2,1,2,2,1,3.0,4.0,4.0,3.0,2.0,4.0,4.0,4.0,2.0,2.0,2.0,2.0,1.0,3.0,2.0,2.0,1.0,3.0,3,2,2,2,3,3.0,2,3,3,4,3,3,2,2,2,2,3,2,3,2,1,2,2,2,3,3,2,2,3,3,2,2,2,2,3,2,3,3,3,2,2,3,2,2,3,3,1,2,2,4,5,4,3,4,5,3,4,3,4,4,5,4,4,5,5,Anonymized,1337,36,2,-0.861630122,46,82,47,32.0,16,35,19,17,47,66,
45581.5011,45581.51575,0,Anonymized,100,1266,1,45581.51577,Anonymized,Anonymized,Anonymized,Anonymized,,Anonymized,Anonymized,anonymous,EN,1.0,Anonymized,1.0,1,1,1,65,2,3,1,3,2,1,3,1,2,4,3,1,2,1,5,4,3,3,4,1,4,5,3,4,3,5,2,4,4,3,2,4,5,4,2,1,3,1,3,1,2,2,3,2,3,5,4,2,1,3,1,3,2,5,4,1,2,3,1,3,1,2,1.0,4.0,3.0,5.0,4.0,4.0,2.0,3.0,4.0,3.0,2.0,1.0,1.0,2.0,1.0,1.0,4.0,2.0,4,1,2,1,1,2.0,1,4,3,2,3,4,4,1,1,2,1,1,1,1,1,1,2,1,2,1,1,2,1,3,2,2,1,1,2,3,1,3,2,1,2,2,3,1,1,2,2,1,1,4,3,4,1,4,2,3,3,4,1,2,3,2,3,4,2,Anonymized,1266,65,1,-0.86483139,49,65,53,33.0,14,32,10,10,36,45,
45581.50028,45581.51697,0,Anonymized,100,1441,1,45581.51699,Anonymized,Anonymized,Anonymized,Anonymized,,Anonymized,Anonymized,anonymous,EN,1.0,Anonymized,1.0,1,1,1,57,1,2,4,2,3,1,4,2,2,2,2,2,3,2,3,3,4,2,2,2,4,4,3,4,4,4,3,5,5,3,5,5,4,2,4,2,4,2,4,4,3,2,2,2,2,2,2,4,2,2,2,2,2,2,2,2,3,4,2,3,2,2,1.0,4.0,3.0,2.0,4.0,4.0,4.0,1.0,4.0,3.0,4.0,2.0,1.0,2.0,1.0,2.0,1.0,1.0,3,1,2,1,1,2.0,1,3,2,2,1,2,3,2,1,1,2,1,2,2,1,1,1,1,1,1,1,2,1,2,2,3,2,2,3,2,1,2,3,1,2,3,3,2,3,2,2,2,1,4,5,4,4,4,4,4,3,3,2,3,4,3,3,3,3,Anonymized,1441,57,1,-0.973019387,48,78,48,30.0,14,24,13,8,43,56,
45581.50013,45581.51716,0,Anonymized,100,1471,1,45581.51717,Anonymized,Anonymized,Anonymized,Anonymized,,Anonymized,Anonymized,anonymous,EN,1.0,Anonymized,1.0,1,1,1,25,2,2,1,3,3,2,2,2,2,1,3,4,3,2,3,3,3,2,3,2,2,4,4,2,5,5,4,4,5,4,3,4,3,4,5,1,3,1,4,2,2,1,2,1,1,1,1,3,1,1,1,1,1,1,1,1,1,1,1,1,1,1,1.0,1.0,3.0,1.0,2.0,2.0,2.0,3.0,2.0,3.0,2.0,1.0,1.0,3.0,1.0,1.0,1.0,1.0,2,1,1,1,1,1.0,1,1,1,1,1,1,1,2,3,2,2,2,3,1,1,1,2,2,2,2,1,1,1,3,2,3,2,2,3,3,2,1,3,2,3,3,3,3,3,3,2,1,2,4,4,3,2,4,3,3,3,3,3,4,4,3,3,2,3,Anonymized,1471,25,1,-0.948577802,48,71,24,20.0,11,14,17,11,49,51,
45581.50343,45581.51765,0,Anonymized,100,1229,1,45581.51767,Anonymized,Anonymized,Anonymized,Anonymized,,Anonymized,Anonymized,anonymous,EN,1.0,Anonymized,1.0,1,1,2,51,3,3,2,4,3,4,4,4,3,2,4,4,5,5,5,4,3,2,1,4,4,4,4,5,4,4,3,3,4,4,4,5,5,5,4,4,5,4,5,4,4,4,2,4,4,1,2,4,2,4,1,1,2,1,2,3,4,4,5,4,4,5,5.0,5.0,5.0,5.0,5.0,5.0,5.0,5.0,4.0,5.0,4.0,3.0,3.0,4.0,5.0,4.0,2.0,5.0,4,3,2,2,2,3.0,3,4,4,3,3,4,4,4,2,4,4,3,3,3,2,3,3,4,3,4,4,4,4,2,2,2,3,2,2,2,3,3,1,1,1,3,3,3,1,4,4,2,4,4,4,2,3,5,5,4,5,4,4,5,3,3,2,4,1,Anonymized,1229,51,2,-0.949737207,69,88,63,49.0,30,41,28,26,48,58,
45581.50608,45581.51948,0,Anonymized,100,1158,1,45581.51949,Anonymized,Anonymized,Anonymized,Anonymized,,Anonymized,Anonymized,anonymous,EN,1.0,Anonymized,1.0,1,1,2,51,1,1,1,2,3,1,1,2,2,2,1,1,1,1,3,2,2,1,3,1,5,5,5,5,5,5,5,5,5,5,5,5,5,5,5,4,5,3,5,5,5,1,1,1,1,1,1,4,1,1,1,2,1,1,1,2,3,1,1,4,1,1,4.0,5.0,4.0,3.0,4.0,2.0,4.0,4.0,4.0,5.0,2.0,1.0,1.0,1.0,1.0,2.0,1.0,2.0,3,2,4,3,3,4.0,3,3,4,4,5,2,5,1,1,2,1,1,1,1,1,1,1,1,2,1,1,1,1,2,1,3,2,1,2,3,2,2,3,2,1,3,2,1,3,2,2,3,2,5,5,4,5,5,5,5,5,5,5,5,5,5,5,5,5,Anonymized,1158,51,2,-0.98124071,32,102,31,39.0,11,45,10,8,42,79,
45581.50321,45581.52036,0,Anonymized,100,1481,1,45581.52037,Anonymized,Anonymized,Anonymized,Anonymized,,Anonymized,Anonymized,anonymous,EN,1.0,Anonymized,1.0,1,1,2,27,2,2,1,1,2,1,2,1,2,2,2,3,1,2,4,2,2,2,1,2,5,5,5,4,4,4,4,4,4,4,4,5,4,4,4,4,4,3,4,4,4,2,5,2,4,3,3,1,1,1,2,4,4,2,2,4,4,4,2,4,3,3,1.0,3.0,4.0,4.0,3.0,2.0,4.0,4.0,2.0,4.0,2.0,2.0,1.0,2.0,1.0,1.0,1.0,1.0,1,1,1,1,1,1.0,1,2,1,2,2,1,1,1,1,1,1,1,1,2,1,1,1,1,1,1,1,1,1,2,2,1,3,1,2,1,1,1,2,1,1,2,2,1,1,1,1,2,1,4,4,2,3,3,2,2,4,5,4,4,4,3,2,2,2,Anonymized,1481,27,2,-0.988616873,37,87,60,31.0,11,16,10,7,29,50,
45581.50319,45581.52052,0,Anonymized,100,1496,1,45581.52053,Anonymized,Anonymized,Anonymized,Anonymized,,Anonymized,Anonymized,anonymous,EN,1.0,Anonymized,1.0,1,1,2,40,2,2,2,2,2,1,1,4,1,2,1,1,1,1,3,2,1,2,2,1,4,4,4,4,3,3,2,2,4,3,4,5,3,3,3,1,3,1,4,4,3,2,2,2,2,2,2,4,2,4,2,1,4,4,2,2,2,1,1,4,4,1,1.0,4.0,2.0,2.0,4.0,1.0,4.0,2.0,2.0,4.0,1.0,1.0,3.0,2.0,1.0,1.0,1.0,1.0,1,1,1,1,1,1.0,1,1,1,1,1,1,1,1,1,1,1,1,1,1,1,1,1,1,1,1,1,1,1,1,1,1,1,1,2,1,1,1,1,1,1,1,1,1,1,1,1,1,1,4,4,3,5,3,3,3,5,4,4,4,4,3,4,4,4,Anonymized,1496,40,2,-0.96881049,34,67,50,26.0,11,13,9,7,21,61,
45581.50318,45581.52069,0,Anonymized,100,1512,1,45581.52071,Anonymized,Anonymized,Anonymized,Anonymized,,Anonymized,Anonymized,anonymous,EN,1.0,Anonymized,1.0,1,1,1,26,2,4,2,4,2,4,4,4,4,2,2,4,4,2,2,2,4,1,2,1,4,5,4,4,5,5,4,4,3,2,4,5,4,3,4,2,4,4,4,5,5,2,4,2,5,4,4,2,2,2,2,2,3,2,2,4,2,4,2,3,4,4,1.0,2.0,4.0,1.0,2.0,3.0,2.0,4.0,2.0,1.0,4.0,2.0,2.0,2.0,4.0,4.0,3.0,2.0,3,4,4,3,4,4.0,3,5,2,3,4,3,3,3,3,2,2,3,2,2,2,2,4,3,3,2,2,3,2,3,3,4,2,3,3,2,3,3,3,2,3,4,3,2,3,3,3,3,2,5,4,4,4,5,5,3,5,4,4,5,5,4,3,4,4,Anonymized,1512,26,1,-0.956606104,56,84,61,22.0,23,45,21,19,57,68,
45581.50704,45581.52095,0,Anonymized,100,1201,1,45581.52096,Anonymized,Anonymized,Anonymized,Anonymized,,Anonymized,Anonymized,anonymous,EN,1.0,Anonymized,1.0,1,1,1,26,5,4,4,3,1,5,5,4,4,1,5,4,4,5,4,3,5,1,1,4,5,4,4,5,5,4,4,2,4,5,4,4,5,5,4,1,5,1,5,4,4,2,4,4,5,4,4,5,5,4,4,5,4,4,5,5,4,5,4,5,4,5,5.0,4.0,4.0,5.0,3.0,4.0,5.0,4.0,4.0,5.0,2.0,4.0,1.0,3.0,4.0,4.0,5.0,2.0,5,4,3,2,3,5.0,4,4,5,3,4,4,5,2,4,2,3,4,2,3,3,1,4,2,2,4,3,3,2,1,2,2,2,3,3,1,4,3,2,3,4,4,3,3,3,4,4,2,4,4,3,2,3,4,3,2,4,4,3,2,4,4,3,3,2,Anonymized,1201,26,1,-0.902134317,72,84,91,43.0,25,51,24,20,57,50,
45581.50589,45581.52096,0,Anonymized,100,1302,1,45581.52098,Anonymized,Anonymized,Anonymized,Anonymized,,Anonymized,Anonymized,anonymous,EN,1.0,Anonymized,1.0,1,1,1,20,1,1,1,1,3,1,1,5,1,1,1,5,1,1,1,1,1,1,1,1,4,5,5,4,5,5,3,5,5,5,5,5,5,5,3,1,5,2,3,1,1,1,3,1,3,3,1,3,1,1,1,2,1,2,1,1,1,1,3,1,1,1,1.0,5.0,5.0,1.0,1.0,1.0,1.0,3.0,1.0,3.0,1.0,1.0,1.0,1.0,1.0,1.0,1.0,1.0,1,1,1,1,1,3.0,1,5,1,1,5,1,1,2,1,1,1,1,1,1,1,1,1,1,1,1,1,1,1,1,1,1,1,1,1,1,1,1,1,1,1,1,1,1,1,1,1,1,1,5,5,5,5,5,5,5,5,5,5,5,5,5,5,5,5,Anonymized,1302,20,1,-0.916432807,30,82,33,22.0,8,23,10,7,20,80,
45581.50043,45581.52252,0,Anonymized,100,1908,1,45581.52253,Anonymized,Anonymized,Anonymized,Anonymized,,Anonymized,Anonymized,anonymous,EN,1.0,Anonymized,1.0,1,1,2,39,2,2,2,2,1,2,2,1,2,1,1,2,1,4,2,1,4,1,2,1,5,4,5,4,5,5,5,2,5,4,5,5,4,5,5,4,2,2,4,5,4,2,4,1,1,2,1,4,1,1,1,4,1,1,1,2,2,2,1,4,1,1,3.0,2.0,4.0,2.0,5.0,4.0,5.0,4.0,2.0,1.0,3.0,1.0,1.0,4.0,1.0,1.0,2.0,2.0,3,1,2,2,1,4.0,4,4,2,2,2,1,4,2,2,3,3,4,3,4,1,2,4,4,4,4,3,3,3,3,3,3,4,2,4,3,3,2,3,2,2,4,3,3,4,3,2,3,3,4,4,2,5,5,5,5,5,5,4,5,5,4,5,5,4,Anonymized,1908,39,2,-0.939102002,36,89,38,32.0,15,32,24,25,59,72,
45581.50633,45581.52325,0,Anonymized,100,1461,1,45581.52326,Anonymized,Anonymized,Anonymized,Anonymized,,Anonymized,Anonymized,anonymous,EN,1.0,Anonymized,1.0,1,1,1,42,1,1,1,1,2,1,1,1,1,1,1,1,1,1,3,5,1,5,3,1,4,4,4,4,4,4,4,4,4,4,4,4,4,4,4,4,4,4,4,4,4,1,1,1,1,1,1,1,1,1,1,1,1,1,1,1,1,1,1,1,1,1,1.0,3.0,4.0,1.0,2.0,1.0,2.0,1.0,1.0,1.0,1.0,1.0,1.0,1.0,1.0,1.0,1.0,1.0,1,1,1,1,1,1.0,1,1,1,1,1,1,1,1,1,1,1,1,1,1,1,1,1,1,1,1,1,1,1,2,1,2,1,1,2,2,1,2,2,1,1,2,2,1,2,1,2,2,1,4,4,5,5,5,5,4,5,5,5,5,5,4,5,5,4,Anonymized,1461,42,1,-0.979616275,33,84,21,17.0,8,13,9,7,31,75,
45581.50325,45581.52442,0,Anonymized,100,1829,1,45581.52443,Anonymized,Anonymized,Anonymized,Anonymized,,Anonymized,Anonymized,anonymous,EN,1.0,Anonymized,1.0,1,1,1,31,2,2,2,2,2,2,3,2,2,2,2,2,2,1,4,4,2,2,2,4,4,4,4,4,4,2,2,2,2,2,4,4,2,2,3,2,4,4,4,4,4,2,2,2,4,2,2,3,2,2,2,2,4,2,2,3,4,2,2,4,4,4,2.0,4.0,4.0,2.0,4.0,3.0,2.0,4.0,4.0,2.0,1.0,1.0,1.0,1.0,1.0,1.0,1.0,1.0,3,2,1,1,2,3.0,2,3,3,3,4,3,3,1,1,1,1,1,1,1,1,1,1,1,1,1,1,1,1,2,2,2,2,1,2,2,1,1,2,2,1,2,1,1,2,2,2,2,2,3,2,2,2,3,3,3,2,3,3,3,2,2,3,3,2,Anonymized,1829,31,1,-0.987166905,46,67,56,31.0,8,33,9,7,34,41,
45581.50975,45581.52608,0,Anonymized,100,1411,1,45581.52609,Anonymized,Anonymized,Anonymized,Anonymized,,Anonymized,Anonymized,anonymous,EN,1.0,Anonymized,1.0,1,1,1,24,1,2,1,2,2,2,2,1,1,1,2,1,1,1,1,1,2,2,1,1,4,4,4,4,3,5,4,3,4,5,4,5,5,5,4,3,4,1,4,4,4,2,3,2,3,2,3,5,1,2,2,4,2,3,3,3,2,2,1,3,2,2,2.0,4.0,4.0,3.0,4.0,4.0,4.0,5.0,2.0,2.0,3.0,2.0,1.0,3.0,4.0,2.0,5.0,1.0,2,1,1,1,1,2.0,1,1,1,2,1,1,1,2,2,2,3,2,1,3,3,1,2,2,2,3,3,3,1,3,2,2,2,1,3,3,1,2,2,1,2,2,2,1,3,2,1,4,2,4,4,3,4,4,4,4,4,4,4,4,3,4,4,4,4,Anonymized,1411,24,1,-0.870470906,28,83,52,34.0,21,16,19,16,41,62,
45581.5148,45581.52618,0,Anonymized,100,982,1,45581.52619,Anonymized,Anonymized,Anonymized,Anonymized,,Anonymized,Anonymized,anonymous,EN,1.0,Anonymized,1.0,1,1,1,53,3,3,3,4,2,4,3,2,4,3,4,3,3,3,4,3,4,3,4,3,2,2,3,4,2,2,3,5,4,3,4,4,5,4,4,1,3,1,2,2,2,2,2,2,4,4,3,3,1,1,2,3,2,2,2,4,3,3,1,2,4,4,2.0,2.0,3.0,2.0,3.0,3.0,4.0,2.0,3.0,2.0,2.0,2.0,1.0,2.0,4.0,4.0,4.0,3.0,3,1,2,2,1,2.0,2,2,2,2,2,2,2,2,2,2,2,1,1,2,1,1,2,2,2,2,2,2,1,3,2,3,3,2,3,3,2,3,3,1,3,4,4,2,3,3,2,2,2,4,3,3,4,3,3,3,2,4,3,3,3,3,3,3,2,Anonymized,982,53,1,-0.857484804,65,62,54,26.0,22,25,14,13,53,49,
45581.50104,45581.5287,0,Anonymized,100,2390,1,45581.52871,Anonymized,Anonymized,Anonymized,Anonymized,,Anonymized,Anonymized,anonymous,EN,1.0,Anonymized,1.0,1,1,1,22,2,2,1,1,2,1,5,2,1,2,2,4,2,2,3,3,2,2,2,2,4,5,4,5,4,4,4,4,3,4,4,5,2,3,4,2,4,2,4,4,4,2,4,2,5,4,4,4,2,2,2,2,4,2,2,2,4,2,2,4,2,2,1.0,5.0,5.0,1.0,5.0,1.0,4.0,5.0,2.0,4.0,1.0,1.0,2.0,2.0,1.0,1.0,1.0,1.0,5,4,4,4,4,4.0,2,5,5,4,5,2,4,2,1,1,2,1,1,1,1,1,1,1,1,1,1,1,1,1,4,1,1,1,2,1,1,1,1,1,1,1,3,1,1,1,2,1,1,5,5,5,5,5,5,3,5,4,2,5,5,1,1,1,1,Anonymized,2390,22,1,-0.986002857,43,79,59,33.0,10,52,11,7,27,58,
45581.52182,45581.53091,0,Anonymized,100,786,1,45581.53093,Anonymized,Anonymized,Anonymized,Anonymized,,Anonymized,Anonymized,anonymous,EN,1.0,Anonymized,1.0,1,1,1,52,2,2,2,3,3,2,2,2,2,3,2,2,3,3,2,2,5,3,3,2,3,5,4,5,4,4,5,2,3,3,3,3,3,3,4,2,2,1,2,3,3,2,4,2,3,2,2,4,3,2,2,2,2,2,2,2,2,2,2,2,2,2,1.0,4.0,4.0,2.0,2.0,3.0,4.0,4.0,2.0,2.0,1.0,1.0,1.0,4.0,2.0,1.0,1.0,4.0,1,2,1,1,2,1.0,1,2,1,1,2,2,1,4,4,4,4,4,4,4,1,3,4,4,4,2,1,3,3,3,3,4,4,3,4,3,3,2,4,3,4,4,3,4,4,2,3,3,2,3,3,3,4,3,3,3,3,4,3,3,3,3,3,3,3,Anonymized,786,52,1,-0.920778594,50,67,48,28.0,15,18,32,21,65,50,
45573.54358,45573.55206,0,Anonymized,100,733,1,45573.55208,Anonymized,Anonymized,Anonymized,Anonymized,,Anonymized,Anonymized,anonymous,EN,1.0,Anonymized,1.0,1,1,1,50,5,5,3,5,2,4,3,3,5,4,4,3,5,3,5,2,5,1,3,1,3,4,5,4,5,5,5,5,5,5,5,5,5,5,5,4,5,2,5,4,4,1,1,1,1,1,1,4,1,1,1,1,1,1,1,1,1,1,1,5,2,1,,,,,,,,,,,,,,,,,,,3,2,1,1,1,,1,4,2,2,3,2,3,2,3,3,3,3,3,3,1,2,2,2,2,2,1,2,2,3,3,4,3,2,3,3,3,1,3,2,3,3,3,2,3,2,2,3,2,1,1,1,1,1,1,1,1,1,1,1,1,1,1,1,1,Anonymized,733,50,1,-0.942903197,71,95,29,,17,27,23,13,53,16,pcs_prorated_from_12_of_13_items;sss8_mean_imputed_all_8_items_missing
45573.56262,45573.56747,0,Anonymized,100,418,1,45573.56748,Anonymized,Anonymized,Anonymized,Anonymized,,Anonymized,Anonymized,anonymous,EN,1.0,Anonymized,1.0,1,1,2,51,1,1,1,2,2,1,1,1,1,1,1,1,1,1,3,4,2,2,2,1,2,4,5,4,4,5,3,5,4,4,4,4,4,4,5,3,5,3,5,5,4,1,2,1,1,1,1,3,1,1,1,4,1,1,1,1,1,1,1,1,1,1,,,,,,,,,,,2.0,1.0,1.0,2.0,1.0,2.0,2.0,1.0,1,1,1,1,1,1.0,1,1,1,1,1,1,1,1,1,1,1,2,1,1,1,1,1,1,1,1,1,2,1,2,1,2,3,2,2,2,1,1,2,1,1,2,2,1,2,1,1,2,1,1,1,1,1,1,1,1,1,1,1,1,1,1,1,1,1,Anonymized,418,51,2,-0.988260217,30,86,27,,12,13,10,8,32,16,
45573.56301,45573.57189,0,Anonymized,100,767,1,45573.5719,Anonymized,Anonymized,Anonymized,Anonymized,,Anonymized,Anonymized,anonymous,EN,1.0,Anonymized,1.0,1,1,1,44,2,4,1,3,4,2,2,4,3,2,3,4,2,1,4,5,2,1,4,4,4,4,4,4,5,5,5,4,5,5,5,5,5,4,5,5,5,4,4,4,4,2,2,2,2,2,2,5,1,1,2,3,2,2,1,2,1,1,2,3,2,2,,,,,,,,,,,3.0,1.0,1.0,1.0,1.0,2.0,1.0,4.0,1,1,1,1,1,1.0,1,1,1,1,1,1,1,1,1,4,1,1,1,1,2,1,2,1,1,2,3,1,1,1,2,1,1,1,3,3,1,1,1,1,2,1,2,1,2,1,1,2,2,1,1,1,2,1,1,1,1,1,1,1,2,1,1,1,2,Anonymized,767,44,1,-0.948896378,57,95,42,,14,13,13,11,30,19,
45573.54421,45573.57336,0,Anonymized,100,2518,1,45573.57337,Anonymized,Anonymized,Anonymized,Anonymized,,Anonymized,Anonymized,anonymous,EN,1.0,Anonymized,1.0,1,1,2,55,4,4,3,4,4,3,4,3,3,2,3,4,4,4,4,3,4,3,3,2,2,2,2,2,2,3,4,4,3,3,4,3,1,2,3,3,4,1,4,4,3,3,2,2,3,2,2,2,2,2,2,2,2,1,1,3,2,3,1,1,2,2,,,,,,,,,,,2.0,1.0,1.0,3.0,,3.0,2.0,3.0,4,2,2,2,2,3.0,3,4,3,4,3,3,4,2,2,2,2,2,2,2,1,1,3,3,3,3,2,3,3,3,3,3,3,2,3,3,3,3,2,2,3,2,2,2,2,3,3,3,3,3,3,2,2,2,2,2,2,3,3,2,3,2,2,2,2,Anonymized,2518,55,2,-0.937325738,68,59,42,,17,39,16,20,53,37,sss8_prorated_from_7_of_8_items
45573.57354,45573.58623,0,Anonymized,100,1095,1,45573.58624,Anonymized,Anonymized,Anonymized,Anonymized,,Anonymized,Anonymized,anonymous,EN,1.0,Anonymized,1.0,1,1,2,25,1,1,1,3,3,1,1,1,1,5,1,1,1,1,1,1,1,5,5,1,1,2,4,2,2,2,4,4,4,2,4,3,4,4,4,4,4,4,3,4,4,1,1,1,1,1,1,1,1,1,1,1,1,1,1,1,1,1,1,1,1,1,,,,,,,,,,,1.0,1.0,1.0,1.0,1.0,1.0,1.0,1.0,1,1,1,1,1,1.0,1,1,1,1,1,1,1,1,1,2,1,2,1,1,1,1,1,1,1,1,1,1,1,2,1,2,4,1,2,3,1,2,2,1,4,2,3,1,2,1,1,2,1,4,4,2,5,4,5,4,5,3,3,4,4,4,4,4,4,Anonymized,1095,25,2,-0.972088363,36,69,21,,8,13,11,7,38,63,
45573.58153,45573.58983,0,Anonymized,100,717,1,45573.58984,Anonymized,Anonymized,Anonymized,Anonymized,,Anonymized,Anonymized,anonymous,EN,1.0,Anonymized,1.0,1,1,2,45,4,4,3,5,2,4,3,2,4,3,4,2,2,2,3,2,5,3,4,1,4,5,4,4,4,5,3,4,5,4,5,4,5,5,5,2,5,3,4,3,3,2,2,2,3,2,2,3,1,1,1,2,1,3,2,3,2,2,1,2,1,1,,,,,,,,,,,3.0,1.0,1.0,5.0,3.0,2.0,1.0,4.0,1,1,2,1,1,2.0,2,1,1,1,1,1,1,2,1,2,4,3,1,2,1,1,1,2,1,2,1,1,1,3,2,3,3,2,4,2,1,2,2,1,2,3,2,1,2,1,1,2,1,1,1,1,1,1,1,1,1,1,1,1,1,1,1,1,1,Anonymized,717,45,2,-0.917350289,62,86,39,,20,16,17,9,40,16,
45573.59576,45573.60157,0,Anonymized,100,501,1,45573.60158,Anonymized,Anonymized,Anonymized,Anonymized,,Anonymized,Anonymized,anonymous,EN,1.0,Anonymized,1.0,1,1,2,38,2,2,3,2,3,2,4,3,3,1,1,2,4,1,3,3,2,1,2,2,4,4,3,5,5,5,5,2,4,5,4,3,3,4,5,2,5,4,5,4,4,4,4,2,2,4,4,4,1,1,1,4,2,1,1,2,3,3,4,4,1,1,,,,,,,,,,,1.0,1.0,2.0,5.0,1.0,2.0,1.0,1.0,4,2,4,4,2,5.0,1,5,5,5,4,2,5,1,2,2,4,2,1,1,1,1,1,1,1,1,1,1,1,1,1,1,1,1,2,2,1,1,1,1,2,1,3,1,1,1,2,1,1,1,1,1,1,1,1,1,1,1,1,1,1,1,1,1,1,Anonymized,501,38,2,-0.968399683,46,85,53,,14,48,15,7,26,16,
45573.5992,45573.61112,0,Anonymized,100,1029,1,45573.61113,Anonymized,Anonymized,Anonymized,Anonymized,,Anonymized,Anonymized,anonymous,EN,1.0,Anonymized,1.0,1,1,1,54,2,2,1,3,2,1,1,1,1,2,2,2,3,2,3,2,3,2,2,2,3,4,4,4,2,4,2,3,3,4,5,4,4,4,4,2,5,2,3,2,2,1,2,1,3,4,4,4,1,1,2,2,2,3,1,4,1,4,1,4,3,4,,,,,,,,,,,2.0,1.0,3.0,4.0,2.0,2.0,4.0,4.0,2,1,3,2,3,3.0,1,1,2,2,3,1,3,1,2,2,3,1,3,1,1,1,1,2,2,2,1,1,1,3,2,4,2,3,4,4,2,2,3,2,3,3,3,3,3,3,3,1,3,1,1,1,1,1,1,1,1,1,1,1,1,1,1,1,1,Anonymized,1029,54,1,-0.902346138,39,70,52,,22,27,15,10,56,16,
45573.60394,45573.61378,0,Anonymized,100,851,1,45573.61381,Anonymized,Anonymized,Anonymized,Anonymized,,Anonymized,Anonymized,anonymous,EN,1.0,Anonymized,1.0,1,1,1,53,1,1,1,3,2,1,1,3,1,3,1,2,3,1,5,3,3,2,3,2,4,4,4,4,4,4,4,4,4,4,4,4,4,4,4,1,4,2,4,3,3,1,1,1,1,1,1,3,1,1,1,1,1,1,1,1,1,1,1,3,1,1,,,,,,,,,,,2.0,2.0,1.0,1.0,1.0,1.0,1.0,1.0,2,2,2,2,2,2.0,2,2,2,2,2,2,2,1,1,1,1,1,1,1,1,1,1,1,1,1,1,1,1,2,1,2,1,1,2,1,1,1,3,1,1,2,2,1,2,1,1,2,1,1,1,1,1,1,1,1,1,1,1,1,1,1,1,1,1,Anonymized,851,53,1,-0.993878223,42,77,25,,10,26,9,7,29,16,
45573.62785,45573.6347,0,Anonymized,100,592,1,45573.63472,Anonymized,Anonymized,Anonymized,Anonymized,,Anonymized,Anonymized,anonymous,EN,1.0,Anonymized,1.0,1,1,1,26,1,4,1,4,2,1,1,2,1,1,2,3,1,1,2,2,1,1,2,2,5,5,5,5,5,5,4,4,4,4,5,5,5,5,5,4,5,1,3,4,3,1,2,1,2,1,1,4,1,1,1,2,2,1,1,1,2,2,1,3,1,2,,,,,,,,,,,1.0,1.0,1.0,1.0,1.0,2.0,1.0,1.0,1,1,1,2,2,1.0,1,3,2,3,3,1,1,1,1,1,1,1,1,1,1,1,2,1,1,1,1,1,1,2,2,2,1,1,2,2,1,2,1,1,1,2,2,1,1,1,1,2,1,3,2,2,3,2,2,2,2,3,3,3,3,2,2,2,2,Anonymized,592,26,1,-0.968319798,35,91,33,,9,22,9,8,29,38,
45573.63227,45573.643,0,Anonymized,100,927,1,45573.64301,Anonymized,Anonymized,Anonymized,Anonymized,,Anonymized,Anonymized,anonymous,EN,1.0,Anonymized,1.0,1,1,1,40,2,2,1,2,2,1,1,4,2,2,2,1,2,1,4,2,2,2,3,2,4,2,5,2,5,4,4,5,4,2,4,4,2,2,4,2,4,4,4,4,2,1,3,2,3,1,1,4,1,1,1,1,1,1,1,4,2,2,3,1,1,1,,,,,,,,,,,4.0,2.0,1.0,2.0,2.0,5.0,1.0,2.0,1,1,1,1,1,2.0,1,1,1,1,1,1,1,1,1,2,2,1,1,2,1,1,2,1,2,2,1,1,1,2,2,3,2,1,3,2,1,2,2,2,2,2,2,2,2,2,2,2,1,1,1,1,1,2,2,2,1,2,1,2,1,2,1,1,1,Anonymized,927,40,1,-0.960553344,40,73,36,,19,14,12,10,39,22,
45573.66494,45573.67164,0,Anonymized,100,579,1,45573.67166,Anonymized,Anonymized,Anonymized,Anonymized,,Anonymized,Anonymized,anonymous,EN,1.0,Anonymized,1.0,1,1,1,45,1,2,1,3,2,3,1,2,2,3,3,2,2,2,4,4,4,2,4,4,2,4,3,4,5,5,4,5,5,5,4,5,5,5,5,4,4,3,4,4,5,1,1,1,1,1,1,1,1,1,1,2,1,1,1,1,1,1,1,1,1,1,,,,,,,,,,,1.0,1.0,1.0,2.0,1.0,1.0,1.0,1.0,1,1,1,1,1,1.0,1,1,1,1,1,1,1,1,1,1,1,1,1,1,1,1,1,1,1,1,1,1,1,2,2,2,1,1,2,2,1,1,2,1,2,2,2,1,2,1,1,2,1,1,1,1,2,1,1,1,1,1,1,1,1,1,1,2,1,Anonymized,579,45,1,-0.996436778,51,90,22,,9,13,9,7,31,18,
45573.66921,45573.673,0,Anonymized,100,327,1,45573.67301,Anonymized,Anonymized,Anonymized,Anonymized,,Anonymized,Anonymized,anonymous,EN,1.0,Anonymized,1.0,1,1,2,31,4,4,5,2,1,4,4,3,4,2,3,4,4,4,4,5,4,2,1,4,4,4,4,4,5,5,4,5,3,3,4,3,2,2,4,5,4,2,2,2,4,3,5,4,4,4,2,3,5,2,2,4,1,2,2,4,5,3,2,2,4,3,,,,,,,,,,,4.0,3.0,4.0,3.0,3.0,3.0,3.0,3.0,4,3,3,4,3,3.0,3,4,3,4,4,3,4,4,3,3,3,3,3,3,3,3,4,4,4,4,4,4,4,2,4,3,3,4,2,2,3,3,2,3,4,4,2,3,2,4,3,2,3,1,2,1,2,3,3,2,3,2,3,1,2,1,1,1,1,Anonymized,327,31,2,-0.952022125,68,75,66,,26,45,28,28,58,29,
45573.66499,45573.67372,0,Anonymized,100,754,1,45573.67373,Anonymized,Anonymized,Anonymized,Anonymized,,Anonymized,Anonymized,anonymous,EN,1.0,Anonymized,1.0,1,1,2,63,3,4,2,4,2,3,2,2,4,2,4,3,3,1,1,2,4,3,4,3,2,4,4,5,5,5,5,5,5,5,5,5,5,5,5,2,5,2,3,4,4,1,2,1,2,5,1,2,1,1,1,5,1,2,2,3,5,2,1,5,5,5,,,,,,,,,,,1.0,1.0,1.0,3.0,2.0,2.0,1.0,1.0,2,1,2,2,2,2.0,2,3,3,3,3,2,1,1,1,1,2,1,1,1,1,1,1,1,1,1,1,1,1,3,2,3,4,3,3,2,1,2,3,1,2,4,3,2,3,3,2,2,2,1,2,2,2,2,2,2,2,2,1,1,2,2,2,2,2,Anonymized,754,63,2,-0.981568111,56,90,53,,12,28,10,7,50,29,
45573.66602,45573.67422,0,Anonymized,100,708,1,45573.67423,Anonymized,Anonymized,Anonymized,Anonymized,,Anonymized,Anonymized,anonymous,EN,1.0,Anonymized,1.0,1,1,2,19,4,5,2,5,1,2,2,1,4,2,1,4,4,5,1,1,4,1,1,1,4,5,5,2,4,5,5,2,4,4,2,1,2,4,4,2,5,2,1,4,5,4,2,4,2,1,1,5,4,2,2,4,1,1,1,4,4,4,2,4,1,4,,,,,,,,,,,1.0,3.0,5.0,5.0,4.0,5.0,1.0,4.0,1,2,1,4,1,4.0,2,4,4,4,4,3,5,3,2,4,4,1,1,4,1,1,3,3,4,4,1,3,2,2,3,3,4,2,4,3,3,3,2,2,3,3,4,2,3,3,4,3,3,1,1,1,4,1,1,1,1,1,1,2,1,2,1,2,1,Anonymized,708,19,2,-0.59500074,51,72,57,,28,39,21,20,59,22,
45573.66608,45573.67611,0,Anonymized,100,867,1,45573.67613,Anonymized,Anonymized,Anonymized,Anonymized,,Anonymized,Anonymized,anonymous,EN,1.0,Anonymized,1.0,1,1,1,45,1,2,1,2,1,1,1,2,1,2,2,2,1,1,5,2,4,2,3,1,5,5,5,4,2,4,5,5,5,5,5,5,3,5,5,5,5,5,5,5,5,1,1,1,1,3,1,1,1,1,1,2,1,3,1,1,1,1,1,4,1,1,,,,,,,,,,,1.0,1.0,1.0,1.0,1.0,1.0,1.0,1.0,3,1,2,3,2,3.0,1,2,4,3,2,2,1,1,2,1,1,1,3,1,1,1,1,1,1,1,1,2,1,3,2,3,2,3,4,2,2,1,4,2,3,4,1,2,3,1,1,2,1,1,1,1,1,1,1,2,2,1,1,1,1,1,1,1,1,Anonymized,867,45,1,-0.976685483,37,98,29,,8,29,12,8,46,18,
45573.66756,45573.67626,0,Anonymized,100,751,1,45573.67627,Anonymized,Anonymized,Anonymized,Anonymized,,Anonymized,Anonymized,anonymous,EN,1.0,Anonymized,1.0,1,1,2,48,1,3,1,3,3,2,1,2,1,4,1,1,1,1,1,1,3,5,4,1,4,4,4,4,3,5,4,4,5,4,5,5,3,2,3,3,3,1,2,2,2,1,4,1,1,2,2,4,1,2,1,2,2,1,1,2,1,1,1,4,2,1,,,,,,,,,,,2.0,1.0,1.0,2.0,1.0,4.0,1.0,1.0,1,1,1,2,1,2.0,2,1,1,1,1,1,1,2,1,2,3,1,1,2,2,1,1,1,1,1,1,2,1,2,2,2,2,1,3,3,1,1,2,1,2,2,3,2,2,2,2,1,2,1,1,1,1,1,1,1,1,1,1,1,1,1,1,1,1,Anonymized,751,48,2,-0.982995739,40,72,37,,13,16,15,8,38,16,
45573.66744,45573.67771,0,Anonymized,100,886,1,45573.67772,Anonymized,Anonymized,Anonymized,Anonymized,,Anonymized,Anonymized,anonymous,EN,1.0,Anonymized,1.0,1,1,2,35,2,3,1,3,1,3,2,1,1,1,1,1,2,2,1,3,1,1,1,4,3,3,3,4,4,5,5,5,3,4,4,5,5,3,4,1,5,4,4,4,3,2,3,3,4,4,4,4,3,4,3,4,5,4,3,5,4,4,2,4,4,1,,,,,,,,,,,2.0,2.0,1.0,2.0,2.0,3.0,2.0,3.0,4,1,2,3,3,4.0,5,5,3,3,4,2,3,1,2,2,2,2,1,2,1,1,2,2,2,2,2,2,2,2,2,2,1,1,3,3,2,1,2,1,2,3,3,1,3,1,2,1,2,4,5,5,4,2,5,5,4,3,2,5,4,1,3,2,3,Anonymized,886,35,2,-0.916473713,35,81,74,,17,42,14,14,38,57,
45573.66859,45573.67852,0,Anonymized,100,858,1,45573.67853,Anonymized,Anonymized,Anonymized,Anonymized,,Anonymized,Anonymized,anonymous,EN,1.0,Anonymized,1.0,1,1,1,49,1,1,1,1,4,1,1,5,1,5,2,1,1,1,5,1,3,2,2,2,4,5,4,4,4,4,4,5,5,5,4,4,4,4,5,3,5,1,5,4,3,1,1,1,1,1,1,2,1,1,1,1,2,1,1,1,1,1,1,1,1,1,,,,,,,,,,,1.0,1.0,1.0,1.0,1.0,1.0,2.0,1.0,1,1,1,1,1,1.0,1,1,1,1,2,3,1,1,1,1,1,1,1,1,1,1,1,1,1,1,1,1,1,2,1,3,2,1,2,3,1,1,1,1,2,1,1,1,1,3,2,1,1,1,1,1,2,2,2,2,2,4,3,3,3,4,3,2,3,Anonymized,858,49,1,-0.994450232,41,86,23,,9,16,9,7,31,38,
45573.67124,45573.67883,0,Anonymized,100,655,1,45573.67884,Anonymized,Anonymized,Anonymized,Anonymized,,Anonymized,Anonymized,anonymous,EN,1.0,Anonymized,1.0,1,1,2,43,1,1,1,1,2,1,1,1,1,5,1,1,1,1,1,2,1,1,1,1,5,5,5,5,5,5,5,5,5,5,5,5,5,5,5,5,5,4,5,5,5,2,4,1,4,2,1,5,1,2,2,4,3,2,2,3,2,2,2,4,3,2,,,,,,,,,,,2.0,1.0,1.0,4.0,1.0,4.0,1.0,1.0,1,1,1,1,1,1.0,1,1,1,1,1,1,1,1,1,1,2,1,1,1,1,1,1,1,1,1,1,1,1,1,2,1,1,1,2,1,1,1,1,1,1,1,1,1,1,1,1,1,1,5,5,3,3,5,4,5,5,3,3,3,4,4,5,5,5,Anonymized,655,43,2,-0.965071077,26,104,53,,15,13,10,7,22,67,
45573.66568,45573.68061,0,Anonymized,100,1289,1,45573.68063,Anonymized,Anonymized,Anonymized,Anonymized,,Anonymized,Anonymized,anonymous,EN,1.0,Anonymized,1.0,1,1,2,39,1,1,1,1,2,1,1,1,1,1,1,1,1,1,1,1,1,1,1,2,4,4,4,5,4,5,5,4,5,3,4,4,4,4,4,2,5,1,3,4,4,2,2,2,2,2,1,5,1,1,1,4,1,1,1,1,5,1,1,1,1,1,,,,,,,,,,,1.0,1.0,1.0,4.0,4.0,1.0,1.0,1.0,2,1,2,2,2,3.0,1,3,4,4,4,2,2,2,2,2,3,1,1,1,1,1,2,1,2,2,1,3,2,2,2,2,1,1,2,2,1,2,2,1,1,1,2,1,2,2,1,2,1,1,1,1,1,2,2,2,2,2,2,2,2,2,2,2,2,Anonymized,1289,39,2,-0.967069685,22,82,37,,14,32,14,13,31,28,
45573.66558,45573.68103,0,Anonymized,100,1334,1,45573.68104,Anonymized,Anonymized,Anonymized,Anonymized,,Anonymized,Anonymized,anonymous,EN,1.0,Anonymized,1.0,1,1,2,24,4,4,2,3,3,2,3,2,4,2,3,4,2,3,4,2,5,3,2,2,4,2,5,5,4,5,5,5,4,4,4,4,5,5,4,2,4,3,5,5,4,2,4,3,4,3,2,4,2,2,2,4,2,2,2,2,3,4,3,3,4,4,,,,,,,,,,,4.0,3.0,2.0,4.0,2.0,1.0,4.0,5.0,4,3,3,4,3,2.0,1,2,2,4,4,4,2,3,2,4,4,4,4,4,3,1,3,2,2,2,2,3,3,2,2,3,4,3,4,3,4,4,2,2,2,3,3,3,3,2,4,3,3,1,1,1,2,2,2,2,2,2,3,3,2,2,3,3,2,Anonymized,1334,24,2,-0.927256116,59,88,61,,25,38,29,17,59,33,
45573.67345,45573.68152,0,Anonymized,100,696,1,45573.68152,Anonymized,Anonymized,Anonymized,Anonymized,,Anonymized,Anonymized,anonymous,EN,1.0,Anonymized,1.0,1,1,1,38,4,4,3,4,2,4,4,3,4,4,4,4,4,4,3,3,4,4,3,4,2,2,4,2,5,5,4,3,4,4,4,5,4,4,4,2,4,2,2,4,2,4,3,4,4,3,3,4,2,3,3,4,4,3,3,3,4,2,2,4,4,3,,,,,,,,,,,3.0,2.0,1.0,4.0,2.0,4.0,2.0,3.0,3,2,2,2,2,3.0,2,3,3,2,2,3,2,3,2,3,3,2,2,3,4,1,3,3,3,3,4,2,1,3,2,3,3,2,4,3,3,3,3,2,4,3,3,2,3,3,3,3,2,1,2,2,2,3,4,3,4,4,4,4,4,3,4,4,3,Anonymized,696,38,1,-0.767364176,73,72,69,,21,31,23,19,57,51,
45573.67649,45573.68315,0,Anonymized,100,575,1,45573.68315,Anonymized,Anonymized,Anonymized,Anonymized,,Anonymized,Anonymized,anonymous,EN,1.0,Anonymized,1.0,1,1,2,41,2,3,3,3,3,2,2,3,2,2,2,1,2,2,3,2,2,2,2,2,4,4,3,4,4,4,4,4,4,4,4,4,4,4,4,3,4,4,4,3,3,3,2,2,2,3,2,4,2,2,2,2,1,2,2,2,2,2,3,2,2,2,,,,,,,,,,,1.0,1.0,1.0,2.0,2.0,2.0,1.0,5.0,2,1,1,1,1,2.0,1,2,1,1,1,1,1,1,1,1,2,2,1,1,1,1,2,1,1,1,1,2,1,1,2,3,1,2,2,2,2,3,2,1,3,2,3,1,2,2,2,2,2,2,2,2,3,2,1,1,1,1,1,1,1,1,1,1,1,Anonymized,575,41,2,-0.964465969,45,80,46,,15,16,11,9,40,22,
45573.67449,45573.68319,0,Anonymized,100,751,1,45573.6832,Anonymized,Anonymized,Anonymized,Anonymized,,Anonymized,Anonymized,anonymous,EN,1.0,Anonymized,1.0,1,1,1,53,5,5,2,5,2,4,4,1,5,3,5,4,4,2,5,2,5,1,2,1,5,4,5,4,4,4,3,3,2,2,5,5,4,2,5,2,5,1,5,5,5,1,2,1,2,1,1,4,1,1,1,1,1,1,1,1,1,1,1,1,1,2,,,,,,,,,,,1.0,1.0,1.0,3.0,1.0,4.0,1.0,4.0,4,3,2,3,3,4.0,2,5,4,5,5,4,5,2,1,3,2,2,1,2,1,1,2,2,2,2,2,2,2,1,2,1,2,1,2,2,2,1,2,2,2,2,2,1,2,2,1,1,1,1,2,1,2,1,2,1,2,1,1,2,1,1,2,1,1,Anonymized,751,53,1,-0.812889664,67,80,27,,16,49,15,14,32,22,
45573.66775,45573.68576,0,Anonymized,100,1555,1,45573.68577,Anonymized,Anonymized,Anonymized,Anonymized,,Anonymized,Anonymized,anonymous,EN,1.0,Anonymized,1.0,1,1,2,37,5,5,3,5,2,5,4,3,4,2,4,4,5,4,4,3,5,3,3,3,2,2,2,3,3,3,4,3,4,4,4,4,2,2,4,1,2,1,1,2,2,2,1,3,2,3,2,4,1,1,1,3,2,2,2,2,1,2,2,3,4,3,,,,,,,,,,,4.0,1.0,1.0,5.0,2.0,3.0,3.0,4.0,4,3,4,4,5,4.0,4,3,4,4,4,3,2,2,2,3,3,1,2,1,1,2,2,2,2,2,1,1,1,3,3,3,2,3,3,3,4,3,4,3,2,4,3,3,3,2,4,3,2,1,2,1,3,1,2,1,4,2,1,2,2,1,1,1,1,Anonymized,1555,37,2,-0.929800054,76,55,46,,23,48,17,11,60,26,
45573.67616,45573.68581,0,Anonymized,100,834,1,45573.68582,Anonymized,Anonymized,Anonymized,Anonymized,,Anonymized,Anonymized,anonymous,EN,1.0,Anonymized,1.0,1,1,1,28,3,4,4,4,2,2,2,2,2,2,4,4,4,4,3,3,5,2,3,2,4,5,4,4,4,5,4,4,4,5,3,3,4,2,3,2,5,2,4,3,4,2,3,3,3,3,2,4,1,2,2,4,2,3,2,2,2,2,1,4,4,2,,,,,,,,,,,1.0,1.0,1.0,5.0,2.0,3.0,2.0,4.0,4,3,1,2,2,2.0,1,2,4,3,3,2,1,4,2,3,4,3,2,3,1,1,2,2,3,4,2,2,1,3,2,4,4,3,3,3,3,3,3,2,4,3,4,3,3,3,4,3,3,1,1,1,1,1,1,1,1,1,1,1,1,1,1,1,1,Anonymized,834,28,1,-0.808353612,61,78,53,,19,30,23,16,63,16,
45573.66877,45573.68661,0,Anonymized,100,1541,1,45573.68662,Anonymized,Anonymized,Anonymized,Anonymized,,Anonymized,Anonymized,anonymous,EN,,Anonymized,1.0,1,1,2,31,4,4,1,1,2,4,4,4,4,2,4,4,4,4,4,4,4,2,2,3,4,5,4,5,4,4,3,4,5,4,4,4,4,4,4,4,5,1,5,4,4,2,2,2,2,4,4,2,2,3,2,4,1,4,2,2,2,2,2,2,2,2,,,,,,,,,,,4.0,1.0,1.0,4.0,4.0,4.0,3.0,1.0,3,1,1,4,1,3.0,3,3,4,4,3,2,3,4,2,1,3,1,1,3,1,1,3,3,3,2,3,3,1,2,3,1,1,1,2,2,1,3,2,1,1,2,3,1,2,2,2,2,2,2,2,2,3,4,4,2,3,4,2,3,2,3,3,3,2,Anonymized,1541,31,2,-0.950224756,65,85,50,,22,35,17,18,36,44,
45573.68277,45573.6894,0,Anonymized,100,572,1,45573.68941,Anonymized,Anonymized,Anonymized,Anonymized,,Anonymized,Anonymized,anonymous,EN,1.0,Anonymized,1.0,1,1,2,61,3,4,4,4,2,3,4,4,4,3,4,4,4,3,3,4,4,3,2,4,4,4,4,3,4,4,4,5,5,5,4,3,4,3,3,3,4,3,3,3,4,2,3,2,4,3,3,4,2,2,2,3,2,2,2,3,5,3,3,3,4,4,,,,,,,,,,,3.0,1.0,2.0,4.0,4.0,3.0,1.0,5.0,5,5,5,5,5,5.0,5,5,5,5,5,4,5,3,3,3,4,2,3,4,2,1,4,4,4,4,3,4,4,3,3,3,3,3,4,3,3,3,3,3,3,3,3,3,3,3,3,4,3,2,2,2,3,3,4,4,4,3,2,3,2,3,3,3,2,Anonymized,572,61,2,-0.965410173,70,79,61,,23,64,25,27,62,45,
45573.67655,45573.68968,0,Anonymized,100,1133,1,45573.68968,Anonymized,Anonymized,Anonymized,Anonymized,,Anonymized,Anonymized,anonymous,EN,1.0,Anonymized,1.0,1,1,2,41,3,4,4,3,2,4,4,2,2,3,2,2,3,4,3,2,5,3,3,2,4,3,4,4,3,3,4,4,4,2,4,4,2,2,4,1,4,2,2,4,4,2,3,1,2,4,4,4,1,1,1,3,1,1,1,2,4,3,2,3,4,3,,,,,,,,,,,2.0,1.0,3.0,5.0,2.0,2.0,3.0,5.0,5,1,4,4,3,4.0,1,5,5,4,5,4,5,2,1,4,4,3,4,2,1,1,4,4,4,4,1,3,3,3,3,4,3,4,4,4,2,2,3,2,4,4,4,4,3,2,3,3,3,1,1,1,1,1,1,1,1,1,1,1,1,1,1,1,1,Anonymized,1133,41,2,-0.92099615,60,68,50,,23,50,22,23,64,16,
45573.67587,45573.68978,0,Anonymized,100,1202,1,45573.68979,Anonymized,Anonymized,Anonymized,Anonymized,,Anonymized,Anonymized,anonymous,EN,1.0,Anonymized,1.0,1,1,1,45,1,2,1,2,2,2,3,2,2,2,2,1,1,1,2,1,2,2,3,2,4,5,5,5,5,3,4,5,4,3,5,5,4,4,4,2,5,2,3,4,4,1,3,2,3,3,2,4,1,2,2,4,2,2,2,3,4,2,1,4,3,2,,,,,,,,,,,1.0,1.0,1.0,2.0,3.0,1.0,3.0,1.0,2,1,1,1,1,3.0,2,3,1,2,2,1,3,1,1,1,2,1,1,1,1,1,1,1,1,1,1,2,1,2,2,2,1,1,3,2,1,1,2,1,2,2,1,1,1,1,1,2,1,1,1,1,1,1,1,1,1,1,1,1,1,1,1,1,1,Anonymized,1202,45,1,-0.97518504,36,85,52,,13,23,10,8,30,16,
45573.68333,45573.69219,0,Anonymized,100,765,1,45573.6922,Anonymized,Anonymized,Anonymized,Anonymized,,Anonymized,Anonymized,anonymous,EN,1.0,Anonymized,1.0,1,1,1,21,4,4,3,4,3,3,3,4,4,4,3,2,4,3,4,3,5,1,5,2,4,4,4,4,4,2,4,3,4,4,4,4,3,4,4,3,4,4,4,3,3,2,3,2,2,3,3,2,2,2,2,2,3,3,2,2,2,2,3,2,2,2,,,,,,,,,,,1.0,2.0,3.0,4.0,2.0,3.0,5.0,5.0,2,2,2,2,2,1.0,1,2,2,2,1,1,1,4,2,4,4,3,2,3,1,1,2,1,2,2,2,4,2,4,2,4,1,2,4,3,2,3,3,1,2,3,4,2,4,2,2,3,2,2,2,2,1,2,2,1,1,2,2,1,2,2,2,1,1,Anonymized,765,21,1,-0.943680976,68,77,48,,25,21,24,15,53,26,
45573.67777,45573.69362,0,Anonymized,100,1370,1,45573.69363,Anonymized,Anonymized,Anonymized,Anonymized,,Anonymized,Anonymized,anonymous,EN,1.0,Anonymized,1.0,1,1,1,29,1,1,1,2,1,3,2,4,2,3,2,4,1,1,4,3,3,2,3,1,5,5,5,5,5,5,5,4,4,4,5,5,4,4,5,2,3,4,5,5,4,1,3,1,3,2,1,3,1,1,1,2,3,1,1,4,2,1,3,3,2,3,,,,,,,,,,,1.0,1.0,2.0,2.0,2.0,2.0,1.0,4.0,1,1,1,2,1,1.0,1,1,1,1,1,1,1,2,1,4,2,2,1,2,1,1,1,2,2,2,1,2,1,2,1,3,1,2,3,1,1,2,2,2,1,2,1,2,1,1,1,2,1,3,2,3,3,3,3,3,4,2,3,2,2,2,3,2,2,Anonymized,1370,29,1,-0.867138345,44,93,42,,15,14,16,11,32,42,
45573.68278,45573.6944,0,Anonymized,100,1004,1,45573.69442,Anonymized,Anonymized,Anonymized,Anonymized,,Anonymized,Anonymized,anonymous,EN,1.0,Anonymized,1.0,1,1,2,27,4,4,4,4,3,4,2,1,4,1,2,4,3,2,4,5,2,2,2,4,4,2,4,3,4,4,3,4,4,4,4,4,4,4,3,4,4,3,4,4,4,4,4,4,4,2,2,3,2,2,2,2,1,2,2,4,2,2,1,4,2,2,,,,,,,,,,,2.0,2.0,1.0,4.0,3.0,1.0,2.0,1.0,4,2,4,4,4,3.0,4,4,5,4,4,3,4,2,2,2,4,3,2,1,1,1,2,2,2,2,1,2,2,2,2,3,4,2,3,3,2,2,3,2,2,4,3,2,2,3,2,3,3,2,2,1,1,2,2,2,3,2,2,2,2,1,1,2,2,Anonymized,1004,27,2,-0.932234955,61,78,53,,16,49,18,13,52,29,
45573.68209,45573.69564,0,Anonymized,100,1169,1,45573.69565,Anonymized,Anonymized,Anonymized,Anonymized,,Anonymized,Anonymized,anonymous,EN,1.0,Anonymized,1.0,1,1,1,27,4,4,4,3,2,4,3,4,3,3,4,3,3,4,4,3,4,2,2,4,4,4,3,4,4,4,4,4,4,4,3,4,3,4,4,4,4,2,4,4,4,4,4,4,4,3,4,4,4,4,4,4,3,3,3,5,4,4,2,4,4,4,,,,,,,,,,,2.0,1.0,3.0,3.0,3.0,3.0,1.0,2.0,4,3,4,3,4,3.0,4,3,4,3,4,3,4,3,3,4,3,4,4,3,3,3,3,3,3,2,2,1,2,2,3,1,2,1,2,1,3,3,2,3,2,2,2,3,1,4,4,2,4,1,1,1,1,4,3,4,4,3,3,3,3,1,1,1,1,Anonymized,1169,27,1,-0.836884036,67,79,79,,18,46,30,16,47,35,
45573.68588,45573.69766,0,Anonymized,100,1017,1,45573.69767,Anonymized,Anonymized,Anonymized,Anonymized,,Anonymized,Anonymized,anonymous,EN,1.0,Anonymized,1.0,1,1,2,39,4,2,4,3,2,4,4,2,4,1,3,2,4,2,3,5,2,2,2,2,4,2,4,4,5,5,4,3,2,4,4,4,4,2,4,2,4,2,4,2,2,2,4,1,4,1,2,3,1,1,1,3,2,3,4,2,4,2,1,3,2,2,,,,,,,,,,,2.0,1.0,2.0,4.0,5.0,2.0,4.0,2.0,3,1,1,2,1,2.0,2,2,2,2,2,2,2,1,2,2,3,2,1,1,1,1,2,2,2,2,1,2,2,3,2,3,2,1,3,3,2,3,2,1,2,2,3,2,2,3,2,2,2,1,1,2,1,2,1,1,2,2,1,1,1,2,2,1,1,Anonymized,1017,39,2,-0.919845314,57,71,48,,22,24,14,13,45,22,
45573.69247,45573.70331,0,Anonymized,100,936,1,45573.70332,Anonymized,Anonymized,Anonymized,Anonymized,,Anonymized,Anonymized,anonymous,EN,1.0,Anonymized,1.0,1,1,2,34,2,2,4,2,2,2,2,2,2,2,2,1,3,2,4,4,2,2,2,1,4,4,4,4,3,2,4,2,3,4,2,4,3,2,4,2,4,1,4,3,3,4,4,1,2,2,2,4,4,1,1,2,1,1,1,2,3,5,1,2,1,1,,,,,,,,,,,2.0,1.0,4.0,4.0,4.0,2.0,1.0,2.0,3,2,2,3,3,4.0,2,4,4,4,4,3,2,2,2,2,2,2,1,1,1,1,3,2,3,1,1,2,2,2,3,3,2,2,3,3,2,3,2,2,2,3,3,2,2,3,3,3,2,1,1,1,1,1,1,1,1,1,1,1,1,1,1,1,1,Anonymized,936,34,2,-0.962537907,45,66,45,,20,40,14,14,50,16,
45573.70214,45573.70795,0,Anonymized,100,502,1,45573.70796,Anonymized,Anonymized,Anonymized,Anonymized,,Anonymized,Anonymized,anonymous,EN,1.0,Anonymized,1.0,1,1,2,23,2,3,2,2,3,2,1,4,2,1,3,2,2,2,3,3,1,2,2,3,4,3,4,4,4,4,4,4,3,4,4,4,4,4,4,3,5,3,3,4,4,2,4,1,4,1,1,4,1,1,1,4,2,1,1,2,2,1,2,2,3,3,,,,,,,,,,,1.0,1.0,1.0,1.0,2.0,1.0,1.0,2.0,3,1,1,2,3,1.0,1,3,3,4,2,3,2,1,1,2,2,1,1,2,1,1,2,1,2,2,2,1,1,2,2,2,2,2,2,2,1,2,2,1,2,3,3,2,2,1,2,2,2,1,1,1,1,1,1,1,1,1,1,1,1,1,1,1,1,Anonymized,502,23,2,-0.965067591,45,80,43,,10,29,12,11,39,16,
45573.70105,45573.70853,0,Anonymized,100,645,1,45573.70854,Anonymized,Anonymized,Anonymized,Anonymized,,Anonymized,Anonymized,anonymous,EN,1.0,Anonymized,1.0,1,1,2,23,4,4,4,4,4,4,4,4,4,2,3,3,4,4,4,4,3,3,3,3,3,2,4,2,2,2,2,2,2,2,2,2,2,2,2,2,4,2,2,2,2,4,3,4,3,3,3,3,3,2,2,2,2,2,2,4,4,4,2,2,3,4,,,,,,,,,,,4.0,4.0,3.0,4.0,3.0,4.0,3.0,4.0,3,3,3,4,3,3.0,3,3,3,3,3,3,3,2,3,2,4,4,4,4,2,2,3,3,3,4,4,4,4,3,3,3,3,3,3,3,3,3,3,3,3,3,2,3,2,3,3,3,2,3,3,3,3,3,3,3,3,3,3,3,3,3,3,3,3,Anonymized,645,23,2,-0.936512217,72,47,61,,29,40,27,25,57,48,
45573.70172,45573.70884,0,Anonymized,100,614,1,45573.70885,Anonymized,Anonymized,Anonymized,Anonymized,,Anonymized,Anonymized,anonymous,EN,1.0,Anonymized,1.0,1,1,2,53,2,2,2,2,2,2,2,2,2,1,2,1,2,1,2,2,1,2,1,2,4,5,4,4,4,4,4,5,5,5,5,5,4,4,4,4,4,1,5,4,4,2,4,2,4,4,4,4,2,2,2,5,2,2,2,4,4,4,1,5,4,2,,,,,,,,,,,3.0,1.0,1.0,4.0,2.0,3.0,2.0,3.0,3,3,3,4,3,4.0,3,4,4,4,4,3,3,3,3,2,3,2,4,2,3,2,3,3,3,2,2,3,3,3,3,4,4,3,3,4,3,3,3,3,4,4,4,4,3,3,4,4,3,1,2,1,2,1,1,2,2,1,1,1,2,1,1,1,2,Anonymized,614,53,2,-0.940957871,35,88,65,,19,45,24,19,69,22,
45573.69794,45573.70894,0,Anonymized,100,949,1,45573.70894,Anonymized,Anonymized,Anonymized,Anonymized,,Anonymized,Anonymized,anonymous,EN,1.0,Anonymized,1.0,1,1,2,54,2,3,1,2,2,2,3,2,4,2,2,1,2,3,2,1,3,2,2,1,4,4,4,4,4,3,3,4,4,3,4,4,3,3,4,3,5,4,5,4,4,2,2,1,2,3,2,4,1,1,1,3,2,1,1,4,4,4,3,3,4,4,,,,,,,,,,,1.0,2.0,1.0,5.0,4.0,4.0,2.0,5.0,3,2,2,3,3,3.0,1,3,4,4,3,3,4,2,2,3,3,3,3,3,1,2,2,2,3,3,1,2,2,2,3,4,4,2,3,3,3,2,3,2,2,4,3,3,3,2,2,2,2,1,1,1,1,1,1,1,1,2,1,1,2,2,1,2,2,Anonymized,949,54,2,-0.754187843,42,80,52,,24,38,22,15,54,21,
45573.70273,45573.71293,0,Anonymized,100,881,1,45573.71294,Anonymized,Anonymized,Anonymized,Anonymized,,Anonymized,Anonymized,anonymous,EN,1.0,Anonymized,1.0,1,1,1,31,1,3,1,2,1,1,1,3,1,3,2,3,3,3,5,3,2,1,3,3,5,5,5,5,5,5,5,5,5,5,5,5,5,5,5,4,5,2,5,4,4,2,4,3,4,4,4,5,3,4,4,5,4,4,4,3,3,4,2,3,4,4,,,,,,,,,,,1.0,3.0,3.0,4.0,4.0,1.0,2.0,2.0,2,1,1,2,1,3.0,3,2,2,2,2,1,1,2,1,2,2,2,1,4,2,1,1,1,1,2,4,2,1,2,1,2,1,1,3,1,1,1,2,1,1,2,2,1,1,1,1,1,1,1,2,1,2,2,2,2,2,2,2,2,1,1,2,2,2,Anonymized,881,31,1,-0.962879171,45,99,77,,20,23,17,12,27,28,
45573.71049,45573.71861,0,Anonymized,100,702,1,45573.71863,Anonymized,Anonymized,Anonymized,Anonymized,,Anonymized,Anonymized,anonymous,EN,1.0,Anonymized,1.0,1,1,2,27,2,2,1,3,4,1,2,1,3,1,3,1,2,1,1,3,3,2,1,2,4,5,4,3,2,4,4,3,4,3,3,4,4,5,4,3,4,1,5,4,3,1,4,1,4,5,2,5,3,1,1,4,5,4,2,3,1,1,1,2,1,1,,,,,,,,,,,1.0,1.0,2.0,4.0,2.0,2.0,1.0,2.0,2,1,2,3,4,3.0,1,3,5,5,4,2,2,1,2,2,4,1,2,1,3,1,2,1,1,2,1,3,1,2,2,2,2,1,3,2,1,2,2,2,2,2,3,1,2,3,3,2,2,1,1,1,1,1,1,1,1,1,1,1,1,1,1,1,1,Anonymized,702,27,2,-0.910062351,39,76,52,,15,37,17,11,41,16,
45573.69815,45573.72079,0,Anonymized,100,1956,1,45573.7208,Anonymized,Anonymized,Anonymized,Anonymized,,Anonymized,Anonymized,anonymous,EN,1.0,Anonymized,1.0,1,1,1,42,4,5,3,4,2,5,4,3,5,2,4,3,5,4,3,3,4,2,2,2,3,4,4,2,4,3,5,4,5,4,5,4,3,3,4,2,4,1,3,1,4,1,4,3,4,4,3,4,4,4,4,5,3,4,3,3,4,4,2,4,3,4,,,,,,,,,,,5.0,3.0,1.0,5.0,2.0,2.0,1.0,4.0,2,3,2,3,3,2.0,3,4,4,3,4,4,3,4,3,3,4,4,4,3,1,3,4,4,4,3,2,3,2,3,3,4,4,3,3,3,3,3,4,3,4,4,3,3,4,3,4,3,3,3,3,4,3,3,3,3,3,4,3,3,3,3,4,4,3,Anonymized,1956,42,1,-0.584882189,69,72,74,,23,40,29,22,67,52,
45573.70144,45573.72369,0,Anonymized,100,1923,1,45573.72371,Anonymized,Anonymized,Anonymized,Anonymized,,Anonymized,Anonymized,anonymous,EN,1.0,Anonymized,1.0,1,1,2,59,3,2,1,3,3,2,4,4,3,3,3,2,3,2,4,3,4,3,4,2,2,5,3,5,5,3,2,5,4,4,4,4,3,4,5,4,5,2,4,3,3,3,2,3,1,2,1,3,1,1,1,4,1,1,1,4,2,3,1,4,1,3,,,,,,,,,,,3.0,1.0,1.0,4.0,1.0,5.0,4.0,3.0,2,1,1,2,1,2.0,2,2,1,2,1,2,2,2,2,3,4,4,3,2,2,1,2,2,2,1,1,2,2,3,2,4,2,4,3,4,4,3,3,2,4,4,4,4,3,3,2,4,4,1,2,2,3,1,1,1,1,3,2,3,3,2,3,2,2,Anonymized,1923,59,2,-0.771875605,58,79,43,,22,21,23,12,66,32,
45573.70715,45573.72459,0,Anonymized,100,1506,1,45573.7246,Anonymized,Anonymized,Anonymized,Anonymized,,Anonymized,Anonymized,anonymous,EN,,Anonymized,1.0,1,1,2,31,2,4,3,2,4,2,4,1,4,2,2,1,3,3,2,2,2,2,2,5,3,2,2,2,1,3,2,4,4,2,4,3,4,2,2,5,4,1,4,2,4,2,4,2,4,5,3,1,5,2,2,4,4,2,2,2,5,4,1,3,3,4,,,,,,,,,,,1.0,2.0,1.0,4.0,3.0,4.0,3.0,5.0,4,3,4,4,4,5.0,3,4,4,4,5,4,4,2,1,4,4,3,2,2,2,1,3,3,2,4,4,3,2,3,3,4,2,2,4,3,2,3,3,1,3,3,4,2,3,4,4,4,4,1,1,1,2,1,1,1,2,2,1,1,2,2,1,1,2,Anonymized,1506,31,2,-0.845413083,52,60,64,,23,52,21,21,61,22,
45573.71841,45573.72632,0,Anonymized,100,683,1,45573.72633,Anonymized,Anonymized,Anonymized,Anonymized,,Anonymized,Anonymized,anonymous,EN,1.0,Anonymized,1.0,1,1,2,30,2,3,1,3,2,2,2,3,2,4,3,2,2,4,4,3,4,2,4,4,4,2,4,1,2,2,4,2,5,5,5,3,5,4,5,2,4,1,4,4,2,2,4,2,1,5,4,4,2,2,2,5,2,2,2,5,5,2,2,4,3,3,,,,,,,,,,,3.0,1.0,1.0,5.0,3.0,1.0,3.0,2.0,3,1,2,2,1,2.0,1,3,3,3,4,4,3,2,2,2,3,3,1,3,1,1,3,2,2,3,1,2,2,3,2,3,3,2,4,3,3,2,3,2,3,3,3,2,3,2,2,2,2,1,1,1,1,1,1,1,1,1,1,1,1,1,1,1,1,Anonymized,683,30,2,-0.891760538,56,70,63,,19,32,18,15,52,16,
45573.71926,45573.7289,0,Anonymized,100,833,1,45573.72891,Anonymized,Anonymized,Anonymized,Anonymized,,Anonymized,Anonymized,anonymous,EN,1.0,Anonymized,1.0,1,1,1,50,4,5,3,5,4,4,4,2,4,1,5,4,5,5,2,2,4,4,4,4,5,2,4,5,2,5,3,4,4,2,4,4,1,1,5,2,5,1,3,4,4,4,4,4,4,5,3,2,1,3,4,5,2,4,2,5,5,4,2,5,4,5,,,,,,,,,,,5.0,3.0,1.0,5.0,4.0,4.0,3.0,5.0,4,2,4,4,5,4.0,3,5,5,4,4,3,5,4,4,4,4,4,4,4,4,1,4,3,3,4,4,3,4,3,3,4,3,3,4,4,4,2,3,3,4,4,4,4,4,3,3,4,3,2,2,1,1,1,1,1,1,2,1,2,1,1,1,1,1,Anonymized,833,50,1,-0.774892654,75,70,77,,30,52,33,25,69,20,
45573.73891,45573.74515,0,Anonymized,100,539,1,45573.74516,Anonymized,Anonymized,Anonymized,Anonymized,,Anonymized,Anonymized,anonymous,EN,1.0,Anonymized,1.0,1,1,2,20,3,2,1,3,4,2,4,4,2,3,4,2,3,3,3,4,2,3,4,4,4,3,3,4,3,2,4,3,2,2,2,3,2,5,3,2,4,3,2,2,3,4,3,2,4,4,2,2,3,4,2,4,3,3,3,3,4,2,4,3,3,4,,,,,,,,,,,2.0,4.0,2.0,2.0,3.0,2.0,3.0,4.0,3,4,4,2,3,4.0,3,3,2,3,2,3,4,2,3,3,4,3,4,4,2,3,3,3,2,2,3,1,3,3,3,2,3,3,3,3,2,2,3,2,2,4,4,1,4,2,2,3,2,2,3,1,1,1,2,3,2,2,2,2,1,2,1,2,1,Anonymized,539,20,2,-0.843435205,60,61,66,,22,40,28,17,53,28,
45573.74301,45573.74808,0,Anonymized,100,438,1,45573.74809,Anonymized,Anonymized,Anonymized,Anonymized,,Anonymized,Anonymized,anonymous,EN,1.0,Anonymized,1.0,1,1,1,40,3,4,3,3,3,3,4,2,4,2,4,4,4,3,4,2,4,2,3,1,3,4,4,4,4,4,4,4,4,5,3,3,2,3,4,4,4,1,3,3,3,1,4,3,3,5,4,3,3,3,3,2,4,2,1,4,4,4,1,4,3,4,,,,,,,,,,,2.0,1.0,1.0,4.0,2.0,3.0,4.0,3.0,4,2,2,4,3,4.0,2,4,3,3,4,3,3,2,2,3,3,3,2,3,1,1,4,3,3,2,1,1,2,3,3,3,4,2,3,4,4,2,3,3,3,3,4,3,4,2,4,4,3,2,3,2,3,3,2,3,3,2,2,2,2,3,3,3,3,Anonymized,438,40,1,-0.775163889,62,73,65,,20,41,20,16,64,41,
45573.74233,45573.74846,0,Anonymized,100,529,1,45573.74847,Anonymized,Anonymized,Anonymized,Anonymized,,Anonymized,Anonymized,anonymous,EN,1.0,Anonymized,1.0,1,1,1,44,4,3,3,4,2,3,2,4,3,2,2,3,4,3,2,4,3,4,3,4,4,3,4,3,4,3,4,3,3,3,4,4,4,3,4,4,3,3,4,3,4,3,2,4,3,4,3,2,4,3,2,3,4,3,2,4,3,4,3,2,4,3,,,,,,,,,,,1.0,1.0,1.0,1.0,1.0,1.0,1.0,2.0,4,2,3,4,4,3.0,3,3,2,3,3,3,4,2,2,1,2,2,2,2,2,2,2,2,1,2,2,2,2,3,2,3,3,2,3,3,2,2,2,2,3,3,2,3,2,2,2,2,3,3,3,2,3,4,4,4,5,3,3,4,4,3,4,4,3,Anonymized,529,44,1,-0.953679524,62,74,65,,9,41,17,13,49,56,
45573.74269,45573.74867,0,Anonymized,100,516,1,45573.74868,Anonymized,Anonymized,Anonymized,Anonymized,,Anonymized,Anonymized,anonymous,EN,1.0,Anonymized,1.0,1,1,2,68,2,2,2,3,2,3,2,3,2,2,3,2,2,2,4,3,3,3,2,3,4,4,4,4,4,4,4,4,4,4,4,4,4,4,4,3,4,3,4,4,4,2,3,2,2,3,3,3,2,2,2,3,2,2,2,2,2,2,2,2,2,2,,,,,,,,,,,1.0,1.0,1.0,1.0,1.0,1.0,1.0,2.0,2,1,2,2,1,2.0,1,2,2,2,2,1,2,1,1,2,1,1,1,1,1,1,1,1,1,2,1,1,1,3,1,3,2,1,2,3,1,2,3,1,2,3,3,1,3,2,2,3,2,2,2,2,2,3,3,3,3,2,2,3,3,3,3,3,3,Anonymized,516,68,2,-0.985368998,50,82,47,,9,22,10,8,43,42,
45573.74321,45573.74917,0,Anonymized,100,514,1,45573.74918,Anonymized,Anonymized,Anonymized,Anonymized,,Anonymized,Anonymized,anonymous,EN,1.0,Anonymized,1.0,1,1,2,35,2,4,2,4,3,2,2,2,3,4,4,4,3,2,3,1,4,4,4,2,4,1,4,1,4,4,3,1,1,2,3,2,2,2,2,4,4,1,1,1,1,2,4,3,3,2,1,2,1,1,2,1,1,2,1,2,1,1,1,1,1,2,,,,,,,,,,,1.0,1.0,1.0,1.0,2.0,1.0,2.0,1.0,3,1,2,3,2,2.0,1,4,4,4,4,4,4,1,2,1,2,3,3,3,1,1,3,2,1,1,1,3,3,3,2,4,1,1,3,3,1,3,2,1,4,3,4,1,3,3,2,3,2,1,1,1,2,1,1,1,1,1,1,1,1,1,1,1,1,Anonymized,514,35,2,-0.972405095,59,48,35,,10,38,17,14,49,17,
45573.74286,45573.74938,0,Anonymized,100,562,1,45573.74939,Anonymized,Anonymized,Anonymized,Anonymized,,Anonymized,Anonymized,anonymous,EN,1.0,Anonymized,1.0,1,1,2,41,2,2,2,2,3,2,3,3,3,2,2,2,2,1,4,4,2,2,3,3,4,3,3,4,2,4,4,4,3,4,3,2,2,3,3,1,4,2,4,3,3,2,2,2,3,5,3,4,4,2,3,3,1,3,2,3,2,4,1,4,2,4,,,,,,,,,,,2.0,2.0,3.0,5.0,3.0,5.0,5.0,5.0,3,2,3,3,3,4.0,2,5,4,3,3,3,2,1,2,4,4,3,2,3,2,1,4,4,4,2,2,2,4,3,4,3,3,3,3,3,4,4,3,2,4,3,4,3,3,4,4,3,3,2,1,1,1,2,2,2,2,1,1,1,2,2,1,1,2,Anonymized,562,41,2,-0.803021608,49,65,59,,30,40,22,22,66,24,
45573.74235,45573.74972,0,Anonymized,100,636,1,45573.74973,Anonymized,Anonymized,Anonymized,Anonymized,,Anonymized,Anonymized,anonymous,EN,1.0,Anonymized,1.0,1,1,1,28,1,5,1,4,1,1,1,2,1,1,1,4,1,3,1,1,1,1,1,1,5,5,3,5,5,5,5,5,5,5,5,5,5,5,5,2,5,3,5,5,5,2,2,1,2,1,1,5,1,1,1,1,3,1,1,1,1,1,1,3,4,4,,,,,,,,,,,1.0,1.0,1.0,1.0,2.0,1.0,1.0,2.0,1,1,1,1,1,1.0,3,1,3,2,2,1,2,1,1,4,1,1,1,1,1,1,2,2,2,1,1,1,1,2,3,3,1,1,3,2,1,3,2,1,1,1,1,1,2,1,1,2,2,3,1,1,3,5,4,5,5,5,2,2,5,1,2,2,4,Anonymized,636,28,1,-0.940607337,33,98,38,,10,20,12,10,34,50,
45573.74207,45573.7503,0,Anonymized,100,710,1,45573.75031,Anonymized,Anonymized,Anonymized,Anonymized,,Anonymized,Anonymized,anonymous,EN,1.0,Anonymized,1.0,1,1,1,27,3,2,1,3,1,3,2,1,3,3,2,2,4,3,4,2,4,3,1,4,5,2,3,4,3,5,4,5,4,4,4,5,4,4,3,3,3,2,3,4,4,3,4,2,2,3,1,3,1,1,2,3,1,1,2,3,3,2,1,4,2,1,,,,,,,,,,,2.0,2.0,1.0,5.0,3.0,2.0,1.0,5.0,2,1,2,3,3,3.0,1,3,4,3,4,4,3,3,4,4,4,2,2,4,1,2,2,2,3,3,2,2,1,3,3,4,3,4,4,3,4,3,4,1,4,4,3,3,4,2,2,2,2,2,1,3,3,2,2,2,3,3,2,2,2,3,2,3,4,Anonymized,710,27,1,-0.551044889,51,78,45,,21,36,26,15,62,39,
45573.74498,45573.75103,0,Anonymized,100,522,1,45573.75104,Anonymized,Anonymized,Anonymized,Anonymized,,Anonymized,Anonymized,anonymous,EN,1.0,Anonymized,1.0,1,1,1,24,2,2,2,2,3,2,2,2,2,3,2,2,2,2,4,2,4,3,3,3,3,5,5,5,5,5,4,4,5,4,4,4,4,4,4,4,4,3,4,3,3,2,4,2,4,3,3,3,1,2,2,2,2,2,2,2,2,2,2,2,2,2,,,,,,,,,,,2.0,1.0,1.0,4.0,1.0,1.0,1.0,3.0,1,2,3,3,2,2.0,1,2,2,2,2,2,2,2,3,3,3,3,2,1,1,1,2,1,2,1,1,3,2,3,2,4,3,3,3,2,3,3,3,1,2,4,3,2,4,3,3,3,2,3,2,3,4,4,4,3,5,4,4,4,4,2,3,3,4,Anonymized,522,24,1,-0.898191491,49,86,48,,14,26,19,12,56,56,
45573.74454,45573.75108,0,Anonymized,100,564,1,45573.75109,Anonymized,Anonymized,Anonymized,Anonymized,,Anonymized,Anonymized,anonymous,EN,1.0,Anonymized,1.0,1,1,2,55,2,2,1,2,2,2,2,1,2,2,2,2,2,1,3,2,3,2,2,1,2,4,3,3,4,4,4,4,4,3,3,3,3,3,4,3,4,2,4,3,3,1,3,1,3,2,2,3,1,1,1,2,1,1,1,1,1,1,1,1,1,1,,,,,,,,,,,1.0,1.0,1.0,1.0,1.0,1.0,1.0,2.0,2,1,2,2,2,2.0,1,3,2,3,3,3,2,2,2,2,1,1,1,1,1,1,2,1,2,2,1,1,1,2,2,2,3,2,3,2,2,1,2,1,2,3,1,1,3,1,3,3,1,2,2,2,4,4,4,4,4,3,3,3,3,4,4,4,4,Anonymized,564,55,2,-0.957701344,38,70,30,,9,28,12,10,40,54,
45573.74373,45573.75115,0,Anonymized,100,641,1,45573.75116,Anonymized,Anonymized,Anonymized,Anonymized,,Anonymized,Anonymized,anonymous,EN,1.0,Anonymized,1.0,1,1,1,23,2,2,1,3,2,2,1,3,4,2,2,2,3,2,3,2,2,2,3,2,5,5,5,5,5,5,4,3,3,4,5,4,4,4,4,3,5,1,3,2,3,1,3,1,1,1,1,4,1,1,1,1,1,1,1,1,1,1,1,1,1,1,,,,,,,,,,,2.0,1.0,1.0,4.0,2.0,1.0,2.0,3.0,3,2,3,2,3,4.0,2,2,2,2,2,3,2,2,3,1,3,1,2,3,2,2,2,1,2,2,2,1,2,3,3,3,4,2,3,3,2,2,3,2,3,3,3,3,3,3,2,3,1,1,1,1,1,2,2,2,2,2,1,1,1,2,2,2,2,Anonymized,641,23,1,-0.907965891,45,82,26,,16,32,19,12,54,25,
45573.74194,45573.75171,0,Anonymized,100,843,1,45573.75172,Anonymized,Anonymized,Anonymized,Anonymized,,Anonymized,Anonymized,anonymous,EN,1.0,Anonymized,1.0,1,1,1,51,2,3,1,3,4,2,1,4,1,4,3,2,3,2,5,3,5,2,4,3,3,4,4,4,4,4,4,3,4,4,4,4,4,4,4,2,4,2,3,3,3,1,3,1,2,1,1,4,1,1,1,2,1,1,1,1,1,1,1,4,1,1,,,,,,,,,,,1.0,1.0,1.0,2.0,1.0,4.0,1.0,2.0,1,1,1,2,2,2.0,1,1,2,2,2,3,3,2,1,2,1,2,2,1,1,2,2,2,1,2,1,1,1,3,2,4,3,2,3,4,2,2,3,2,4,3,4,3,4,3,3,3,3,2,2,1,1,3,3,4,4,3,2,3,3,3,3,3,3,Anonymized,843,51,1,-0.866617099,57,75,31,,13,23,14,10,60,43,
45573.74457,45573.75189,0,Anonymized,100,632,1,45573.7519,Anonymized,Anonymized,Anonymized,Anonymized,,Anonymized,Anonymized,anonymous,EN,1.0,Anonymized,1.0,1,1,1,18,4,4,2,4,4,5,2,3,2,3,4,3,4,4,3,4,4,4,3,2,3,3,3,3,3,3,3,3,3,3,3,3,3,3,3,3,3,3,3,3,3,3,4,3,4,2,2,4,1,4,4,3,4,2,2,2,2,4,1,3,3,3,,,,,,,,,,,1.0,1.0,1.0,2.0,1.0,1.0,2.0,3.0,1,1,1,1,1,1.0,1,1,1,1,1,1,1,1,3,3,2,1,2,1,1,2,2,1,1,2,1,1,1,2,2,3,3,2,3,3,3,3,3,2,3,3,4,2,3,2,2,3,3,3,2,2,3,3,4,3,2,2,3,2,3,3,3,3,3,Anonymized,632,18,1,-0.981020015,68,63,60,,12,13,16,9,54,44,
45573.74236,45573.75206,0,Anonymized,100,838,1,45573.75208,Anonymized,Anonymized,Anonymized,Anonymized,,Anonymized,Anonymized,anonymous,EN,1.0,Anonymized,1.0,1,1,1,60,2,2,4,2,3,2,2,2,4,2,3,1,1,4,4,3,5,1,1,1,3,4,4,2,2,4,4,4,4,4,4,4,4,4,4,3,5,3,5,3,3,1,2,2,2,2,2,3,1,1,1,1,1,1,1,1,1,1,1,1,1,1,,,,,,,,,,,2.0,2.0,2.0,2.0,2.0,3.0,3.0,2.0,1,1,1,1,1,1.0,1,1,1,1,1,1,1,2,1,2,2,2,2,2,1,1,2,2,1,2,1,2,1,3,2,3,2,2,4,3,2,2,3,2,2,3,4,2,3,1,1,3,1,2,2,2,2,2,2,2,3,3,1,2,3,3,3,3,3,Anonymized,838,60,1,-0.908192878,49,77,28,,18,13,15,11,48,38,
45573.74343,45573.75214,0,Anonymized,100,753,1,45573.75215,Anonymized,Anonymized,Anonymized,Anonymized,,Anonymized,Anonymized,anonymous,EN,1.0,Anonymized,1.0,1,1,1,75,1,1,1,2,2,2,1,2,2,3,2,2,2,2,4,2,2,2,4,1,1,4,4,4,4,4,4,4,4,4,4,4,4,4,4,2,4,2,4,4,4,1,2,2,2,4,3,2,1,1,2,1,2,2,2,2,2,2,2,2,1,1,,,,,,,,,,,3.0,1.0,1.0,2.0,1.0,2.0,1.0,3.0,2,2,1,1,2,1.0,1,2,1,1,1,2,2,1,1,3,1,1,1,1,1,1,1,1,1,1,1,1,1,1,1,2,1,1,1,2,1,1,2,1,1,2,1,1,1,2,1,1,1,2,3,3,3,3,3,3,3,4,4,3,3,3,3,3,2,Anonymized,753,75,1,-0.977953286,40,77,39,,14,19,11,7,25,48,
45573.74311,45573.75279,0,Anonymized,100,836,1,45573.75281,Anonymized,Anonymized,Anonymized,Anonymized,,Anonymized,Anonymized,anonymous,EN,1.0,Anonymized,1.0,1,1,1,33,3,3,4,2,1,2,2,3,3,1,2,2,1,1,2,3,3,1,1,2,4,4,4,4,5,4,4,3,2,2,4,5,3,2,4,4,4,2,4,3,3,2,4,4,4,4,2,4,2,1,2,4,4,2,2,4,4,4,2,4,4,4,,,,,,,,,,,2.0,1.0,3.0,4.0,4.0,4.0,3.0,4.0,2,2,2,3,3,2.0,2,4,3,2,2,2,2,2,2,3,4,2,1,3,2,1,3,2,2,2,2,2,2,2,2,2,2,2,3,3,2,3,2,2,2,3,3,2,3,2,3,3,3,2,2,2,2,2,2,2,2,2,2,2,2,2,2,2,2,Anonymized,836,33,1,-0.96537673,42,74,67,,25,31,20,15,49,32,
45573.74184,45573.75344,0,Anonymized,100,1001,1,45573.75345,Anonymized,Anonymized,Anonymized,Anonymized,,Anonymized,Anonymized,anonymous,EN,1.0,Anonymized,1.0,1,1,3,23,4,5,3,4,3,4,3,3,5,2,4,4,5,5,4,3,4,5,4,3,4,1,3,2,2,3,3,3,4,4,1,5,3,4,4,4,2,3,3,4,4,5,1,2,1,4,2,2,3,2,2,4,3,2,3,4,3,5,3,3,4,5,,,,,,,,,,,4.0,4.0,4.0,5.0,4.0,4.0,3.0,3.0,4,4,5,4,5,5.0,5,5,5,5,4,5,4,3,4,2,4,2,3,3,2,3,4,4,4,3,2,2,3,3,4,3,3,3,3,3,4,4,3,3,4,3,4,3,3,4,4,3,3,2,2,2,4,2,1,2,3,2,1,1,2,1,2,2,1,Anonymized,1001,23,3,-0.870708742,77,66,63,,31,60,26,22,67,30,
45573.7416,45573.75397,0,Anonymized,100,1068,1,45573.75398,Anonymized,Anonymized,Anonymized,Anonymized,,Anonymized,Anonymized,anonymous,EN,1.0,Anonymized,1.0,1,1,1,29,3,2,3,2,2,3,3,3,2,3,3,2,4,2,4,3,5,5,3,2,4,2,4,2,4,4,3,2,5,4,5,3,4,4,3,2,5,1,3,4,4,1,3,2,3,3,4,2,1,2,3,5,4,3,2,2,2,2,1,3,4,5,,,,,,,,,,,2.0,1.0,1.0,3.0,2.0,3.0,5.0,2.0,3,4,2,3,3,4.0,2,5,4,3,3,3,4,4,4,3,3,3,4,3,2,3,4,4,4,3,3,3,3,4,4,4,4,4,3,4,3,3,4,3,4,4,3,4,4,3,3,4,3,2,2,1,1,5,4,5,5,4,3,4,4,5,5,4,5,Anonymized,1068,29,1,-0.802621017,59,72,57,,19,43,29,24,72,59,
45573.74245,45573.75417,0,Anonymized,100,1011,1,45573.75418,Anonymized,Anonymized,Anonymized,Anonymized,,Anonymized,Anonymized,anonymous,EN,1.0,Anonymized,1.0,1,1,2,54,2,3,1,2,2,2,3,2,4,3,4,4,2,4,4,4,5,3,4,3,4,4,4,3,4,4,3,4,4,4,3,5,4,4,3,2,4,2,3,2,4,1,3,1,1,3,1,2,1,1,1,3,1,1,1,2,1,1,1,2,1,1,,,,,,,,,,,2.0,1.0,3.0,3.0,4.0,1.0,3.0,4.0,4,1,2,1,1,2.0,1,2,2,2,3,4,1,2,1,3,2,3,1,1,1,1,3,3,3,2,1,4,2,3,2,4,2,2,3,3,2,3,3,2,4,3,3,2,2,3,1,3,2,3,2,2,2,1,1,2,1,3,2,3,2,1,1,2,2,Anonymized,1011,54,2,-0.940674552,61,74,30,,21,26,15,18,52,30,
45573.74631,45573.75421,0,Anonymized,100,683,1,45573.75423,Anonymized,Anonymized,Anonymized,Anonymized,,Anonymized,Anonymized,anonymous,EN,1.0,Anonymized,1.0,1,1,2,21,4,5,4,4,2,5,4,2,4,3,5,5,4,4,2,2,4,1,4,1,4,2,5,4,4,1,2,3,2,4,4,2,4,4,4,1,4,1,2,5,4,1,4,4,2,3,2,2,1,1,4,2,1,4,1,4,5,4,1,5,1,4,,,,,,,,,,,2.0,4.0,3.0,3.0,3.0,2.0,4.0,2.0,3,3,2,3,3,4.0,1,2,3,3,3,4,4,2,2,3,3,4,3,2,2,2,3,3,4,2,3,2,4,3,3,4,4,3,3,4,3,4,3,2,4,3,4,3,3,3,4,4,3,2,3,1,3,2,1,1,1,3,2,2,1,3,3,3,2,Anonymized,683,21,2,-0.720595132,69,66,56,,23,38,23,21,67,33,
45573.74392,45573.7544,0,Anonymized,100,904,1,45573.75441,Anonymized,Anonymized,Anonymized,Anonymized,,Anonymized,Anonymized,anonymous,EN,1.0,Anonymized,1.0,1,1,1,53,1,1,4,5,3,1,2,3,1,2,1,1,1,1,2,2,1,1,2,3,4,3,4,5,5,5,5,4,4,4,4,5,4,4,5,4,5,2,5,5,5,2,2,3,3,3,2,2,2,2,2,3,3,3,2,4,4,3,1,3,2,2,,,,,,,,,,,4.0,1.0,1.0,2.0,2.0,4.0,1.0,2.0,3,1,1,1,2,3.0,1,1,3,2,2,3,2,2,1,2,2,1,1,1,1,1,1,1,1,2,2,1,1,2,2,2,2,1,3,3,2,1,3,1,1,2,2,1,2,2,2,3,3,4,5,4,3,5,5,5,5,4,4,4,4,5,5,5,5,Anonymized,904,53,1,-0.981881889,38,91,53,,17,25,12,9,40,72,
45573.74774,45573.75462,0,Anonymized,100,593,1,45573.75463,Anonymized,Anonymized,Anonymized,Anonymized,,Anonymized,Anonymized,anonymous,EN,1.0,Anonymized,1.0,1,1,1,56,2,2,2,3,2,3,2,2,2,3,2,2,2,2,3,1,3,2,4,2,4,4,4,4,4,4,4,4,4,4,4,4,4,3,4,3,4,3,4,3,3,2,2,2,2,2,2,3,2,2,3,2,2,2,2,2,2,2,2,3,2,2,,,,,,,,,,,3.0,3.0,1.0,3.0,4.0,3.0,1.0,2.0,3,3,3,3,3,3.0,2,3,3,3,3,3,2,2,1,1,2,1,1,1,1,1,2,1,1,2,1,2,1,3,2,1,3,1,4,3,2,2,3,1,1,3,3,1,4,1,1,2,2,3,3,2,4,3,3,3,4,4,3,3,3,2,2,3,2,Anonymized,593,56,1,-0.944705131,46,79,45,,20,37,11,10,43,47,
45573.74227,45573.75514,0,Anonymized,100,1111,1,45573.75515,Anonymized,Anonymized,Anonymized,Anonymized,,Anonymized,Anonymized,anonymous,EN,1.0,Anonymized,1.0,1,1,2,35,2,3,1,3,2,1,2,2,3,3,4,2,2,1,5,2,5,2,3,1,4,2,4,3,5,5,2,2,4,4,2,4,2,3,4,1,4,1,5,2,2,1,4,2,4,4,3,5,1,2,2,4,1,2,1,3,3,2,1,4,1,2,,,,,,,,,,,2.0,1.0,1.0,4.0,1.0,1.0,1.0,2.0,3,2,1,2,2,3.0,1,4,4,4,3,2,3,2,1,3,3,2,1,2,1,1,2,1,1,2,1,2,1,3,2,3,3,2,3,1,1,2,3,1,4,3,4,2,2,1,1,1,3,2,2,1,4,3,2,2,3,4,4,2,2,2,4,3,2,Anonymized,1111,35,2,-0.743508677,49,65,52,,13,34,16,10,45,42,
45573.74222,45573.75546,0,Anonymized,100,1143,1,45573.75547,Anonymized,Anonymized,Anonymized,Anonymized,,Anonymized,Anonymized,anonymous,EN,1.0,Anonymized,1.0,1,1,1,64,2,4,5,4,2,3,4,1,3,4,2,4,4,4,5,1,5,3,4,1,5,4,5,4,5,5,2,3,3,2,5,4,1,3,3,5,5,3,2,3,3,3,2,4,3,2,1,2,1,1,2,3,1,4,2,5,5,5,2,2,1,4,,,,,,,,,,,5.0,3.0,2.0,5.0,3.0,5.0,5.0,5.0,5,2,5,4,2,5.0,3,5,5,5,5,4,4,3,3,4,4,3,3,4,3,3,3,2,3,3,2,4,4,4,4,4,3,3,4,4,3,4,3,3,3,4,3,1,4,4,4,3,4,2,3,3,1,3,2,3,4,4,3,4,5,4,2,5,4,Anonymized,1143,64,1,-0.75155007,65,75,55,,33,54,30,21,69,52,
45573.74272,45573.75581,0,Anonymized,100,1130,1,45573.75582,Anonymized,Anonymized,Anonymized,Anonymized,,Anonymized,Anonymized,anonymous,EN,1.0,Anonymized,1.0,1,1,1,27,3,4,2,3,1,4,2,1,2,2,3,1,2,2,3,5,4,2,1,1,2,1,5,2,4,3,5,4,2,3,4,5,4,2,4,1,3,2,4,4,3,1,4,1,5,2,1,3,2,1,1,2,2,1,1,2,4,1,2,4,2,1,,,,,,,,,,,2.0,3.0,2.0,4.0,4.0,2.0,2.0,1.0,3,1,2,2,1,3.0,2,4,3,2,1,1,3,2,3,2,2,3,1,2,1,1,4,4,3,2,3,3,3,2,3,3,2,1,3,3,3,3,2,1,2,3,4,3,2,1,3,3,2,2,5,4,5,4,3,4,4,5,3,4,3,3,4,3,3,Anonymized,1130,27,1,-0.922573878,48,67,43,,20,28,17,22,49,59,
45573.744,45573.75601,0,Anonymized,100,1037,1,45573.75602,Anonymized,Anonymized,Anonymized,Anonymized,,Anonymized,Anonymized,anonymous,EN,1.0,Anonymized,1.0,1,1,1,29,2,3,2,2,2,3,4,2,1,5,3,2,4,4,3,4,3,2,4,3,4,5,4,5,2,4,5,5,2,4,5,5,2,2,4,2,5,1,1,1,4,2,4,2,4,4,2,5,1,1,1,4,4,2,2,1,4,4,1,4,2,1,,,,,,,,,,,1.0,1.0,1.0,3.0,2.0,1.0,1.0,4.0,2,1,1,2,1,3.0,4,2,2,2,3,4,3,3,2,4,4,3,2,2,1,1,2,2,2,3,2,2,2,2,3,3,4,1,3,2,1,2,2,3,1,4,2,2,2,3,3,1,2,2,4,2,1,1,2,1,4,4,1,2,1,1,4,3,1,Anonymized,1037,29,1,-0.922055041,58,72,55,,14,30,22,15,46,34,
45573.74778,45573.75641,0,Anonymized,100,745,1,45573.75643,Anonymized,Anonymized,Anonymized,Anonymized,,Anonymized,Anonymized,anonymous,EN,1.0,Anonymized,1.0,1,1,1,35,2,3,1,2,3,2,2,2,2,1,2,1,2,3,4,3,4,2,2,3,5,4,5,4,3,3,4,3,3,4,4,4,4,3,5,2,5,3,3,4,4,1,3,2,3,4,2,3,1,1,1,2,2,2,1,1,2,2,2,4,1,2,,,,,,,,,,,3.0,2.0,2.0,3.0,1.0,2.0,1.0,1.0,3,2,2,3,2,3.0,1,3,4,4,4,3,4,1,2,1,3,1,2,2,1,1,2,2,2,2,1,2,2,3,2,3,3,2,4,3,1,2,3,2,3,3,3,3,2,2,2,1,2,2,3,2,4,3,3,3,2,4,3,3,3,2,3,3,3,Anonymized,745,35,1,-0.906904914,46,79,42,,15,38,14,13,49,46,
45573.74257,45573.75652,0,Anonymized,100,1204,1,45573.75653,Anonymized,Anonymized,Anonymized,Anonymized,,Anonymized,Anonymized,anonymous,EN,1.0,Anonymized,1.0,1,1,1,44,1,1,1,2,3,1,1,1,1,2,1,1,1,1,1,2,1,2,3,1,4,5,3,5,4,3,4,3,2,3,4,3,4,4,4,3,3,4,4,3,4,1,1,1,1,1,1,1,1,1,1,1,1,1,1,1,1,1,1,1,1,1,,,,,,,,,,,1.0,1.0,1.0,1.0,1.0,1.0,1.0,1.0,1,1,1,1,1,1.0,1,1,1,1,1,1,1,1,1,1,1,1,1,1,1,1,1,1,1,1,1,1,1,2,1,2,1,1,2,2,1,1,2,1,2,2,1,1,2,1,1,1,1,5,5,4,4,4,4,4,4,4,3,4,4,4,4,4,4,Anonymized,1204,44,1,-0.985946854,28,76,21,,8,13,9,7,28,65,
45573.74488,45573.75686,0,Anonymized,100,1034,1,45573.75687,Anonymized,Anonymized,Anonymized,Anonymized,,Anonymized,Anonymized,anonymous,EN,1.0,Anonymized,1.0,1,1,2,63,1,1,1,2,2,1,1,5,1,2,1,1,1,4,4,1,1,2,5,1,2,4,2,4,5,5,4,5,4,2,5,4,2,1,1,1,4,1,4,1,1,1,4,1,4,4,1,4,1,1,1,1,1,1,1,1,1,1,1,1,1,1,,,,,,,,,,,2.0,1.0,1.0,4.0,3.0,1.0,1.0,5.0,3,1,3,1,3,1.0,1,1,1,2,2,1,1,1,2,4,3,4,3,1,1,1,2,2,2,3,1,4,1,2,2,3,4,2,3,3,3,3,2,1,4,4,2,3,4,3,3,4,3,2,3,1,2,5,4,4,5,4,3,4,5,3,3,2,3,Anonymized,1034,63,2,-0.30530951,38,62,33,,18,21,20,15,58,53,
45573.74781,45573.75689,0,Anonymized,100,784,1,45573.7569,Anonymized,Anonymized,Anonymized,Anonymized,,Anonymized,Anonymized,anonymous,EN,1.0,Anonymized,1.0,1,1,1,38,3,3,3,2,2,4,2,4,4,2,4,4,4,4,4,4,4,2,2,4,4,4,4,4,4,4,4,4,4,4,4,4,4,4,4,4,4,4,4,4,4,4,3,3,4,4,3,4,3,4,4,4,3,4,3,4,3,3,3,4,3,3,,,,,,,,,,,2.0,1.0,2.0,2.0,1.0,1.0,2.0,2.0,3,3,2,2,2,2.0,2,2,2,2,2,2,2,1,1,1,1,1,1,1,1,1,1,1,1,1,3,3,3,2,2,2,3,2,2,2,3,2,2,2,3,2,2,2,2,2,2,3,2,4,4,4,4,4,4,4,4,4,4,4,4,4,4,4,4,Anonymized,784,38,1,-0.978091322,65,84,73,,13,28,9,13,44,64,
45573.74891,45573.75751,0,Anonymized,100,742,1,45573.75752,Anonymized,Anonymized,Anonymized,Anonymized,,Anonymized,Anonymized,anonymous,EN,1.0,Anonymized,1.0,1,1,1,48,2,1,1,2,1,2,2,3,2,3,2,1,1,2,4,2,4,2,3,2,4,5,5,5,4,4,4,3,4,4,5,4,4,4,5,3,4,3,3,3,3,1,2,2,3,3,3,4,1,2,2,3,3,3,2,3,3,3,1,4,1,2,,,,,,,,,,,4.0,1.0,1.0,3.0,1.0,4.0,1.0,2.0,2,2,1,3,3,3.0,1,2,2,2,1,1,1,2,1,2,2,1,1,1,1,1,1,1,1,1,1,2,1,1,2,2,2,1,2,2,1,1,1,1,1,1,2,1,2,1,2,1,1,2,2,1,3,3,2,2,3,2,2,1,2,2,2,3,2,Anonymized,742,48,1,-0.948080226,42,83,51,,17,24,12,8,28,34,
45573.74481,45573.75751,0,Anonymized,100,1097,1,45573.75752,Anonymized,Anonymized,Anonymized,Anonymized,,Anonymized,Anonymized,anonymous,EN,1.0,Anonymized,1.0,1,1,2,37,2,3,4,3,3,2,3,2,3,3,4,1,4,4,3,2,1,4,4,2,4,2,4,2,4,4,4,4,5,5,4,3,4,2,5,2,5,3,3,4,4,2,4,3,2,2,2,4,3,1,2,2,1,4,1,4,5,2,1,1,1,3,,,,,,,,,,,3.0,1.0,2.0,5.0,2.0,5.0,2.0,1.0,4,3,4,4,3,4.0,4,5,4,4,4,3,5,3,4,3,4,4,4,2,2,2,4,3,3,4,3,4,2,3,4,4,4,4,4,3,3,2,4,1,3,2,3,4,4,2,3,3,4,2,2,3,2,2,3,1,2,3,2,2,2,2,2,2,3,Anonymized,1097,37,2,-0.813702794,57,77,50,,21,51,28,23,64,35,
45573.74294,45573.75784,0,Anonymized,100,1286,1,45573.75784,Anonymized,Anonymized,Anonymized,Anonymized,,Anonymized,Anonymized,anonymous,EN,0.899999976,Anonymized,1.0,1,1,2,51,2,2,1,2,3,2,1,1,2,3,1,2,1,1,2,3,3,3,4,1,3,4,3,4,4,3,4,4,4,3,4,4,2,2,4,2,2,4,3,4,3,2,3,2,4,2,2,3,2,2,2,2,3,1,1,1,3,1,1,3,2,1,,,,,,,,,,,1.0,1.0,1.0,1.0,1.0,1.0,1.0,1.0,3,2,2,1,1,2.0,2,3,3,3,2,1,2,1,1,1,1,1,1,1,1,1,1,1,1,1,1,1,1,2,1,2,2,1,2,2,1,1,2,1,1,2,2,1,1,1,1,2,1,3,2,2,3,3,3,3,2,3,3,3,2,2,2,3,2,Anonymized,1286,51,2,-0.988334994,40,70,43,,8,27,9,7,29,41,
45573.74503,45573.75826,0,Anonymized,100,1142,1,45573.75827,Anonymized,Anonymized,Anonymized,Anonymized,,Anonymized,Anonymized,anonymous,EN,1.0,Anonymized,1.0,1,1,2,51,2,2,4,2,2,2,4,4,2,3,2,2,2,2,4,3,3,2,3,2,4,1,4,2,2,4,4,2,3,3,2,2,3,4,5,2,4,4,4,4,4,2,4,2,3,4,2,2,2,1,3,3,1,2,2,5,3,5,3,3,2,2,,,,,,,,,,,4.0,4.0,3.0,5.0,2.0,5.0,3.0,2.0,5,3,4,3,2,4.0,2,3,4,4,4,4,3,1,2,2,4,2,2,3,3,2,1,1,1,1,2,1,1,3,1,3,2,2,4,2,2,1,2,2,2,2,1,2,1,1,2,2,1,2,2,1,3,3,3,3,4,3,4,3,3,3,3,3,3,Anonymized,1142,51,2,-0.83957415,52,67,56,,28,45,21,8,38,46,
45573.75031,45573.75884,0,Anonymized,100,736,1,45573.75885,Anonymized,Anonymized,Anonymized,Anonymized,,Anonymized,Anonymized,anonymous,EN,1.0,Anonymized,1.0,1,1,1,59,2,2,3,2,3,2,3,3,2,4,2,2,3,2,3,4,3,3,4,2,3,5,4,4,4,4,3,4,4,3,4,4,4,4,4,2,4,1,3,3,2,2,3,3,4,3,2,3,2,2,2,4,3,3,3,2,4,4,1,3,2,2,,,,,,,,,,,3.0,1.0,2.0,2.0,2.0,2.0,2.0,1.0,2,1,2,3,3,3.0,3,2,3,3,4,2,3,1,1,1,2,1,1,1,1,1,2,2,2,1,1,1,2,2,2,3,2,1,3,2,2,1,2,2,2,2,2,1,2,2,2,2,1,2,3,2,2,2,3,2,3,3,2,2,3,2,2,2,3,Anonymized,736,59,1,-0.941995597,54,73,57,,15,34,10,11,38,38,
45573.75191,45573.75896,0,Anonymized,100,608,1,45573.75897,Anonymized,Anonymized,Anonymized,Anonymized,,Anonymized,Anonymized,anonymous,EN,1.0,Anonymized,1.0,1,1,1,40,4,3,4,2,2,4,4,4,4,2,3,2,3,4,2,2,2,3,2,3,3,4,4,4,4,4,4,2,4,4,4,4,4,3,4,4,4,4,4,4,4,2,3,3,4,3,2,4,2,2,2,3,2,2,1,2,2,2,3,2,1,2,,,,,,,,,,,1.0,1.0,2.0,4.0,2.0,3.0,4.0,3.0,3,3,3,3,2,4.0,3,4,3,2,3,3,4,3,3,2,3,3,2,4,1,1,3,3,3,3,3,3,3,3,3,3,3,3,4,3,3,3,3,2,3,3,4,3,3,3,3,3,3,2,2,2,1,2,2,2,2,2,2,2,2,2,2,2,2,Anonymized,608,40,1,-0.968355648,59,80,49,,20,40,22,21,61,31,
45573.74948,45573.75903,0,Anonymized,100,824,1,45573.75904,Anonymized,Anonymized,Anonymized,Anonymized,,Anonymized,Anonymized,anonymous,EN,1.0,Anonymized,1.0,1,1,1,43,5,5,3,4,1,5,5,1,5,2,4,5,5,4,2,2,2,2,2,5,2,1,2,1,4,4,5,5,4,4,1,2,4,4,4,2,1,1,1,4,4,1,1,1,1,1,4,5,1,1,4,5,2,4,4,1,1,1,1,5,4,5,,,,,,,,,,,1.0,2.0,2.0,5.0,1.0,1.0,4.0,3.0,1,2,2,1,2,1.0,1,2,1,2,1,2,1,4,4,4,4,4,3,3,3,3,2,1,2,3,2,2,1,4,3,3,4,2,4,2,1,3,4,3,3,3,3,3,3,3,4,2,2,1,1,2,1,1,1,1,1,2,1,2,1,1,1,1,1,Anonymized,824,43,1,-0.962636844,69,60,53,,19,19,32,13,59,19,
45573.75289,45573.75913,0,Anonymized,100,538,1,45573.75914,Anonymized,Anonymized,Anonymized,Anonymized,,Anonymized,Anonymized,anonymous,EN,1.0,Anonymized,1.0,1,1,1,19,2,2,1,2,3,1,2,4,2,2,2,3,2,2,4,3,3,2,4,2,4,4,3,5,5,3,3,4,4,4,3,5,3,4,4,2,4,3,5,4,4,1,2,1,1,1,1,1,1,1,2,2,1,1,1,1,1,2,1,1,1,1,,,,,,,,,,,1.0,2.0,1.0,3.0,5.0,1.0,1.0,3.0,1,1,1,1,1,1.0,1,1,1,1,1,1,2,1,2,1,2,4,1,1,1,1,2,1,1,1,1,2,1,1,2,1,1,2,2,2,1,2,1,1,1,1,1,1,1,2,1,1,3,5,4,5,4,5,4,4,5,5,3,5,5,4,4,5,4,Anonymized,538,19,1,-0.965708759,48,80,25,,17,14,14,9,28,71,
45573.74676,45573.75914,0,Anonymized,100,1070,1,45573.75916,Anonymized,Anonymized,Anonymized,Anonymized,,Anonymized,Anonymized,anonymous,EN,1.0,Anonymized,1.0,1,1,1,54,1,2,1,2,1,1,1,4,1,3,1,1,1,1,5,1,3,2,3,1,4,3,4,5,5,5,4,5,4,4,4,5,4,4,4,2,5,1,5,2,3,1,1,1,1,1,1,4,1,1,1,1,1,1,1,1,1,1,1,3,1,1,,,,,,,,,,,2.0,1.0,1.0,1.0,1.0,1.0,1.0,1.0,1,1,1,1,1,1.0,1,3,1,2,2,2,2,1,1,1,1,1,1,1,1,1,1,4,1,1,1,1,1,3,1,2,2,1,2,2,2,1,2,1,1,2,1,1,1,1,1,2,1,2,3,5,2,5,5,5,5,3,3,2,5,5,5,5,3,Anonymized,1070,54,1,-0.902348684,36,82,26,,9,19,9,10,30,63,
45573.75069,45573.75977,0,Anonymized,100,784,1,45573.75978,Anonymized,Anonymized,Anonymized,Anonymized,,Anonymized,Anonymized,anonymous,EN,1.0,Anonymized,1.0,1,1,2,41,2,2,3,2,2,2,3,2,3,2,2,2,2,2,3,4,4,2,2,3,3,2,3,2,4,4,4,3,2,2,4,4,3,3,4,2,4,3,3,3,3,4,3,4,3,3,3,4,2,2,2,4,2,2,2,3,3,3,3,4,4,3,,,,,,,,,,,4.0,1.0,1.0,4.0,2.0,3.0,2.0,2.0,1,1,1,1,1,2.0,1,1,1,1,1,1,2,1,2,2,2,2,2,1,1,1,2,1,2,2,1,2,2,3,2,3,3,2,4,4,3,2,3,2,2,3,3,2,3,2,2,2,2,3,4,2,4,4,4,4,4,4,4,4,3,4,4,4,4,Anonymized,784,41,2,-0.965953922,49,65,63,,19,15,14,12,52,60,
45573.74976,45573.76044,0,Anonymized,100,923,1,45573.76045,Anonymized,Anonymized,Anonymized,Anonymized,,Anonymized,Anonymized,anonymous,EN,1.0,Anonymized,1.0,1,1,1,18,4,4,3,3,1,2,3,3,4,2,3,4,4,2,4,3,3,2,2,3,4,3,4,3,1,4,4,5,3,3,4,5,4,2,4,1,4,1,4,3,4,2,3,4,3,1,2,4,2,3,3,4,3,2,1,2,3,2,1,4,3,3,,,,,,,,,,,4.0,4.0,1.0,2.0,3.0,1.0,1.0,5.0,4,3,5,4,3,2.0,3,5,4,4,4,3,4,3,2,4,2,3,4,2,2,4,3,4,4,3,3,2,4,3,3,4,4,3,3,3,3,2,3,3,1,3,2,2,4,2,2,3,2,5,4,2,4,3,2,2,3,3,1,2,3,5,5,4,4,Anonymized,923,18,1,-0.895994614,59,70,55,,21,48,26,23,55,52,
45573.74914,45573.7605,0,Anonymized,100,981,1,45573.7605,Anonymized,Anonymized,Anonymized,Anonymized,,Anonymized,Anonymized,anonymous,EN,0.899999976,Anonymized,1.0,1,1,2,53,5,5,3,5,1,5,5,3,5,3,5,4,5,5,3,1,5,1,3,2,2,2,2,1,1,5,5,3,4,2,5,5,5,3,4,1,1,1,1,2,5,1,4,1,3,1,1,4,3,1,1,4,1,1,1,3,2,3,1,4,5,3,,,,,,,,,,,2.0,1.0,1.0,4.0,1.0,2.0,2.0,4.0,3,3,3,4,2,4.0,2,4,4,4,4,3,4,4,4,3,3,3,3,2,2,1,1,2,2,2,1,4,2,3,3,4,1,2,4,3,4,3,3,2,4,3,3,3,4,3,4,3,3,2,1,2,3,2,2,1,1,2,1,3,2,3,4,4,3,Anonymized,981,53,2,-0.594716745,74,60,48,,17,44,25,14,62,36,
45573.7435,45573.76075,0,Anonymized,100,1490,1,45573.76076,Anonymized,Anonymized,Anonymized,Anonymized,,Anonymized,Anonymized,anonymous,EN,1.0,Anonymized,1.0,1,1,2,50,4,4,1,2,3,2,2,3,2,3,2,3,2,1,4,4,4,2,4,2,4,4,4,5,4,4,4,4,2,2,5,4,1,2,4,2,4,5,4,2,2,2,2,2,2,2,2,3,1,1,1,2,1,2,2,3,4,2,1,3,2,2,,,,,,,,,,,1.0,1.0,1.0,4.0,3.0,1.0,2.0,1.0,1,1,2,2,1,2.0,1,1,1,1,1,1,1,3,3,1,2,4,3,2,1,1,2,3,3,2,1,2,2,3,2,3,2,1,3,3,3,2,3,1,2,3,3,1,3,1,2,3,2,2,3,2,4,3,4,4,4,3,2,2,4,2,3,3,4,Anonymized,1490,50,2,-0.900398924,54,72,42,,14,16,20,15,46,49,
45573.74288,45573.76108,0,Anonymized,100,1572,1,45573.7611,Anonymized,Anonymized,Anonymized,Anonymized,,Anonymized,Anonymized,anonymous,EN,1.0,Anonymized,1.0,1,1,2,46,2,1,1,2,2,4,1,2,1,3,1,1,1,1,4,1,4,2,5,2,5,5,5,5,5,5,5,5,5,5,5,5,5,5,5,5,5,4,5,5,5,1,1,1,1,1,1,4,1,1,1,1,1,1,1,1,1,1,1,1,1,1,,,,,,,,,,,1.0,1.0,1.0,4.0,2.0,1.0,1.0,4.0,1,1,1,1,1,1.0,1,1,1,1,1,1,1,1,1,3,3,1,1,1,1,1,1,1,1,2,1,1,1,3,2,3,3,2,4,3,2,3,3,3,1,3,3,2,3,2,2,2,2,1,1,1,1,1,1,1,1,1,1,1,1,1,1,1,1,Anonymized,1572,46,2,-0.973858209,41,104,24,,15,13,13,8,51,16,
45573.75108,45573.76112,0,Anonymized,100,868,1,45573.76114,Anonymized,Anonymized,Anonymized,Anonymized,,Anonymized,Anonymized,anonymous,EN,1.0,Anonymized,1.0,1,1,1,44,4,4,4,3,2,4,4,1,4,3,2,3,3,2,4,5,5,2,4,2,4,4,4,4,5,5,5,5,4,4,5,5,5,5,5,3,5,2,3,3,3,1,2,1,1,1,1,3,1,1,1,1,1,1,1,2,1,1,1,4,2,1,,,,,,,,,,,2.0,2.0,1.0,3.0,2.0,3.0,1.0,4.0,3,1,1,1,1,2.0,1,3,4,4,2,2,4,2,2,3,2,1,2,2,1,1,2,1,2,2,1,2,1,3,2,3,3,2,4,4,2,2,3,1,3,2,3,2,2,2,2,2,2,1,1,1,1,1,1,1,1,1,1,1,1,1,1,1,1,Anonymized,868,44,1,-0.940810867,65,88,29,,18,29,16,11,49,16,
45573.7475,45573.76215,0,Anonymized,100,1265,1,45573.76216,Anonymized,Anonymized,Anonymized,Anonymized,,Anonymized,Anonymized,anonymous,EN,1.0,Anonymized,1.0,1,1,1,30,2,3,2,2,3,2,2,3,2,2,2,2,2,2,3,2,2,2,2,2,2,2,4,4,3,3,4,3,4,3,3,2,3,3,2,1,3,2,1,2,2,1,2,1,2,1,1,2,1,1,1,2,2,1,1,1,2,2,2,1,1,1,,,,,,,,,,,1.0,1.0,1.0,1.0,1.0,1.0,1.0,1.0,3,2,2,3,2,3.0,1,3,3,3,3,2,3,4,4,2,3,4,3,2,1,3,1,1,1,1,1,2,1,3,2,4,1,3,3,3,3,2,4,2,3,3,3,3,3,2,2,3,2,2,1,1,1,3,3,1,2,3,2,2,3,2,3,2,3,Anonymized,1265,30,1,-0.974491529,44,56,29,,8,33,26,8,54,34,
45573.75361,45573.76323,0,Anonymized,100,831,1,45573.76324,Anonymized,Anonymized,Anonymized,Anonymized,,Anonymized,Anonymized,anonymous,EN,1.0,Anonymized,1.0,1,1,2,31,2,1,4,2,1,4,2,1,4,3,2,1,4,5,4,5,1,2,2,2,1,2,4,4,1,2,3,2,4,4,5,4,4,2,5,1,4,1,4,1,2,1,4,2,4,2,2,4,2,1,4,2,3,2,1,2,5,5,2,2,1,2,,,,,,,,,,,4.0,2.0,3.0,5.0,1.0,1.0,3.0,5.0,3,2,4,5,3,5.0,1,4,4,5,4,3,5,3,3,4,4,4,3,2,1,2,4,4,3,2,1,4,4,3,4,4,4,3,3,4,3,4,2,2,3,3,4,3,2,4,4,3,4,2,3,2,3,4,5,3,3,3,3,4,4,3,3,4,2,Anonymized,831,31,2,-0.656356338,52,60,53,,24,48,26,22,66,51,
45573.75404,45573.76359,0,Anonymized,100,825,1,45573.7636,Anonymized,Anonymized,Anonymized,Anonymized,,Anonymized,Anonymized,anonymous,EN,1.0,Anonymized,1.0,1,1,1,25,2,2,2,2,2,4,2,2,2,3,2,2,2,2,2,2,2,2,2,2,4,4,4,4,4,4,4,4,4,4,4,4,4,4,4,4,4,4,4,4,4,1,3,1,3,2,2,1,1,1,1,2,2,2,2,2,2,2,1,2,1,1,,,,,,,,,,,3.0,1.0,1.0,4.0,2.0,1.0,1.0,1.0,2,1,1,1,1,1.0,1,1,1,1,1,1,1,1,1,1,2,1,1,1,1,1,2,2,1,1,1,2,1,2,2,2,2,1,3,2,1,1,2,1,2,2,2,3,2,2,1,2,1,3,3,2,2,3,3,3,3,2,2,2,2,2,3,3,2,Anonymized,825,25,1,-0.973613431,43,84,35,,14,14,10,10,36,40,
45573.7524,45573.76403,0,Anonymized,100,1004,1,45573.76404,Anonymized,Anonymized,Anonymized,Anonymized,,Anonymized,Anonymized,anonymous,EN,1.0,Anonymized,1.0,1,1,2,31,4,3,1,2,2,4,2,2,4,1,4,2,2,2,4,3,5,4,2,1,1,4,2,5,5,5,5,4,4,3,5,4,3,4,3,1,4,1,4,2,2,1,4,1,2,2,2,4,2,2,2,4,2,2,2,3,2,2,1,3,2,2,,,,,,,,,,,1.0,1.0,1.0,4.0,2.0,1.0,2.0,4.0,4,1,2,3,2,4.0,1,5,4,4,4,2,2,2,1,3,3,3,1,2,1,1,2,1,1,1,1,2,1,2,1,3,3,1,3,2,2,1,2,1,2,2,3,1,3,1,2,2,1,2,1,1,1,2,1,1,1,1,1,1,1,1,1,1,1,Anonymized,1004,31,2,-0.935097943,54,71,47,,16,38,17,9,38,18,
45573.75043,45573.7651,0,Anonymized,100,1268,1,45573.76512,Anonymized,Anonymized,Anonymized,Anonymized,,Anonymized,Anonymized,anonymous,EN,1.0,Anonymized,1.0,1,1,2,34,4,5,3,4,2,4,5,2,5,2,5,4,4,4,3,2,5,2,3,5,2,1,4,4,2,5,4,4,5,4,4,4,4,5,4,5,4,4,2,5,5,2,5,2,4,4,2,2,4,1,2,4,4,1,1,4,4,4,2,5,3,4,,,,,,,,,,,4.0,1.0,2.0,5.0,2.0,3.0,4.0,3.0,4,4,4,4,3,5.0,3,4,4,5,5,5,4,3,3,4,4,4,4,4,2,3,4,4,4,4,3,3,4,3,2,3,4,3,4,3,4,3,3,2,4,3,3,4,3,3,3,3,3,1,1,1,1,1,1,2,2,2,1,1,1,1,2,2,1,Anonymized,1268,34,2,-0.942461339,73,81,64,,24,54,31,26,63,21,
45573.7615,45573.76524,0,Anonymized,100,323,1,45573.76526,Anonymized,Anonymized,Anonymized,Anonymized,,Anonymized,Anonymized,anonymous,EN,1.0,Anonymized,1.0,1,1,1,26,1,2,2,2,2,2,4,3,4,3,3,4,4,4,3,4,4,3,2,2,3,3,2,4,3,3,3,2,3,3,4,4,3,3,4,3,4,3,3,4,3,4,3,3,4,4,2,4,2,1,2,2,4,3,2,4,3,4,1,3,4,1,,,,,,,,,,,2.0,1.0,2.0,3.0,2.0,2.0,1.0,2.0,3,1,2,2,1,1.0,2,2,1,1,2,2,1,3,1,2,2,1,1,2,2,1,2,1,1,2,2,1,2,2,3,3,3,2,3,2,2,1,2,1,2,2,3,2,2,2,4,3,2,3,2,3,2,3,2,3,3,2,3,2,4,3,3,4,2,Anonymized,323,26,1,-0.91921373,58,67,60,,15,21,15,11,46,44,
45573.75925,45573.76554,0,Anonymized,100,543,1,45573.76555,Anonymized,Anonymized,Anonymized,Anonymized,,Anonymized,Anonymized,anonymous,EN,1.0,Anonymized,1.0,1,1,1,47,4,5,5,5,5,4,5,3,5,5,5,1,5,5,3,4,5,5,5,3,2,3,2,2,4,5,4,3,4,4,5,3,3,2,4,2,4,1,1,2,3,1,3,1,2,3,2,4,1,1,1,3,1,1,1,5,5,5,1,1,1,1,,,,,,,,,,,5.0,4.0,4.0,5.0,5.0,5.0,4.0,5.0,4,5,5,5,5,5.0,5,5,5,5,5,5,5,4,4,4,4,4,4,4,3,4,4,4,4,4,3,4,4,4,3,4,3,4,4,4,4,4,4,4,4,4,4,4,4,4,4,4,4,4,3,3,4,5,5,5,4,5,4,5,5,4,5,4,4,Anonymized,543,47,1,-0.966041012,87,63,44,,37,64,35,27,78,69,
45573.74311,45573.76597,0,Anonymized,100,1974,1,45573.76598,Anonymized,Anonymized,Anonymized,Anonymized,,Anonymized,Anonymized,anonymous,EN,1.0,Anonymized,1.0,1,1,2,20,2,2,1,3,3,2,3,2,3,2,3,2,3,3,3,3,4,4,3,1,4,4,4,4,4,3,4,4,3,3,2,4,4,4,3,3,3,1,3,3,3,2,2,2,2,3,3,4,2,3,2,2,3,3,2,3,2,3,1,2,2,3,,,,,,,,,,,1.0,1.0,1.0,2.0,2.0,1.0,3.0,1.0,2,2,3,2,2,3.0,1,4,3,3,3,2,4,1,2,1,1,2,1,1,1,1,1,1,2,1,1,2,1,3,2,2,4,2,3,3,1,3,3,1,1,3,3,1,3,3,2,3,1,2,1,1,1,2,3,1,1,2,3,1,1,2,1,2,1,Anonymized,1974,20,2,-0.979331727,52,70,51,,12,34,11,9,47,25,
45573.75669,45573.76666,0,Anonymized,100,860,1,45573.76666,Anonymized,Anonymized,Anonymized,Anonymized,,Anonymized,Anonymized,anonymous,EN,1.0,Anonymized,1.0,1,1,1,46,4,5,2,5,1,4,4,1,5,1,5,3,4,4,4,3,4,2,3,4,4,2,5,2,2,4,4,5,4,2,2,2,4,5,2,1,2,1,2,5,2,2,4,5,4,4,5,5,5,4,4,2,5,4,4,4,3,4,1,5,5,4,,,,,,,,,,,1.0,2.0,3.0,1.0,3.0,3.0,2.0,2.0,4,1,3,3,1,5.0,1,4,4,3,4,2,5,2,2,3,3,2,4,3,1,1,2,2,4,2,1,3,2,3,2,4,4,3,4,4,3,2,3,2,4,3,3,4,3,3,1,3,4,2,3,2,4,4,4,4,5,5,5,4,5,4,4,5,3,Anonymized,860,46,1,-0.942315113,68,62,83,,17,40,21,16,62,63,
45573.75932,45573.76668,0,Anonymized,100,635,1,45573.76669,Anonymized,Anonymized,Anonymized,Anonymized,,Anonymized,Anonymized,anonymous,EN,1.0,Anonymized,1.0,1,1,2,20,3,4,1,2,3,4,1,3,3,3,3,3,3,3,3,3,3,3,3,3,3,2,2,2,3,3,1,3,3,3,3,3,3,3,3,3,3,3,3,3,3,1,3,1,3,3,3,3,3,3,3,3,3,3,1,1,1,1,3,1,3,3,,,,,,,,,,,1.0,1.0,1.0,2.0,1.0,1.0,3.0,1.0,1,1,2,2,1,1.0,1,1,1,1,1,1,1,1,1,1,1,1,1,1,1,1,1,1,1,1,1,1,1,1,1,3,2,2,4,3,2,2,2,1,4,4,3,1,4,1,1,1,1,5,5,4,5,5,4,5,4,5,4,5,5,4,4,4,4,Anonymized,635,20,2,-0.972616981,57,58,49,,11,15,9,7,43,72,
45573.75819,45573.7669,0,Anonymized,100,751,1,45573.76691,Anonymized,Anonymized,Anonymized,Anonymized,,Anonymized,Anonymized,anonymous,EN,1.0,Anonymized,1.0,1,1,1,75,1,1,3,4,2,3,1,4,2,5,4,3,2,1,4,4,4,3,4,1,2,4,2,3,5,2,3,5,4,3,4,4,3,3,4,2,4,1,4,2,2,1,2,1,1,2,1,3,1,1,1,1,2,1,1,2,1,1,1,4,1,1,,,,,,,,,,,3.0,2.0,1.0,2.0,1.0,2.0,1.0,2.0,1,1,1,1,1,1.0,1,2,1,1,2,4,1,2,1,1,2,1,1,1,1,1,1,1,1,1,1,1,1,3,1,2,1,1,3,1,1,2,2,2,4,2,2,1,3,1,1,2,1,2,2,1,1,4,4,4,5,2,2,2,2,2,2,1,1,Anonymized,751,75,1,-0.964188191,56,66,30,,14,18,11,7,36,37,
45573.75291,45573.76779,0,Anonymized,100,1286,1,45573.7678,Anonymized,Anonymized,Anonymized,Anonymized,,Anonymized,Anonymized,anonymous,EN,1.0,Anonymized,1.0,1,1,1,49,4,4,3,5,4,3,3,3,4,3,4,2,3,3,2,4,3,4,4,2,3,2,2,3,4,4,4,4,4,3,4,4,3,2,3,2,3,1,2,2,3,2,4,2,2,3,3,2,1,1,2,3,3,3,2,3,2,3,1,1,1,3,,,,,,,,,,,3.0,2.0,1.0,4.0,2.0,3.0,3.0,1.0,4,3,4,4,3,5.0,3,4,3,3,4,2,3,3,4,4,3,3,4,3,2,2,4,3,3,3,1,2,3,4,3,4,3,4,3,4,3,3,4,2,4,4,4,4,4,3,3,3,3,2,2,2,1,3,3,2,2,3,2,2,3,3,2,2,3,Anonymized,1286,49,1,-0.941772573,67,62,47,,19,45,28,19,69,37,
45573.76072,45573.76898,0,Anonymized,100,714,1,45573.769,Anonymized,Anonymized,Anonymized,Anonymized,,Anonymized,Anonymized,anonymous,EN,1.0,Anonymized,1.0,1,1,1,47,3,4,3,3,2,2,4,2,4,3,4,4,3,2,2,4,5,1,2,3,4,4,5,5,4,4,3,3,4,4,4,5,4,3,3,2,4,4,3,3,3,3,3,3,2,2,2,4,2,2,2,2,3,2,2,2,3,3,2,3,3,3,,,,,,,,,,,4.0,4.0,3.0,5.0,2.0,4.0,3.0,4.0,3,4,5,4,4,4.0,4,4,4,5,4,5,5,4,4,3,3,3,3,4,3,3,4,3,3,3,3,3,4,4,4,4,3,3,2,4,3,4,4,3,3,4,2,3,4,3,4,4,3,2,2,2,2,4,4,4,5,3,3,4,4,3,3,4,3,Anonymized,714,47,1,-0.831766698,60,78,53,,29,55,30,23,68,52,
45573.74282,45573.76956,0,Anonymized,100,2310,1,45573.76957,Anonymized,Anonymized,Anonymized,Anonymized,,Anonymized,Anonymized,anonymous,EN,1.0,Anonymized,1.0,1,1,1,25,1,1,1,1,1,5,3,5,4,3,2,4,2,1,5,5,2,2,5,1,5,5,5,5,5,5,5,5,5,5,5,5,5,5,5,5,5,5,5,5,5,1,1,1,1,1,1,1,1,1,1,1,1,1,1,1,4,1,1,4,4,2,,,,,,,,,,,2.0,2.0,4.0,2.0,1.0,1.0,1.0,1.0,2,1,1,1,1,1.0,1,5,3,1,3,1,2,1,1,1,1,1,1,1,1,1,2,1,1,1,1,1,1,1,1,1,1,1,3,1,1,1,1,1,1,1,3,2,1,2,1,1,1,5,1,1,1,5,5,5,5,1,5,5,5,3,5,5,1,Anonymized,2310,25,1,-0.959443267,54,105,31,,14,23,9,8,26,58,
45573.75352,45573.76961,0,Anonymized,100,1390,1,45573.76962,Anonymized,Anonymized,Anonymized,Anonymized,,Anonymized,Anonymized,anonymous,EN,1.0,Anonymized,1.0,1,1,1,57,2,3,1,4,3,3,2,2,2,3,3,3,3,2,4,3,5,2,4,1,4,4,4,3,4,4,4,4,4,4,4,4,4,4,4,2,4,2,4,3,3,1,1,1,1,4,2,3,1,1,1,2,3,1,1,4,2,3,1,2,1,1,,,,,,,,,,,2.0,1.0,2.0,3.0,2.0,2.0,1.0,3.0,2,1,1,1,1,2.0,2,3,1,1,1,2,2,2,1,2,2,1,1,2,1,1,1,1,2,2,1,1,2,3,2,2,3,1,3,2,1,2,2,1,2,3,4,1,2,1,2,2,1,4,4,3,4,4,3,4,4,3,3,3,3,4,4,3,3,Anonymized,1390,57,1,-0.927858567,55,77,37,,16,20,13,10,40,56,
45573.76782,45573.77361,0,Anonymized,100,499,1,45573.77363,Anonymized,Anonymized,Anonymized,Anonymized,,Anonymized,Anonymized,anonymous,EN,1.0,Anonymized,1.0,1,1,2,33,2,2,2,2,1,2,2,1,2,2,2,2,3,1,4,2,4,1,2,4,4,4,4,4,5,4,5,5,5,5,5,4,4,5,4,3,4,2,4,3,4,2,4,2,4,2,2,4,2,2,2,4,2,2,2,2,4,4,2,2,2,2,,,,,,,,,,,3.0,3.0,3.0,3.0,2.0,3.0,3.0,4.0,2,2,2,2,2,3.0,3,3,3,3,3,3,3,2,2,3,3,2,2,3,1,1,3,3,3,3,3,2,3,3,3,3,3,3,4,4,2,3,3,3,3,4,4,2,3,3,3,4,3,2,2,2,2,2,2,2,2,2,2,2,2,2,2,2,2,Anonymized,499,33,2,-0.967702629,43,87,54,,24,34,19,20,63,32,
45573.76479,45573.77443,0,Anonymized,100,833,1,45573.77444,Anonymized,Anonymized,Anonymized,Anonymized,,Anonymized,Anonymized,anonymous,EN,1.0,Anonymized,1.0,1,1,2,34,3,4,4,5,1,3,4,1,4,1,2,4,5,3,3,5,4,3,3,5,4,3,2,3,5,5,4,4,5,4,4,4,2,3,3,2,4,1,4,4,4,1,4,1,3,4,5,2,4,4,2,3,1,4,3,2,5,3,1,2,2,3,,,,,,,,,,,2.0,3.0,1.0,5.0,4.0,3.0,5.0,1.0,1,1,1,2,3,3.0,2,3,4,3,5,3,5,2,2,4,4,4,2,4,1,1,2,2,3,4,2,4,2,3,2,3,4,2,4,4,2,3,2,1,3,3,3,2,3,4,4,2,2,1,2,1,4,5,4,4,5,5,3,4,3,3,4,3,2,Anonymized,833,34,2,-0.696953653,67,74,59,,24,36,24,19,56,53,
45573.75691,45573.77633,0,Anonymized,100,1677,1,45573.77634,Anonymized,Anonymized,Anonymized,Anonymized,,Anonymized,Anonymized,anonymous,EN,,Anonymized,1.0,1,1,1,19,2,2,2,2,1,2,1,2,2,2,3,2,3,2,4,2,4,1,2,4,4,5,4,3,5,5,4,4,2,2,4,5,3,3,4,4,4,2,4,5,5,2,4,2,4,5,5,4,3,3,3,4,5,2,1,4,5,4,1,3,3,4,,,,,,,,,,,2.0,1.0,1.0,2.0,3.0,4.0,1.0,4.0,2,1,1,2,1,3.0,3,2,1,2,2,1,2,2,2,3,2,1,2,1,1,1,3,2,2,2,1,2,1,3,2,3,3,2,4,3,2,3,3,2,3,3,2,2,4,3,4,3,2,3,4,3,4,2,4,3,4,3,2,4,3,3,3,2,3,Anonymized,1677,19,1,-0.911148578,45,81,71,,18,23,15,13,56,50,
45573.74784,45573.77756,0,Anonymized,100,2567,1,45573.77756,Anonymized,Anonymized,Anonymized,Anonymized,,Anonymized,Anonymized,anonymous,EN,1.0,Anonymized,1.0,1,1,1,27,2,2,2,2,2,2,2,2,2,2,2,2,2,2,3,4,3,2,4,2,4,4,4,4,4,4,4,4,4,4,4,4,4,4,4,2,4,2,3,2,2,2,2,2,2,2,2,2,2,2,2,2,2,2,2,2,2,2,2,3,2,2,,,,,,,,,,,1.0,1.0,1.0,1.0,2.0,1.0,1.0,1.0,1,1,1,1,1,1.0,1,1,3,1,2,1,3,2,1,1,1,1,1,1,1,1,1,1,1,1,1,1,1,3,1,3,1,1,3,3,1,1,2,1,1,2,2,1,2,1,1,2,1,2,2,1,2,3,3,3,3,3,2,3,4,2,1,2,3,Anonymized,2567,27,1,-0.979109249,46,75,43,,9,18,10,7,33,39,
45573.77125,45573.77819,0,Anonymized,100,600,1,45573.77821,Anonymized,Anonymized,Anonymized,Anonymized,,Anonymized,Anonymized,anonymous,EN,1.0,Anonymized,1.0,1,1,1,64,4,4,2,5,1,3,1,5,3,5,3,1,4,3,3,3,5,5,5,1,1,1,3,3,5,5,4,5,4,5,4,4,4,3,4,1,3,1,1,1,1,1,1,2,2,4,3,3,2,3,4,4,3,2,1,3,3,3,1,1,1,1,,,,,,,,,,,1.0,4.0,1.0,1.0,2.0,1.0,1.0,2.0,3,3,3,3,3,3.0,1,4,3,3,3,3,4,2,1,2,2,2,2,1,1,1,2,2,2,1,1,2,2,3,1,4,3,4,2,2,1,1,4,1,1,2,1,3,3,1,3,1,3,1,1,1,1,1,1,1,1,1,1,1,1,1,1,1,1,Anonymized,600,64,1,-0.957105602,66,63,48,,13,39,14,12,44,16,
45573.76978,45573.77867,0,Anonymized,100,768,1,45573.77869,Anonymized,Anonymized,Anonymized,Anonymized,,Anonymized,Anonymized,anonymous,EN,1.0,Anonymized,1.0,1,1,2,26,5,5,3,5,3,5,4,2,5,2,5,5,5,5,5,1,5,5,4,2,4,2,4,2,2,3,4,2,1,4,1,5,2,2,4,1,4,4,5,1,2,4,4,2,1,1,4,4,1,1,1,3,2,1,1,2,2,4,4,5,2,2,,,,,,,,,,,2.0,3.0,1.0,5.0,2.0,3.0,4.0,5.0,2,1,1,2,1,3.0,3,4,2,2,1,2,4,4,4,4,4,4,4,3,2,2,3,4,4,3,3,4,3,3,4,4,4,4,4,3,4,4,4,3,4,4,3,4,4,4,3,3,4,1,1,1,1,1,1,1,1,1,1,1,1,1,1,1,1,Anonymized,768,26,2,-0.826840197,81,59,51,,25,28,31,24,74,16,
45573.77257,45573.78003,0,Anonymized,100,645,1,45573.78005,Anonymized,Anonymized,Anonymized,Anonymized,,Anonymized,Anonymized,anonymous,EN,1.0,Anonymized,1.0,1,1,1,36,4,5,2,4,1,4,2,1,4,4,5,4,4,4,5,2,5,2,5,2,2,5,4,5,5,5,4,5,4,4,4,5,4,4,5,4,5,2,2,4,4,2,5,2,2,4,4,2,1,4,4,2,4,2,2,2,2,2,1,3,2,2,,,,,,,,,,,1.0,1.0,1.0,5.0,2.0,2.0,1.0,2.0,2,2,3,3,2,2.0,3,3,2,2,2,2,3,3,3,2,4,2,3,2,1,2,2,2,2,3,2,2,2,3,3,3,3,3,3,2,2,3,3,3,3,2,3,3,3,2,3,3,3,3,2,1,2,4,4,4,4,4,3,4,3,3,4,4,4,Anonymized,645,36,1,-0.852049982,69,86,54,,15,31,22,15,56,53,
45573.77256,45573.78123,0,Anonymized,100,749,1,45573.78124,Anonymized,Anonymized,Anonymized,Anonymized,,Anonymized,Anonymized,anonymous,EN,1.0,Anonymized,1.0,1,1,1,52,4,4,5,2,2,2,4,4,4,1,4,1,2,2,3,1,2,2,2,1,4,5,4,5,4,2,4,2,2,2,4,3,2,2,4,2,4,2,4,3,4,4,2,4,4,5,5,2,4,4,4,4,1,2,4,4,2,4,2,3,2,4,,,,,,,,,,,4.0,2.0,3.0,3.0,3.0,2.0,3.0,2.0,2,1,2,1,1,2.0,2,2,2,1,2,3,2,2,1,1,2,1,3,2,2,1,2,1,1,1,1,2,1,2,2,3,2,2,2,2,2,2,2,2,2,2,2,2,2,3,1,1,2,2,3,1,3,3,2,4,4,3,3,4,3,3,3,2,1,Anonymized,749,52,1,-0.922928906,52,68,70,,22,23,15,9,40,44,
45573.77159,45573.7816,0,Anonymized,100,864,1,45573.78161,Anonymized,Anonymized,Anonymized,Anonymized,,Anonymized,Anonymized,anonymous,EN,1.0,Anonymized,1.0,1,1,1,71,2,3,4,4,3,2,4,3,3,3,3,2,4,2,5,4,5,2,3,4,4,2,4,4,4,4,4,4,4,4,4,4,2,2,2,2,4,2,3,3,4,2,2,2,2,4,2,3,3,3,3,3,4,3,3,2,2,3,2,3,3,2,,,,,,,,,,,1.0,1.0,1.0,2.0,2.0,2.0,4.0,3.0,3,2,3,3,2,4.0,3,4,4,4,4,3,3,2,1,2,2,1,1,2,1,1,2,2,2,1,1,2,1,2,2,2,2,1,3,3,2,3,2,1,2,2,2,1,2,3,4,2,1,3,4,4,4,3,3,5,5,3,3,3,4,4,4,4,4,Anonymized,864,71,1,-0.939561017,65,70,56,,16,42,13,11,42,60,
45573.75906,45573.78171,0,Anonymized,100,1956,1,45573.78172,Anonymized,Anonymized,Anonymized,Anonymized,,Anonymized,Anonymized,anonymous,EN,1.0,Anonymized,1.0,1,1,2,31,1,1,1,2,3,2,2,1,1,2,1,2,2,4,3,1,3,2,1,5,3,5,3,5,5,5,5,5,5,5,5,5,5,5,5,2,5,3,5,4,5,1,3,1,2,3,2,2,1,1,1,1,4,1,1,2,1,1,1,4,1,1,,,,,,,,,,,4.0,1.0,1.0,2.0,2.0,1.0,1.0,1.0,1,1,1,1,1,2.0,3,3,3,3,2,2,3,1,1,1,1,1,1,1,1,1,1,1,1,1,1,1,1,1,2,2,1,1,3,1,1,2,2,1,1,2,3,1,2,2,2,1,2,2,3,1,4,4,4,4,4,5,4,2,2,5,5,5,5,Anonymized,1956,31,2,-0.963683996,40,95,35,,13,26,9,7,33,59,
45573.77333,45573.78206,0,Anonymized,100,753,1,45573.78208,Anonymized,Anonymized,Anonymized,Anonymized,,Anonymized,Anonymized,anonymous,EN,1.0,Anonymized,1.0,1,1,1,54,4,4,2,4,2,2,2,2,4,2,2,4,4,4,4,5,4,1,4,2,2,4,4,4,4,2,4,4,4,4,4,4,4,4,4,2,4,2,4,4,4,2,2,2,2,2,2,4,2,2,2,1,3,2,2,2,2,2,1,2,2,3,,,,,,,,,,,1.0,1.0,1.0,2.0,2.0,3.0,3.0,2.0,4,3,4,4,4,4.0,4,4,4,4,4,3,4,2,2,2,3,3,2,2,1,1,2,3,3,3,2,2,2,3,2,3,3,2,4,3,4,4,3,2,2,3,4,3,3,3,4,2,2,2,2,2,2,3,3,3,4,3,2,2,3,2,3,3,3,Anonymized,753,54,1,-0.967321895,62,76,44,,15,50,18,17,59,42,
45573.77325,45573.78234,0,Anonymized,100,785,1,45573.78235,Anonymized,Anonymized,Anonymized,Anonymized,,Anonymized,Anonymized,anonymous,EN,1.0,Anonymized,1.0,1,1,2,62,2,2,1,2,3,1,1,2,1,1,2,1,1,2,1,2,2,3,2,1,5,5,4,5,5,5,4,5,5,3,4,4,4,5,5,4,5,2,4,3,3,1,2,1,3,3,1,2,1,1,1,2,1,2,1,2,3,1,1,2,1,1,,,,,,,,,,,1.0,1.0,1.0,4.0,1.0,1.0,1.0,1.0,3,1,2,4,4,3.0,1,5,4,5,4,3,2,2,2,1,3,1,1,1,1,1,2,1,1,1,1,1,1,3,1,3,3,1,3,3,1,2,3,1,1,3,3,1,3,3,2,2,1,2,1,1,1,1,1,1,1,1,1,1,1,1,1,1,1,Anonymized,785,62,2,-0.971704337,33,89,33,,11,41,13,8,43,17,
45573.77189,45573.7828,0,Anonymized,100,943,1,45573.78282,Anonymized,Anonymized,Anonymized,Anonymized,,Anonymized,Anonymized,anonymous,EN,1.0,Anonymized,1.0,1,1,2,64,3,3,2,3,3,3,3,4,4,3,3,2,4,4,4,4,4,3,3,1,3,4,3,5,3,4,3,2,3,3,4,4,4,3,3,2,4,1,4,2,2,2,4,2,4,5,2,3,1,1,2,4,2,2,2,2,2,2,1,3,2,2,,,,,,,,,,,1.0,1.0,2.0,2.0,1.0,2.0,1.0,1.0,4,2,3,3,3,4.0,4,4,4,4,4,4,4,2,1,1,2,1,1,2,1,1,2,2,2,2,1,2,2,3,2,3,2,1,2,3,1,2,3,2,3,3,4,1,3,3,3,3,3,2,2,1,1,2,1,2,2,2,1,2,2,1,2,2,1,Anonymized,943,64,2,-0.975237272,63,66,50,,11,47,12,13,50,26,
45573.77218,45573.78328,0,Anonymized,100,959,1,45573.78329,Anonymized,Anonymized,Anonymized,Anonymized,,Anonymized,Anonymized,anonymous,EN,1.0,Anonymized,1.0,1,1,1,47,1,1,1,2,1,1,1,2,1,2,2,1,1,2,4,5,3,3,2,1,3,3,3,4,4,3,4,3,5,4,4,3,3,2,3,1,4,2,1,2,2,1,2,1,2,3,2,1,1,1,1,1,2,1,1,1,1,1,1,3,1,1,,,,,,,,,,,3.0,1.0,1.0,2.0,1.0,1.0,1.0,2.0,2,1,1,1,1,1.0,1,2,1,1,2,1,2,2,2,2,2,1,2,1,1,1,2,2,2,2,1,2,1,3,2,3,3,1,3,2,1,2,3,1,1,3,2,2,3,2,1,2,2,3,3,2,4,4,2,1,1,4,4,4,4,2,2,2,1,Anonymized,959,47,1,-0.912491429,37,63,29,,12,17,14,12,42,43,
45573.77083,45573.784,0,Anonymized,100,1137,1,45573.78401,Anonymized,Anonymized,Anonymized,Anonymized,,Anonymized,Anonymized,anonymous,EN,1.0,Anonymized,1.0,1,1,2,30,5,5,3,5,3,4,3,2,4,3,5,4,4,4,3,2,5,2,2,2,3,2,4,4,3,4,4,5,4,4,2,2,5,4,2,1,3,2,4,4,3,2,4,4,3,2,3,3,2,2,4,5,2,3,2,3,5,4,1,5,2,4,,,,,,,,,,,1.0,2.0,2.0,5.0,2.0,3.0,3.0,4.0,3,1,1,3,2,3.0,1,3,3,2,2,1,4,3,3,4,4,3,3,4,4,2,4,4,4,4,4,3,3,4,3,4,4,3,4,3,4,3,4,3,4,4,4,4,4,3,3,4,3,1,1,1,1,1,1,1,1,1,1,1,1,1,1,1,1,Anonymized,1137,30,2,-0.88757277,70,69,65,,22,29,30,26,72,16,
45573.77543,45573.78409,0,Anonymized,100,747,1,45573.7841,Anonymized,Anonymized,Anonymized,Anonymized,,Anonymized,Anonymized,anonymous,EN,0.899999976,Anonymized,1.0,1,1,1,46,2,2,1,2,3,2,1,1,2,3,4,1,2,2,3,1,2,3,2,2,4,5,4,4,4,4,4,4,4,4,4,5,4,4,4,3,4,4,3,3,3,1,4,1,2,4,2,2,1,2,2,4,2,2,1,1,2,2,1,4,3,2,,,,,,,,,,,1.0,1.0,1.0,4.0,2.0,1.0,1.0,2.0,5,3,4,3,3,1.0,1,4,4,3,2,4,4,2,1,2,4,1,1,3,1,1,1,1,1,2,1,2,2,3,3,3,3,3,4,3,3,2,4,2,1,2,3,2,4,2,3,4,2,2,3,1,2,3,3,2,2,3,2,3,2,2,3,2,2,Anonymized,747,46,1,-0.940952694,41,82,45,,13,41,16,10,56,37,
45573.77448,45573.78416,0,Anonymized,100,836,1,45573.78417,Anonymized,Anonymized,Anonymized,Anonymized,,Anonymized,Anonymized,anonymous,EN,1.0,Anonymized,1.0,1,1,1,32,5,4,4,5,2,4,4,2,3,2,4,4,4,5,2,2,4,1,3,2,4,2,4,5,5,4,3,5,4,2,5,5,3,5,5,3,5,2,5,5,3,3,4,2,4,2,2,1,1,2,1,3,1,3,1,3,2,1,1,1,2,3,,,,,,,,,,,1.0,1.0,2.0,3.0,3.0,1.0,4.0,2.0,3,1,1,1,2,1.0,1,1,2,2,1,2,3,2,1,2,3,3,2,2,1,1,2,2,3,3,3,3,1,3,3,3,2,2,2,3,2,4,3,1,2,2,1,2,3,3,2,2,3,1,2,1,1,1,1,1,1,1,1,1,1,1,1,1,1,Anonymized,836,32,1,-0.969691997,66,84,43,,17,21,17,17,48,17,
45573.77296,45573.78477,0,Anonymized,100,1020,1,45573.78478,Anonymized,Anonymized,Anonymized,Anonymized,,Anonymized,Anonymized,anonymous,EN,1.0,Anonymized,1.0,1,1,2,51,2,2,1,2,1,4,4,2,4,1,2,2,2,4,5,1,2,2,4,2,2,4,4,4,3,3,4,4,3,2,4,4,3,2,3,2,4,1,2,2,2,2,3,3,4,5,3,3,3,4,4,3,3,4,3,3,2,2,4,3,3,2,,,,,,,,,,,2.0,2.0,1.0,3.0,3.0,2.0,4.0,1.0,2,1,1,1,1,1.0,1,1,1,1,1,1,2,1,2,1,2,1,2,1,2,1,2,2,2,1,1,3,2,2,2,2,2,2,3,3,1,3,2,1,2,3,1,2,2,2,3,3,2,4,4,3,3,5,5,4,3,4,4,3,4,3,3,3,3,Anonymized,1020,51,2,-0.90046446,49,62,66,,18,15,13,13,43,58,
45573.77656,45573.7859,0,Anonymized,100,807,1,45573.78592,Anonymized,Anonymized,Anonymized,Anonymized,,Anonymized,Anonymized,anonymous,EN,1.0,Anonymized,1.0,1,1,1,59,3,4,3,4,2,3,4,2,4,3,4,3,4,3,4,3,4,3,5,4,4,5,5,4,5,5,3,2,2,3,3,3,4,5,5,3,5,2,4,2,1,3,4,3,3,5,5,3,1,2,2,3,1,3,2,5,5,4,1,1,1,1,,,,,,,,,,,3.0,2.0,1.0,2.0,1.0,3.0,2.0,1.0,3,2,2,2,3,2.0,2,3,2,3,2,2,3,1,2,1,2,1,1,2,1,1,1,1,2,2,2,2,1,2,1,2,1,1,3,3,2,2,2,1,1,2,2,2,2,1,1,1,1,2,3,2,2,3,2,3,1,3,2,2,3,3,2,2,3,Anonymized,807,59,1,-0.956117542,69,75,58,,15,31,12,11,33,38,
45573.77615,45573.78601,0,Anonymized,100,851,1,45573.78602,Anonymized,Anonymized,Anonymized,Anonymized,,Anonymized,Anonymized,anonymous,EN,1.0,Anonymized,1.0,1,1,2,26,5,5,3,5,3,4,3,3,5,4,4,3,5,3,3,1,3,2,4,4,4,3,4,4,3,5,5,5,5,5,2,2,5,5,5,3,4,3,3,4,4,2,4,4,4,2,3,2,1,3,2,5,2,2,1,5,5,5,3,4,2,4,,,,,,,,,,,5.0,2.0,2.0,4.0,2.0,1.0,1.0,3.0,2,1,3,2,2,4.0,2,3,3,3,3,3,4,2,2,3,4,2,1,3,3,1,3,1,2,2,4,4,2,2,2,3,3,2,4,3,3,4,2,3,3,3,4,2,2,4,2,3,3,2,2,1,4,3,4,2,4,3,4,4,3,2,3,3,2,Anonymized,851,26,2,-0.883946276,72,83,65,,20,35,21,18,57,46,
45573.75164,45573.78682,0,Anonymized,100,3039,1,45573.78683,Anonymized,Anonymized,Anonymized,Anonymized,,Anonymized,Anonymized,anonymous,EN,1.0,Anonymized,1.0,1,1,1,33,2,2,1,3,2,2,2,2,2,2,2,2,2,4,3,2,4,4,2,2,3,4,4,4,4,4,4,3,4,3,4,4,3,3,3,2,4,2,3,3,3,2,2,2,2,2,2,2,2,2,2,2,2,2,2,2,2,2,2,2,2,2,,,,,,,,,,,2.0,1.0,1.0,1.0,1.0,1.0,1.0,2.0,2,1,2,2,1,1.0,2,2,1,1,1,1,2,2,2,2,2,2,2,2,2,2,2,1,2,2,2,2,2,3,2,3,3,2,3,3,2,2,3,2,2,3,3,2,3,2,2,3,2,3,3,3,3,3,3,3,3,3,3,3,3,3,3,3,3,Anonymized,3039,33,1,-0.974110897,47,71,42,,10,19,18,13,50,48,
45573.77889,45573.78718,0,Anonymized,100,716,1,45573.78719,Anonymized,Anonymized,Anonymized,Anonymized,,Anonymized,Anonymized,anonymous,EN,1.0,Anonymized,1.0,1,1,1,36,2,3,1,3,2,2,2,3,2,2,2,2,2,1,4,3,3,1,2,2,4,5,4,4,4,5,5,4,5,4,5,5,5,5,4,2,4,1,4,4,5,4,2,4,3,4,2,3,1,1,1,4,1,1,1,3,2,3,1,4,3,3,,,,,,,,,,,4.0,1.0,2.0,5.0,3.0,1.0,3.0,5.0,2,1,2,2,2,4.0,3,3,3,3,3,2,4,3,4,4,4,4,4,4,3,1,3,2,2,4,3,4,3,3,3,4,3,2,4,2,2,1,3,3,4,3,3,3,3,2,3,2,2,2,2,1,4,2,2,3,3,2,1,1,2,2,2,3,2,Anonymized,716,36,1,-0.833231173,44,88,51,,24,34,31,21,55,34,
45573.77725,45573.78839,0,Anonymized,100,962,1,45573.7884,Anonymized,Anonymized,Anonymized,Anonymized,,Anonymized,Anonymized,anonymous,EN,1.0,Anonymized,1.0,1,1,1,59,2,3,2,4,2,2,2,3,2,2,2,4,3,1,4,2,3,2,3,1,4,4,4,3,4,4,3,4,4,4,5,5,4,4,4,2,4,3,4,4,4,1,2,1,1,2,1,3,1,2,2,2,2,2,1,2,2,2,1,3,2,2,,,,,,,,,,,3.0,2.0,2.0,5.0,3.0,2.0,2.0,2.0,1,1,1,1,2,2.0,1,1,1,2,3,2,1,1,1,1,4,1,1,1,1,1,2,2,1,1,1,2,1,3,2,3,1,1,4,3,2,1,3,1,2,2,3,1,2,2,1,2,2,2,3,2,2,3,2,3,3,3,2,3,3,3,2,2,3,Anonymized,962,59,1,-0.944355543,49,81,37,,21,19,12,10,41,41,
45573.78396,45573.79005,0,Anonymized,100,525,1,45573.79006,Anonymized,Anonymized,Anonymized,Anonymized,,Anonymized,Anonymized,anonymous,EN,1.0,Anonymized,1.0,1,1,2,41,1,1,3,2,2,1,3,2,1,2,1,1,1,1,5,1,4,4,3,1,4,4,5,2,4,4,5,4,5,4,4,4,5,4,4,3,4,4,4,4,5,2,3,2,2,2,2,3,1,1,1,2,1,2,1,2,2,1,3,1,1,2,,,,,,,,,,,1.0,2.0,3.0,4.0,2.0,1.0,3.0,4.0,1,1,1,2,1,2.0,1,2,3,3,3,2,1,2,2,3,3,3,1,2,1,1,3,2,2,2,1,2,1,3,2,2,1,1,3,3,1,2,2,1,2,2,2,1,3,2,2,2,1,1,1,1,1,2,1,1,1,1,1,1,1,2,1,1,1,Anonymized,525,41,2,-0.935999305,40,86,37,,20,23,18,13,38,18,
45573.78154,45573.79226,0,Anonymized,100,925,1,45573.79226,Anonymized,Anonymized,Anonymized,Anonymized,,Anonymized,Anonymized,anonymous,EN,1.0,Anonymized,1.0,1,1,2,51,2,4,2,2,2,4,2,2,4,2,2,2,2,2,2,4,2,2,2,2,4,2,4,4,4,4,4,4,4,4,4,4,4,4,2,2,2,4,4,2,2,2,2,2,4,2,2,4,2,2,2,4,2,2,2,4,2,2,2,4,2,2,,,,,,,,,,,3.0,1.0,2.0,3.0,3.0,2.0,1.0,4.0,4,3,3,3,4,2.0,1,4,3,3,3,3,2,2,2,2,2,2,2,2,1,1,2,2,2,2,1,2,1,2,2,2,2,2,4,3,2,1,2,1,2,2,2,2,2,1,1,2,1,3,2,2,3,4,4,3,4,2,2,3,2,3,2,2,3,Anonymized,925,51,2,-0.835498658,48,72,52,,19,38,16,12,38,44,
45573.78797,45573.79343,0,Anonymized,100,471,1,45573.79344,Anonymized,Anonymized,Anonymized,Anonymized,,Anonymized,Anonymized,anonymous,EN,1.0,Anonymized,1.0,1,1,1,41,3,4,3,2,3,2,2,3,4,2,4,2,3,4,2,3,2,2,2,2,2,4,2,2,2,4,3,4,4,4,4,4,4,4,4,2,2,3,2,1,3,2,2,2,2,2,2,2,2,2,2,2,2,2,2,2,2,3,2,2,2,2,,,,,,,,,,,4.0,1.0,1.0,4.0,2.0,4.0,3.0,3.0,3,3,3,2,2,2.0,2,2,2,2,2,2,2,2,3,2,3,2,3,3,3,2,2,3,3,3,2,2,2,3,2,4,4,3,4,3,2,3,3,2,2,3,3,3,3,3,3,3,2,2,2,1,1,2,2,3,2,3,2,1,2,2,3,3,1,Anonymized,471,41,1,-0.949853335,54,64,43,,22,29,23,17,58,32,
45573.78839,45573.79764,0,Anonymized,100,798,1,45573.79765,Anonymized,Anonymized,Anonymized,Anonymized,,Anonymized,Anonymized,anonymous,EN,1.0,Anonymized,1.0,1,1,1,52,3,4,1,4,2,4,1,4,3,2,2,2,3,2,4,4,5,4,2,2,4,4,4,4,5,5,4,3,4,3,4,4,5,5,4,3,4,5,4,3,3,1,1,1,1,1,2,1,1,1,1,3,1,2,2,2,2,1,3,1,1,1,,,,,,,,,,,1.0,1.0,1.0,1.0,1.0,2.0,1.0,1.0,1,1,1,1,2,1.0,1,2,1,1,1,2,1,1,2,2,2,1,1,1,1,1,1,1,1,1,1,2,1,2,1,2,2,1,3,1,1,1,3,1,3,2,2,1,3,1,1,3,1,3,3,2,4,4,4,3,4,4,3,4,3,2,2,1,2,Anonymized,798,52,1,-0.989538631,58,84,30,,9,16,12,8,35,48,
45573.79015,45573.79833,0,Anonymized,100,707,1,45573.79835,Anonymized,Anonymized,Anonymized,Anonymized,,Anonymized,Anonymized,anonymous,EN,1.0,Anonymized,1.0,1,1,1,27,4,5,2,4,2,3,2,2,4,1,2,2,3,3,4,3,4,2,2,2,4,5,3,4,4,5,4,3,2,2,3,4,2,2,4,1,4,2,2,1,2,2,4,3,4,2,2,4,2,1,2,4,2,2,1,4,2,2,1,2,2,2,,,,,,,,,,,2.0,1.0,1.0,2.0,3.0,2.0,2.0,1.0,2,1,3,3,2,4.0,2,4,5,4,4,2,3,2,2,1,2,1,4,3,1,1,2,2,3,2,2,3,2,3,3,4,4,4,3,3,3,2,2,2,4,3,2,4,3,3,3,3,3,3,2,1,1,4,4,3,4,3,2,3,4,4,5,3,2,Anonymized,707,27,1,-0.875457223,56,63,50,,14,39,17,16,61,48,
45573.78986,45573.80025,0,Anonymized,100,898,1,45573.80027,Anonymized,Anonymized,Anonymized,Anonymized,,Anonymized,Anonymized,anonymous,EN,1.0,Anonymized,1.0,1,1,2,45,2,2,1,2,2,2,2,4,2,2,2,2,2,2,4,3,4,2,2,2,3,4,4,4,4,4,4,4,4,4,4,4,4,4,5,3,5,2,3,3,3,2,3,2,4,4,4,4,4,4,4,4,3,4,4,4,4,4,2,3,2,3,,,,,,,,,,,4.0,2.0,2.0,3.0,3.0,3.0,2.0,3.0,4,2,4,3,3,5.0,2,4,3,3,4,3,2,2,2,3,3,2,2,1,1,1,2,1,1,2,1,1,1,3,2,4,2,2,4,4,2,1,3,1,1,3,3,2,3,1,2,3,1,3,3,1,2,3,2,1,2,4,2,3,4,3,3,1,1,Anonymized,898,45,2,-0.99462791,46,79,72,,22,42,17,9,47,38,
45573.79238,45573.80159,0,Anonymized,100,794,1,45573.8016,Anonymized,Anonymized,Anonymized,Anonymized,,Anonymized,Anonymized,anonymous,EN,1.0,Anonymized,1.0,1,1,1,51,3,4,2,3,3,3,2,4,3,3,4,2,3,4,4,4,3,2,4,2,3,4,3,3,4,4,5,4,3,4,4,4,1,3,4,3,3,3,3,3,3,1,1,1,1,1,1,1,3,2,1,1,2,1,1,3,2,1,1,1,1,1,,,,,,,,,,,3.0,2.0,2.0,3.0,2.0,3.0,3.0,2.0,2,2,2,1,1,2.0,1,1,2,1,1,1,1,1,2,1,2,2,2,3,3,2,2,2,2,1,2,2,1,3,3,3,3,3,3,4,2,2,3,1,2,3,3,3,3,4,3,3,3,2,3,2,1,3,2,2,3,3,3,3,3,3,4,3,2,Anonymized,794,51,1,-0.981546761,62,71,28,,20,18,18,12,57,42,
45573.78992,45573.80214,0,Anonymized,100,1056,1,45573.80215,Anonymized,Anonymized,Anonymized,Anonymized,,Anonymized,Anonymized,anonymous,EN,1.0,Anonymized,1.0,1,1,2,24,4,4,2,3,3,4,4,3,3,2,2,2,2,4,2,4,1,2,2,3,5,5,4,4,5,5,5,5,4,4,4,4,4,4,4,3,5,3,5,5,5,3,3,4,2,2,1,4,2,2,4,4,1,1,1,1,1,1,1,4,3,4,,,,,,,,,,,1.0,1.0,2.0,2.0,2.0,1.0,1.0,1.0,1,1,1,2,1,1.0,1,2,1,2,2,2,1,4,2,2,3,2,3,4,2,1,4,4,4,2,2,2,1,2,3,3,2,2,2,4,2,3,2,2,3,3,4,2,2,3,4,2,1,2,2,3,3,2,2,2,3,3,2,2,1,4,4,4,3,Anonymized,1056,24,2,-0.939718281,56,92,49,,11,18,23,19,51,42,
45573.78973,45573.80244,0,Anonymized,100,1097,1,45573.80245,Anonymized,Anonymized,Anonymized,Anonymized,,Anonymized,Anonymized,anonymous,EN,1.0,Anonymized,1.0,1,1,2,31,2,4,1,3,4,3,3,4,2,3,2,2,3,3,4,2,2,2,3,2,1,4,4,2,4,3,3,4,4,2,4,4,2,2,2,2,4,1,3,2,2,2,2,2,2,2,2,2,4,2,2,2,3,2,2,2,2,2,2,2,3,3,,,,,,,,,,,2.0,1.0,1.0,1.0,2.0,1.0,1.0,2.0,1,1,1,2,1,1.0,1,2,2,2,1,1,1,2,1,2,2,2,1,3,1,1,1,1,1,2,1,3,1,2,3,3,2,2,3,4,1,1,2,3,2,3,3,1,2,2,1,3,1,3,2,1,1,3,3,4,4,3,3,3,2,3,2,3,1,Anonymized,1097,31,2,-0.761020908,54,59,47,,11,17,15,10,44,41,
45573.79145,45573.80358,0,Anonymized,100,1047,1,45573.80358,Anonymized,Anonymized,Anonymized,Anonymized,,Anonymized,Anonymized,anonymous,EN,1.0,Anonymized,1.0,1,1,2,29,3,4,2,4,1,3,2,1,4,3,4,3,3,4,4,3,5,2,4,1,4,3,2,4,4,3,3,2,2,2,3,4,3,3,2,2,2,2,4,2,2,2,3,2,3,2,1,3,1,3,1,4,2,1,1,4,1,1,1,1,4,1,,,,,,,,,,,2.0,1.0,1.0,3.0,1.0,2.0,2.0,2.0,1,2,1,2,2,3.0,2,2,4,3,4,2,3,1,1,1,2,1,2,2,2,1,2,2,1,3,2,2,1,3,3,2,3,2,3,3,2,3,2,1,2,3,4,3,3,4,3,3,3,2,1,1,2,2,1,1,1,2,1,1,2,1,1,1,1,Anonymized,1047,29,2,-0.907480358,60,58,42,,14,31,13,13,55,21,
45573.78992,45573.80381,0,Anonymized,100,1199,1,45573.80382,Anonymized,Anonymized,Anonymized,Anonymized,,Anonymized,Anonymized,anonymous,EN,1.0,Anonymized,1.0,1,1,2,42,4,4,4,4,3,3,4,3,4,3,4,3,4,4,3,2,4,2,3,3,3,4,3,4,4,3,4,4,3,3,4,3,4,3,3,2,4,2,3,3,3,2,3,2,2,2,2,2,2,2,2,2,2,3,3,2,3,2,1,2,2,2,,,,,,,,,,,1.0,2.0,2.0,4.0,2.0,1.0,2.0,2.0,4,4,4,4,4,4.0,3,4,4,4,4,4,4,2,2,2,2,2,2,2,1,2,2,2,2,2,2,2,2,3,3,4,2,3,4,4,4,2,3,2,4,4,4,3,3,3,3,3,2,2,2,2,3,2,2,2,1,1,1,1,1,1,1,1,1,Anonymized,1199,42,2,-0.967754152,68,69,45,,16,51,17,14,63,24,
45573.79796,45573.80742,0,Anonymized,100,817,1,45573.80743,Anonymized,Anonymized,Anonymized,Anonymized,,Anonymized,Anonymized,anonymous,EN,1.0,Anonymized,1.0,1,1,1,38,1,1,1,1,5,1,1,3,1,3,1,2,2,1,2,2,1,2,5,1,4,5,4,5,5,5,5,4,5,4,4,3,4,4,4,2,4,2,3,3,3,1,2,1,2,2,1,1,1,1,2,2,1,2,1,1,1,1,1,2,1,1,,,,,,,,,,,2.0,1.0,1.0,3.0,1.0,1.0,1.0,2.0,2,1,2,1,2,1.0,1,1,3,2,2,2,1,2,1,2,4,1,1,3,1,1,2,1,1,2,1,1,1,2,2,2,1,2,4,1,1,1,2,2,2,2,3,2,1,2,2,1,1,1,1,1,1,1,1,1,1,1,1,1,1,1,1,1,1,Anonymized,817,38,1,-0.955776202,37,82,28,,12,21,16,9,36,16,
45573.79689,45573.80804,0,Anonymized,100,963,1,45573.80805,Anonymized,Anonymized,Anonymized,Anonymized,,Anonymized,Anonymized,anonymous,EN,1.0,Anonymized,1.0,1,1,1,19,5,4,4,3,2,5,5,2,5,3,4,3,5,5,4,3,4,3,3,4,2,4,2,3,5,4,4,5,5,4,4,2,4,4,3,1,4,3,1,2,3,2,4,3,4,5,5,5,1,2,3,4,4,4,4,3,3,4,2,2,2,4,,,,,,,,,,,2.0,3.0,1.0,4.0,2.0,2.0,5.0,4.0,4,3,3,4,3,5.0,2,5,5,4,3,3,5,4,4,4,4,4,3,4,2,1,3,4,4,4,4,3,3,2,4,2,4,2,3,2,4,4,2,4,3,3,3,2,2,4,4,3,3,2,1,1,2,3,2,2,2,3,1,1,3,3,2,1,2,Anonymized,963,19,1,-0.837468003,76,69,70,,23,49,30,25,60,31,
45573.79513,45573.81115,0,Anonymized,100,1383,1,45573.81115,Anonymized,Anonymized,Anonymized,Anonymized,,Anonymized,Anonymized,anonymous,EN,1.0,Anonymized,1.0,1,1,1,29,1,2,1,3,3,1,1,2,2,2,4,5,2,2,3,1,3,4,3,3,1,2,2,1,1,3,2,3,4,2,1,2,4,3,3,4,2,1,2,1,3,1,2,1,2,1,3,2,1,2,4,3,1,1,1,1,1,2,1,1,2,1,,,,,,,,,,,1.0,1.0,1.0,1.0,3.0,1.0,1.0,4.0,4,1,2,1,3,1.0,1,5,2,4,5,5,2,2,3,3,2,1,2,3,2,1,3,3,2,1,3,2,3,3,3,3,1,3,3,3,3,3,1,2,3,2,3,1,3,2,3,1,2,3,2,3,1,2,3,3,4,2,4,3,4,2,3,3,1,Anonymized,1383,29,1,-0.925192083,48,47,34,,13,36,19,17,48,43,
45573.79346,45573.81286,0,Anonymized,100,1675,1,45573.81287,Anonymized,Anonymized,Anonymized,Anonymized,,Anonymized,Anonymized,anonymous,EN,1.0,Anonymized,1.0,1,1,1,49,4,5,5,3,2,3,2,1,3,2,3,4,5,2,4,3,4,2,2,4,4,1,2,3,3,3,2,1,1,1,4,4,2,3,3,2,4,2,4,3,2,3,1,2,2,2,2,2,1,3,4,3,2,2,2,2,3,2,1,3,2,3,,,,,,,,,,,1.0,5.0,4.0,5.0,4.0,3.0,3.0,5.0,3,4,5,5,4,4.0,3,5,5,5,5,4,5,4,4,4,4,4,4,4,4,3,4,4,4,4,4,2,3,2,4,4,2,4,4,4,4,4,4,3,4,4,4,4,3,3,4,4,4,1,1,1,2,2,1,2,2,2,1,2,1,1,1,1,2,Anonymized,1675,49,1,-0.880735073,63,54,47,,30,57,35,25,73,23,
45573.80397,45573.81307,0,Anonymized,100,785,1,45573.81308,Anonymized,Anonymized,Anonymized,Anonymized,,Anonymized,Anonymized,anonymous,EN,1.0,Anonymized,1.0,1,1,2,26,2,2,1,1,3,3,2,3,3,3,3,3,4,4,3,2,2,4,4,2,4,4,4,5,5,3,4,4,5,5,3,3,4,4,5,4,4,4,4,4,4,2,4,2,4,2,2,3,1,3,3,2,4,2,3,3,3,3,3,3,3,3,,,,,,,,,,,1.0,1.0,1.0,1.0,1.0,1.0,2.0,1.0,2,1,1,1,1,1.0,1,1,1,1,1,1,1,2,2,2,2,2,2,1,2,1,2,1,2,1,1,1,1,2,2,2,2,2,2,2,3,3,2,2,3,2,2,2,2,2,3,2,2,4,4,4,5,4,4,3,4,4,4,4,4,4,4,4,5,Anonymized,785,26,2,-0.947504496,54,86,58,,9,14,16,9,44,65,
45573.81066,45573.81959,0,Anonymized,100,771,1,45573.81961,Anonymized,Anonymized,Anonymized,Anonymized,,Anonymized,Anonymized,anonymous,EN,1.0,Anonymized,1.0,1,1,1,41,1,1,1,2,2,1,1,1,1,2,2,2,1,1,1,2,4,2,2,1,5,5,5,4,5,5,4,5,4,2,5,5,4,4,4,2,4,1,5,2,2,1,4,1,4,2,1,2,1,1,1,4,2,1,1,1,4,1,1,4,2,2,,,,,,,,,,,2.0,1.0,1.0,2.0,1.0,1.0,1.0,1.0,1,1,1,1,1,1.0,1,1,1,1,1,1,1,1,1,1,2,1,1,1,1,1,1,1,1,1,1,1,1,2,2,2,2,1,2,2,1,2,1,1,2,2,2,1,2,1,1,2,1,2,1,2,1,2,2,2,1,3,3,3,2,1,1,2,1,Anonymized,771,41,1,-0.976360692,31,82,41,,10,13,10,7,32,29,
45573.81,45573.82088,0,Anonymized,100,939,1,45573.8209,Anonymized,Anonymized,Anonymized,Anonymized,,Anonymized,Anonymized,anonymous,EN,1.0,Anonymized,1.0,1,1,2,59,3,2,4,2,2,3,4,2,3,2,2,2,4,2,2,2,2,2,2,2,4,4,4,4,4,3,4,4,4,3,4,4,3,3,4,2,4,3,3,3,2,3,2,2,2,3,2,4,2,2,2,3,2,3,2,4,4,4,3,3,2,2,,,,,,,,,,,4.0,2.0,2.0,4.0,3.0,4.0,2.0,4.0,2,3,3,3,3,4.0,3,4,4,4,4,3,4,3,3,3,3,2,3,2,2,1,3,3,3,3,2,2,3,3,3,3,4,3,4,4,4,2,3,2,2,3,3,2,4,2,4,3,2,3,2,2,3,4,3,3,3,3,2,2,3,3,2,3,2,Anonymized,939,59,2,-0.734398401,49,73,56,,25,44,22,19,60,43,
45573.80939,45573.82138,0,Anonymized,100,1036,1,45573.82139,Anonymized,Anonymized,Anonymized,Anonymized,,Anonymized,Anonymized,anonymous,EN,1.0,Anonymized,1.0,1,1,2,62,1,1,1,1,1,1,1,2,1,2,1,1,1,1,2,2,4,1,2,1,5,2,5,4,5,5,4,5,5,5,5,5,5,4,5,5,5,2,5,4,4,1,2,1,2,1,1,5,1,1,1,1,1,1,1,1,1,1,1,4,1,1,,,,,,,,,,,1.0,1.0,1.0,3.0,1.0,1.0,1.0,3.0,3,1,1,1,1,3.0,1,2,2,2,2,3,1,1,1,2,2,1,1,1,1,1,2,1,1,2,1,2,1,2,2,2,1,1,2,1,1,1,2,1,1,1,2,1,1,1,1,1,1,2,4,2,3,4,4,4,4,4,2,2,4,4,4,4,4,Anonymized,1036,62,2,-0.931134362,28,94,30,,12,23,11,10,26,55,
45573.80826,45573.82163,0,Anonymized,100,1154,1,45573.82171,Anonymized,Anonymized,Anonymized,Anonymized,,Anonymized,Anonymized,anonymous,EN,1.0,Anonymized,1.0,1,1,1,27,4,5,1,4,1,4,2,1,4,1,4,3,3,4,1,3,5,1,1,1,4,3,3,4,3,5,5,4,4,3,5,4,5,5,5,4,5,3,4,4,4,2,3,3,3,2,2,4,1,1,2,4,3,2,2,1,5,3,2,5,4,2,,,,,,,,,,,4.0,1.0,1.0,5.0,3.0,1.0,1.0,5.0,4,4,4,5,5,4.0,3,4,4,5,5,3,5,3,3,4,4,2,4,4,2,4,4,4,4,4,2,2,4,3,4,4,4,4,3,4,4,3,3,3,4,3,4,4,3,3,4,4,3,2,1,1,2,2,2,2,2,2,1,3,3,2,2,2,1,Anonymized,1154,27,1,-0.95994276,53,86,56,,21,55,30,24,71,30,
45573.81487,45573.82325,0,Anonymized,100,723,1,45573.82326,Anonymized,Anonymized,Anonymized,Anonymized,,Anonymized,Anonymized,anonymous,EN,1.0,Anonymized,1.0,1,1,2,30,1,1,1,2,3,2,2,1,1,1,2,2,2,3,2,5,1,1,2,2,4,3,4,4,4,4,4,4,4,5,5,5,5,4,3,3,4,2,4,2,3,2,3,2,4,3,3,3,2,2,2,2,2,3,2,2,4,2,2,2,2,2,,,,,,,,,,,3.0,1.0,2.0,3.0,1.0,1.0,1.0,1.0,2,2,2,2,2,3.0,1,1,3,3,1,2,1,1,1,1,1,1,1,1,1,1,1,1,1,2,1,2,1,1,2,1,4,1,3,3,2,3,1,1,2,1,1,2,1,4,3,2,2,1,1,1,1,1,1,1,1,1,1,1,1,1,1,1,1,Anonymized,723,30,2,-0.948152187,37,80,51,,13,25,9,9,40,16,
45573.81494,45573.8236,0,Anonymized,100,747,1,45573.82361,Anonymized,Anonymized,Anonymized,Anonymized,,Anonymized,Anonymized,anonymous,EN,1.0,Anonymized,1.0,1,1,1,31,2,2,1,3,3,3,3,2,3,4,1,4,3,2,3,2,4,2,2,2,5,5,5,4,4,4,4,4,4,4,4,5,4,4,4,4,4,2,4,4,4,1,4,3,2,4,3,3,2,2,2,4,3,3,3,3,3,4,1,3,4,4,,,,,,,,,,,4.0,2.0,1.0,4.0,2.0,3.0,3.0,3.0,2,2,3,2,2,3.0,2,3,2,2,3,2,3,2,1,2,3,1,1,4,1,1,1,1,1,2,1,2,2,2,3,2,3,2,3,3,3,3,2,2,2,3,2,1,3,2,2,3,2,1,1,2,2,2,2,2,2,2,2,2,2,2,2,2,2,Anonymized,747,31,1,-0.937664266,51,86,61,,22,31,16,10,48,30,
45573.815,45573.82574,0,Anonymized,100,927,1,45573.82575,Anonymized,Anonymized,Anonymized,Anonymized,,Anonymized,Anonymized,anonymous,EN,1.0,Anonymized,1.0,1,1,1,50,1,2,1,2,4,1,1,2,2,1,1,2,1,1,2,1,3,2,2,3,4,5,4,5,5,5,5,4,5,5,5,5,4,4,5,3,5,3,5,5,5,2,1,1,1,1,1,1,1,1,1,1,1,1,1,1,2,1,1,1,1,1,,,,,,,,,,,2.0,1.0,1.0,2.0,1.0,1.0,1.0,2.0,1,1,1,1,1,1.0,1,1,1,1,1,1,2,2,2,2,2,1,1,1,1,1,2,1,2,2,1,1,2,2,2,2,2,2,2,1,2,2,2,1,2,2,3,2,2,1,2,1,1,3,3,2,2,4,4,4,4,4,3,3,4,3,3,3,3,Anonymized,927,50,1,-0.964603225,35,96,23,,11,14,13,11,36,52,
45573.79988,45573.82692,0,Anonymized,100,2335,1,45573.82694,Anonymized,Anonymized,Anonymized,Anonymized,,Anonymized,Anonymized,anonymous,EN,1.0,Anonymized,1.0,1,1,2,30,5,5,4,5,5,4,2,2,4,1,2,2,3,2,1,1,5,2,4,4,2,5,1,5,5,5,4,2,4,4,5,4,5,4,4,1,5,4,5,2,2,1,4,1,4,4,4,2,1,1,4,5,2,4,2,5,5,4,2,5,2,5,,,,,,,,,,,2.0,1.0,1.0,5.0,3.0,1.0,4.0,4.0,2,1,1,3,3,1.0,1,4,5,4,3,2,1,1,2,3,4,1,2,2,1,1,1,1,1,2,1,2,1,3,3,4,3,3,3,3,1,3,3,2,4,3,4,3,3,3,4,3,2,2,3,2,4,2,1,3,3,3,4,4,4,2,4,2,3,Anonymized,2335,30,2,-0.91747709,63,78,67,,21,31,17,9,60,46,
45573.81965,45573.82751,0,Anonymized,100,678,1,45573.82752,Anonymized,Anonymized,Anonymized,Anonymized,,Anonymized,Anonymized,anonymous,EN,1.0,Anonymized,1.0,1,1,1,56,3,5,2,5,2,2,3,3,4,3,4,4,4,2,3,3,4,2,3,2,2,2,4,4,2,3,4,2,4,3,4,5,3,2,5,2,4,1,2,3,2,1,1,2,3,2,2,3,2,1,2,3,2,4,4,4,4,4,1,2,2,2,,,,,,,,,,,2.0,3.0,2.0,4.0,2.0,3.0,2.0,1.0,2,1,1,1,1,3.0,1,3,2,1,1,3,3,3,2,1,3,1,2,3,1,1,2,1,1,2,2,2,1,3,3,3,3,3,3,3,2,2,3,1,3,2,4,3,3,2,2,3,2,2,1,1,2,3,2,2,2,2,1,1,3,2,3,2,1,Anonymized,678,56,1,-0.930515341,63,63,51,,19,23,17,11,53,30,
45573.8217,45573.82751,0,Anonymized,100,502,1,45573.82753,Anonymized,Anonymized,Anonymized,Anonymized,,Anonymized,Anonymized,anonymous,EN,0.800000012,Anonymized,1.0,1,1,2,41,1,1,1,3,5,1,1,1,1,5,1,4,1,1,5,1,1,5,5,1,4,4,4,4,4,4,4,4,4,4,4,4,4,4,4,4,4,4,3,3,3,4,1,1,1,1,4,1,4,1,1,1,1,1,1,1,1,1,1,1,1,1,,,,,,,,,,,3.0,1.0,2.0,3.0,3.0,1.0,1.0,3.0,4,2,3,2,2,4.0,2,2,2,2,2,2,3,2,2,3,3,1,2,1,1,2,1,1,1,1,1,1,1,2,1,3,2,2,4,1,2,1,3,1,4,3,1,2,3,1,1,2,1,1,1,1,1,1,1,1,1,1,1,1,1,1,1,1,1,Anonymized,502,41,2,-0.994572985,45,81,30,,17,32,17,7,40,16,
45573.82052,45573.82969,0,Anonymized,100,791,1,45573.8297,Anonymized,Anonymized,Anonymized,Anonymized,,Anonymized,Anonymized,anonymous,EN,1.0,Anonymized,1.0,1,1,2,29,4,4,2,4,2,4,2,2,4,4,4,2,4,4,4,3,5,4,4,2,3,2,4,2,2,4,3,4,4,4,2,4,4,4,4,2,4,2,2,4,2,2,4,2,4,2,2,2,2,2,2,2,2,2,2,2,2,2,2,2,2,2,,,,,,,,,,,1.0,1.0,2.0,4.0,2.0,2.0,2.0,4.0,2,2,2,3,3,3.0,2,3,3,3,3,3,3,4,4,4,4,4,4,3,1,1,4,4,4,4,4,4,4,2,3,4,4,3,4,4,4,4,3,3,4,4,4,4,4,4,4,3,4,1,1,1,1,1,1,1,1,1,1,1,1,1,1,1,1,Anonymized,791,29,2,-0.957696649,68,66,46,,18,35,29,28,73,16,
45573.82664,45573.83229,0,Anonymized,100,488,1,45573.83231,Anonymized,Anonymized,Anonymized,Anonymized,,Anonymized,Anonymized,anonymous,EN,1.0,Anonymized,1.0,1,1,2,35,2,2,1,2,2,4,4,4,4,2,4,2,2,2,2,4,2,2,2,4,4,5,4,4,5,5,4,5,5,5,4,4,4,4,5,5,4,3,3,4,4,2,2,2,2,2,2,4,2,2,2,2,2,2,2,2,2,2,3,2,2,2,,,,,,,,,,,2.0,1.0,1.0,2.0,2.0,1.0,1.0,2.0,2,2,2,2,2,2.0,1,2,2,1,2,2,1,1,1,1,1,1,1,1,1,1,1,1,1,1,1,1,1,2,1,2,1,2,1,3,2,2,2,1,2,2,3,2,2,1,2,2,2,3,3,3,3,3,3,3,4,5,4,3,4,3,3,4,4,Anonymized,488,35,2,-0.994147137,53,90,45,,12,23,9,7,37,55,
45573.82801,45573.83438,0,Anonymized,100,549,1,45573.83439,Anonymized,Anonymized,Anonymized,Anonymized,,Anonymized,Anonymized,anonymous,EN,1.0,Anonymized,1.0,1,1,2,41,2,2,2,2,2,2,2,2,2,4,2,2,2,2,2,2,2,2,2,4,4,4,4,4,4,4,3,4,4,4,4,4,4,4,4,4,4,4,3,4,4,2,4,3,4,4,2,2,2,2,2,4,2,2,2,2,2,2,2,2,2,2,,,,,,,,,,,5.0,1.0,1.0,2.0,1.0,1.0,1.0,2.0,2,1,1,1,1,1.0,1,1,2,1,2,1,1,1,1,2,1,1,1,1,1,1,1,1,1,1,1,1,1,3,3,2,2,1,2,2,1,1,2,1,2,3,3,1,2,1,1,3,1,4,4,2,3,4,3,2,3,3,4,4,3,4,4,4,3,Anonymized,549,41,2,-0.980541438,44,82,51,,14,16,10,7,37,54,
45573.81976,45573.83459,0,Anonymized,100,1281,1,45573.83461,Anonymized,Anonymized,Anonymized,Anonymized,,Anonymized,Anonymized,anonymous,EN,1.0,Anonymized,1.0,1,1,1,36,2,2,2,2,3,2,2,2,2,2,2,2,2,2,3,2,2,2,2,2,3,4,4,4,4,4,4,4,4,4,4,4,4,4,4,3,4,2,4,4,4,2,2,2,2,2,2,2,2,2,2,2,2,2,2,2,2,2,2,2,2,2,,,,,,,,,,,1.0,1.0,1.0,2.0,1.0,1.0,1.0,1.0,3,2,1,3,3,3.0,3,4,3,3,4,2,4,1,1,1,1,1,1,1,1,1,1,1,1,1,1,1,1,2,1,2,1,1,2,2,1,1,1,1,1,2,2,1,2,1,1,2,1,2,1,1,1,1,1,2,2,1,1,1,1,1,1,1,1,Anonymized,1281,36,1,-0.996578496,42,80,42,,9,38,9,7,28,19,
45573.82672,45573.83622,0,Anonymized,100,819,1,45573.83624,Anonymized,Anonymized,Anonymized,Anonymized,,Anonymized,Anonymized,anonymous,EN,1.0,Anonymized,1.0,1,1,2,63,2,4,3,2,3,2,3,3,3,2,3,2,3,3,3,3,4,2,4,3,4,4,4,4,4,4,4,4,4,4,4,3,4,4,4,2,4,1,4,3,3,2,2,2,3,3,3,4,1,3,3,3,1,3,2,2,4,3,1,4,2,2,,,,,,,,,,,2.0,2.0,2.0,4.0,1.0,3.0,2.0,1.0,2,1,2,1,1,3.0,1,3,1,2,1,2,3,2,2,2,3,3,3,2,1,1,1,1,1,1,1,1,1,3,1,4,3,3,3,3,2,2,4,2,3,4,4,2,4,1,2,2,1,2,2,2,2,2,1,1,1,2,1,2,1,1,1,1,1,Anonymized,819,63,2,-0.952359972,57,76,53,,17,23,19,7,53,23,
45573.8275,45573.83784,0,Anonymized,100,892,1,45573.83785,Anonymized,Anonymized,Anonymized,Anonymized,,Anonymized,Anonymized,anonymous,EN,1.0,Anonymized,1.0,1,1,2,63,4,2,4,4,3,4,3,4,4,2,2,2,4,5,4,4,5,4,4,2,4,5,4,5,5,5,5,5,5,5,5,5,5,4,4,2,4,1,4,3,3,2,1,1,4,2,1,4,1,1,3,4,1,4,4,3,3,3,1,3,1,4,,,,,,,,,,,4.0,1.0,1.0,3.0,1.0,2.0,2.0,5.0,1,1,1,1,1,2.0,2,2,1,2,1,1,3,1,1,4,2,2,3,1,1,1,1,1,2,1,1,3,2,3,3,4,3,2,2,3,2,2,3,3,4,2,3,4,3,4,2,3,2,1,1,2,2,1,1,2,2,2,2,1,2,2,2,2,2,Anonymized,892,63,2,-0.959664234,70,88,51,,19,19,16,11,57,27,
45573.82251,45573.84054,0,Anonymized,100,1557,1,45573.84055,Anonymized,Anonymized,Anonymized,Anonymized,,Anonymized,Anonymized,anonymous,EN,1.0,Anonymized,1.0,1,1,1,65,4,3,1,3,5,2,1,3,4,4,1,3,3,2,3,4,4,3,3,1,3,5,4,4,5,4,5,4,4,4,5,5,4,3,5,3,5,2,4,3,3,1,2,3,1,5,1,3,1,1,1,3,5,3,1,4,1,5,1,3,1,3,,,,,,,,,,,1.0,1.0,1.0,5.0,2.0,4.0,1.0,3.0,4,3,3,2,3,1.0,1,4,3,2,2,3,1,3,2,4,4,1,2,2,3,1,2,2,3,2,1,3,2,3,2,3,3,2,4,4,3,3,3,2,3,3,3,2,3,2,3,3,4,2,3,1,2,4,3,3,4,5,4,4,5,4,4,4,4,Anonymized,1557,65,1,-0.239312582,57,84,49,,18,32,22,15,58,56,
45573.83044,45573.84303,0,Anonymized,100,1088,1,45573.84305,Anonymized,Anonymized,Anonymized,Anonymized,,Anonymized,Anonymized,anonymous,EN,1.0,Anonymized,1.0,1,1,2,55,2,3,3,2,3,2,3,3,3,2,2,2,3,2,2,3,3,2,3,2,4,4,3,4,3,4,4,4,4,4,5,5,4,4,4,2,4,2,2,3,3,3,4,3,3,3,3,4,3,2,3,3,3,4,3,3,4,4,2,4,3,3,,,,,,,,,,,4.0,4.0,4.0,4.0,2.0,3.0,2.0,4.0,3,2,3,3,3,4.0,3,3,4,3,4,3,2,4,4,4,4,3,4,4,3,2,3,3,3,4,1,4,3,3,2,4,2,2,4,3,3,2,4,2,3,4,3,1,3,3,3,3,2,2,2,3,2,3,3,4,3,3,3,2,3,3,3,3,3,Anonymized,1088,55,2,-0.830586999,50,76,67,,27,40,32,21,56,45,
45573.83916,45573.84873,0,Anonymized,100,826,1,45573.84874,Anonymized,Anonymized,Anonymized,Anonymized,,Anonymized,Anonymized,anonymous,EN,1.0,Anonymized,1.0,1,1,2,37,3,2,2,3,4,3,1,2,2,4,3,2,3,3,3,3,1,4,5,1,3,2,3,3,3,2,2,4,3,2,3,2,2,2,3,2,2,2,2,2,2,2,1,2,1,2,3,2,2,1,2,1,1,2,2,1,2,1,2,2,1,1,,,,,,,,,,,2.0,3.0,3.0,2.0,5.0,3.0,2.0,2.0,1,1,1,3,2,3.0,1,3,2,3,2,1,1,1,1,1,2,3,2,2,3,1,1,1,3,3,3,2,2,3,1,3,1,2,3,4,3,2,3,2,1,3,3,1,2,3,3,3,3,4,2,4,4,4,3,4,2,4,5,5,3,2,4,2,2,Anonymized,826,37,2,-0.812630563,54,51,34,,22,24,16,15,49,54,
45573.84722,45573.85329,0,Anonymized,100,523,1,45573.8533,Anonymized,Anonymized,Anonymized,Anonymized,,Anonymized,Anonymized,anonymous,EN,1.0,Anonymized,1.0,1,1,2,44,4,4,3,3,2,3,2,4,3,4,3,3,2,3,2,3,4,3,3,3,4,2,4,2,4,4,5,4,4,5,5,4,5,5,5,5,5,5,5,5,5,1,4,1,1,1,1,4,1,1,1,4,1,1,1,1,1,1,1,1,1,1,,,,,,,,,,,1.0,1.0,1.0,4.0,1.0,1.0,1.0,4.0,4,3,4,4,4,4.0,4,4,4,4,4,4,3,2,2,2,2,3,3,3,3,2,2,2,2,2,2,3,3,3,3,4,4,1,3,3,3,3,3,2,2,4,4,3,3,3,3,3,3,1,1,1,1,1,1,1,1,1,1,1,1,1,1,1,1,Anonymized,523,44,2,-0.955692177,61,92,30,,14,50,22,16,60,16,
45573.84034,45573.85366,0,Anonymized,100,1150,1,45573.85367,Anonymized,Anonymized,Anonymized,Anonymized,,Anonymized,Anonymized,anonymous,EN,1.0,Anonymized,1.0,1,1,1,36,3,4,3,4,3,4,4,3,4,3,4,4,4,4,4,4,4,4,3,4,3,2,2,2,3,3,4,3,4,4,3,3,3,3,2,2,4,1,1,3,2,3,3,3,3,3,3,2,3,3,3,3,2,3,3,3,4,3,3,2,2,3,,,,,,,,,,,3.0,1.0,3.0,3.0,3.0,2.0,1.0,3.0,3,2,2,2,2,3.0,3,4,3,2,3,3,2,2,1,3,3,3,2,1,1,1,2,2,2,2,1,3,3,2,2,2,3,2,3,3,3,3,3,1,2,3,3,3,3,2,2,3,3,2,1,1,1,2,2,1,2,2,1,1,2,2,2,1,1,Anonymized,1150,36,1,-0.971440005,74,57,60,,19,34,17,15,51,24,
45573.83775,45573.85598,0,Anonymized,100,1575,1,45573.856,Anonymized,Anonymized,Anonymized,Anonymized,,Anonymized,Anonymized,anonymous,EN,1.0,Anonymized,1.0,1,1,1,55,2,2,2,2,1,1,1,3,1,2,1,4,1,4,5,1,5,2,5,1,4,4,5,5,4,4,5,5,5,5,5,5,5,5,5,5,5,1,2,5,4,1,1,1,1,2,1,4,1,1,1,3,1,1,1,3,2,2,1,1,1,1,,,,,,,,,,,3.0,1.0,1.0,3.0,1.0,3.0,1.0,2.0,3,2,2,1,1,2.0,1,3,2,3,3,4,1,1,1,3,2,2,2,1,1,1,1,1,1,2,2,1,1,2,2,2,2,3,2,1,1,1,2,1,2,1,2,2,2,1,1,1,1,2,3,4,3,4,3,3,5,4,4,3,4,4,3,4,3,Anonymized,1575,55,1,-0.928350616,46,93,31,,15,28,14,9,32,56,
45573.84381,45573.86365,0,Anonymized,100,1714,1,45573.86366,Anonymized,Anonymized,Anonymized,Anonymized,,Anonymized,Anonymized,anonymous,EN,1.0,Anonymized,1.0,1,1,2,53,2,2,3,2,3,3,2,2,3,2,2,2,4,2,3,3,4,2,2,3,4,3,3,4,5,4,4,4,5,3,5,4,4,3,4,2,4,1,4,3,4,2,2,2,3,2,2,4,1,1,1,3,2,2,1,3,1,3,1,3,1,1,,,,,,,,,,,2.0,1.0,2.0,3.0,1.0,4.0,1.0,3.0,1,1,2,1,1,1.0,3,2,3,1,1,1,2,2,2,3,3,3,3,3,2,1,1,1,2,1,1,2,1,3,2,3,2,3,2,3,1,3,3,3,4,3,3,3,3,4,3,3,2,1,2,1,1,1,2,2,3,3,2,2,2,3,2,2,2,Anonymized,1714,53,2,-0.850735661,51,77,41,,17,20,22,9,56,31,
45573.85319,45573.86591,0,Anonymized,100,1098,1,45573.86592,Anonymized,Anonymized,Anonymized,Anonymized,,Anonymized,Anonymized,anonymous,EN,1.0,Anonymized,1.0,1,1,1,81,2,3,2,2,2,3,2,3,2,4,2,1,2,1,3,2,5,3,4,1,5,3,5,4,5,5,4,5,5,4,5,5,4,3,5,3,5,2,4,4,4,1,1,1,2,1,1,4,1,2,1,2,1,1,2,2,2,1,1,2,1,3,,,,,,,,,,,1.0,1.0,1.0,2.0,1.0,2.0,1.0,1.0,4,2,3,2,2,3.0,1,2,3,2,2,2,3,2,1,1,1,1,1,1,1,1,2,1,2,1,1,1,1,3,1,4,3,2,3,2,2,1,3,1,3,4,4,2,4,1,1,2,2,2,3,3,1,2,2,2,3,2,1,2,2,2,2,2,2,Anonymized,1098,81,1,-0.957422162,49,89,33,,10,31,10,9,48,33,
45573.8562,45573.8673,0,Anonymized,100,958,1,45573.86732,Anonymized,Anonymized,Anonymized,Anonymized,,Anonymized,Anonymized,anonymous,EN,1.0,Anonymized,1.0,1,1,2,37,1,2,1,2,2,2,1,2,2,1,1,1,1,1,3,4,1,1,2,2,4,2,5,2,4,5,5,2,5,5,5,4,2,2,5,1,5,2,4,1,2,1,2,1,4,2,2,4,3,2,2,4,2,4,1,2,4,1,1,5,2,2,,,,,,,,,,,2.0,1.0,1.0,1.0,1.0,1.0,2.0,1.0,2,1,1,3,2,3.0,1,2,4,4,3,2,2,1,2,1,1,2,1,1,1,1,1,1,1,1,1,1,2,2,1,2,1,1,1,2,1,2,2,1,1,1,2,1,2,1,2,1,2,2,3,3,4,3,3,3,4,2,4,2,4,3,3,3,4,Anonymized,958,37,2,-0.796484689,33,72,51,,10,30,11,8,29,50,
45573.85943,45573.86914,0,Anonymized,100,838,1,45573.86915,Anonymized,Anonymized,Anonymized,Anonymized,,Anonymized,Anonymized,anonymous,EN,1.0,Anonymized,1.0,1,1,2,30,3,4,1,2,2,3,4,1,2,1,3,2,3,3,2,4,4,2,1,3,5,4,5,4,4,5,5,5,4,4,5,4,5,4,3,3,4,3,3,3,3,2,5,2,5,4,4,5,4,2,2,3,4,4,4,2,4,3,1,5,4,5,,,,,,,,,,,2.0,1.0,3.0,4.0,2.0,3.0,3.0,3.0,3,2,2,3,3,3.0,1,2,3,3,3,2,4,2,2,2,2,3,3,4,1,1,3,3,3,2,2,2,2,2,2,2,3,2,3,3,3,3,3,2,2,3,4,2,2,4,3,3,3,1,1,1,1,1,1,1,1,1,1,1,1,1,1,1,1,Anonymized,838,30,2,-0.979945588,50,85,74,,21,34,20,17,54,16,
45573.86399,45573.87041,0,Anonymized,100,553,1,45573.87041,Anonymized,Anonymized,Anonymized,Anonymized,,Anonymized,Anonymized,anonymous,EN,1.0,Anonymized,1.0,1,1,1,37,4,5,3,5,2,4,4,2,4,2,4,4,4,4,5,3,5,3,2,2,3,5,4,4,3,3,3,4,2,4,5,5,4,4,5,1,5,3,2,2,2,1,4,3,3,4,4,3,2,4,4,3,5,4,4,3,5,4,3,2,3,2,,,,,,,,,,,3.0,1.0,1.0,5.0,2.0,3.0,4.0,5.0,2,1,2,3,2,1.0,1,3,5,5,5,4,2,2,2,3,4,2,2,4,2,1,3,2,2,4,4,4,2,3,3,4,4,2,4,3,2,2,3,1,3,3,3,3,4,4,3,3,2,2,3,1,2,3,2,2,3,3,2,2,3,2,2,2,2,Anonymized,553,37,1,-0.802685072,71,73,70,,24,36,22,21,59,36,
45573.86638,45573.87242,0,Anonymized,100,521,1,45573.87243,Anonymized,Anonymized,Anonymized,Anonymized,,Anonymized,Anonymized,anonymous,EN,1.0,Anonymized,1.0,1,1,1,33,1,1,3,4,4,2,3,3,3,3,3,3,3,3,3,3,3,3,3,3,3,3,3,3,3,3,3,3,3,3,3,4,3,3,3,3,5,3,4,3,3,3,3,3,3,3,3,3,3,3,3,3,3,3,3,3,3,3,3,3,3,3,,,,,,,,,,,1.0,1.0,1.0,1.0,1.0,1.0,1.0,1.0,2,2,2,2,2,2.0,2,2,2,2,2,2,2,1,1,1,1,1,1,1,1,1,1,1,1,1,1,1,1,2,1,2,2,1,4,2,2,2,3,1,1,3,2,1,2,1,1,2,2,2,2,2,2,3,3,3,3,2,2,3,2,3,3,3,2,Anonymized,521,33,1,-0.995776941,57,67,63,,8,26,9,7,37,40,
45573.86601,45573.87347,0,Anonymized,100,644,1,45573.87348,Anonymized,Anonymized,Anonymized,Anonymized,,Anonymized,Anonymized,anonymous,EN,1.0,Anonymized,1.0,1,1,1,42,3,4,3,4,2,2,2,3,3,3,4,3,5,4,4,4,4,4,4,4,5,4,2,2,4,4,3,3,4,4,1,3,4,4,2,1,3,1,2,4,3,2,2,1,1,1,1,1,1,1,1,2,2,1,1,1,1,1,1,2,2,4,,,,,,,,,,,1.0,2.0,1.0,5.0,2.0,1.0,2.0,4.0,2,1,2,2,2,3.0,1,1,2,2,1,1,2,2,2,2,3,3,2,4,2,1,2,1,1,1,2,2,1,3,3,3,2,3,4,3,1,2,4,1,2,2,2,3,3,3,4,3,2,1,1,1,1,1,1,1,1,1,1,1,1,1,1,1,1,Anonymized,644,42,1,-0.932219309,69,63,30,,18,22,21,10,53,16,
45573.86637,45573.87363,0,Anonymized,100,628,1,45573.87365,Anonymized,Anonymized,Anonymized,Anonymized,,Anonymized,Anonymized,anonymous,EN,1.0,Anonymized,1.0,1,1,2,19,4,5,1,5,2,4,3,4,2,1,4,1,2,1,1,2,1,1,4,1,4,1,2,3,2,4,4,5,4,5,2,5,2,5,3,2,3,3,4,2,3,4,2,4,3,5,3,2,3,2,5,3,4,2,1,4,2,4,2,5,1,4,,,,,,,,,,,1.0,2.0,2.0,2.0,4.0,1.0,2.0,1.0,2,3,2,4,3,5.0,4,4,5,5,3,2,4,1,1,2,2,3,1,3,1,1,2,1,1,2,2,2,3,1,2,1,1,1,2,3,2,3,1,1,2,1,4,1,1,2,1,2,1,1,1,1,1,1,1,1,1,1,1,1,1,1,1,1,1,Anonymized,628,19,2,-0.931416136,49,68,65,,15,46,15,13,33,16,
45573.86757,45573.87369,0,Anonymized,100,528,1,45573.87371,Anonymized,Anonymized,Anonymized,Anonymized,,Anonymized,Anonymized,anonymous,EN,1.0,Anonymized,1.0,1,1,2,26,4,4,2,4,1,4,4,2,5,2,5,4,4,5,5,4,5,1,2,1,5,4,4,4,1,4,2,4,5,2,2,2,4,4,4,2,5,2,2,2,5,4,5,2,2,2,1,1,1,1,1,4,1,1,1,2,2,2,1,4,1,5,,,,,,,,,,,1.0,2.0,2.0,4.0,2.0,2.0,1.0,1.0,3,3,4,5,5,5.0,2,4,4,5,4,3,3,2,2,1,4,3,2,3,1,1,2,3,3,3,4,3,2,2,4,3,4,4,4,3,2,3,2,3,3,3,3,4,2,3,3,2,3,2,2,1,3,1,3,2,3,1,1,1,2,1,2,1,1,Anonymized,528,26,2,-0.882520313,68,69,44,,15,50,19,20,60,27,
45573.86248,45573.8748,0,Anonymized,100,1065,1,45573.87481,Anonymized,Anonymized,Anonymized,Anonymized,,Anonymized,Anonymized,anonymous,EN,1.0,Anonymized,1.0,1,1,2,47,3,4,1,1,2,4,4,2,2,2,1,1,2,2,2,2,3,2,2,2,5,5,5,4,4,4,5,5,5,5,5,5,5,5,5,5,5,4,4,4,4,2,4,2,4,4,2,4,2,2,2,4,1,4,4,3,5,4,3,3,2,4,,,,,,,,,,,3.0,1.0,1.0,4.0,4.0,3.0,2.0,2.0,2,3,1,2,2,1.0,1,3,4,4,4,3,1,2,2,3,3,2,2,1,2,1,2,1,2,1,2,2,1,3,3,3,3,3,3,3,1,2,2,1,2,2,2,2,2,2,2,2,2,3,3,2,4,2,3,3,3,3,2,3,3,2,2,3,3,Anonymized,1065,47,2,-0.92798273,44,98,65,,20,31,18,11,45,44,
45573.86808,45573.87625,0,Anonymized,100,705,1,45573.87626,Anonymized,Anonymized,Anonymized,Anonymized,,Anonymized,Anonymized,anonymous,EN,1.0,Anonymized,1.0,1,1,2,36,1,1,1,2,4,1,1,3,1,2,1,1,1,3,2,2,2,1,4,2,4,4,5,4,4,4,4,4,4,4,5,5,4,4,5,4,4,1,4,4,4,1,3,1,2,3,3,4,1,2,1,5,2,3,2,2,2,2,1,5,2,3,,,,,,,,,,,1.0,1.0,1.0,4.0,2.0,1.0,3.0,1.0,2,1,2,3,1,1.0,2,2,2,1,1,1,2,3,2,3,2,4,3,3,1,1,4,3,4,3,1,3,2,2,4,4,3,2,4,4,2,4,2,1,3,3,3,3,2,3,3,4,3,1,2,2,4,4,4,3,2,3,4,3,4,4,3,3,2,Anonymized,705,36,2,-0.833707643,36,85,50,,14,21,22,20,59,48,
45573.86802,45573.87745,0,Anonymized,100,815,1,45573.87747,Anonymized,Anonymized,Anonymized,Anonymized,,Anonymized,Anonymized,anonymous,EN,1.0,Anonymized,1.0,1,1,2,27,2,4,3,4,2,2,4,3,2,1,1,2,2,2,4,1,4,2,3,2,4,4,4,4,3,4,4,5,2,4,4,4,4,4,4,3,4,1,4,4,4,2,2,2,4,4,1,4,1,1,2,1,1,1,1,4,4,4,1,4,2,2,,,,,,,,,,,2.0,2.0,1.0,2.0,1.0,1.0,1.0,1.0,1,1,1,1,1,2.0,1,2,1,1,2,2,2,2,2,1,2,2,1,2,1,1,2,2,2,2,1,2,2,2,2,2,1,1,3,2,1,2,2,1,2,2,3,1,2,1,2,2,2,1,3,3,5,5,5,4,4,5,5,5,5,4,5,5,3,Anonymized,815,27,2,-0.945560359,50,78,48,,11,18,14,13,36,67,
45573.86541,45573.87807,0,Anonymized,100,1093,1,45573.87809,Anonymized,Anonymized,Anonymized,Anonymized,,Anonymized,Anonymized,anonymous,EN,1.0,Anonymized,1.0,1,1,1,37,3,3,2,4,3,3,3,3,3,3,3,3,3,3,3,4,2,3,3,3,4,3,4,3,4,2,3,3,3,3,3,3,3,3,2,1,3,4,3,3,3,2,3,2,4,2,1,4,1,3,3,1,3,3,4,3,2,2,5,3,2,3,,,,,,,,,,,5.0,4.0,3.0,5.0,5.0,3.0,2.0,3.0,4,3,4,3,3,3.0,4,4,4,2,4,4,4,2,3,3,4,3,2,3,2,2,2,3,3,3,2,3,3,3,3,3,3,3,2,3,2,2,3,2,1,3,3,3,2,4,3,2,3,3,3,2,2,5,5,3,5,3,4,3,2,4,4,4,4,Anonymized,1093,37,1,-0.874332095,60,63,56,,30,46,24,19,53,56,
45573.87003,45573.8791,0,Anonymized,100,783,1,45573.87911,Anonymized,Anonymized,Anonymized,Anonymized,,Anonymized,Anonymized,anonymous,EN,1.0,Anonymized,1.0,1,1,2,42,2,4,1,3,2,3,2,1,4,2,2,3,2,4,3,3,5,2,2,3,4,2,4,1,4,4,4,4,4,4,4,4,4,4,4,4,4,3,4,4,4,1,4,1,1,3,2,4,1,2,2,4,1,2,2,2,4,2,2,3,2,2,,,,,,,,,,,1.0,1.0,3.0,5.0,3.0,3.0,3.0,5.0,2,1,1,2,2,2.0,1,2,3,3,3,2,2,2,2,4,4,3,2,3,1,1,3,3,3,4,1,2,1,3,3,3,4,2,4,3,3,2,3,2,2,3,3,2,3,3,3,2,2,1,1,1,1,1,1,1,1,1,1,1,1,1,1,1,1,Anonymized,783,42,2,-0.871835789,53,78,47,,24,26,22,17,55,16,
45573.87176,45573.87993,0,Anonymized,100,706,1,45573.87994,Anonymized,Anonymized,Anonymized,Anonymized,,Anonymized,Anonymized,anonymous,EN,1.0,Anonymized,1.0,1,1,1,32,3,4,3,4,3,3,3,3,4,3,3,3,3,3,4,3,4,3,3,1,4,4,4,4,4,4,4,3,4,3,3,4,3,3,4,2,4,3,3,3,3,1,2,3,2,2,2,2,1,1,1,2,2,1,1,2,4,3,1,2,1,2,,,,,,,,,,,4.0,1.0,1.0,4.0,1.0,1.0,1.0,4.0,4,3,4,4,4,4.0,2,3,4,4,4,4,3,3,3,3,3,3,3,3,3,3,3,3,3,3,3,3,3,4,3,4,3,2,4,3,3,2,3,2,2,4,3,2,3,2,2,3,2,2,2,1,2,2,2,2,2,2,2,2,2,2,3,2,2,Anonymized,706,32,1,-0.956538709,63,73,38,,17,47,27,21,56,32,
45573.86787,45573.88063,0,Anonymized,100,1102,1,45573.88064,Anonymized,Anonymized,Anonymized,Anonymized,,Anonymized,Anonymized,anonymous,EN,1.0,Anonymized,1.0,1,1,2,50,4,5,1,5,2,5,2,3,4,2,5,5,5,3,5,1,5,5,4,3,3,4,2,5,4,5,3,3,4,4,4,4,3,1,3,2,2,1,2,5,5,4,4,1,3,2,2,4,1,1,3,4,2,3,1,2,2,1,1,4,4,4,,,,,,,,,,,2.0,4.0,1.0,4.0,3.0,1.0,4.0,3.0,3,2,3,4,2,3.0,1,5,4,4,4,4,5,3,3,2,4,2,3,4,1,1,3,3,3,2,1,2,1,3,3,4,4,4,3,3,4,4,3,1,4,3,4,4,4,4,3,3,3,2,2,1,3,3,3,3,4,3,2,2,3,2,2,2,3,Anonymized,1102,50,2,-0.599530058,74,69,53,,22,44,23,15,68,40,
45573.87028,45573.88098,0,Anonymized,100,925,1,45573.881,Anonymized,Anonymized,Anonymized,Anonymized,,Anonymized,Anonymized,anonymous,EN,1.0,Anonymized,1.0,1,1,2,34,2,2,4,2,3,2,3,2,3,2,2,2,2,2,2,3,2,2,2,2,4,4,4,3,4,4,5,3,4,4,4,3,4,4,4,3,4,3,4,3,4,5,2,3,4,4,4,4,3,2,2,3,2,2,2,2,4,4,2,2,2,2,,,,,,,,,,,4.0,1.0,2.0,4.0,3.0,3.0,2.0,4.0,2,1,1,2,1,2.0,1,2,2,3,2,1,4,1,1,3,4,1,1,1,1,1,2,1,2,1,1,1,1,2,2,2,2,2,4,3,1,3,1,2,4,3,3,2,2,2,2,2,2,1,1,1,1,1,1,1,1,1,1,1,1,1,1,1,1,Anonymized,925,34,2,-0.96233317,46,79,60,,23,24,14,9,46,16,
45573.8739,45573.88171,0,Anonymized,100,675,1,45573.88172,Anonymized,Anonymized,Anonymized,Anonymized,,Anonymized,Anonymized,anonymous,EN,1.0,Anonymized,1.0,1,1,2,50,2,2,2,1,3,2,2,3,2,4,2,1,1,1,2,3,2,3,1,2,4,4,4,4,4,4,4,4,4,4,4,4,4,4,4,2,4,3,4,4,4,1,3,2,2,2,2,4,1,2,2,2,1,1,1,2,1,1,1,4,2,2,,,,,,,,,,,1.0,1.0,2.0,2.0,1.0,2.0,1.0,1.0,1,1,1,1,1,1.0,1,1,2,2,2,1,1,1,1,1,2,2,1,1,1,1,1,1,1,1,1,1,1,2,1,2,1,1,2,2,2,2,1,2,2,2,2,1,2,2,1,2,2,3,5,1,3,4,3,5,4,5,3,3,5,2,3,3,2,Anonymized,675,50,2,-0.987628115,41,81,39,,11,16,11,7,34,54,
45573.87459,45573.88186,0,Anonymized,100,628,1,45573.88188,Anonymized,Anonymized,Anonymized,Anonymized,,Anonymized,Anonymized,anonymous,EN,1.0,Anonymized,1.0,1,1,1,32,5,5,4,5,1,5,5,2,5,4,5,5,5,5,5,2,5,3,4,2,1,4,4,1,5,4,5,2,4,4,3,5,3,3,4,1,5,3,3,3,3,1,4,1,2,2,1,3,4,1,2,3,2,3,3,2,4,4,3,3,2,3,,,,,,,,,,,1.0,1.0,3.0,5.0,2.0,2.0,2.0,3.0,3,3,4,4,3,3.0,2,3,3,3,3,4,3,3,4,3,4,4,3,4,2,1,4,3,4,4,3,3,2,3,3,4,3,4,4,3,4,3,3,3,3,4,3,4,4,3,3,4,3,2,2,1,3,3,3,4,4,2,2,2,3,2,2,3,2,Anonymized,628,32,1,-0.82289914,82,70,53,,19,41,28,23,68,40,
45573.87808,45573.88338,0,Anonymized,100,458,1,45573.88339,Anonymized,Anonymized,Anonymized,Anonymized,,Anonymized,Anonymized,anonymous,EN,1.0,Anonymized,1.0,1,1,2,33,2,2,4,2,4,1,4,1,1,1,2,1,1,1,2,2,2,1,2,1,2,4,4,4,2,5,4,5,5,5,5,5,1,5,4,1,5,2,5,1,4,1,1,1,1,3,1,4,1,1,1,5,1,2,1,5,1,4,1,1,1,4,,,,,,,,,,,2.0,1.0,2.0,2.0,2.0,1.0,1.0,2.0,1,1,1,1,4,5.0,1,4,2,4,1,5,1,1,1,2,2,1,1,1,1,1,1,2,2,2,1,1,1,3,2,3,4,1,3,4,3,3,2,1,2,2,2,2,2,2,4,3,1,1,1,1,1,1,1,1,1,1,1,1,1,1,1,1,1,Anonymized,458,33,2,-0.824451386,37,78,41,,13,31,11,10,49,16,
45573.86972,45573.88396,0,Anonymized,100,1230,1,45573.88397,Anonymized,Anonymized,Anonymized,Anonymized,,Anonymized,Anonymized,anonymous,EN,1.0,Anonymized,1.0,1,1,2,40,3,4,1,4,3,2,1,3,2,2,3,2,1,1,3,3,2,2,3,2,3,2,3,4,4,3,3,3,3,4,4,3,3,3,4,3,4,2,4,4,3,1,4,1,4,2,1,2,1,1,1,4,2,1,1,2,2,1,1,2,2,4,,,,,,,,,,,1.0,1.0,1.0,3.0,2.0,1.0,1.0,4.0,1,1,1,1,1,1.0,1,1,1,1,1,1,1,1,1,2,2,2,1,1,1,1,1,1,1,1,1,1,1,2,2,3,2,1,3,3,1,2,2,1,2,1,3,1,2,2,2,2,1,2,3,2,3,3,3,2,2,3,3,3,2,3,3,3,2,Anonymized,1230,40,2,-0.948073746,47,69,40,,14,13,12,7,38,42,
45573.86977,45573.88428,0,Anonymized,100,1253,1,45573.88429,Anonymized,Anonymized,Anonymized,Anonymized,,Anonymized,Anonymized,anonymous,EN,1.0,Anonymized,1.0,1,1,2,61,2,1,1,2,2,1,1,3,1,2,1,4,2,1,3,2,3,2,3,1,3,5,5,5,5,5,4,5,4,5,5,4,5,5,5,3,5,2,3,4,3,1,2,1,3,3,2,3,1,1,1,4,1,2,3,4,3,4,3,2,2,2,,,,,,,,,,,2.0,2.0,1.0,3.0,1.0,3.0,1.0,1.0,2,1,2,2,3,2.0,1,2,3,3,3,4,2,1,1,1,2,3,1,1,2,1,2,1,2,1,1,1,2,2,2,3,2,2,2,3,2,2,2,1,2,2,3,2,2,2,2,2,1,1,1,1,1,1,1,1,1,1,1,1,1,1,1,1,1,Anonymized,1253,61,2,-0.925230246,38,90,48,,14,30,13,10,41,16,
45573.87715,45573.88453,0,Anonymized,100,637,1,45573.88454,Anonymized,Anonymized,Anonymized,Anonymized,,Anonymized,Anonymized,anonymous,EN,1.0,Anonymized,1.0,1,1,2,45,2,2,1,2,2,3,3,2,3,2,2,1,1,2,5,1,3,2,3,4,2,4,5,5,5,3,3,2,5,5,5,4,4,4,5,1,5,1,5,4,4,1,5,1,4,3,2,5,1,1,1,2,2,2,1,1,2,2,1,5,1,1,,,,,,,,,,,2.0,1.0,1.0,5.0,1.0,1.0,1.0,2.0,1,3,2,4,4,4.0,1,4,4,5,5,3,2,1,1,1,3,1,1,1,1,1,1,1,2,1,1,2,1,2,1,2,1,2,3,3,1,4,2,1,2,2,3,2,2,4,2,2,1,1,1,1,1,1,1,1,1,1,1,1,1,1,1,1,1,Anonymized,637,45,2,-0.909963584,46,81,44,,14,42,11,9,42,16,
45573.87475,45573.88466,0,Anonymized,100,856,1,45573.88467,Anonymized,Anonymized,Anonymized,Anonymized,,Anonymized,Anonymized,anonymous,EN,1.0,Anonymized,1.0,1,1,2,34,3,2,1,2,4,3,1,4,3,4,2,1,2,3,4,2,1,1,2,1,4,4,2,4,5,5,4,4,5,4,4,3,2,2,3,1,4,1,4,2,2,1,2,2,2,1,1,4,1,1,1,2,1,1,1,2,1,1,1,3,2,2,,,,,,,,,,,2.0,1.0,1.0,2.0,1.0,2.0,1.0,1.0,4,1,2,3,2,3.0,2,4,3,3,3,2,5,1,1,1,2,2,1,1,1,1,2,1,2,1,1,3,1,1,2,1,1,1,3,3,1,2,2,2,2,2,1,1,1,1,2,1,3,1,1,1,1,3,2,2,3,4,3,2,2,3,2,2,2,Anonymized,856,34,2,-0.963257743,46,69,33,,11,37,11,11,33,34,
45573.87602,45573.88729,0,Anonymized,100,973,1,45573.8873,Anonymized,Anonymized,Anonymized,Anonymized,,Anonymized,Anonymized,anonymous,EN,1.0,Anonymized,1.0,1,1,2,26,4,5,1,4,2,5,3,2,4,1,4,4,4,4,2,1,4,1,4,4,2,3,4,4,4,3,4,5,5,5,5,4,5,2,4,1,5,1,5,3,3,1,4,3,4,2,1,2,1,3,2,4,4,3,1,4,4,4,1,2,1,1,,,,,,,,,,,3.0,2.0,1.0,5.0,2.0,1.0,3.0,4.0,2,1,1,2,1,1.0,1,3,2,2,1,2,2,2,3,4,4,4,3,2,1,1,2,2,2,3,1,3,1,3,3,3,4,3,4,3,3,3,3,1,4,3,3,3,3,3,3,2,1,1,1,1,2,2,2,2,2,2,1,1,2,3,2,2,2,Anonymized,973,26,2,-0.77404527,63,77,52,,21,21,24,14,58,28,
45573.87589,45573.88777,0,Anonymized,100,1026,1,45573.88778,Anonymized,Anonymized,Anonymized,Anonymized,,Anonymized,Anonymized,anonymous,EN,1.0,Anonymized,1.0,1,1,1,26,3,5,1,2,1,2,3,2,2,2,5,5,1,1,5,3,4,1,3,3,5,5,5,5,5,5,5,5,5,5,4,5,5,5,5,2,5,4,2,5,5,1,2,4,5,4,2,4,2,5,3,4,1,5,5,1,1,3,1,1,1,4,,,,,,,,,,,1.0,2.0,1.0,5.0,4.0,1.0,4.0,5.0,5,3,2,2,3,1.0,2,1,5,4,3,3,3,4,4,4,3,4,2,1,2,1,4,2,4,4,4,1,1,2,3,3,3,2,4,2,2,4,2,2,4,4,4,2,2,1,2,2,4,1,1,1,1,2,3,3,2,4,4,3,3,2,3,4,3,Anonymized,1026,26,1,-0.762258405,54,97,59,,23,37,25,20,54,40,
45573.87156,45573.8878,0,Anonymized,100,1402,1,45573.88781,Anonymized,Anonymized,Anonymized,Anonymized,,Anonymized,Anonymized,anonymous,EN,1.0,Anonymized,1.0,1,1,1,42,1,1,1,2,2,1,1,1,1,3,1,1,1,1,4,2,3,2,2,2,4,4,4,4,4,4,4,4,4,4,4,4,4,4,4,4,5,2,4,4,4,1,2,2,2,1,1,4,1,1,1,1,1,1,1,1,1,1,1,3,2,1,,,,,,,,,,,1.0,1.0,1.0,1.0,1.0,1.0,1.0,4.0,2,1,1,1,1,3.0,1,1,2,2,2,2,3,1,1,4,1,3,1,1,1,1,1,1,2,1,1,1,1,2,2,2,3,2,2,2,2,3,2,1,2,2,3,1,2,3,3,2,2,3,2,2,3,2,2,2,3,3,3,2,2,2,2,2,2,Anonymized,1402,42,1,-0.948293701,33,83,30,,11,22,14,8,43,37,
45573.87672,45573.88799,0,Anonymized,100,972,1,45573.888,Anonymized,Anonymized,Anonymized,Anonymized,,Anonymized,Anonymized,anonymous,EN,0.800000012,Anonymized,1.0,1,1,1,30,4,5,1,4,2,4,5,4,5,1,4,2,4,5,1,1,5,3,2,4,2,4,5,5,5,2,4,5,4,5,5,5,5,4,5,1,3,2,3,1,2,3,4,3,5,4,1,5,2,1,2,1,4,3,2,5,5,2,2,4,5,4,,,,,,,,,,,1.0,3.0,2.0,3.0,2.0,3.0,1.0,4.0,4,3,3,4,4,3.0,2,5,4,4,3,4,2,3,1,3,2,3,2,4,3,1,2,3,4,3,2,3,4,2,2,3,3,1,2,2,2,3,2,1,4,3,4,2,2,1,4,3,3,2,3,1,4,4,5,2,3,5,5,4,5,4,5,4,1,Anonymized,972,30,1,-0.61977464,66,77,67,,19,45,22,21,49,57,
45573.87914,45573.88811,0,Anonymized,100,775,1,45573.88813,Anonymized,Anonymized,Anonymized,Anonymized,,Anonymized,Anonymized,anonymous,EN,1.0,Anonymized,1.0,1,1,2,30,5,5,5,1,2,4,5,3,5,1,3,5,5,4,4,2,5,2,3,1,3,1,3,2,1,3,3,3,4,3,3,2,2,3,3,1,3,3,2,1,1,2,5,2,5,5,5,5,2,2,2,4,3,2,2,4,2,3,2,5,3,2,,,,,,,,,,,2.0,2.0,1.0,4.0,2.0,2.0,5.0,3.0,5,5,5,5,5,5.0,5,5,5,5,5,5,5,4,4,4,4,4,4,4,2,4,4,4,4,4,4,4,4,4,4,4,4,4,4,4,4,4,4,4,4,4,4,4,4,4,4,4,4,2,2,2,5,2,3,2,2,3,4,3,3,2,2,2,2,Anonymized,775,30,2,-0.968733355,70,50,67,,21,65,34,28,80,41,
45573.88133,45573.88824,0,Anonymized,100,596,1,45573.88825,Anonymized,Anonymized,Anonymized,Anonymized,,Anonymized,Anonymized,anonymous,EN,1.0,Anonymized,1.0,1,1,1,39,1,4,2,3,1,2,3,1,2,2,3,1,3,1,4,5,5,2,2,1,2,2,5,4,5,4,3,3,3,5,5,3,3,5,5,2,5,1,4,4,4,1,4,1,5,4,2,1,1,1,1,4,4,1,1,5,2,5,1,4,1,3,,,,,,,,,,,5.0,1.0,2.0,4.0,3.0,3.0,1.0,4.0,3,1,3,2,1,3.0,3,2,3,4,2,3,4,2,2,3,3,1,3,2,2,1,3,1,1,3,2,1,2,3,2,4,3,4,3,2,1,1,3,1,3,3,2,2,2,4,4,2,2,2,2,2,2,3,2,3,2,2,2,2,2,2,2,2,2,Anonymized,596,39,1,-0.808763988,48,77,52,,23,34,19,13,51,34,
45573.88075,45573.88844,0,Anonymized,100,664,1,45573.88845,Anonymized,Anonymized,Anonymized,Anonymized,,Anonymized,Anonymized,anonymous,EN,1.0,Anonymized,1.0,1,1,2,33,1,1,1,2,2,1,2,2,1,2,3,2,1,1,3,1,3,2,2,2,4,4,4,4,5,5,3,4,4,4,5,4,4,4,5,2,4,1,4,3,3,2,2,2,1,2,1,1,1,1,1,3,1,2,1,2,4,4,1,4,4,4,,,,,,,,,,,1.0,3.0,1.0,2.0,3.0,1.0,2.0,3.0,1,1,1,2,3,3.0,1,2,4,4,3,3,2,2,1,3,2,2,1,1,1,1,1,1,1,2,1,2,1,2,2,2,1,1,3,2,1,2,2,1,2,2,2,1,1,2,2,2,2,3,2,1,2,3,2,3,4,3,2,3,2,2,3,4,1,Anonymized,664,33,2,-0.816759449,35,80,44,,16,30,14,9,35,40,
45573.87606,45573.88847,0,Anonymized,100,1072,1,45573.88849,Anonymized,Anonymized,Anonymized,Anonymized,,Anonymized,Anonymized,anonymous,EN,1.0,Anonymized,1.0,1,1,2,26,2,4,1,4,2,2,2,2,2,2,2,2,4,2,5,2,5,3,4,1,4,4,2,2,4,4,4,4,4,4,4,4,4,4,4,1,4,2,2,2,2,2,4,2,2,2,2,4,1,2,4,2,2,2,2,2,4,2,1,1,1,1,,,,,,,,,,,2.0,1.0,1.0,3.0,3.0,2.0,1.0,2.0,1,1,1,1,1,2.0,1,2,3,2,2,1,2,2,2,2,2,1,2,1,1,1,3,2,2,2,1,2,1,4,3,4,3,3,3,4,1,3,3,1,3,4,3,3,4,2,2,4,1,2,2,1,1,3,2,3,4,4,1,3,2,3,2,3,1,Anonymized,1072,26,2,-0.910070123,53,69,45,,15,20,14,13,58,37,
45573.87728,45573.88862,0,Anonymized,100,979,1,45573.88863,Anonymized,Anonymized,Anonymized,Anonymized,,Anonymized,Anonymized,anonymous,EN,1.0,Anonymized,1.0,1,1,2,47,4,4,1,4,3,4,4,4,3,3,2,3,3,4,2,4,4,3,5,1,2,4,4,3,4,4,4,2,3,4,4,3,3,2,3,1,2,1,1,1,1,1,3,3,1,4,2,3,1,1,1,2,1,1,1,3,2,2,1,1,1,1,,,,,,,,,,,4.0,3.0,1.0,5.0,3.0,2.0,2.0,5.0,2,1,1,1,1,2.0,1,2,2,2,2,1,2,4,2,4,4,4,2,4,2,1,2,2,3,2,2,4,2,3,2,3,2,2,4,3,2,3,3,1,2,3,3,2,3,1,2,3,3,2,1,1,2,3,3,3,4,4,3,5,4,3,5,3,3,Anonymized,979,47,2,-0.803123185,65,56,36,,25,20,27,17,50,49,
45573.87738,45573.88956,0,Anonymized,100,1051,1,45573.88957,Anonymized,Anonymized,Anonymized,Anonymized,,Anonymized,Anonymized,anonymous,EN,1.0,Anonymized,1.0,1,1,1,21,3,3,2,3,2,3,4,2,3,2,4,4,3,2,4,4,4,2,3,2,5,5,5,5,5,5,5,5,5,5,5,5,5,5,5,4,4,2,4,3,4,2,5,2,4,3,3,4,2,2,2,2,3,2,2,4,3,2,1,4,2,2,,,,,,,,,,,1.0,1.0,1.0,3.0,1.0,1.0,1.0,3.0,4,2,2,2,3,3.0,2,2,3,2,3,2,2,2,2,3,3,1,2,1,1,1,2,1,2,2,3,1,1,2,3,4,3,3,3,2,3,3,3,3,2,3,2,3,3,1,2,2,3,1,1,1,1,1,1,1,1,1,1,1,1,1,1,1,1,Anonymized,1051,21,1,-0.943195574,59,96,56,,12,32,16,12,53,16,
45573.88226,45573.88999,0,Anonymized,100,667,1,45573.88999,Anonymized,Anonymized,Anonymized,Anonymized,,Anonymized,Anonymized,anonymous,EN,1.0,Anonymized,1.0,1,1,1,53,4,4,2,4,2,2,3,4,4,2,4,2,4,4,5,2,5,1,4,4,4,4,4,4,4,4,1,4,4,4,4,4,4,4,4,3,4,2,2,5,5,4,3,4,3,2,2,1,1,3,1,2,1,4,3,2,2,2,1,3,4,4,,,,,,,,,,,2.0,3.0,1.0,3.0,4.0,1.0,1.0,4.0,3,2,3,4,2,3.0,2,2,2,2,2,1,3,2,2,2,2,2,3,2,1,2,3,2,3,2,2,2,2,3,3,4,4,4,4,4,3,3,3,2,2,4,3,4,1,2,2,3,2,2,3,3,2,3,3,4,4,3,2,3,1,3,3,3,3,Anonymized,667,53,1,-0.856922145,66,78,52,,19,31,18,16,60,45,
45573.88337,45573.89093,0,Anonymized,100,652,1,45573.89093,Anonymized,Anonymized,Anonymized,Anonymized,,Anonymized,Anonymized,anonymous,EN,1.0,Anonymized,1.0,1,1,1,48,1,3,2,3,2,1,1,1,1,2,3,1,1,2,1,2,1,2,3,2,4,4,4,4,4,4,4,4,4,4,4,4,4,4,4,4,4,4,4,4,4,2,2,2,2,2,2,2,2,2,2,2,2,2,2,2,2,2,2,2,2,2,,,,,,,,,,,3.0,1.0,1.0,1.0,1.0,1.0,2.0,1.0,1,1,1,1,1,1.0,1,1,1,1,1,1,1,1,1,1,1,1,1,1,1,1,1,1,1,1,1,1,1,2,1,2,2,1,2,2,2,2,2,2,1,2,2,1,2,1,1,2,1,2,2,2,2,3,3,3,3,2,2,2,2,3,3,3,3,Anonymized,652,48,1,-0.979084758,35,84,42,,11,13,9,7,33,40,
45573.87681,45573.89104,0,Anonymized,100,1229,1,45573.89105,Anonymized,Anonymized,Anonymized,Anonymized,,Anonymized,Anonymized,anonymous,EN,1.0,Anonymized,1.0,1,1,1,32,3,4,4,1,1,5,5,4,4,1,5,5,5,5,4,5,5,1,2,5,3,4,1,4,5,3,4,3,4,1,5,5,3,4,1,1,4,1,2,1,1,2,4,1,3,1,1,1,1,1,1,1,4,1,1,2,1,4,1,4,3,2,,,,,,,,,,,2.0,1.0,1.0,3.0,4.0,1.0,1.0,1.0,1,1,3,2,1,1.0,1,3,3,1,1,1,1,2,3,2,2,1,4,1,2,2,3,2,3,2,1,2,2,2,2,2,4,4,3,2,4,4,1,4,4,2,1,4,2,4,4,3,3,4,4,2,1,1,2,1,1,3,2,1,3,1,1,1,1,Anonymized,1229,32,1,-0.952101054,74,60,40,,14,20,19,15,59,29,
45573.88191,45573.89109,0,Anonymized,100,792,1,45573.89109,Anonymized,Anonymized,Anonymized,Anonymized,,Anonymized,Anonymized,anonymous,EN,0.5,Anonymized,1.0,1,1,2,35,3,2,2,2,2,4,4,3,2,3,3,4,3,3,4,3,3,2,3,4,5,5,5,5,5,5,5,5,5,5,5,5,5,5,5,5,5,5,5,5,5,3,3,3,3,3,3,3,3,3,3,3,3,3,3,3,3,3,3,3,3,3,,,,,,,,,,,2.0,2.0,2.0,2.0,2.0,2.0,2.0,2.0,4,2,1,1,1,1.0,4,4,2,3,3,2,3,2,3,3,2,2,2,2,2,2,2,3,2,2,2,2,2,2,2,2,3,1,3,2,1,2,2,1,1,1,2,1,2,2,1,2,3,4,5,4,3,3,5,4,4,4,4,3,4,4,4,3,4,Anonymized,792,35,2,-0.981445433,59,105,63,,16,31,20,15,36,62,
45573.88208,45573.89131,0,Anonymized,100,796,1,45573.89132,Anonymized,Anonymized,Anonymized,Anonymized,,Anonymized,Anonymized,anonymous,EN,1.0,Anonymized,1.0,1,1,1,57,2,3,1,3,2,2,2,3,2,2,2,3,2,2,4,4,4,2,2,3,4,4,4,4,4,4,4,4,4,4,4,4,4,4,4,4,4,4,4,4,4,2,4,2,3,4,4,4,2,2,2,2,2,2,2,2,2,2,2,2,2,2,,,,,,,,,,,2.0,2.0,1.0,2.0,1.0,2.0,1.0,1.0,1,1,1,1,1,1.0,1,1,1,1,1,1,2,1,1,1,1,1,1,1,1,1,1,1,1,1,1,2,1,2,2,2,2,1,2,2,1,2,2,1,3,2,2,2,2,2,3,2,2,1,1,1,1,3,3,3,2,2,2,2,2,3,3,3,3,Anonymized,796,57,1,-0.986868499,50,84,51,,12,14,9,8,39,35,
45573.88495,45573.89269,0,Anonymized,100,668,1,45573.8927,Anonymized,Anonymized,Anonymized,Anonymized,,Anonymized,Anonymized,anonymous,EN,1.0,Anonymized,1.0,1,1,2,40,1,4,1,2,2,1,1,3,1,3,3,1,1,1,5,5,5,2,4,1,3,2,4,4,2,2,3,4,4,4,4,4,4,4,4,2,4,1,4,4,4,2,2,2,3,4,2,1,1,1,1,2,1,1,1,1,3,2,1,3,2,3,,,,,,,,,,,5.0,1.0,3.0,5.0,1.0,3.0,3.0,3.0,3,1,1,1,1,3.0,1,1,1,3,3,5,4,2,2,3,4,4,3,3,1,1,2,2,2,4,4,4,2,3,2,3,3,2,3,4,3,3,2,1,1,2,2,2,3,4,2,2,1,2,3,1,1,2,2,2,3,3,2,2,2,2,2,2,2,Anonymized,668,40,2,-0.932795967,47,71,39,,24,28,23,20,48,33,
45573.88263,45573.89304,0,Anonymized,100,900,1,45573.89306,Anonymized,Anonymized,Anonymized,Anonymized,,Anonymized,Anonymized,anonymous,EN,1.0,Anonymized,1.0,1,1,1,50,2,2,1,2,2,2,2,1,2,2,2,1,3,1,3,3,2,3,4,2,5,4,5,5,5,5,4,4,3,3,5,5,5,5,5,2,5,3,3,2,2,2,1,1,1,1,1,2,1,1,1,1,1,1,1,1,1,1,1,5,2,2,,,,,,,,,,,1.0,1.0,1.0,5.0,1.0,2.0,1.0,5.0,2,2,2,1,2,2.0,1,4,4,4,4,4,2,4,4,4,4,3,3,2,1,1,4,4,4,3,1,2,4,3,3,4,4,4,4,3,4,3,3,1,3,3,1,4,3,3,4,3,4,1,1,1,1,1,1,1,1,1,1,1,1,1,1,1,1,Anonymized,900,50,1,-0.871155042,42,85,29,,17,34,26,22,64,16,
45573.88434,45573.89308,0,Anonymized,100,755,1,45573.89309,Anonymized,Anonymized,Anonymized,Anonymized,,Anonymized,Anonymized,anonymous,EN,1.0,Anonymized,1.0,1,1,1,25,4,5,2,5,1,4,2,1,2,2,5,3,4,2,2,1,5,2,3,2,2,2,2,4,4,3,4,2,5,2,2,2,4,3,4,1,4,2,2,3,2,5,4,5,4,2,2,2,3,1,1,2,4,3,3,3,2,2,2,5,3,3,,,,,,,,,,,5.0,2.0,1.0,5.0,4.0,1.0,1.0,3.0,3,3,4,5,3,2.0,3,3,4,2,3,3,4,3,3,3,4,3,2,4,2,1,4,4,4,4,4,2,3,3,4,3,4,2,4,4,3,2,3,1,2,3,4,3,3,4,4,3,4,1,1,1,1,2,1,2,1,2,1,1,1,2,1,1,1,Anonymized,755,25,1,-0.915531812,57,59,61,,22,42,25,25,63,20,
45573.88681,45573.89333,0,Anonymized,100,564,1,45573.89335,Anonymized,Anonymized,Anonymized,Anonymized,,Anonymized,Anonymized,anonymous,EN,1.0,Anonymized,1.0,1,1,1,27,2,3,1,3,2,4,2,3,3,3,3,1,4,2,3,3,1,3,2,5,5,4,5,3,3,2,4,5,5,4,4,5,2,3,5,4,5,3,4,3,4,2,1,1,2,3,3,4,2,1,1,1,1,4,3,2,1,1,1,3,1,1,,,,,,,,,,,1.0,2.0,1.0,3.0,3.0,1.0,5.0,1.0,4,2,3,2,2,4.0,3,4,4,5,5,3,4,2,2,1,1,1,1,3,1,1,3,3,3,2,1,1,2,2,3,2,3,2,2,3,2,3,2,2,4,1,3,2,2,3,3,3,3,2,2,1,3,4,4,4,4,5,4,5,5,3,3,4,3,Anonymized,564,27,1,-0.942382585,53,82,39,,17,45,13,15,50,56,
45573.88709,45573.89358,0,Anonymized,100,559,1,45573.89359,Anonymized,Anonymized,Anonymized,Anonymized,,Anonymized,Anonymized,anonymous,EN,1.0,Anonymized,1.0,1,1,2,25,5,5,2,5,2,5,4,1,5,2,4,2,4,5,2,1,4,2,1,1,4,2,2,4,4,2,4,5,5,5,2,4,4,4,4,5,4,4,1,5,5,2,4,4,2,2,2,1,2,1,1,4,2,1,1,2,2,2,1,5,5,5,,,,,,,,,,,2.0,4.0,1.0,4.0,3.0,1.0,5.0,4.0,3,2,2,2,2,3.0,4,4,5,4,4,2,4,2,3,3,4,4,3,4,4,1,2,3,4,4,4,3,3,3,3,3,4,3,4,4,3,3,3,4,4,3,3,3,3,4,4,3,4,2,2,2,2,3,2,1,1,3,2,2,1,4,3,3,1,Anonymized,559,25,2,-0.730018622,62,79,51,,24,41,28,23,68,34,
45573.88344,45573.89427,0,Anonymized,100,936,1,45573.89428,Anonymized,Anonymized,Anonymized,Anonymized,,Anonymized,Anonymized,anonymous,EN,1.0,Anonymized,1.0,1,1,1,42,4,4,2,4,2,2,2,4,4,2,2,2,4,4,5,2,4,2,3,2,4,5,5,5,5,5,4,2,2,2,4,4,4,4,5,2,4,1,4,4,2,2,4,2,4,2,2,4,2,1,2,4,2,2,2,4,4,4,2,4,4,4,,,,,,,,,,,2.0,1.0,1.0,4.0,5.0,5.0,3.0,3.0,3,2,2,3,3,3.0,2,4,3,3,4,4,2,4,4,2,4,2,4,4,2,3,4,4,4,3,2,2,3,3,4,4,4,4,3,4,3,3,3,2,3,3,3,3,3,3,3,3,3,1,1,1,1,2,1,2,2,2,1,2,1,2,1,2,1,Anonymized,936,42,1,-0.873310006,60,77,61,,24,38,29,22,64,23,
45573.87749,45573.89465,0,Anonymized,100,1482,1,45573.89466,Anonymized,Anonymized,Anonymized,Anonymized,,Anonymized,Anonymized,anonymous,EN,1.0,Anonymized,1.0,1,1,1,53,2,3,3,3,3,3,2,3,3,3,3,2,3,3,3,3,3,2,3,2,2,5,5,5,5,5,5,5,5,3,4,5,3,3,4,2,4,3,2,3,2,1,1,1,1,1,1,2,1,1,1,1,1,1,1,1,2,1,1,1,1,1,,,,,,,,,,,1.0,1.0,1.0,2.0,1.0,1.0,1.0,3.0,1,1,1,2,2,2.0,1,2,3,3,3,1,2,1,1,2,1,1,1,2,1,1,2,1,1,2,1,1,1,2,2,2,2,1,2,2,1,2,2,1,2,2,3,2,2,2,2,2,2,1,1,1,1,2,1,2,1,1,1,2,1,2,1,1,2,Anonymized,1482,53,1,-0.984762352,55,80,23,,11,24,11,9,38,21,
45573.88765,45573.89488,0,Anonymized,100,624,1,45573.8949,Anonymized,Anonymized,Anonymized,Anonymized,,Anonymized,Anonymized,anonymous,EN,1.0,Anonymized,1.0,1,1,2,43,3,3,1,3,2,2,4,3,4,2,3,2,4,3,5,5,4,5,4,3,2,2,4,2,4,4,4,4,4,4,4,3,4,4,4,3,3,1,2,4,3,2,2,1,2,2,1,4,1,2,2,3,1,1,1,3,3,2,1,2,2,1,,,,,,,,,,,2.0,1.0,2.0,2.0,2.0,1.0,2.0,4.0,4,3,3,4,4,4.0,2,4,4,3,2,3,3,1,2,3,2,3,2,1,1,1,3,3,3,2,1,2,2,3,3,4,3,2,3,3,3,4,2,1,3,3,3,2,2,3,3,3,3,2,2,3,4,2,2,4,4,3,1,2,2,3,4,3,4,Anonymized,624,43,2,-0.903644258,65,69,39,,16,43,16,16,56,45,
45573.88983,45573.89719,0,Anonymized,100,635,1,45573.89721,Anonymized,Anonymized,Anonymized,Anonymized,,Anonymized,Anonymized,anonymous,EN,1.0,Anonymized,1.0,1,1,2,37,2,2,1,2,4,1,1,2,1,1,2,1,1,2,1,1,1,2,2,1,5,3,4,4,5,5,4,5,5,5,5,5,5,5,5,5,5,4,5,4,5,2,4,2,4,3,4,3,4,5,5,4,4,4,4,4,5,3,3,4,4,5,,,,,,,,,,,1.0,1.0,1.0,4.0,2.0,4.0,1.0,1.0,4,1,3,3,3,3.0,1,2,3,3,3,3,4,2,1,1,3,4,2,2,1,1,1,1,1,1,1,3,1,2,2,3,2,2,4,3,2,2,2,2,3,1,2,2,2,3,3,3,1,1,1,1,3,4,5,1,5,5,5,5,2,1,3,3,2,Anonymized,635,37,2,-0.909180424,31,98,80,,15,36,17,9,46,47,
45573.88492,45573.89866,0,Anonymized,100,1187,1,45573.89867,Anonymized,Anonymized,Anonymized,Anonymized,,Anonymized,Anonymized,anonymous,EN,1.0,Anonymized,1.0,1,1,2,57,4,4,4,3,1,5,3,3,3,3,3,1,3,1,3,1,5,5,5,1,5,5,4,5,5,4,4,4,5,5,5,5,5,4,5,3,5,4,4,3,3,1,1,1,1,1,1,4,1,1,1,4,1,1,1,4,1,1,1,3,1,1,,,,,,,,,,,5.0,2.0,2.0,5.0,2.0,2.0,5.0,5.0,2,2,2,2,2,3.0,4,4,4,2,2,5,2,2,2,4,4,4,4,4,1,1,4,4,4,4,1,2,1,4,3,4,4,2,4,4,2,2,4,2,3,4,4,2,4,2,2,4,2,2,2,1,1,3,3,4,4,3,1,3,4,3,4,4,4,Anonymized,1187,57,2,-0.830472318,61,92,32,,28,36,26,20,62,46,
45573.89486,45573.90394,0,Anonymized,100,784,1,45573.90395,Anonymized,Anonymized,Anonymized,Anonymized,,Anonymized,Anonymized,anonymous,EN,1.0,Anonymized,1.0,1,1,1,31,2,4,1,4,2,2,2,4,2,2,5,2,2,2,5,4,4,4,4,2,4,4,4,4,5,5,4,5,3,3,5,5,4,4,2,2,5,2,4,2,2,2,4,2,4,4,2,4,1,2,2,2,2,2,2,3,3,2,1,3,2,2,,,,,,,,,,,1.0,1.0,1.0,2.0,2.0,2.0,1.0,3.0,1,1,1,3,3,2.0,3,2,4,2,2,2,2,1,2,2,2,1,2,3,1,1,2,1,2,1,1,2,1,2,2,2,1,2,2,1,1,1,1,1,2,2,2,1,1,2,3,2,2,2,1,2,4,3,3,3,2,4,2,4,2,1,3,4,1,Anonymized,784,31,1,-0.928032812,59,78,51,,13,28,15,10,33,41,
45573.89788,45573.90472,0,Anonymized,100,590,1,45573.90473,Anonymized,Anonymized,Anonymized,Anonymized,,Anonymized,Anonymized,anonymous,EN,1.0,Anonymized,1.0,1,1,2,40,3,3,1,4,2,2,2,2,4,2,2,2,3,4,3,5,4,2,2,4,3,4,4,4,4,4,5,4,4,4,5,4,5,4,4,2,4,2,4,5,4,1,1,1,1,1,1,4,1,1,1,3,1,1,1,3,5,1,1,5,1,1,,,,,,,,,,,1.0,1.0,1.0,3.0,1.0,3.0,2.0,4.0,3,3,3,3,2,3.0,2,4,4,4,4,3,3,3,2,3,3,2,3,3,1,1,3,3,3,3,3,3,2,3,2,3,3,2,4,3,2,3,4,2,3,3,3,3,3,3,3,3,3,1,1,1,1,1,1,1,1,1,1,1,1,1,1,1,1,Anonymized,590,40,2,-0.921725403,56,83,36,,16,41,21,20,58,16,
45573.88631,45573.90666,0,Anonymized,100,1757,1,45573.90666,Anonymized,Anonymized,Anonymized,Anonymized,,Anonymized,Anonymized,anonymous,EN,1.0,Anonymized,1.0,1,1,2,25,2,3,4,3,2,4,4,1,4,1,4,4,2,1,3,3,4,1,1,2,5,1,4,3,5,5,5,4,5,5,3,4,2,1,3,1,2,1,3,5,5,4,2,2,2,2,1,4,1,1,1,3,2,1,1,4,3,1,1,2,5,5,,,,,,,,,,,3.0,3.0,3.0,4.0,4.0,4.0,2.0,2.0,2,2,2,3,3,4.0,1,4,3,2,2,2,4,1,1,2,3,2,2,1,1,1,1,2,2,1,1,2,1,2,2,2,1,1,2,2,1,3,1,2,2,2,4,1,1,3,3,1,2,1,1,1,1,1,1,1,1,1,1,1,1,1,1,1,1,Anonymized,1757,25,2,-0.928917572,53,72,48,,25,34,14,10,38,16,
45573.89796,45573.90779,0,Anonymized,100,849,1,45573.90781,Anonymized,Anonymized,Anonymized,Anonymized,,Anonymized,Anonymized,anonymous,EN,1.0,Anonymized,1.0,1,1,2,32,4,4,1,3,3,4,2,3,2,2,3,2,4,3,3,1,1,3,2,2,4,2,3,4,4,4,4,4,3,3,4,4,4,3,4,3,4,2,3,3,2,1,1,1,1,2,2,2,1,1,1,3,1,1,1,1,1,2,1,1,1,2,,,,,,,,,,,3.0,1.0,1.0,4.0,4.0,4.0,3.0,5.0,1,1,1,1,1,2.0,2,3,2,2,2,3,1,2,2,3,3,2,4,2,1,1,4,1,2,4,2,4,2,3,4,3,4,4,4,3,3,2,3,1,4,2,3,3,3,3,2,3,3,2,2,2,2,3,4,3,3,4,1,4,2,3,3,2,2,Anonymized,849,32,2,-0.934743374,52,71,28,,25,22,20,19,60,42,
45573.89308,45573.9088,0,Anonymized,100,1358,1,45573.90881,Anonymized,Anonymized,Anonymized,Anonymized,,Anonymized,Anonymized,anonymous,EN,1.0,Anonymized,1.0,1,1,2,46,5,5,4,5,2,5,4,2,4,3,4,4,4,2,3,4,4,2,2,4,2,4,4,4,2,4,4,4,4,4,2,2,2,4,4,2,4,4,3,3,2,1,4,2,4,4,4,4,2,2,4,3,2,4,2,2,4,2,2,4,2,2,,,,,,,,,,,2.0,2.0,1.0,3.0,1.0,1.0,2.0,2.0,3,2,3,3,3,3.0,1,4,4,3,2,3,3,2,2,1,2,1,1,1,1,1,2,2,2,1,1,2,2,3,2,3,1,2,2,3,1,3,3,2,2,3,4,2,3,3,3,2,3,2,3,2,3,3,3,2,3,3,2,3,2,2,3,2,2,Anonymized,1358,46,2,-0.948396106,72,68,60,,14,37,12,12,50,40,
45573.90522,45573.90963,0,Anonymized,100,381,1,45573.90964,Anonymized,Anonymized,Anonymized,Anonymized,,Anonymized,Anonymized,anonymous,EN,1.0,Anonymized,1.0,1,1,1,31,4,5,2,5,1,4,4,2,4,3,4,4,4,1,5,2,4,1,3,4,1,4,5,2,4,4,2,5,4,5,4,2,3,3,4,4,4,1,5,4,4,1,4,1,1,2,1,2,1,2,4,4,2,2,2,4,2,4,1,4,1,2,,,,,,,,,,,5.0,2.0,1.0,4.0,3.0,1.0,2.0,4.0,2,1,2,2,2,3.0,2,2,2,2,2,2,3,2,2,3,3,2,1,1,1,1,3,1,2,2,1,2,1,2,3,2,2,1,3,3,2,3,2,1,2,2,2,2,2,4,2,1,2,1,1,1,2,1,1,1,2,2,2,1,1,1,2,2,1,Anonymized,381,31,1,-0.976147024,66,74,47,,22,27,16,12,43,22,
45573.90104,45573.91001,0,Anonymized,100,775,1,45573.91003,Anonymized,Anonymized,Anonymized,Anonymized,,Anonymized,Anonymized,anonymous,EN,1.0,Anonymized,1.0,1,1,1,53,1,2,1,2,2,1,1,1,1,2,2,1,1,1,4,5,4,2,2,1,4,5,5,5,5,5,5,5,5,5,5,5,5,5,5,3,4,1,4,4,4,1,3,1,3,3,2,4,1,3,4,3,2,2,2,2,2,2,1,5,2,2,,,,,,,,,,,1.0,1.0,1.0,1.0,1.0,1.0,1.0,1.0,2,1,1,1,1,2.0,1,3,3,3,4,2,2,1,1,1,1,1,1,1,1,1,1,1,1,1,1,1,1,1,1,2,1,1,2,1,1,1,1,1,1,1,1,1,1,1,2,1,1,1,1,1,1,1,2,1,1,1,1,1,1,1,1,1,1,Anonymized,775,53,1,-0.997812999,37,94,50,,8,26,9,7,23,17,
45573.89696,45573.92198,0,Anonymized,100,2162,1,45573.922,Anonymized,Anonymized,Anonymized,Anonymized,,Anonymized,Anonymized,anonymous,EN,0.899999976,Anonymized,1.0,1,1,2,35,4,4,3,4,2,2,4,2,4,2,3,2,4,2,4,5,5,1,2,2,4,4,4,4,4,4,3,2,4,4,4,3,4,4,4,2,3,2,4,3,4,3,4,4,4,4,3,4,3,4,4,4,3,4,3,4,4,3,2,4,4,4,,,,,,,,,,,1.0,3.0,2.0,5.0,2.0,1.0,2.0,3.0,4,3,4,4,3,4.0,3,5,4,4,4,3,4,2,3,4,4,4,3,2,2,1,4,4,4,3,2,2,3,3,3,3,3,3,4,4,3,3,3,2,3,3,4,3,3,3,2,3,3,1,2,1,2,1,2,1,1,2,1,2,1,3,2,3,2,Anonymized,2162,35,2,-0.841984926,61,74,76,,19,49,25,22,61,27,
45573.91289,45573.922,0,Anonymized,100,786,1,45573.92202,Anonymized,Anonymized,Anonymized,Anonymized,,Anonymized,Anonymized,anonymous,EN,1.0,Anonymized,1.0,1,1,2,32,2,2,2,2,4,2,2,1,2,2,2,2,2,2,2,4,4,2,2,4,4,2,2,2,4,4,2,4,4,4,4,2,2,4,5,4,4,2,2,5,3,2,4,2,5,2,2,2,2,4,3,2,2,2,2,2,4,4,2,2,4,4,,,,,,,,,,,2.0,1.0,1.0,3.0,1.0,2.0,3.0,4.0,2,2,2,1,1,3.0,2,4,2,3,4,3,3,1,1,4,3,2,2,3,2,1,2,1,2,1,1,2,1,2,3,2,2,2,4,3,1,2,2,2,3,3,2,2,2,3,2,2,2,1,1,2,3,2,1,1,2,3,3,2,1,1,1,1,1,Anonymized,786,32,2,-0.943117794,47,69,58,,17,32,19,10,46,26,
45573.91892,45573.92709,0,Anonymized,100,706,1,45573.9271,Anonymized,Anonymized,Anonymized,Anonymized,,Anonymized,Anonymized,anonymous,EN,1.0,Anonymized,1.0,1,1,2,37,2,3,2,2,2,2,2,2,2,2,2,2,2,2,3,2,3,3,3,2,4,4,4,4,4,4,4,4,4,4,4,4,4,4,4,4,4,3,3,3,3,2,2,2,3,2,2,2,2,2,2,2,2,2,2,2,2,2,2,2,2,2,,,,,,,,,,,1.0,1.0,1.0,1.0,1.0,1.0,1.0,1.0,2,1,1,1,1,2.0,1,2,1,1,1,1,1,1,1,1,1,1,1,1,1,1,1,1,1,1,1,1,1,2,2,3,1,1,3,3,1,1,2,1,2,3,4,1,2,2,1,2,1,2,2,2,2,2,2,2,2,2,2,2,2,2,2,2,2,Anonymized,706,37,2,-0.998719319,45,80,43,,8,16,9,7,38,32,
45573.91862,45573.92844,0,Anonymized,100,847,1,45573.92845,Anonymized,Anonymized,Anonymized,Anonymized,,Anonymized,Anonymized,anonymous,EN,0.899999976,Anonymized,1.0,1,1,2,62,2,3,1,2,2,1,1,1,1,3,2,1,1,1,5,3,2,1,4,4,2,4,2,4,5,5,5,3,4,5,5,4,3,4,5,2,4,1,5,5,5,2,2,1,2,3,1,5,1,1,1,3,1,1,1,3,1,2,1,2,1,2,,,,,,,,,,,2.0,1.0,2.0,2.0,2.0,2.0,1.0,2.0,2,1,2,2,1,2.0,1,3,2,2,3,1,3,1,2,2,2,2,1,1,1,1,2,2,1,2,1,2,1,2,1,2,1,1,2,2,1,2,2,1,1,1,1,1,1,2,1,1,1,2,3,3,3,3,3,3,1,4,3,4,4,4,4,3,3,Anonymized,847,62,2,-0.768370791,41,82,37,,14,25,13,11,27,50,
45573.926,45573.93589,0,Anonymized,100,854,1,45573.9359,Anonymized,Anonymized,Anonymized,Anonymized,,Anonymized,Anonymized,anonymous,EN,1.0,Anonymized,1.0,1,1,1,46,2,3,2,2,2,2,2,4,2,3,3,2,2,2,4,4,5,2,3,2,4,4,5,4,4,2,3,2,4,4,5,5,4,2,4,2,5,1,2,2,2,2,4,1,2,2,2,4,1,1,1,4,2,2,2,4,4,2,1,4,2,2,,,,,,,,,,,2.0,1.0,1.0,1.0,1.0,2.0,2.0,1.0,5,1,2,2,1,4.0,3,4,4,3,2,2,4,1,1,1,1,2,1,1,1,1,2,1,2,1,1,2,1,2,2,3,3,1,4,3,1,2,3,1,2,3,3,1,2,3,1,2,1,3,3,2,4,4,5,5,5,4,4,3,5,1,3,3,4,Anonymized,854,46,1,-0.944168544,53,70,49,,11,37,10,10,43,58,
45573.94897,45573.95469,0,Anonymized,100,494,1,45573.9547,Anonymized,Anonymized,Anonymized,Anonymized,,Anonymized,Anonymized,anonymous,EN,1.0,Anonymized,1.0,1,1,2,34,4,5,2,4,2,5,4,2,4,1,4,2,4,5,4,5,5,4,3,2,1,4,2,5,5,4,3,4,1,3,5,2,4,2,4,2,4,1,3,5,4,1,4,2,5,5,2,2,1,1,2,4,1,2,1,2,4,4,1,4,5,5,,,,,,,,,,,4.0,1.0,1.0,5.0,4.0,3.0,1.0,5.0,4,2,3,4,3,4.0,2,5,5,5,5,2,5,4,4,4,4,3,3,4,2,2,4,4,4,3,3,4,4,4,4,3,4,3,4,4,3,4,3,3,4,3,1,3,3,4,4,4,3,2,1,1,3,1,1,1,1,2,1,2,2,3,4,3,2,Anonymized,494,34,2,-0.889723376,71,68,58,,24,49,30,26,68,30,
45573.95038,45573.9565,0,Anonymized,100,529,1,45573.95652,Anonymized,Anonymized,Anonymized,Anonymized,,Anonymized,Anonymized,anonymous,EN,1.0,Anonymized,1.0,1,1,1,37,4,4,2,4,2,4,5,5,4,4,5,2,4,2,5,3,4,3,5,5,2,2,4,2,4,4,5,4,3,3,4,4,4,4,4,1,4,1,2,4,3,1,1,1,2,1,1,1,1,1,1,2,1,1,1,1,1,1,1,1,1,1,,,,,,,,,,,1.0,2.0,1.0,4.0,1.0,2.0,2.0,1.0,1,1,1,1,1,1.0,1,1,1,1,1,1,1,3,1,3,3,1,1,3,1,1,1,1,1,3,2,1,1,3,1,2,3,1,3,2,1,1,3,1,1,2,1,1,3,1,3,1,1,2,2,2,4,3,3,3,3,4,4,4,4,4,4,4,4,Anonymized,529,37,1,-0.920245995,76,68,23,,14,13,17,10,35,54,
45573.9601,45573.96721,0,Anonymized,100,614,1,45573.96723,Anonymized,Anonymized,Anonymized,Anonymized,,Anonymized,Anonymized,anonymous,EN,1.0,Anonymized,1.0,1,1,2,26,2,5,1,4,3,2,2,3,2,2,4,3,3,3,4,2,5,4,4,2,4,4,4,4,4,3,4,3,4,4,3,3,3,4,3,2,3,1,2,3,4,1,1,1,1,1,1,1,1,1,1,1,1,1,1,2,1,1,1,1,1,1,,,,,,,,,,,1.0,1.0,1.0,1.0,2.0,1.0,1.0,1.0,2,1,2,2,1,2.0,3,2,3,4,2,4,2,2,2,1,1,1,3,1,1,1,3,2,2,2,1,2,1,3,2,3,3,3,2,3,2,3,4,1,4,3,4,2,4,2,4,3,3,2,1,1,2,4,4,3,3,4,2,4,1,3,4,3,4,Anonymized,614,26,2,-0.951332396,60,69,22,,9,30,13,13,58,45,
45573.96523,45573.97792,0,Anonymized,100,1096,1,45573.97793,Anonymized,Anonymized,Anonymized,Anonymized,,Anonymized,Anonymized,anonymous,EN,1.0,Anonymized,1.0,1,1,2,33,2,2,1,2,2,1,1,1,1,1,1,1,1,1,1,5,3,2,2,1,5,5,5,5,5,5,5,5,5,5,5,5,5,5,5,5,5,4,5,5,4,2,4,2,2,3,2,4,1,1,1,4,3,4,2,2,5,4,4,3,3,3,,,,,,,,,,,1.0,1.0,1.0,1.0,1.0,1.0,1.0,2.0,1,1,1,1,2,1.0,1,1,1,1,2,1,1,1,1,1,1,1,1,2,1,1,1,1,1,1,1,1,1,1,1,3,2,1,3,2,1,2,2,1,2,3,3,2,2,2,1,3,2,4,3,3,5,4,3,4,5,5,5,5,5,5,3,4,3,Anonymized,1096,33,2,-0.986233159,32,103,59,,9,15,10,7,39,66,
45573.98947,45573.99679,0,Anonymized,100,632,1,45573.9968,Anonymized,Anonymized,Anonymized,Anonymized,,Anonymized,Anonymized,anonymous,EN,1.0,Anonymized,1.0,1,1,1,24,2,4,3,3,2,2,5,2,4,1,2,2,3,2,2,4,1,1,2,2,2,4,3,2,5,4,4,3,4,3,4,4,5,4,4,2,4,1,2,3,2,4,4,3,2,4,5,4,2,2,3,3,4,4,2,4,3,4,1,3,1,2,,,,,,,,,,,4.0,2.0,1.0,5.0,2.0,3.0,4.0,5.0,2,2,2,3,3,4.0,2,4,3,3,2,2,2,2,1,4,4,1,1,4,1,1,2,1,2,1,3,1,1,3,2,3,3,1,4,3,2,2,3,1,2,3,3,2,3,3,3,3,2,1,1,1,1,1,1,1,1,1,1,1,1,1,1,1,1,Anonymized,632,24,1,-0.82602434,49,69,64,,26,34,19,11,51,16,
45573.98729,45574.00179,0,Anonymized,100,1252,1,45574.0018,Anonymized,Anonymized,Anonymized,Anonymized,,Anonymized,Anonymized,anonymous,EN,1.0,Anonymized,1.0,1,1,2,61,2,4,1,2,2,1,1,4,3,2,4,3,3,1,3,5,4,2,2,3,5,2,5,2,2,5,3,4,4,5,5,5,5,5,5,3,5,4,4,4,3,1,3,1,1,3,1,3,1,1,1,1,1,1,1,1,3,2,1,3,1,1,,,,,,,,,,,4.0,1.0,1.0,4.0,2.0,2.0,2.0,2.0,4,1,4,2,2,3.0,1,1,1,2,1,4,1,3,2,1,3,2,1,2,1,1,1,2,2,2,1,1,1,3,2,3,2,2,4,1,3,3,3,1,2,3,3,2,3,3,3,1,2,1,1,1,1,1,1,1,1,1,1,1,1,1,1,1,1,Anonymized,1252,61,2,-0.973728076,52,85,32,,18,27,16,10,49,16,
45573.99403,45574.01258,0,Anonymized,100,1603,1,45574.01259,Anonymized,Anonymized,Anonymized,Anonymized,,Anonymized,Anonymized,anonymous,EN,1.0,Anonymized,1.0,1,1,2,24,4,5,3,5,3,3,4,1,4,1,4,1,4,3,1,3,4,3,3,4,4,4,5,5,5,5,5,4,5,4,5,4,5,4,5,4,5,2,4,4,4,4,2,1,5,2,1,4,1,1,1,1,1,1,1,4,2,4,2,2,4,2,,,,,,,,,,,5.0,5.0,3.0,5.0,4.0,5.0,5.0,5.0,3,1,3,4,4,4.0,1,4,3,3,3,3,3,4,3,4,4,4,4,2,2,2,4,4,4,4,4,4,3,4,4,4,4,4,4,4,4,4,3,3,4,4,4,4,3,2,3,4,3,2,2,1,2,3,4,4,4,4,4,4,4,2,4,3,2,Anonymized,1603,24,2,-0.929108802,63,92,46,,37,39,29,27,73,49,
45574.00991,45574.01896,0,Anonymized,100,781,1,45574.01897,Anonymized,Anonymized,Anonymized,Anonymized,,Anonymized,Anonymized,anonymous,EN,1.0,Anonymized,1.0,1,1,2,35,5,5,4,4,3,4,4,4,4,3,4,4,4,4,4,5,5,2,4,4,3,4,3,3,4,4,3,4,5,4,4,3,5,4,5,5,2,3,2,4,4,2,4,2,3,4,5,4,2,2,2,4,2,4,3,4,4,3,2,4,2,4,,,,,,,,,,,2.0,1.0,3.0,4.0,4.0,2.0,5.0,3.0,2,1,2,2,2,3.0,2,2,3,2,3,3,3,3,2,3,4,2,3,4,3,1,4,3,4,4,4,4,2,3,3,3,3,2,4,3,2,2,3,1,2,3,3,3,3,3,2,2,3,2,1,1,2,1,2,2,2,3,1,1,2,2,2,2,2,Anonymized,781,35,2,-0.942564865,80,78,66,,24,30,25,25,53,28,
45574.0045,45574.02013,0,Anonymized,100,1350,1,45574.02014,Anonymized,Anonymized,Anonymized,Anonymized,,Anonymized,Anonymized,anonymous,EN,1.0,Anonymized,1.0,1,1,2,22,4,4,3,4,2,4,4,4,4,2,3,1,3,4,2,3,3,4,3,4,4,4,4,4,4,4,4,3,4,4,4,3,4,4,4,3,4,3,3,4,4,4,4,4,4,5,4,5,4,4,4,5,3,4,4,5,5,5,4,4,4,4,,,,,,,,,,,1.0,1.0,2.0,4.0,3.0,5.0,2.0,2.0,2,3,2,3,2,2.0,1,2,3,3,3,3,1,1,2,2,2,1,4,2,2,1,2,2,2,2,2,2,2,3,2,4,2,4,3,3,3,3,3,2,4,3,4,4,2,4,4,3,4,2,3,2,2,2,3,2,2,2,3,3,2,2,3,2,2,Anonymized,1350,22,2,-0.967125248,65,79,89,,20,30,17,14,64,37,
45574.05005,45574.0549,0,Anonymized,100,419,1,45574.05491,Anonymized,Anonymized,Anonymized,Anonymized,,Anonymized,Anonymized,anonymous,EN,1.0,Anonymized,1.0,1,1,1,18,4,5,4,5,3,5,5,4,5,1,5,5,5,5,4,3,5,4,4,4,2,2,3,4,5,5,5,4,4,4,4,2,2,2,3,2,4,1,2,2,2,2,2,1,2,2,1,4,1,1,1,4,1,1,1,3,4,1,1,4,3,1,,,,,,,,,,,1.0,1.0,3.0,5.0,3.0,2.0,1.0,5.0,2,3,3,4,4,4.0,4,5,5,4,4,4,4,4,4,4,4,4,4,3,2,3,4,4,4,4,4,4,4,3,3,4,4,4,3,4,4,4,4,4,4,3,4,4,4,4,4,4,4,1,1,1,2,2,1,1,1,1,1,2,1,1,2,2,1,Anonymized,419,18,1,-0.931645289,85,64,41,,21,50,32,28,76,21,
45574.26352,45574.27013,0,Anonymized,100,571,1,45574.27014,Anonymized,Anonymized,Anonymized,Anonymized,,Anonymized,Anonymized,anonymous,EN,1.0,Anonymized,1.0,1,1,2,39,3,3,2,3,3,3,3,3,3,2,4,2,3,4,3,3,4,3,3,2,2,2,4,3,3,3,3,2,4,2,3,4,2,2,4,2,3,2,3,2,2,2,2,3,2,4,4,2,2,2,2,3,3,2,2,3,2,2,2,3,2,2,,,,,,,,,,,2.0,2.0,2.0,4.0,3.0,4.0,3.0,2.0,1,1,1,1,1,2.0,1,2,1,1,1,1,1,3,1,2,3,3,2,2,1,1,2,1,2,1,1,3,1,3,2,3,2,1,4,3,2,2,2,1,3,2,4,1,2,2,2,3,2,2,2,1,3,3,3,2,2,4,2,3,2,2,2,2,2,Anonymized,571,39,2,-0.937857101,59,57,51,,22,15,18,11,46,37,
45574.25959,45574.27311,0,Anonymized,100,1168,1,45574.27313,Anonymized,Anonymized,Anonymized,Anonymized,,Anonymized,Anonymized,anonymous,EN,1.0,Anonymized,1.0,1,1,2,32,2,2,3,3,2,4,4,4,3,2,2,2,1,2,4,4,5,2,3,3,4,1,2,1,2,4,5,2,3,2,5,2,2,2,4,2,4,2,5,3,2,1,4,3,3,2,4,4,2,2,2,3,1,2,1,4,4,4,2,3,2,2,,,,,,,,,,,4.0,3.0,1.0,5.0,1.0,4.0,4.0,4.0,2,1,2,1,1,3.0,1,2,1,3,2,3,3,2,2,2,4,4,2,1,1,1,3,3,3,2,1,1,1,3,3,4,3,3,4,3,3,4,3,2,4,2,4,3,3,2,3,3,3,2,3,3,4,4,3,4,4,2,3,1,3,3,2,4,3,Anonymized,1168,32,2,-0.293130347,57,59,55,,26,25,19,14,62,48,
45574.28567,45574.29071,0,Anonymized,100,435,1,45574.29072,Anonymized,Anonymized,Anonymized,Anonymized,,Anonymized,Anonymized,anonymous,EN,1.0,Anonymized,1.0,1,1,2,25,2,2,4,2,2,2,2,1,4,1,4,1,1,4,2,5,2,1,1,5,4,4,4,5,5,5,5,2,4,5,5,4,4,4,5,2,5,2,3,5,5,1,3,4,5,5,2,4,4,1,1,4,2,2,1,4,2,4,2,4,5,5,,,,,,,,,,,1.0,2.0,3.0,3.0,4.0,3.0,5.0,1.0,1,1,1,2,3,3.0,1,2,2,3,3,2,1,2,3,1,2,1,1,1,1,1,3,2,2,2,3,4,1,3,4,3,3,1,3,2,1,1,3,2,1,2,2,1,3,3,1,3,2,2,3,3,3,4,4,4,4,5,4,4,5,4,4,4,4,Anonymized,435,25,2,-0.878040132,48,87,65,,22,25,13,17,44,61,
45574.28708,45574.30215,0,Anonymized,100,1302,1,45574.30219,Anonymized,Anonymized,Anonymized,Anonymized,,Anonymized,Anonymized,anonymous,EN,1.0,Anonymized,1.0,1,1,1,30,5,5,3,5,1,5,5,1,4,2,5,5,4,5,4,5,5,4,2,5,4,5,4,4,1,5,4,5,4,4,5,5,4,4,4,2,5,4,5,5,5,4,5,2,4,5,1,4,1,2,2,4,4,1,1,2,2,2,4,5,5,5,,,,,,,,,,,2.0,2.0,1.0,3.0,1.0,1.0,2.0,3.0,3,2,2,4,3,4.0,1,5,5,4,5,3,2,1,2,2,2,2,2,3,4,2,2,2,2,3,4,2,1,3,3,3,3,3,2,1,2,3,2,1,4,3,3,2,2,2,2,2,1,2,2,1,2,2,2,1,2,2,1,2,1,2,2,2,1,Anonymized,1302,30,1,-0.952308492,80,88,65,,15,43,20,16,47,27,
45574.30123,45574.30964,0,Anonymized,100,727,1,45574.30965,Anonymized,Anonymized,Anonymized,Anonymized,,Anonymized,Anonymized,anonymous,EN,1.0,Anonymized,1.0,1,1,2,25,2,2,1,2,2,1,1,2,2,2,1,2,1,1,4,4,1,2,2,2,1,4,2,2,5,4,5,4,5,5,5,4,4,4,5,2,5,1,4,4,4,1,2,2,2,1,1,4,1,1,1,2,2,2,2,2,1,1,1,4,1,1,,,,,,,,,,,1.0,1.0,1.0,2.0,1.0,1.0,1.0,2.0,1,1,1,1,1,1.0,1,1,3,3,2,2,1,1,1,1,1,1,1,1,1,1,1,1,1,1,1,1,1,1,2,1,1,1,1,1,1,2,1,1,3,2,2,1,1,1,1,2,2,1,1,1,1,1,1,1,1,1,1,1,1,1,1,1,1,Anonymized,727,25,2,-0.980645896,37,79,35,,10,19,9,7,28,16,
45574.31499,45574.32304,0,Anonymized,100,695,1,45574.32306,Anonymized,Anonymized,Anonymized,Anonymized,,Anonymized,Anonymized,anonymous,EN,1.0,Anonymized,1.0,1,1,2,30,2,2,1,2,2,2,2,3,2,2,2,2,3,2,3,3,3,2,2,2,4,2,4,4,2,2,4,4,4,4,4,4,4,4,4,4,4,3,4,4,4,4,4,2,4,2,2,4,1,1,1,4,1,4,2,4,5,2,1,5,3,1,,,,,,,,,,,4.0,1.0,1.0,3.0,2.0,3.0,2.0,2.0,2,2,2,2,1,1.0,1,2,1,1,2,1,1,2,2,2,2,2,4,1,1,1,4,4,4,1,1,3,3,3,3,3,3,4,2,3,3,3,3,1,4,4,3,3,3,3,3,3,3,2,1,1,3,2,3,2,4,3,2,2,3,4,4,3,3,Anonymized,695,30,2,-0.942241926,44,77,57,,18,19,17,20,60,42,
45574.31303,45574.32395,0,Anonymized,100,942,1,45574.32396,Anonymized,Anonymized,Anonymized,Anonymized,,Anonymized,Anonymized,anonymous,EN,1.0,Anonymized,1.0,1,1,2,60,2,2,1,4,2,2,2,4,4,1,2,2,4,1,3,4,1,2,2,1,2,4,2,2,4,4,4,4,5,5,5,3,2,4,4,2,5,2,5,4,4,1,3,1,3,4,5,4,4,1,4,5,3,4,2,5,4,5,4,3,4,4,,,,,,,,,,,5.0,1.0,1.0,5.0,3.0,5.0,4.0,3.0,2,1,2,2,1,2.0,2,2,2,2,1,4,4,2,1,2,2,4,1,1,1,1,3,3,3,2,1,2,2,3,3,4,2,3,4,4,3,3,3,1,4,3,3,3,3,3,4,3,3,1,2,1,2,2,3,3,3,3,2,1,2,3,4,3,2,Anonymized,942,60,2,-0.92217771,46,76,73,,27,27,15,16,62,37,
45574.31818,45574.32795,0,Anonymized,100,843,1,45574.32797,Anonymized,Anonymized,Anonymized,Anonymized,,Anonymized,Anonymized,anonymous,EN,1.0,Anonymized,1.0,1,1,2,49,2,4,1,4,2,1,1,3,2,3,4,2,1,4,4,3,4,2,5,1,5,2,2,2,5,5,4,4,5,2,3,4,2,5,4,2,4,2,5,4,4,2,4,1,3,1,2,1,1,1,2,1,2,3,1,4,2,1,1,1,1,1,,,,,,,,,,,3.0,1.0,1.0,5.0,2.0,3.0,3.0,1.0,1,1,1,2,1,1.0,2,1,1,1,1,1,2,3,3,3,4,3,2,1,1,1,2,3,3,1,1,2,2,3,3,3,2,2,4,3,4,2,3,1,3,4,3,3,3,1,1,3,1,2,2,1,1,2,1,1,2,2,1,1,1,1,1,1,1,Anonymized,843,49,2,-0.974868994,53,75,36,,19,16,21,14,52,21,
45574.31627,45574.32921,0,Anonymized,100,1118,1,45574.32926,Anonymized,Anonymized,Anonymized,Anonymized,,Anonymized,Anonymized,anonymous,EN,1.0,Anonymized,1.0,1,1,2,31,2,2,1,2,3,1,1,4,2,1,2,3,1,3,2,5,1,1,2,1,4,5,4,4,5,2,4,2,4,5,5,4,3,2,4,2,4,2,4,3,4,1,2,2,3,4,2,4,4,2,2,5,4,4,2,2,4,2,2,4,2,4,,,,,,,,,,,4.0,1.0,3.0,4.0,4.0,2.0,1.0,1.0,2,1,1,2,2,1.0,1,2,3,2,1,2,3,1,1,1,2,1,1,1,1,1,1,1,1,1,1,2,1,2,2,3,3,2,3,2,2,3,2,1,4,3,3,2,3,3,1,2,2,2,2,1,2,1,2,1,2,2,1,1,1,1,2,1,1,Anonymized,1118,31,2,-0.892735504,40,76,61,,20,23,10,8,48,23,
45574.32352,45574.33331,0,Anonymized,100,846,1,45574.33333,Anonymized,Anonymized,Anonymized,Anonymized,,Anonymized,Anonymized,anonymous,EN,1.0,Anonymized,1.0,1,1,2,56,4,4,4,4,3,4,4,3,4,3,4,2,3,3,4,3,4,3,3,2,4,2,4,2,2,4,4,4,4,4,2,4,4,4,4,5,4,1,4,2,2,3,4,3,2,4,1,3,2,2,2,4,2,2,2,3,2,4,1,2,2,2,,,,,,,,,,,1.0,1.0,1.0,4.0,2.0,2.0,2.0,4.0,2,1,1,1,1,2.0,1,2,2,1,2,2,1,2,2,2,2,2,3,2,1,1,2,2,2,3,2,2,2,4,3,4,3,1,4,4,2,2,3,1,3,4,4,3,4,2,2,3,2,1,1,1,2,1,1,1,1,2,1,1,2,1,2,2,1,Anonymized,846,56,2,-0.906564417,68,70,52,,17,19,17,15,58,21,
45574.32569,45574.33762,0,Anonymized,100,1029,1,45574.33762,Anonymized,Anonymized,Anonymized,Anonymized,,Anonymized,Anonymized,anonymous,EN,1.0,Anonymized,1.0,1,1,1,53,5,4,3,4,2,4,4,2,5,2,5,2,4,5,3,1,4,1,2,1,2,4,2,4,2,4,2,2,4,4,2,4,4,2,2,1,2,1,2,2,1,2,2,1,2,3,4,2,1,1,2,3,3,4,2,2,2,2,1,2,1,1,,,,,,,,,,,1.0,2.0,1.0,4.0,4.0,3.0,2.0,2.0,3,2,3,2,2,2.0,2,3,3,3,3,3,3,4,3,3,4,2,3,3,1,1,3,3,3,3,2,2,2,3,3,4,4,4,4,3,2,4,3,2,4,4,4,4,3,4,4,3,3,3,3,2,3,3,3,3,3,4,3,3,3,2,2,2,3,Anonymized,1029,53,1,-0.798798157,63,53,43,,19,34,24,18,69,45,
45574.33925,45574.34428,0,Anonymized,100,434,1,45574.34429,Anonymized,Anonymized,Anonymized,Anonymized,,Anonymized,Anonymized,anonymous,EN,1.0,Anonymized,1.0,1,1,1,37,4,4,1,4,2,4,4,1,4,2,4,2,4,5,4,2,3,4,3,5,4,2,5,4,4,4,4,5,5,4,4,5,4,4,4,3,5,2,2,3,4,5,3,4,2,1,1,2,1,1,1,2,4,4,2,2,2,2,2,2,2,2,,,,,,,,,,,3.0,1.0,2.0,5.0,3.0,1.0,1.0,4.0,2,1,2,1,1,1.0,1,3,3,3,2,3,4,2,1,3,3,4,4,4,1,1,3,3,3,3,3,4,2,3,3,3,4,2,4,4,2,3,3,2,4,3,3,3,3,3,4,3,3,2,2,2,3,4,3,3,3,3,3,3,4,3,3,3,3,Anonymized,434,37,1,-0.891983119,66,81,47,,20,27,23,21,62,47,
45574.349,45574.36125,0,Anonymized,100,1058,1,45574.36126,Anonymized,Anonymized,Anonymized,Anonymized,,Anonymized,Anonymized,anonymous,EN,1.0,Anonymized,1.0,1,1,2,36,2,2,1,1,3,1,1,2,1,1,1,1,1,1,3,4,2,2,2,3,5,5,5,5,5,4,5,5,5,4,5,4,4,4,5,5,5,4,4,4,4,1,4,1,2,4,3,4,1,2,2,4,2,3,2,4,1,1,1,2,2,3,,,,,,,,,,,1.0,1.0,2.0,2.0,2.0,1.0,2.0,2.0,1,1,1,1,2,2.0,1,1,2,2,2,1,1,1,1,2,2,1,1,1,1,1,2,2,1,1,1,2,1,2,2,2,2,2,2,2,1,2,2,2,2,2,1,1,2,2,2,2,2,1,1,1,1,1,1,1,1,1,1,1,1,1,1,1,1,Anonymized,1058,36,2,-0.965468749,35,96,49,,13,18,11,10,37,16,
45574.35425,45574.36425,0,Anonymized,100,863,1,45574.36426,Anonymized,Anonymized,Anonymized,Anonymized,,Anonymized,Anonymized,anonymous,EN,1.0,Anonymized,1.0,1,1,1,29,1,4,1,4,2,2,3,2,2,2,3,2,2,1,4,3,2,2,2,2,4,4,5,5,5,5,5,3,3,3,4,4,4,4,4,3,4,3,4,2,2,1,3,1,3,3,2,4,1,1,1,2,2,2,1,3,3,2,1,2,1,1,,,,,,,,,,,2.0,1.0,1.0,2.0,1.0,3.0,2.0,1.0,2,1,1,1,1,2.0,1,1,2,2,2,1,1,1,1,1,2,1,1,1,1,1,1,1,1,1,1,1,1,3,1,4,1,2,3,2,2,1,2,2,3,3,3,2,2,2,2,2,1,2,2,1,2,1,1,1,1,2,1,1,2,2,1,1,1,Anonymized,863,29,1,-0.99465339,46,80,40,,13,18,10,7,43,22,
45574.35552,45574.36534,0,Anonymized,100,848,1,45574.36536,Anonymized,Anonymized,Anonymized,Anonymized,,Anonymized,Anonymized,anonymous,EN,1.0,Anonymized,1.0,1,1,1,46,2,3,4,3,1,1,1,1,2,3,3,1,4,1,5,3,5,3,3,1,4,4,3,5,4,4,4,5,5,5,4,5,5,4,4,3,4,2,3,4,4,1,1,1,1,1,1,1,1,1,1,1,1,1,1,1,1,1,1,3,1,1,,,,,,,,,,,2.0,2.0,2.0,5.0,3.0,3.0,2.0,1.0,2,3,2,2,4,5.0,2,5,5,5,5,3,5,3,4,2,4,1,4,2,1,4,4,4,4,4,1,2,4,4,4,4,4,4,4,3,4,4,4,1,4,4,4,4,4,3,4,3,4,2,1,1,1,2,1,2,2,2,2,1,1,1,2,1,1,Anonymized,848,46,1,-0.914976109,50,85,23,,20,48,25,23,74,23,
45574.35922,45574.36791,0,Anonymized,100,749,1,45574.36792,Anonymized,Anonymized,Anonymized,Anonymized,,Anonymized,Anonymized,anonymous,EN,1.0,Anonymized,,1,1,2,26,4,5,4,5,2,4,4,2,4,2,3,4,4,2,5,1,5,4,4,1,3,2,4,4,4,4,4,5,4,3,2,2,2,2,4,5,4,3,5,5,5,3,2,4,4,3,2,4,4,3,2,3,3,3,2,3,2,3,3,4,5,5,,,,,,,,,,,1.0,3.0,2.0,3.0,1.0,1.0,4.0,4.0,2,2,2,2,2,1.0,1,1,2,1,2,3,2,3,3,3,2,2,3,2,1,2,3,2,2,3,1,1,2,3,3,4,4,4,3,2,2,3,3,2,3,3,1,4,3,2,2,3,3,2,2,2,2,3,1,3,3,3,2,2,2,3,4,3,3,Anonymized,749,26,2,-0.79990714,69,76,67,,19,23,21,14,57,40,
45574.36252,45574.37058,0,Anonymized,100,695,1,45574.37059,Anonymized,Anonymized,Anonymized,Anonymized,,Anonymized,Anonymized,anonymous,EN,1.0,Anonymized,1.0,1,1,1,40,4,4,1,4,2,2,2,3,2,4,3,4,1,2,4,3,5,4,5,2,4,5,4,4,4,4,4,2,5,2,4,3,3,2,3,1,4,2,2,2,2,2,4,2,2,2,3,3,4,2,2,3,4,3,1,3,4,3,1,5,3,4,,,,,,,,,,,1.0,1.0,1.0,3.0,2.0,1.0,1.0,1.0,1,1,1,1,1,2.0,3,2,1,3,2,2,1,2,2,1,3,2,2,1,1,1,2,1,2,1,1,2,1,3,3,2,4,2,4,4,2,4,3,1,3,3,3,2,2,2,3,3,3,3,4,4,2,3,4,2,4,5,4,4,4,4,2,2,2,Anonymized,695,40,1,-0.90765898,61,66,60,,11,21,15,10,56,53,
45574.36354,45574.3758,0,Anonymized,100,1058,1,45574.37581,Anonymized,Anonymized,Anonymized,Anonymized,,Anonymized,Anonymized,anonymous,EN,1.0,Anonymized,1.0,1,1,2,31,4,5,4,4,2,4,4,2,4,2,5,3,4,4,4,3,4,2,2,3,2,2,2,1,2,4,4,4,4,4,2,4,4,4,4,2,2,2,3,2,4,2,2,2,2,2,2,2,2,1,1,2,2,2,1,2,2,4,2,4,2,4,,,,,,,,,,,4.0,1.0,1.0,4.0,1.0,1.0,1.0,1.0,2,1,1,1,1,2.0,1,2,1,2,2,1,1,2,2,1,2,2,2,2,1,1,2,2,2,2,1,3,2,3,3,4,3,2,3,3,3,2,3,2,3,4,4,3,4,3,4,3,3,1,1,1,1,1,1,2,1,2,2,1,2,2,2,2,1,Anonymized,1058,31,2,-0.945717163,69,62,45,,14,18,15,14,62,23,
45574.35353,45574.38075,0,Anonymized,100,2351,1,45574.38078,Anonymized,Anonymized,Anonymized,Anonymized,,Anonymized,Anonymized,anonymous,EN,1.0,Anonymized,1.0,1,1,1,46,2,3,4,3,3,4,1,3,4,3,3,1,3,2,1,4,2,2,3,2,5,3,4,4,4,5,5,4,3,2,3,5,3,3,3,2,4,2,5,5,4,2,3,2,4,2,2,4,1,1,1,4,3,2,2,4,4,4,2,4,1,1,,,,,,,,,,,4.0,1.0,2.0,5.0,2.0,2.0,1.0,1.0,1,1,1,1,1,1.0,1,2,2,1,1,1,1,2,2,4,3,4,2,2,2,1,1,2,1,1,1,2,2,2,2,3,3,2,4,2,2,2,2,3,2,3,3,2,2,2,1,1,2,3,3,1,2,4,4,1,1,1,1,3,2,4,4,4,2,Anonymized,2351,46,1,-0.925891618,53,78,53,,18,15,22,10,45,40,
45574.3753,45574.38102,0,Anonymized,100,493,1,45574.38103,Anonymized,Anonymized,Anonymized,Anonymized,,Anonymized,Anonymized,anonymous,EN,1.0,Anonymized,1.0,1,1,1,31,2,2,1,2,2,2,1,3,3,2,2,2,1,1,3,4,2,2,3,1,4,5,4,4,5,5,4,4,4,4,5,5,4,4,5,5,4,3,4,4,4,1,2,2,2,2,2,4,1,2,2,3,1,1,1,2,2,4,2,3,1,1,,,,,,,,,,,1.0,2.0,1.0,3.0,1.0,1.0,3.0,3.0,1,2,1,2,2,1.0,1,2,2,1,2,3,2,3,4,2,3,3,4,2,1,2,4,2,2,3,2,2,2,3,3,4,3,2,3,3,3,2,3,2,2,4,2,2,4,2,2,3,2,2,2,2,2,2,2,2,2,2,2,2,2,2,2,2,2,Anonymized,493,31,1,-0.949392032,41,90,41,,15,22,24,17,54,32,
45574.37987,45574.38395,0,Anonymized,100,351,1,45574.38396,Anonymized,Anonymized,Anonymized,Anonymized,,Anonymized,Anonymized,anonymous,EN,1.0,Anonymized,1.0,1,1,2,34,4,3,3,4,4,2,3,2,3,3,4,3,4,3,2,3,2,3,3,4,4,3,4,3,4,4,3,4,4,3,4,4,3,4,4,3,4,5,4,3,3,1,3,1,1,2,1,1,2,2,2,2,1,1,2,1,2,2,2,1,2,1,,,,,,,,,,,4.0,1.0,1.0,2.0,3.0,3.0,4.0,2.0,2,2,3,3,2,3.0,4,3,3,4,4,4,3,2,2,2,3,1,1,2,3,2,2,3,3,2,3,2,2,2,2,2,2,2,2,2,3,2,2,2,2,2,2,2,2,2,2,2,3,4,4,5,5,4,3,4,4,4,3,4,3,4,5,4,5,Anonymized,351,34,2,-0.915003485,62,77,33,,20,40,18,17,42,65,
45574.38508,45574.39346,0,Anonymized,100,724,1,45574.39348,Anonymized,Anonymized,Anonymized,Anonymized,,Anonymized,Anonymized,anonymous,EN,1.0,Anonymized,1.0,1,1,1,41,4,4,1,3,2,3,3,1,3,2,3,2,3,1,4,2,4,1,3,2,3,5,4,5,4,4,4,2,2,2,4,5,2,2,4,2,5,1,4,3,3,1,4,2,4,1,1,4,1,1,1,3,2,1,1,4,3,4,1,3,3,4,,,,,,,,,,,1.0,1.0,3.0,3.0,2.0,1.0,2.0,3.0,2,1,1,1,1,4.0,4,5,4,5,5,3,4,1,1,3,2,1,1,2,1,1,2,1,2,2,1,1,1,2,2,2,2,1,3,2,2,2,1,2,2,2,2,1,2,2,2,2,2,3,4,1,4,4,3,3,4,4,3,2,3,4,4,5,3,Anonymized,724,41,1,-0.958854837,51,70,49,,16,40,13,10,38,54,
45574.38918,45574.39755,0,Anonymized,100,722,1,45574.39756,Anonymized,Anonymized,Anonymized,Anonymized,,Anonymized,Anonymized,anonymous,EN,1.0,Anonymized,1.0,1,1,2,48,4,4,4,4,2,4,4,1,4,2,2,2,5,4,5,3,2,2,4,3,4,4,5,4,4,4,4,5,5,5,5,4,4,5,4,2,4,1,4,4,2,2,4,1,4,4,4,2,1,2,4,2,2,2,2,2,4,2,1,2,1,1,,,,,,,,,,,3.0,1.0,2.0,4.0,5.0,3.0,3.0,4.0,4,2,2,2,1,3.0,3,3,2,4,4,2,2,2,2,2,3,3,2,2,1,1,3,3,3,3,2,3,2,3,3,4,3,2,4,4,3,4,3,1,3,4,3,2,4,4,2,4,3,2,2,1,2,2,2,2,2,2,3,2,2,2,2,2,1,Anonymized,722,48,2,-0.94728272,65,83,49,,25,34,18,19,63,31,
45574.39655,45574.40429,0,Anonymized,100,668,1,45574.40431,Anonymized,Anonymized,Anonymized,Anonymized,,Anonymized,Anonymized,anonymous,EN,1.0,Anonymized,1.0,1,1,2,56,3,4,2,4,2,4,2,2,4,3,3,3,3,2,3,2,4,2,3,2,4,4,4,4,4,4,4,4,4,4,4,4,4,4,4,4,4,2,4,3,3,2,3,2,3,2,2,4,2,2,2,4,2,2,2,2,4,2,2,2,3,2,,,,,,,,,,,1.0,2.0,1.0,3.0,2.0,3.0,2.0,4.0,2,1,1,1,1,2.0,1,1,1,1,1,1,1,1,2,3,2,2,1,1,1,1,2,1,1,2,1,1,1,2,2,3,1,2,3,2,2,1,2,1,2,3,2,2,2,1,1,2,1,3,3,2,4,3,3,3,3,3,2,3,3,2,2,2,2,Anonymized,668,56,2,-0.909778938,57,80,51,,18,15,14,9,37,43,
45574.39302,45574.40498,0,Anonymized,100,1032,1,45574.40499,Anonymized,Anonymized,Anonymized,Anonymized,,Anonymized,Anonymized,anonymous,EN,1.0,Anonymized,1.0,1,1,1,47,1,1,1,1,1,2,1,1,1,2,1,3,1,1,4,3,4,1,2,1,5,5,5,5,4,5,4,4,2,3,5,5,4,3,5,3,5,4,5,3,3,1,2,1,2,1,1,4,1,1,1,1,1,1,1,1,1,1,1,4,1,1,,,,,,,,,,,1.0,1.0,1.0,1.0,2.0,3.0,1.0,1.0,2,2,2,2,2,3.0,1,3,3,3,3,2,2,1,1,1,1,1,1,1,1,1,1,1,1,1,1,1,1,2,2,2,2,1,2,2,1,1,2,1,2,2,1,1,2,1,1,1,1,1,1,1,1,1,1,1,1,1,1,1,1,1,1,1,1,Anonymized,1032,47,1,-0.992753773,33,87,29,,11,30,9,7,30,16,
45574.39693,45574.40941,0,Anonymized,100,1077,1,45574.40942,Anonymized,Anonymized,Anonymized,Anonymized,,Anonymized,Anonymized,anonymous,EN,1.0,Anonymized,1.0,1,1,2,42,2,4,1,4,2,4,2,2,4,2,4,2,4,2,5,5,5,2,2,2,4,4,4,4,5,5,4,4,5,5,4,4,4,4,4,3,5,2,3,4,2,2,4,2,2,4,4,2,4,2,2,4,2,2,2,2,4,2,1,2,1,1,,,,,,,,,,,1.0,1.0,1.0,3.0,1.0,1.0,1.0,1.0,2,3,1,2,2,2.0,1,3,3,2,3,3,1,1,1,1,2,1,1,1,1,1,3,3,4,2,2,2,1,2,3,2,2,1,2,3,3,4,2,1,4,2,3,2,2,3,4,3,3,2,1,1,3,2,2,2,2,3,2,3,1,2,3,2,2,Anonymized,1077,42,2,-0.982263442,60,83,51,,10,28,10,17,51,33,
45574.40166,45574.41338,0,Anonymized,100,1012,1,45574.41339,Anonymized,Anonymized,Anonymized,Anonymized,,Anonymized,Anonymized,anonymous,EN,1.0,Anonymized,1.0,1,1,2,29,1,1,1,1,1,1,3,2,1,1,2,1,1,1,2,5,1,1,1,5,5,3,4,4,5,5,5,5,5,5,3,5,5,5,5,2,4,2,5,4,4,2,4,2,4,2,2,4,2,2,2,3,2,3,2,2,2,2,1,4,3,2,,,,,,,,,,,1.0,1.0,1.0,4.0,4.0,1.0,1.0,4.0,3,1,2,4,4,3.0,1,1,4,4,4,5,5,2,2,4,4,2,1,3,1,1,2,2,2,2,1,1,1,2,2,2,2,1,3,2,1,1,2,1,2,3,3,1,2,1,1,2,1,1,1,1,1,1,1,1,1,1,1,1,1,1,1,1,1,Anonymized,1012,29,2,-0.951837975,33,90,52,,17,41,20,11,35,16,
45574.39884,45574.41376,0,Anonymized,100,1289,1,45574.41377,Anonymized,Anonymized,Anonymized,Anonymized,,Anonymized,Anonymized,anonymous,EN,1.0,Anonymized,1.0,1,1,2,73,2,2,2,2,3,3,2,3,2,1,2,2,2,3,2,3,3,2,2,2,4,4,4,4,3,4,4,4,4,4,4,4,3,4,4,2,4,3,4,3,3,1,3,2,3,3,2,3,1,2,2,3,1,2,2,3,4,3,1,3,2,2,,,,,,,,,,,2.0,1.0,1.0,3.0,2.0,2.0,1.0,4.0,2,1,1,2,2,3.0,2,3,3,3,3,2,2,1,1,3,3,1,1,1,1,1,2,1,2,2,1,1,1,2,2,2,2,1,3,3,1,3,2,1,2,2,3,2,2,2,1,2,1,2,3,2,2,2,2,2,2,2,3,1,2,2,3,2,3,Anonymized,1289,73,2,-0.894807447,45,77,48,,16,29,13,10,39,35,
45574.42301,45574.43304,0,Anonymized,100,866,1,45574.43306,Anonymized,Anonymized,Anonymized,Anonymized,,Anonymized,Anonymized,anonymous,EN,1.0,Anonymized,1.0,1,1,1,35,1,1,1,2,1,2,1,1,2,1,2,3,1,1,4,5,3,2,2,4,4,3,4,2,4,4,4,3,4,3,4,4,4,2,3,3,4,2,4,2,2,2,2,2,2,2,2,3,1,1,1,2,3,2,1,2,4,4,1,3,2,3,,,,,,,,,,,2.0,1.0,1.0,2.0,3.0,4.0,2.0,2.0,2,1,1,1,1,3.0,1,3,1,2,3,1,1,2,1,2,1,1,1,1,1,1,1,2,2,1,1,2,1,2,1,1,2,1,3,2,1,1,2,2,1,2,2,1,2,1,2,1,1,2,2,1,2,3,2,1,3,3,2,3,3,2,3,3,2,Anonymized,866,35,1,-0.869366393,40,69,45,,17,21,11,10,31,37,
45574.41572,45574.43484,0,Anonymized,100,1652,1,45574.43485,Anonymized,Anonymized,Anonymized,Anonymized,,Anonymized,Anonymized,anonymous,EN,1.0,Anonymized,1.0,1,1,1,61,2,2,1,2,2,2,1,2,3,2,3,1,2,1,3,1,5,3,3,3,5,3,4,3,4,4,4,4,5,4,4,4,4,4,4,3,4,3,3,3,3,1,1,1,1,1,1,4,1,1,1,1,1,1,1,1,1,1,1,1,1,1,,,,,,,,,,,2.0,4.0,3.0,2.0,2.0,2.0,2.0,4.0,2,1,1,2,2,3.0,1,2,3,3,3,3,3,4,4,4,4,2,3,2,1,2,4,2,2,2,1,1,1,3,3,3,3,3,4,4,2,2,4,3,3,3,3,2,4,2,2,3,2,4,4,4,4,4,4,4,4,4,3,4,4,4,4,4,4,Anonymized,1652,61,1,-0.926798888,44,79,24,,21,29,26,13,58,63,
45574.43271,45574.43888,0,Anonymized,100,533,1,45574.4389,Anonymized,Anonymized,Anonymized,Anonymized,,Anonymized,Anonymized,anonymous,EN,1.0,Anonymized,1.0,1,1,2,36,3,2,4,2,2,2,2,2,3,1,2,2,2,3,2,4,1,3,1,4,4,4,4,4,4,4,4,2,4,4,4,4,4,2,4,2,5,2,3,4,4,2,4,2,4,2,2,3,4,2,2,2,2,3,2,2,3,3,1,2,3,3,,,,,,,,,,,1.0,2.0,3.0,5.0,4.0,1.0,2.0,1.0,3,3,3,4,3,4.0,1,4,5,4,4,4,4,2,2,3,3,3,3,4,2,1,3,3,3,4,4,3,1,3,4,3,3,1,4,3,3,2,3,2,3,3,3,3,3,3,3,3,3,2,3,2,3,4,4,4,4,5,5,5,5,4,4,3,4,Anonymized,533,36,2,-0.842550047,47,76,53,,19,46,23,21,58,61,
45574.44324,45574.45758,0,Anonymized,100,1239,1,45574.4576,Anonymized,Anonymized,Anonymized,Anonymized,,Anonymized,Anonymized,anonymous,EN,0.699999988,Anonymized,1.0,1,1,2,21,2,3,2,3,2,2,2,2,2,2,2,1,2,3,3,3,3,1,2,2,5,4,4,5,4,4,4,3,3,2,4,3,2,2,4,2,4,2,4,3,2,4,3,2,3,2,2,2,2,2,2,4,2,2,2,3,4,4,1,2,1,3,,,,,,,,,,,3.0,1.0,1.0,4.0,4.0,2.0,1.0,3.0,3,2,2,3,2,3.0,1,3,3,2,3,3,2,1,2,2,3,2,1,2,1,1,2,2,2,2,1,2,2,3,2,3,2,2,3,3,2,3,3,1,2,3,4,2,3,3,3,3,3,2,2,2,2,2,2,2,2,3,2,2,2,2,2,2,2,Anonymized,1239,21,2,-0.917286859,44,70,52,,19,32,15,13,53,33,
45574.44584,45574.46201,0,Anonymized,100,1397,1,45574.46202,Anonymized,Anonymized,Anonymized,Anonymized,,Anonymized,Anonymized,anonymous,EN,1.0,Anonymized,1.0,1,1,1,29,3,4,2,3,2,4,3,2,3,2,5,4,4,5,4,5,5,1,3,3,4,5,4,4,5,3,4,3,4,4,5,5,4,4,3,2,3,2,3,3,4,4,3,4,3,4,2,2,2,4,3,3,4,3,4,3,4,3,2,2,4,3,,,,,,,,,,,2.0,3.0,1.0,4.0,2.0,3.0,1.0,3.0,4,2,3,4,4,5.0,4,5,4,5,5,5,4,4,3,3,4,3,4,4,2,1,3,4,4,4,4,4,4,3,3,3,4,3,3,2,4,3,3,2,4,3,1,2,3,3,2,4,3,4,4,4,5,4,4,2,3,5,5,4,3,1,1,1,1,Anonymized,1397,29,1,-0.869210531,67,78,66,,19,54,28,27,58,51,
45574.45253,45574.46424,0,Anonymized,100,1010,1,45574.46425,Anonymized,Anonymized,Anonymized,Anonymized,,Anonymized,Anonymized,anonymous,EN,1.0,Anonymized,1.0,1,1,2,76,1,2,2,3,2,1,1,3,2,5,2,1,2,1,4,3,3,1,4,5,2,4,5,5,4,3,4,5,5,3,4,5,2,2,5,1,5,1,4,2,2,1,1,1,3,2,1,3,1,1,1,1,1,1,1,1,1,1,1,1,1,1,,,,,,,,,,,1.0,1.0,1.0,4.0,1.0,3.0,1.0,2.0,1,1,1,1,1,2.0,1,2,2,2,1,3,1,1,1,1,1,1,1,1,1,1,1,1,1,1,1,1,1,1,1,2,1,1,3,2,1,1,1,1,2,1,1,1,1,2,1,2,1,2,2,3,1,3,3,2,2,1,1,2,2,2,2,3,2,Anonymized,1010,76,2,-0.915925564,48,73,26,,14,19,9,7,27,33,
45574.45184,45574.47767,0,Anonymized,100,2232,1,45574.47768,Anonymized,Anonymized,Anonymized,Anonymized,,Anonymized,Anonymized,anonymous,EN,1.0,Anonymized,1.0,1,1,2,41,3,4,3,5,2,4,3,4,4,4,4,5,4,4,5,5,5,5,5,5,4,4,1,4,4,4,4,2,2,2,4,2,2,2,4,2,2,1,2,2,1,2,2,2,1,2,2,1,2,2,2,2,2,1,1,1,2,1,1,2,2,1,,,,,,,,,,,3.0,1.0,3.0,4.0,3.0,2.0,3.0,5.0,3,1,4,4,4,4.0,3,5,3,3,4,3,3,3,3,3,2,2,2,4,1,2,1,3,3,4,3,4,3,3,3,4,4,2,4,4,2,3,3,2,4,1,2,2,3,2,3,2,2,2,2,2,2,1,1,1,2,2,1,1,2,1,1,1,1,Anonymized,2232,41,2,-0.896553625,83,55,34,,24,44,22,21,55,23,
45574.47484,45574.47924,0,Anonymized,100,379,1,45574.47925,Anonymized,Anonymized,Anonymized,Anonymized,,Anonymized,Anonymized,anonymous,EN,1.0,Anonymized,1.0,1,1,2,21,4,4,3,4,2,4,4,1,4,1,4,4,3,5,3,3,4,1,2,5,4,2,3,2,4,4,4,4,4,4,4,4,4,4,4,4,4,3,5,5,5,2,3,1,2,2,2,4,2,2,2,2,2,2,2,2,2,2,2,2,2,2,,,,,,,,,,,4.0,2.0,2.0,2.0,3.0,2.0,1.0,2.0,1,1,1,1,1,2.0,1,2,1,1,1,2,3,1,1,2,1,1,1,2,1,1,1,1,1,2,2,1,1,2,2,1,2,1,2,3,2,3,1,1,2,2,3,1,2,2,1,2,1,2,2,1,2,2,2,2,2,2,2,2,2,2,2,2,2,Anonymized,379,21,2,-0.98482421,65,81,44,,18,18,11,9,36,31,
45574.48601,45574.49418,0,Anonymized,100,706,1,45574.49419,Anonymized,Anonymized,Anonymized,Anonymized,,Anonymized,Anonymized,anonymous,EN,1.0,Anonymized,1.0,1,1,2,45,4,4,5,4,2,4,5,2,4,1,4,4,5,5,5,1,5,2,2,2,4,4,4,4,2,2,4,2,4,2,2,4,1,4,5,5,5,1,1,1,4,5,5,1,4,5,2,2,4,1,1,1,1,2,1,4,5,4,1,1,1,1,,,,,,,,,,,2.0,1.0,1.0,5.0,1.0,5.0,1.0,5.0,4,2,3,3,2,4.0,4,3,4,4,4,2,5,2,3,3,4,4,3,3,1,1,3,3,3,2,1,4,3,3,4,3,3,4,4,4,3,4,3,1,4,3,4,4,3,4,4,4,4,1,1,1,1,1,1,1,1,1,1,1,1,1,1,1,1,Anonymized,706,45,2,-0.553943328,70,65,52,,21,44,24,19,70,16,
45574.48068,45574.49617,0,Anonymized,100,1337,1,45574.49618,Anonymized,Anonymized,Anonymized,Anonymized,,Anonymized,Anonymized,anonymous,EN,1.0,Anonymized,1.0,1,1,1,58,2,3,2,3,4,3,4,1,2,3,5,3,4,2,5,4,5,4,3,2,2,4,2,4,2,2,4,4,3,2,4,4,4,4,5,2,4,1,2,2,2,4,2,4,4,4,4,2,2,3,3,4,1,2,1,2,2,4,1,4,2,2,,,,,,,,,,,5.0,4.0,2.0,2.0,3.0,2.0,3.0,4.0,4,2,3,2,2,4.0,5,4,4,4,3,4,5,3,2,4,3,2,3,3,2,1,3,3,2,2,2,3,4,3,3,4,3,2,3,3,2,3,4,3,4,4,3,3,4,3,4,3,2,4,3,2,3,4,3,3,2,3,2,2,2,3,3,2,2,Anonymized,1337,58,1,-0.775958446,64,63,57,,25,46,23,19,63,43,
45574.49368,45574.50035,0,Anonymized,100,575,1,45574.50036,Anonymized,Anonymized,Anonymized,Anonymized,,Anonymized,Anonymized,anonymous,EN,1.0,Anonymized,1.0,1,1,1,38,4,5,1,5,2,4,3,1,4,5,4,1,4,3,5,2,5,3,4,3,3,4,3,4,4,4,4,3,4,4,5,4,4,4,4,2,4,2,4,3,5,1,4,1,4,4,4,1,1,1,1,4,1,1,1,1,1,1,1,3,1,4,,,,,,,,,,,1.0,1.0,1.0,2.0,1.0,1.0,1.0,4.0,3,2,2,1,2,2.0,1,2,5,2,2,2,1,3,3,4,3,2,4,3,1,2,1,2,2,2,1,1,1,4,2,4,3,3,3,3,3,1,3,1,4,4,4,4,4,2,4,4,2,1,1,1,1,1,1,1,1,1,1,1,1,1,1,1,1,Anonymized,575,38,1,-0.911395078,68,78,41,,12,27,25,10,62,16,
45574.49848,45574.50424,0,Anonymized,100,497,1,45574.50425,Anonymized,Anonymized,Anonymized,Anonymized,,Anonymized,Anonymized,anonymous,EN,1.0,Anonymized,1.0,1,1,2,35,4,4,1,4,3,2,2,3,2,2,3,2,4,3,4,5,4,3,4,2,2,4,2,4,4,4,4,4,4,4,4,4,4,4,4,2,4,2,2,2,2,2,4,2,2,4,2,2,1,1,1,4,1,2,2,4,2,2,2,4,2,2,,,,,,,,,,,1.0,1.0,2.0,2.0,2.0,2.0,2.0,3.0,1,1,1,1,1,1.0,1,1,1,1,1,1,1,2,2,3,3,3,3,2,1,1,4,2,2,2,1,2,1,3,3,4,4,3,3,4,2,3,3,2,4,3,4,4,3,2,3,3,3,2,2,2,2,2,2,3,3,4,4,3,3,2,3,3,2,Anonymized,497,35,2,-0.945721734,61,70,48,,15,13,20,14,63,42,
45574.50304,45574.51066,0,Anonymized,100,658,1,45574.51067,Anonymized,Anonymized,Anonymized,Anonymized,,Anonymized,Anonymized,anonymous,EN,1.0,Anonymized,1.0,1,1,1,46,3,4,1,2,2,4,2,4,3,2,4,4,3,3,2,3,4,1,2,3,4,4,4,4,5,4,4,5,4,4,4,4,5,4,5,3,4,1,4,4,4,2,1,2,3,2,2,2,2,2,2,2,2,1,2,2,2,2,1,4,2,3,,,,,,,,,,,3.0,1.0,2.0,4.0,1.0,2.0,1.0,1.0,2,1,3,2,1,2.0,3,2,3,3,2,2,3,1,1,1,3,1,1,2,1,1,2,1,2,2,2,1,1,2,4,3,2,2,3,2,2,3,3,1,3,3,3,2,3,3,2,3,2,3,4,3,4,4,3,4,5,4,3,3,3,4,5,5,4,Anonymized,658,46,1,-0.903859051,56,84,43,,15,29,12,11,51,61,
45574.504,45574.51104,0,Anonymized,100,608,1,45574.51106,Anonymized,Anonymized,Anonymized,Anonymized,,Anonymized,Anonymized,anonymous,EN,1.0,Anonymized,1.0,1,1,2,36,2,2,1,2,2,2,2,2,2,2,2,2,2,2,2,2,2,2,4,2,4,4,4,4,4,4,4,4,4,4,4,4,4,4,4,2,4,2,3,2,2,2,4,2,2,2,2,2,2,2,2,4,2,2,2,2,4,2,2,4,2,2,,,,,,,,,,,1.0,2.0,1.0,2.0,1.0,1.0,1.0,2.0,1,1,1,1,1,1.0,2,1,1,1,1,1,1,2,2,2,2,1,1,2,1,1,2,2,2,1,1,2,2,2,2,3,2,1,3,3,1,3,3,1,2,3,2,2,3,2,2,2,3,2,3,4,3,2,3,2,4,3,4,2,2,2,3,3,4,Anonymized,608,36,2,-0.944351042,41,75,50,,11,14,14,12,45,46,
45574.52262,45574.53366,0,Anonymized,100,954,1,45574.53369,Anonymized,Anonymized,Anonymized,Anonymized,,Anonymized,Anonymized,anonymous,EN,0.800000012,Anonymized,1.0,1,1,1,62,4,4,2,4,3,2,4,2,4,2,4,4,4,2,3,3,4,1,2,2,2,3,4,2,4,4,3,5,2,2,2,3,2,2,2,2,4,2,4,2,2,1,2,2,2,3,3,2,1,1,1,3,2,4,2,3,4,4,2,3,1,1,,,,,,,,,,,1.0,1.0,1.0,4.0,1.0,1.0,4.0,1.0,3,2,3,3,3,3.0,1,3,4,4,4,3,4,3,3,3,3,3,3,3,2,1,3,3,3,3,2,2,3,3,3,3,3,3,2,4,3,3,3,3,3,3,3,3,3,4,4,4,4,3,3,3,3,3,3,3,3,2,2,2,3,2,2,2,2,Anonymized,954,62,1,-0.934594909,60,58,47,,14,40,24,19,64,41,
45574.52642,45574.54038,0,Anonymized,100,1205,1,45574.54039,Anonymized,Anonymized,Anonymized,Anonymized,,Anonymized,Anonymized,anonymous,EN,1.0,Anonymized,1.0,1,1,1,26,3,4,5,3,3,3,3,3,4,3,4,3,5,2,4,3,4,3,4,2,4,4,4,5,4,5,4,5,5,5,5,5,5,5,5,4,5,5,5,5,5,2,2,2,2,2,2,2,2,2,2,2,2,2,2,2,2,2,2,2,2,2,,,,,,,,,,,3.0,1.0,3.0,5.0,5.0,4.0,4.0,5.0,2,3,2,4,4,3.0,2,3,2,2,4,5,2,3,3,4,4,2,4,2,1,2,2,2,2,4,2,4,2,4,3,4,4,4,4,4,3,3,3,2,4,2,3,4,4,2,2,3,1,2,2,2,2,3,3,3,3,2,2,2,2,3,3,3,3,Anonymized,1205,26,1,-0.871219509,68,99,42,,30,38,25,18,63,40,
45574.54284,45574.54693,0,Anonymized,100,354,1,45574.54695,Anonymized,Anonymized,Anonymized,Anonymized,,Anonymized,Anonymized,anonymous,EN,1.0,Anonymized,1.0,1,1,2,19,4,5,1,5,1,4,4,3,4,2,5,4,4,5,4,4,3,1,2,3,2,1,1,3,2,1,2,2,1,2,4,2,4,3,4,4,4,1,4,2,5,2,2,4,4,4,2,4,1,1,1,4,1,1,1,1,4,2,1,2,2,2,,,,,,,,,,,1.0,1.0,1.0,3.0,3.0,2.0,2.0,4.0,1,2,2,1,1,1.0,2,2,1,1,1,1,1,3,2,4,4,2,3,2,2,3,2,3,3,4,3,2,2,2,2,3,3,2,3,3,3,2,2,3,2,3,4,3,3,2,2,3,2,1,1,1,1,1,1,1,1,1,1,1,1,1,1,1,1,Anonymized,354,19,2,-0.952966109,68,54,46,,17,17,25,19,52,16,
45574.54464,45574.55174,0,Anonymized,100,613,1,45574.55175,Anonymized,Anonymized,Anonymized,Anonymized,,Anonymized,Anonymized,anonymous,EN,1.0,Anonymized,1.0,1,1,2,37,2,1,1,1,1,1,1,1,1,1,1,1,1,1,2,3,3,1,1,2,4,4,4,3,4,4,3,4,4,4,4,4,4,4,4,4,4,2,2,3,3,2,3,2,2,2,1,1,1,1,1,1,1,1,1,1,1,1,2,1,1,1,,,,,,,,,,,2.0,1.0,1.0,2.0,2.0,2.0,1.0,1.0,2,2,2,2,2,2.0,2,2,2,3,2,1,1,1,1,1,1,1,1,1,1,1,1,1,1,2,2,1,1,2,1,2,2,1,3,2,1,2,1,1,2,1,1,2,1,2,2,1,1,2,2,1,1,2,3,2,2,3,2,4,3,2,2,2,2,Anonymized,613,37,2,-0.994641059,27,76,28,,12,25,9,9,31,35,
45574.53832,45574.55256,0,Anonymized,100,1230,1,45574.55257,Anonymized,Anonymized,Anonymized,Anonymized,,Anonymized,Anonymized,anonymous,EN,1.0,Anonymized,1.0,1,1,2,53,3,2,4,2,3,2,3,1,3,1,4,1,3,2,2,5,2,1,1,3,3,2,4,2,2,4,3,4,4,3,2,3,2,5,2,3,2,3,3,2,4,2,4,1,3,5,3,1,1,2,2,5,2,4,1,5,3,3,1,3,1,1,,,,,,,,,,,5.0,2.0,3.0,4.0,5.0,5.0,2.0,3.0,2,1,2,1,1,2.0,1,1,2,2,1,1,1,2,2,1,2,2,1,2,2,1,3,1,1,4,3,4,2,2,4,3,2,2,3,3,1,4,2,3,3,1,2,1,3,3,3,1,3,2,2,1,3,3,2,3,1,3,1,3,1,4,1,3,1,Anonymized,1230,53,2,-0.891936255,48,62,53,,29,18,15,18,49,34,
45574.54736,45574.5539,0,Anonymized,100,564,1,45574.55391,Anonymized,Anonymized,Anonymized,Anonymized,,Anonymized,Anonymized,anonymous,EN,1.0,Anonymized,1.0,1,1,2,24,4,4,2,2,2,2,2,1,4,2,4,2,4,2,1,5,5,2,2,4,5,2,5,4,4,4,4,3,2,4,5,3,3,3,4,4,4,2,2,4,5,5,2,1,5,2,2,4,1,2,2,1,2,2,2,4,4,2,1,2,5,4,,,,,,,,,,,1.0,1.0,5.0,5.0,2.0,2.0,1.0,5.0,2,2,3,4,3,4.0,1,4,5,4,4,3,4,1,2,4,4,4,1,2,2,1,2,2,2,1,2,2,2,2,3,3,3,2,4,4,2,3,2,1,3,2,3,3,2,3,3,2,1,3,2,2,4,3,2,2,4,3,2,3,2,3,3,3,2,Anonymized,564,24,2,-0.711246688,56,76,55,,22,43,21,13,51,43,
45574.55181,45574.55914,0,Anonymized,100,633,1,45574.55915,Anonymized,Anonymized,Anonymized,Anonymized,,Anonymized,Anonymized,anonymous,EN,1.0,Anonymized,1.0,1,1,2,33,5,5,4,4,2,4,4,2,5,3,5,5,5,5,5,2,5,1,3,1,1,1,5,1,1,4,4,5,4,4,5,2,4,3,5,2,2,1,4,4,4,1,1,1,1,1,1,2,1,1,1,4,1,1,1,4,4,1,1,1,4,1,,,,,,,,,,,1.0,1.0,1.0,5.0,1.0,2.0,5.0,5.0,2,1,1,2,1,1.0,2,2,2,2,1,1,1,3,3,4,3,3,3,3,1,2,2,1,1,3,3,2,1,3,3,4,4,3,4,3,2,2,3,4,4,4,2,4,3,4,4,3,4,2,2,1,1,2,2,2,2,2,1,2,2,1,1,2,2,Anonymized,633,33,2,-0.867311524,75,66,34,,21,19,25,13,67,27,
45574.5591,45574.57093,0,Anonymized,100,1021,1,45574.57094,Anonymized,Anonymized,Anonymized,Anonymized,,Anonymized,Anonymized,anonymous,EN,1.0,Anonymized,1.0,1,1,2,42,4,4,4,2,1,5,4,1,4,1,1,4,4,1,1,3,2,1,1,2,5,5,5,2,2,2,4,4,4,4,4,5,2,2,4,1,4,2,5,2,5,5,2,1,4,5,1,4,1,1,1,4,4,1,1,1,1,1,1,3,2,4,,,,,,,,,,,1.0,1.0,1.0,5.0,5.0,4.0,3.0,4.0,2,2,3,4,3,5.0,2,3,5,5,5,3,2,3,4,3,3,2,3,3,1,1,1,1,2,1,1,4,1,3,2,4,4,4,3,4,3,2,4,3,4,4,3,4,4,4,4,1,3,2,3,2,4,2,2,3,4,4,4,2,3,3,3,4,2,Anonymized,1021,42,2,-0.558021505,50,73,48,,24,44,23,11,67,47,
45574.56416,45574.57432,0,Anonymized,100,877,1,45574.57434,Anonymized,Anonymized,Anonymized,Anonymized,,Anonymized,Anonymized,anonymous,EN,1.0,Anonymized,1.0,1,1,2,18,5,5,3,5,2,5,4,5,5,1,3,4,5,4,5,4,2,2,2,2,2,1,2,4,5,5,4,3,4,2,1,4,2,1,5,2,4,1,4,4,5,2,4,3,5,3,3,5,2,1,2,4,2,1,3,2,4,3,1,3,4,4,,,,,,,,,,,2.0,2.0,3.0,5.0,2.0,4.0,2.0,3.0,4,2,1,4,3,4.0,5,5,3,4,4,3,5,4,3,4,3,3,3,4,2,1,3,4,3,2,3,2,2,3,4,3,4,4,4,1,4,4,3,2,4,3,3,3,3,3,3,3,4,2,1,1,2,2,1,2,2,2,1,2,1,3,2,2,2,Anonymized,877,18,2,-0.704887485,73,65,61,,23,47,27,19,65,28,
45574.56476,45574.58046,0,Anonymized,100,1356,1,45574.58048,Anonymized,Anonymized,Anonymized,Anonymized,,Anonymized,Anonymized,anonymous,EN,,Anonymized,1.0,1,1,2,46,3,4,1,5,2,4,3,1,4,1,1,1,2,2,2,2,1,3,1,1,4,4,4,4,2,5,4,4,4,4,4,4,4,3,5,5,5,2,5,4,3,1,4,1,3,5,1,4,1,1,1,1,1,1,1,3,1,2,1,1,1,1,,,,,,,,,,,5.0,1.0,1.0,3.0,3.0,3.0,1.0,4.0,5,4,3,3,4,3.0,1,5,4,5,4,1,1,2,3,3,3,4,2,2,1,1,4,4,4,3,1,3,4,3,4,4,4,4,3,4,3,4,3,1,4,3,3,4,3,4,4,3,3,1,1,1,1,1,1,1,1,1,1,1,1,1,1,1,1,Anonymized,1356,46,2,-0.98066686,44,83,36,,21,43,21,23,68,16,
45574.58819,45574.59692,0,Anonymized,100,754,1,45574.59693,Anonymized,Anonymized,Anonymized,Anonymized,,Anonymized,Anonymized,anonymous,EN,1.0,Anonymized,1.0,1,1,3,27,2,2,5,3,4,3,4,2,4,1,2,1,4,4,2,1,2,2,3,3,2,2,4,2,5,4,4,4,5,4,2,4,2,4,5,1,5,2,4,3,4,2,4,4,4,2,2,4,4,1,2,4,2,2,2,5,2,5,4,2,4,4,,,,,,,,,,,5.0,3.0,5.0,5.0,5.0,4.0,4.0,5.0,5,2,4,5,3,5.0,2,4,4,5,5,4,2,2,3,4,4,4,3,4,1,2,4,3,3,4,2,3,2,3,3,3,4,4,4,4,3,3,2,2,3,4,4,3,3,3,3,3,3,1,1,1,1,1,1,1,1,1,1,1,1,1,1,1,1,Anonymized,754,27,3,-0.913363068,54,72,65,,36,50,27,21,64,16,
45574.5942,45574.60402,0,Anonymized,100,847,1,45574.60403,Anonymized,Anonymized,Anonymized,Anonymized,,Anonymized,Anonymized,anonymous,EN,1.0,Anonymized,1.0,1,1,2,49,3,2,4,2,2,2,4,3,2,2,4,2,2,2,2,5,2,1,1,5,2,4,4,5,4,4,2,2,4,4,4,2,4,2,4,1,4,1,4,4,4,1,3,2,3,2,3,1,1,1,2,2,1,4,1,4,2,4,2,2,3,5,,,,,,,,,,,4.0,3.0,2.0,4.0,1.0,3.0,4.0,5.0,4,4,4,4,4,4.0,2,3,4,4,4,4,4,4,3,3,3,3,4,2,3,2,4,3,3,4,3,3,3,3,3,3,3,2,3,3,2,3,3,3,3,3,3,2,3,4,3,2,3,3,3,2,3,3,2,3,4,3,2,3,3,4,3,4,3,Anonymized,847,49,2,-0.832395464,52,69,49,,26,49,27,23,57,48,
45574.60128,45574.60991,0,Anonymized,100,744,1,45574.60992,Anonymized,Anonymized,Anonymized,Anonymized,,Anonymized,Anonymized,anonymous,EN,1.0,Anonymized,1.0,1,1,1,40,2,3,2,2,2,2,2,3,3,2,3,2,2,4,3,2,4,2,2,4,2,3,5,3,4,4,3,4,2,2,3,3,2,3,4,2,4,1,3,4,3,2,3,2,2,3,1,3,1,2,2,3,2,1,1,3,2,3,1,3,4,4,,,,,,,,,,,1.0,1.0,1.0,4.0,2.0,1.0,1.0,3.0,2,2,1,1,1,2.0,1,1,2,1,1,1,2,2,2,2,3,2,1,1,1,1,2,1,2,2,1,2,1,2,2,2,2,2,3,2,2,3,2,2,3,3,2,2,2,2,2,2,3,1,2,3,3,3,3,2,3,3,2,1,3,3,3,2,2,Anonymized,744,40,1,-0.895748512,51,64,48,,14,18,15,11,45,39,
45574.67823,45574.70456,0,Anonymized,100,2274,1,45574.70457,Anonymized,Anonymized,Anonymized,Anonymized,,Anonymized,Anonymized,anonymous,EN,1.0,Anonymized,1.0,1,1,2,41,5,5,3,5,1,4,5,2,5,1,5,1,5,5,3,3,5,3,5,1,4,2,4,2,4,4,5,4,3,4,4,4,2,1,5,1,5,1,3,4,5,4,5,4,4,1,1,3,2,2,4,4,3,1,1,4,5,5,1,5,4,5,,,,,,,,,,,4.0,3.0,3.0,5.0,2.0,3.0,5.0,4.0,2,2,1,2,2,2.0,1,2,1,1,2,2,3,4,4,3,4,3,4,4,4,4,4,4,4,4,4,4,3,3,4,4,4,4,4,4,4,4,4,4,4,4,4,4,4,4,4,4,4,3,3,3,4,4,4,3,4,2,1,1,3,3,3,3,3,Anonymized,2274,41,2,-0.853637959,72,71,68,,29,23,34,27,79,47,
45574.74828,45574.75765,0,Anonymized,100,810,1,45574.75766,Anonymized,Anonymized,Anonymized,Anonymized,,Anonymized,Anonymized,anonymous,EN,1.0,Anonymized,1.0,1,1,1,33,4,4,3,4,1,4,4,2,4,2,4,4,3,4,5,2,4,1,2,1,3,3,4,3,4,3,2,2,4,4,3,4,2,3,3,1,2,1,3,5,5,4,4,2,4,4,1,3,2,2,2,2,2,4,2,4,4,3,1,4,5,4,,,,,,,,,,,1.0,1.0,1.0,5.0,2.0,2.0,1.0,3.0,1,1,1,3,2,3.0,1,4,4,3,2,1,1,3,3,2,4,4,4,3,4,1,4,3,3,4,4,3,2,3,3,3,2,3,3,4,4,3,3,2,4,2,4,4,3,4,4,4,3,2,2,2,2,3,2,3,2,4,2,1,2,2,2,1,1,Anonymized,810,33,1,-0.791239064,62,64,63,,16,27,28,23,65,33,
45574.74987,45574.76105,0,Anonymized,100,966,1,45574.76107,Anonymized,Anonymized,Anonymized,Anonymized,,Anonymized,Anonymized,anonymous,EN,1.0,Anonymized,1.0,1,1,2,41,3,2,1,2,2,2,2,2,3,2,2,2,1,3,4,1,2,1,2,2,4,3,4,4,2,4,5,4,3,4,5,4,2,3,4,4,4,2,5,3,2,1,2,1,2,4,2,4,1,1,2,4,3,1,1,3,4,2,1,5,2,2,,,,,,,,,,,2.0,2.0,1.0,3.0,3.0,1.0,1.0,4.0,2,1,1,2,1,2.0,2,2,1,3,2,2,2,2,2,3,3,2,2,1,1,1,3,2,2,2,1,2,1,2,2,3,2,2,3,3,3,3,3,1,2,3,3,2,2,2,2,3,2,2,2,1,3,2,2,1,2,3,2,2,1,1,1,1,1,Anonymized,966,41,2,-0.942812429,41,75,48,,17,23,17,13,48,27,
45574.78457,45574.79606,0,Anonymized,100,993,1,45574.79608,Anonymized,Anonymized,Anonymized,Anonymized,,Anonymized,Anonymized,anonymous,EN,1.0,Anonymized,1.0,1,1,1,34,2,4,1,4,2,3,2,1,2,2,2,4,2,2,4,5,2,1,2,2,4,4,4,4,4,4,4,4,4,4,4,4,4,4,4,4,4,3,2,2,2,2,2,2,2,2,2,2,2,2,2,2,2,2,2,2,2,2,2,2,2,2,,,,,,,,,,,1.0,1.0,1.0,3.0,3.0,1.0,1.0,2.0,3,1,2,2,2,2.0,3,4,2,2,2,2,2,3,3,2,3,1,4,2,2,1,4,4,4,3,2,1,3,3,3,3,3,3,3,3,3,3,3,1,3,3,3,2,2,3,3,2,3,1,2,2,1,2,2,2,2,1,1,1,1,2,2,2,2,Anonymized,993,34,1,-0.912530426,49,77,42,,13,29,21,21,55,26,
45574.80759,45574.81899,0,Anonymized,100,985,1,45574.819,Anonymized,Anonymized,Anonymized,Anonymized,,Anonymized,Anonymized,anonymous,EN,1.0,Anonymized,1.0,1,1,2,45,3,3,5,3,3,4,5,3,4,2,2,2,3,3,3,2,4,1,2,1,4,5,4,4,5,5,4,3,4,4,2,5,4,3,5,4,5,1,5,3,3,2,3,1,4,5,4,4,1,3,3,3,3,3,1,1,5,3,3,5,3,3,,,,,,,,,,,2.0,2.0,3.0,4.0,2.0,2.0,3.0,1.0,5,5,5,5,5,5.0,4,5,5,5,5,4,5,2,2,3,3,3,3,3,1,2,2,4,4,3,1,3,4,3,3,4,4,4,2,3,4,4,3,2,4,4,3,4,2,4,4,2,4,4,5,3,5,4,4,3,4,4,2,1,5,4,3,2,4,Anonymized,985,45,2,-0.904791694,58,82,63,,19,63,22,21,67,57,
45574.85698,45574.86498,0,Anonymized,100,690,1,45574.86499,Anonymized,Anonymized,Anonymized,Anonymized,,Anonymized,Anonymized,anonymous,EN,1.0,Anonymized,1.0,1,1,1,24,2,2,1,2,2,1,2,2,2,2,3,3,2,2,2,2,2,2,2,2,4,4,4,4,4,4,4,4,4,3,4,4,4,4,4,4,4,2,4,4,4,2,2,2,3,2,2,2,2,2,2,2,2,2,2,2,2,2,2,2,2,2,,,,,,,,,,,1.0,2.0,2.0,4.0,4.0,4.0,1.0,2.0,1,1,1,1,2,2.0,2,3,3,3,3,3,3,1,1,2,3,1,2,2,3,1,2,2,2,3,3,3,1,2,3,2,2,1,3,2,3,2,2,1,3,2,3,2,2,3,2,2,2,4,4,3,4,4,3,3,4,3,4,4,4,3,3,2,4,Anonymized,690,24,1,-0.815647235,40,81,43,,20,28,16,16,44,56,
45574.89425,45574.9039,0,Anonymized,100,833,1,45574.90391,Anonymized,Anonymized,Anonymized,Anonymized,,Anonymized,Anonymized,anonymous,EN,1.0,Anonymized,1.0,1,1,2,43,2,4,4,4,5,2,5,1,4,2,4,1,3,2,4,4,5,2,3,2,5,5,5,4,2,4,5,2,2,2,4,4,4,4,4,1,4,5,3,3,2,2,5,2,3,4,2,4,1,1,1,2,1,1,1,1,1,1,4,4,1,1,,,,,,,,,,,1.0,1.0,4.0,4.0,4.0,3.0,3.0,1.0,4,3,4,4,4,4.0,3,4,5,5,5,2,5,1,1,1,4,1,1,1,1,1,2,2,2,1,1,2,2,1,2,2,3,1,2,2,1,4,2,2,2,2,2,1,2,3,1,2,1,3,3,2,3,3,3,2,3,3,2,2,2,2,3,3,2,Anonymized,833,43,2,-0.939175134,63,74,43,,21,52,12,12,38,41,
45574.89944,45574.91167,0,Anonymized,100,1056,1,45574.91168,Anonymized,Anonymized,Anonymized,Anonymized,,Anonymized,Anonymized,anonymous,EN,1.0,Anonymized,1.0,1,1,2,31,4,4,2,4,2,3,2,2,4,2,4,4,4,5,4,4,5,3,3,2,5,4,4,5,4,5,5,4,5,4,4,5,4,4,5,2,5,1,5,4,4,2,4,2,5,2,1,4,1,2,1,4,3,3,1,2,1,2,1,2,3,3,,,,,,,,,,,4.0,1.0,3.0,3.0,1.0,1.0,2.0,3.0,3,1,2,1,1,3.0,1,2,3,2,2,2,3,2,2,2,2,2,1,2,1,1,3,2,2,2,2,4,2,2,2,2,2,1,2,2,2,2,2,1,2,2,3,1,2,2,2,2,1,1,1,1,1,1,1,1,1,1,1,1,1,1,1,1,1,Anonymized,1056,31,2,-0.977974678,67,88,49,,18,26,15,17,37,16,
45574.86031,45574.91185,0,Anonymized,100,4452,1,45574.91186,Anonymized,Anonymized,Anonymized,Anonymized,,Anonymized,Anonymized,anonymous,EN,1.0,Anonymized,1.0,1,1,1,20,4,3,2,4,3,2,2,2,1,3,2,3,2,3,3,3,2,4,2,2,3,4,3,4,4,4,4,3,4,4,4,4,4,3,4,3,3,3,4,4,4,2,4,2,4,3,2,4,2,2,2,3,2,3,2,3,3,4,3,3,2,5,,,,,,,,,,,2.0,3.0,2.0,4.0,3.0,3.0,2.0,5.0,4,3,4,5,5,4.0,2,4,4,3,4,3,3,3,2,3,4,2,3,3,1,2,3,3,3,3,3,3,3,3,2,3,2,2,4,3,2,3,3,2,3,3,3,2,2,3,3,2,3,3,3,2,3,2,5,4,4,5,3,1,5,4,3,2,4,Anonymized,4452,20,1,-0.725391512,52,77,60,,24,48,23,21,53,53,
45574.94774,45574.95495,0,Anonymized,100,622,1,45574.95496,Anonymized,Anonymized,Anonymized,Anonymized,,Anonymized,Anonymized,anonymous,EN,1.0,Anonymized,1.0,1,1,2,26,2,2,3,2,2,2,1,1,2,1,2,1,2,2,4,1,4,4,2,4,5,2,4,4,2,4,4,2,4,2,4,3,2,2,4,2,5,1,3,4,5,2,4,2,1,4,1,2,1,1,1,2,2,5,1,1,1,1,1,1,1,2,,,,,,,,,,,4.0,5.0,1.0,4.0,1.0,1.0,3.0,1.0,1,1,1,2,2,1.0,1,1,3,2,2,2,1,2,2,1,3,2,4,2,1,1,3,3,3,2,1,3,1,2,2,2,2,2,3,3,1,3,1,1,2,2,3,3,2,3,3,2,2,2,2,3,1,3,2,4,4,5,1,4,3,2,4,5,1,Anonymized,622,26,2,-0.491370113,44,68,37,,20,20,18,16,44,46,
45575.33521,45575.35041,0,Anonymized,100,1313,1,45575.35042,Anonymized,Anonymized,Anonymized,Anonymized,,Anonymized,Anonymized,anonymous,EN,1.0,Anonymized,1.0,1,1,1,25,2,4,1,3,2,2,2,4,2,2,2,4,2,1,2,2,4,4,4,4,4,4,4,4,4,4,1,2,2,2,1,5,2,2,4,2,4,2,4,4,2,3,4,4,2,3,4,2,2,2,2,4,5,2,2,4,4,4,2,2,2,2,,,,,,,,,,,1.0,1.0,1.0,3.0,3.0,1.0,1.0,2.0,2,1,2,1,2,3.0,1,2,2,2,2,3,1,1,1,2,2,2,2,1,1,1,1,1,2,1,1,2,1,2,2,2,2,2,3,2,2,1,3,1,2,2,2,1,2,1,2,2,2,2,2,3,2,4,3,4,3,5,3,4,3,4,4,4,4,Anonymized,1313,25,1,-0.954564867,53,63,61,,13,24,13,9,38,54,
45575.37306,45575.38485,0,Anonymized,100,1019,1,45575.38487,Anonymized,Anonymized,Anonymized,Anonymized,,Anonymized,Anonymized,anonymous,EN,1.0,Anonymized,1.0,1,1,1,30,4,4,1,4,2,4,2,4,2,3,4,2,2,2,5,4,4,2,4,5,4,2,2,4,2,4,2,4,4,4,4,2,4,2,2,2,4,1,2,2,2,2,2,4,4,2,2,4,2,2,2,4,1,2,2,2,4,2,4,4,2,2,,,,,,,,,,,2.0,2.0,1.0,3.0,1.0,1.0,2.0,3.0,2,1,1,2,3,3.0,2,3,2,3,2,2,4,2,2,3,3,2,1,1,1,1,2,2,2,2,1,1,1,2,2,2,4,1,2,3,2,3,3,2,2,2,3,1,3,3,2,1,2,1,1,1,1,1,1,1,1,1,1,1,1,1,1,1,1,Anonymized,1019,30,1,-0.971651962,64,59,55,,15,30,16,11,45,16,
45575.38598,45575.39206,0,Anonymized,100,525,1,45575.39207,Anonymized,Anonymized,Anonymized,Anonymized,,Anonymized,Anonymized,anonymous,EN,1.0,Anonymized,1.0,1,1,1,28,2,3,1,3,1,3,2,1,2,1,2,2,2,3,2,3,3,1,2,1,2,4,3,5,5,5,4,5,5,4,5,5,4,4,3,3,4,1,4,3,3,1,2,1,3,4,3,2,1,1,1,1,3,2,2,3,1,1,1,2,1,1,,,,,,,,,,,1.0,1.0,1.0,1.0,1.0,1.0,1.0,1.0,2,1,1,1,1,1.0,1,1,1,2,3,2,4,1,1,1,1,1,1,2,1,1,2,1,1,2,1,1,1,3,1,3,1,1,3,3,2,1,2,1,3,2,2,2,2,2,4,3,2,3,4,3,3,4,4,2,2,3,1,3,2,4,5,5,5,Anonymized,525,28,1,-0.972493768,40,81,37,,8,21,10,9,43,53,
45575.39645,45575.40402,0,Anonymized,100,653,1,45575.40403,Anonymized,Anonymized,Anonymized,Anonymized,,Anonymized,Anonymized,anonymous,EN,1.0,Anonymized,1.0,1,1,1,31,4,4,3,4,4,4,4,4,4,2,4,5,4,4,2,4,2,1,1,1,4,4,4,2,2,2,4,4,5,4,4,4,4,4,5,2,4,4,5,4,4,1,2,2,4,4,2,2,1,1,1,2,2,2,2,4,2,2,2,5,4,2,,,,,,,,,,,4.0,1.0,2.0,3.0,1.0,3.0,3.0,3.0,1,1,1,1,1,3.0,2,4,2,2,2,2,3,1,2,1,2,1,2,3,1,1,3,2,2,3,1,2,2,2,3,2,2,2,4,3,3,3,2,2,2,3,3,2,2,3,2,2,3,2,2,2,2,4,4,4,4,3,3,3,3,4,4,4,4,Anonymized,653,31,1,-0.930951286,65,79,49,,20,25,14,15,50,52,
45575.39961,45575.41211,0,Anonymized,100,1079,1,45575.41212,Anonymized,Anonymized,Anonymized,Anonymized,,Anonymized,Anonymized,anonymous,EN,1.0,Anonymized,1.0,1,1,2,44,4,4,1,4,2,2,2,1,2,4,4,1,2,2,5,4,2,2,2,1,2,1,2,2,4,5,3,4,4,4,3,4,4,4,4,3,5,3,3,2,2,1,2,1,2,2,1,2,1,1,1,1,1,1,1,1,1,1,1,2,1,1,,,,,,,,,,,1.0,1.0,1.0,3.0,2.0,2.0,2.0,2.0,2,1,1,1,1,1.0,1,1,1,1,1,1,1,2,2,2,2,3,2,2,1,1,2,2,2,2,1,2,2,3,2,3,1,2,4,3,2,3,3,1,3,4,3,2,3,3,2,4,3,2,1,1,2,2,2,3,3,2,1,3,3,3,2,2,3,Anonymized,1079,44,2,-0.958857374,51,68,26,,14,14,17,13,54,35,
45575.43412,45575.46536,0,Anonymized,100,2698,1,45575.46537,Anonymized,Anonymized,Anonymized,Anonymized,,Anonymized,Anonymized,anonymous,EN,1.0,Anonymized,1.0,1,1,2,40,4,4,3,4,3,4,3,4,4,4,4,3,4,4,5,3,4,3,4,5,2,1,1,1,3,3,2,4,4,3,2,2,3,3,2,1,3,1,1,5,1,1,1,1,1,1,1,2,1,1,1,1,1,1,1,1,1,1,1,1,1,2,,,,,,,,,,,1.0,1.0,1.0,4.0,2.0,1.0,1.0,1.0,2,1,1,1,1,2.0,1,3,2,1,1,2,1,2,3,1,3,1,2,2,1,1,3,2,2,4,2,3,2,3,4,4,2,3,3,3,2,3,3,2,4,4,2,3,4,2,2,4,2,1,1,1,1,2,1,1,2,1,1,1,1,1,1,1,1,Anonymized,2698,40,2,-0.977977753,76,48,23,,12,19,16,18,59,18,
45575.4611,45575.46905,0,Anonymized,100,687,1,45575.46906,Anonymized,Anonymized,Anonymized,Anonymized,,Anonymized,Anonymized,anonymous,EN,1.0,Anonymized,1.0,1,1,1,54,3,4,3,4,2,3,3,3,3,3,4,2,4,3,4,3,4,2,3,3,3,2,3,2,4,4,3,4,3,4,4,4,2,2,4,2,3,2,2,2,3,2,2,2,2,2,2,2,2,2,2,2,2,2,2,2,2,2,2,2,2,2,,,,,,,,,,,2.0,2.0,1.0,2.0,1.0,4.0,2.0,5.0,2,1,1,1,2,3.0,1,3,2,2,3,2,2,2,1,4,2,2,1,1,1,1,1,1,1,1,1,1,1,3,2,3,1,1,3,3,1,2,2,1,2,3,3,2,2,1,1,2,1,1,1,1,1,1,1,1,1,1,1,1,1,1,1,1,1,Anonymized,687,54,1,-0.910469539,63,62,42,,19,25,15,7,39,16,
45575.47799,45575.48302,0,Anonymized,100,434,1,45575.48303,Anonymized,Anonymized,Anonymized,Anonymized,,Anonymized,Anonymized,anonymous,EN,1.0,Anonymized,1.0,1,1,1,43,2,2,1,3,1,2,1,1,2,3,2,2,1,1,4,5,2,2,3,3,4,4,4,3,4,5,4,4,4,4,4,5,5,3,3,2,3,2,4,2,3,2,3,2,2,3,3,4,2,2,2,2,2,2,2,2,2,2,2,1,2,1,,,,,,,,,,,1.0,1.0,1.0,3.0,2.0,1.0,1.0,2.0,1,1,1,1,1,1.0,1,1,2,1,1,1,2,1,1,2,2,1,1,1,1,1,2,1,1,2,1,1,1,3,2,2,2,1,3,3,3,3,4,1,1,2,3,1,3,1,1,1,1,1,1,1,1,1,1,1,1,1,1,1,1,1,1,1,1,Anonymized,434,43,1,-0.985000778,43,76,45,,12,15,11,9,41,16,
45575.51784,45575.52397,0,Anonymized,100,529,1,45575.52399,Anonymized,Anonymized,Anonymized,Anonymized,,Anonymized,Anonymized,anonymous,EN,1.0,Anonymized,1.0,1,1,2,23,4,4,1,4,2,4,2,2,4,3,2,4,3,4,4,1,4,2,3,2,4,2,5,2,3,2,4,4,4,4,4,4,5,4,4,4,4,4,3,3,4,4,2,2,2,4,2,3,4,2,2,4,2,2,2,4,2,2,4,2,5,5,,,,,,,,,,,3.0,1.0,3.0,2.0,2.0,1.0,2.0,4.0,3,2,2,2,2,3.0,3,3,4,3,3,3,4,2,2,3,3,1,1,2,1,2,3,2,2,2,2,3,1,3,3,3,3,3,3,2,2,2,3,2,3,3,3,3,3,2,2,3,2,4,4,2,2,4,4,4,4,4,2,2,4,4,4,3,4,Anonymized,529,23,2,-0.882702655,59,77,61,,18,37,17,15,53,55,
45575.52034,45575.52693,0,Anonymized,100,570,1,45575.52694,Anonymized,Anonymized,Anonymized,Anonymized,,Anonymized,Anonymized,anonymous,EN,1.0,Anonymized,1.0,1,1,2,30,2,2,1,2,3,1,1,2,1,1,2,1,1,1,2,3,4,1,2,3,5,3,5,5,5,5,4,5,5,5,5,5,5,5,5,5,5,2,5,5,5,1,1,1,1,1,1,4,1,1,1,1,1,1,1,1,1,1,1,1,1,1,,,,,,,,,,,1.0,1.0,1.0,4.0,4.0,1.0,1.0,2.0,5,4,5,5,5,5.0,3,5,5,5,5,4,5,1,1,1,2,1,1,1,1,1,1,1,1,2,1,1,1,1,1,2,1,2,1,1,1,2,1,1,2,1,2,2,1,1,1,1,1,1,1,1,1,1,1,1,1,1,1,1,1,1,1,1,1,Anonymized,570,30,2,-0.985748889,36,99,24,,15,61,10,8,26,16,
45576.58171,45576.58932,0,Anonymized,100,657,1,45576.58933,Anonymized,Anonymized,Anonymized,Anonymized,,Anonymized,Anonymized,anonymous,EN,1.0,Anonymized,1.0,1,1,1,31,2,4,1,4,1,3,3,1,2,4,3,1,3,4,4,1,5,2,3,1,4,3,5,4,5,5,5,5,5,5,4,3,4,4,4,4,5,1,1,5,4,1,1,1,2,1,1,4,1,1,1,2,1,1,1,2,1,1,1,3,1,2,,,,,,,,,,,2.0,2.0,2.0,4.0,3.0,4.0,1.0,3.0,1,1,1,1,1,1.0,1,1,1,1,1,2,1,4,4,4,4,2,2,3,4,2,3,2,3,4,1,2,2,4,3,3,1,2,3,3,2,3,4,2,2,3,4,2,4,3,1,3,3,1,1,1,1,1,1,1,1,1,1,1,1,1,1,1,1,Anonymized,657,31,1,-0.931272765,52,85,30,,21,14,29,17,55,16,
45576.67005,45576.6819,0,Anonymized,100,1023,1,45576.68191,Anonymized,Anonymized,Anonymized,Anonymized,,Anonymized,Anonymized,anonymous,EN,1.0,Anonymized,1.0,1,1,1,27,4,4,5,2,1,3,5,3,5,3,5,4,5,4,5,5,4,1,3,4,4,3,3,4,3,5,3,3,4,4,5,4,4,4,4,4,4,4,4,4,4,4,4,5,4,4,5,3,4,4,5,4,4,5,3,4,4,5,3,4,5,4,,,,,,,,,,,3.0,3.0,2.0,5.0,4.0,4.0,3.0,4.0,2,1,1,1,1,2.0,2,2,2,2,1,2,2,4,4,3,4,3,4,3,3,4,4,3,4,3,4,3,4,3,2,2,3,3,2,3,3,2,3,3,2,3,2,2,2,2,3,3,2,4,3,3,4,4,3,4,3,3,4,5,4,5,4,4,4,Anonymized,1023,27,1,-0.932916968,75,81,87,,28,21,32,25,50,61,
45576.96006,45576.96912,0,Anonymized,100,782,1,45576.96914,Anonymized,Anonymized,Anonymized,Anonymized,,Anonymized,Anonymized,anonymous,EN,1.0,Anonymized,1.0,1,1,1,28,1,1,1,1,3,1,1,1,1,1,1,1,1,1,3,3,1,1,1,1,5,5,5,5,5,5,5,5,5,4,5,5,3,3,5,3,5,1,4,4,4,1,1,1,1,1,1,1,1,1,1,1,1,1,1,1,1,1,1,1,1,1,,,,,,,,,,,3.0,1.0,1.0,1.0,3.0,1.0,1.0,3.0,1,1,1,1,1,1.0,1,1,1,1,1,1,1,1,1,2,1,1,1,2,1,1,1,1,1,1,1,1,1,2,1,1,1,1,3,2,1,1,2,1,1,1,1,1,1,1,1,1,1,3,3,3,3,4,4,4,4,3,3,3,3,4,4,4,4,Anonymized,782,28,1,-0.972975162,26,91,21,,14,13,11,7,25,56,
45577.81939,45577.83101,0,Anonymized,100,1004,1,45577.83102,Anonymized,Anonymized,Anonymized,Anonymized,,Anonymized,Anonymized,anonymous,EN,1.0,Anonymized,1.0,1,1,3,33,3,4,4,4,1,4,4,1,4,4,1,1,4,5,5,1,5,5,1,1,1,1,4,3,2,5,5,3,4,4,1,5,5,4,5,2,5,5,3,1,5,4,1,4,4,5,5,5,1,3,1,5,3,1,1,5,3,5,1,5,4,5,,,,,,,,,,,1.0,4.0,4.0,3.0,3.0,5.0,4.0,5.0,4,5,5,5,5,5.0,5,5,5,5,5,4,5,4,4,4,3,4,4,4,2,4,4,4,4,4,3,1,4,4,4,4,4,4,4,3,4,4,4,4,4,4,1,4,4,4,4,2,4,1,1,1,1,1,1,1,1,1,1,1,1,1,1,1,1,Anonymized,1004,33,3,-0.534077706,62,73,71,,29,63,33,24,74,16,
45578.60097,45578.60712,0,Anonymized,100,531,1,45578.60714,Anonymized,Anonymized,Anonymized,Anonymized,,Anonymized,Anonymized,anonymous,EN,1.0,Anonymized,1.0,1,1,3,20,2,4,2,4,3,4,2,4,4,2,5,4,3,1,4,2,5,2,3,2,3,5,5,4,3,4,4,3,4,5,4,3,3,3,4,2,4,3,3,2,2,1,4,1,2,4,2,3,3,4,4,3,1,2,2,4,4,4,1,1,2,2,,,,,,,,,,,1.0,3.0,1.0,4.0,2.0,1.0,1.0,2.0,2,1,1,1,3,2.0,1,2,4,2,2,2,1,2,2,1,3,1,2,1,1,1,2,2,2,2,1,1,1,2,2,3,2,2,3,2,1,2,3,1,3,3,3,2,2,2,2,2,2,3,2,2,3,2,2,2,2,3,2,3,3,3,2,3,2,Anonymized,531,20,3,-0.887325612,62,73,54,,15,24,14,11,44,39,
45580.69903,45580.70439,0,Anonymized,100,462,1,45580.70439,Anonymized,Anonymized,Anonymized,Anonymized,,Anonymized,Anonymized,anonymous,EN,1.0,Anonymized,1.0,1,1,2,27,4,4,1,4,5,2,1,5,4,4,1,4,3,4,5,5,2,1,4,5,3,5,3,4,5,5,4,2,4,4,5,3,4,4,5,1,3,2,4,5,4,1,4,1,4,1,1,4,1,2,1,1,2,2,2,1,1,1,1,5,1,1,,,,,,,,,,,1.0,1.0,1.0,2.0,1.0,1.0,1.0,1.0,2,1,1,1,1,2.0,1,3,1,1,1,1,3,1,2,1,2,1,2,1,1,1,2,2,2,1,1,2,2,3,3,3,4,2,2,4,2,4,3,1,4,4,3,4,3,4,3,4,2,2,1,1,3,1,1,1,1,2,2,2,1,2,2,1,1,Anonymized,462,27,2,-0.94186854,68,79,38,,9,19,12,12,62,24,
