PROLIFIC_PID,StartDate,EndDate,Status,IPAddress,Progress,Duration (in seconds),Finished,RecordedDate,ResponseId,LocationLatitude,LocationLongitude,DistributionChannel,UserLanguage,consentbox,futurestudies,prolificID_default,MFQ_30_part1_1,MFQ_30_part1_2,MFQ_30_part1_3,MFQ_30_part1_4,MFQ_30_part1_5,MFQ_30_part1_6,MFQ_30_part1_7,MFQ_30_part1_8,MFQ_30_part1_9,MFQ_30_part1_10,MFQ_30_part1_11,MFQ_30_part1_12,MFQ_30_part1_13,MFQ_30_part1_14,MFQ_30_part1_15,MFQ_30_part1_16,MFQ_part2_1,MFQ_part2_2,MFQ_part2_3,MFQ_part2_4,MFQ_part2_5,MFQ_part2_6,MFQ_part2_7,MFQ_part2_8,MFQ_part2_9,MFQ_part2_10,MFQ_part2_11,MFQ_part2_12,MFQ_part2_13,MFQ_part2_14,MFQ_part2_15,MFQ_part2_16,attentioncheck1,MFQ_HARM_AVG,MFQ_FAIRNESS_AVG,MFQ_INGROUP_AVG,MFQ_AUTHORITY_AVG,MFQ_PURITY_AVG,MFQ_PROGRESSIVISM,politicalideology,socialideology,economicideology,AuthChild_1_1,AuthChild_2_1,AuthChild_3_1,AuthChild_4_1,AuthChild,Dogmatism_1,Dogmatism_2,Dogmatism_3,Dogmatism_4,Dogmatism_5,Dogmatism_6,Dogmatism_7,Dogmatism_8,Dogmatism_9,Dogmatism_10,Dogmatism_11,Dogma_total,Sticsa_1,Sticsa_2,Sticsa_3,Sticsa_4,Sticsa_5,Sticsa_6,Sticsa_7,Sticsa_8,Sticsa_9,Sticsa_10,Sticsa_11,Sticsa_12,Sticsa_13,Sticsa_14,Sticsa_15,Sticsa_16,Sticsa_17,Sticsa_18,Sticsa_19,Sticsa_20,Sticsa_21,attenctioncheck2,sticsa_somatic,sticsa_cognitive,int_uncertainty_1,int_uncertainty_2,int_uncertainty_3,int_uncertainty_4,int_uncertainty_5,int_uncertainty_6,int_uncertainty_7,int_uncertainty_8,int_uncertainty_9,int_uncertainty_10,int_uncertainty_11,int_uncertainty_12,int_uncertainty,TDDS_1,TDDS_2,TDDS_3,TDDS_4,TDDS_5,TDDS_6,TDDS_7,TDDS_8,TDDS_9,TDDS_10,TDDS_11,TDDS_12,TDDS_13,TDDS_14,TDDS_15,TDDS_16,TDDS_17,TDDS_18,TDDS_19,TDDS_20,TDDS_21,TDDS_sexual,TDDS_moral,TDDS_pathogen,TDDS_total,MAIA_1,MAIA_2,MAIA_3,MAIA_4,MAIA_5,MAIA_6,MAIA_7,MAIA_8,MAIA_9,MAIA_10,MAIA_11,MAIA_12,MAIA_13,MAIA_14,MAIA_15,MAIA_16,MAIA_17,MAIA_18,MAIA_19,MAIA_20,MAIA_21,MAIA_22,MAIA_23,MAIA_24,MAIA_25,MAIA_26,MAIA_27,MAIA_28,MAIA_29,MAIA_30,MAIA_31,MAIA_32,MAIA_33,MAIA_34,MAIA_35,MAIA_36,MAIA_37,attentioncheck3,MAIA_noticing,MAIA_notDistracting,MAIA_notworrying,MAIA_atteReg,MAIA_emotionAw,MAIA_selfReg,MAIA_bodyListen,MAIA_bodyTrust,MAIA_total,IAS_1,IAS_2,IAS_3,IAS_4,IAS_5,IAS_6,IAS_7,IAS_8,IAS_9,IAS_10,IAS_11,IAS_12,IAS_13,IAS_14,IAS_15,IAS_16,IAS_17,IAS_18,IAS_19,IAS_20,IAS_21,IAS_total,IATS_1,IATS_2,IATS_3,IATS_4,IATS_5,IATS_6,IATS_7,IATS_8,IATS_9,IATS_10,IATS_11,IATS_12,IATS_13,IATS_14,IATS_15,IATS_16,IATS_17,IATS_18,IATS_19,IATS_20,IATS_21,attentioncheck4,IATS_total,Comments,Age,Sex,Ethnicity simplified,Employment status,Time taken
546e3778fdf99b2bc7ebcff6,44900.67138,44900.69123,0,,100,1715,1,44900.69124,R_3O7Cj9YxGstIryM,,,anonymous,EN,1,1,546e3778fdf99b2bc7ebcff6,6,5,5,5,6,1,6,5,5,4,5,6,6,6,6,6,6,5,6,6,5,6,5,6,5,6,6,4,4,5,5,6,6,5.5,5.17,5.33,5.33,5.67,-0.11,7,7,6,1,1,1,0,3,2,2,2,2,4,2,2,4,5,2,5,2.909091,2,2,3,3,3,1,2,1,2,2,4,1,1,2,1,2,3,1,2,2,1,2,1.454545,2.5,4,4,4,5,4,2,2,2,1,4,2,2,36,6,6,4,6,4,4,5,6,4,6,5,6,6,6,5,6,5,4,6,1,3,4.714286,5.857143,4.285714,4.952381,1,4,4,2,1,0,2,1,1,1,2,4,3,3,1,3,3,4,3,4,1,4,5,3,5,5,5,3,4,3,3,3,4,5,5,5,4,1,2.75,1,2.6,3.166667,4.6,3.333333,4,4.666667,3.081081,3,4,3,4,4,4,3,2,5,4,5,4,2,2,5,1,5,4,2,4,2,72,2,3,2,4,4,2,5,1,4,4,4,3,3,3,5,3,4,3,2,3,4,4,68,This was interesting.,75,Female,White,"Not in paid work (e.g. homemaker', 'retired or disabled)",1731
5484655ffdf99b07b28f22cc,44900.66826,44900.71475,0,,100,4015,1,44900.71476,R_3RqrzzSGbKfLups,,,anonymous,EN,1,1,5484655ffdf99b07b28f22cc,6,6,5,4,3,2,6,6,5,4,3,6,6,4,6,4,5,6,5,4,4,6,5,6,5,4,4,5,3,5,3,3,6,5.5,5.5,4.83,4.17,3.5,1.33,2,2,2,0,0,0,1,1,3,2,2,2,2,2,2,2,2,2,2,2.090909,1,1,1,1,1,1,1,1,1,1,1,1,1,1,1,1,1,1,1,1,1,1,1,1,2,4,4,1,3,1,1,1,1,1,1,1,21,5,2,5,6,1,3,5,4,1,6,3,1,6,5,2,5,3,1,6,6,3,3.428571,5.571429,2.285714,3.761905,4,4,4,4,2,2,1,2,2,2,4,3,4,4,1,3,4,2,4,4,4,4,3,4,4,4,4,4,4,4,4,4,4,4,4,4,4,1,4,1.833333,3.2,3.666667,3.8,4,4,4,3.432432,5,5,4,5,4,5,5,4,4,4,4,5,4,4,5,3,4,4,4,5,4,91,2,2,2,2,2,2,2,2,2,2,2,2,2,2,2,2,2,2,2,2,2,4,42,Thanks for letting me participate and thanks for adding to our body of knowledge. :),74,Male,White,Full-Time,4024
54e32a60fdf99b3eae9de85b,44901.09602,44901.10343,0,,100,639,1,44901.10344,R_2zv8WMIOTvxaV0i,,,anonymous,EN,1,1,54e32a60fdf99b3eae9de85b,6,6,2,2,2,1,6,6,4,2,5,6,6,3,5,1,6,6,2,2,5,6,6,6,1,1,2,5,6,2,1,1,6,5.83,6,2.33,2.17,2.67,3.53,1,1,1,0,0,0,1,1,3,4,3,2,2,2,2,2,2,2,3,2.454545,2,1,2,3,3,1,2,2,2,2,1,2,1,2,2,2,2,2,1,1,1,2,1.636364,1.9,4,5,3,5,3,4,4,5,4,4,4,3,48,1,3,5,5,2,5,4,1,5,5,5,3,5,1,4,3,5,1,5,4,5,3,4,4,3.666667,3,4,1,4,1,1,1,2,1,4,2,2,2,2,2,2,3,3,3,1,3,3,4,4,3,2,2,1,2,1,2,4,3,4,1,1,3,1,3,1.666667,2,2.666667,3,1.666667,3.666667,1.666667,2.351351,4,3,4,4,4,3,4,3,4,4,3,3,3,4,3,2,4,3,3,2,3,70,2,2,2,3,3,2,3,1,2,2,3,3,1,1,3,2,3,2,2,2,2,4,46,NA,38,Female,White,Full-Time,657
558943fafdf99b5ccd435cb3,44901.69685,44901.70978,0,,100,1116,1,44901.70981,R_3GpqlaY3er0XNWn,,,anonymous,EN,1,1,558943fafdf99b5ccd435cb3,3,3,4,3,4,1,5,4,2,4,2,5,4,3,4,3,5,6,6,5,4,6,6,5,2,6,5,4,1,2,4,4,6,4.67,3.83,3.17,4.33,3.67,0.53,6,6,6,1,1,0,0,2,3,2,2,2,2,2,2,2,2,2,4,2.272727,1,1,1,1,1,1,1,1,1,1,1,1,1,1,1,1,1,1,1,1,1,2,1,1,2,4,4,2,2,4,4,1,1,2,2,2,30,1,3,1,5,5,2,2,5,2,5,4,2,3,4,3,1,5,1,3,5,6,4.428571,2.857143,2.428571,3.238095,2,3,2,2,3,1,1,1,4,2,4,3,4,3,4,1,1,3,5,4,1,1,3,1,3,2,2,2,2,1,3,1,1,3,4,2,4,1,2.25,2,3.6,2.5,2.2,2,1.666667,3.333333,2.405406,2,4,2,4,4,4,4,4,3,4,5,5,3,2,4,1,4,1,4,2,2,68,1,1,1,2,1,1,4,1,1,1,4,1,1,1,2,2,1,1,2,1,1,4,31,NA,75,Female,White,"Not in paid work (e.g. homemaker', 'retired or disabled)",1131
558965bffdf99b74158d77dd,44900.68177,44900.69682,0,,100,1299,1,44900.69683,R_rje6kKAxMywQzdL,,,anonymous,EN,1,1,558965bffdf99b74158d77dd,4,6,2,2,1,1,4,5,4,1,1,4,6,3,5,1,6,6,4,2,1,6,6,6,2,1,1,3,4,3,4,1,6,4.5,5.5,3,2.5,1,2.83,2,1,3,0,0,0,1,1,2,1,1,2,1,1,2,1,1,1,1,1.272727,1,1,1,2,1,1,1,1,1,1,2,1,1,1,1,1,2,1,1,1,1,2,1,1.3,1,2,3,1,3,2,1,1,1,1,1,1,18,4,1,4,4,0,2,4,0,2,5,0,5,4,0,4,5,2,5,4,0,3,0.4285714,4.285714,3.571429,2.761905,4,2,4,4,4,4,2,4,4,4,2,5,4,3,3,3,4,4,4,4,4,4,4,2,4,5,4,4,4,4,5,4,4,4,5,5,5,1,3.5,3.666667,3.4,4,3.8,4.333333,4,5,3.864865,5,5,4,3,4,3,4,3,4,3,4,5,3,5,4,2,4,3,4,3,2,77,3,4,2,3,2,2,5,1,1,1,2,3,1,1,2,3,3,2,4,1,2,4,48,NA,37,Male,White,Full-Time,1305
558de4bffdf99b0cad9683ba,44901.17845,44901.18608,0,,100,658,1,44901.18609,R_2CjlGfvKekvmKp4,,,anonymous,EN,1,1,558de4bffdf99b0cad9683ba,5,6,5,5,6,1,6,4,4,6,6,6,6,4,6,3,6,6,6,6,6,6,6,6,5,5,6,4,6,4,6,4,6,5.5,5.67,4.67,5.67,5.17,0.42,1,1,1,1,1,0,1,3,4,2,4,1,1,4,2,2,2,5,5,2.909091,2,1,3,3,1,1,2,1,1,1,2,1,1,1,1,1,1,1,1,2,1,2,1.272727,1.5,4,4,5,4,4,5,4,4,2,4,4,4,48,3,6,6,5,6,6,5,6,6,3,6,4,5,6,6,5,6,6,5,6,6,6,4.428571,5.714286,5.380952,5,5,5,4,5,0,0,1,0,0,0,0,1,3,0,5,4,5,5,4,4,4,5,5,5,5,5,5,4,4,4,5,4,5,4,4,4,1,4.75,1,0.8,4.333333,5,4,4.666667,4,3.45946,5,5,4,5,4,5,4,5,5,5,5,5,5,4,5,2,5,4,5,4,4,95,4,4,4,4,4,4,2,4,4,4,2,2,4,4,4,4,4,4,2,2,2,4,72,NA,63,Female,White,Part-Time,666
559e6830fdf99b4f0b98514a,44900.74404,44900.75297,0,,100,772,1,44900.75299,R_1meCVATE2jsiHJU,,,anonymous,EN,1,1,559e6830fdf99b4f0b98514a,6,6,5,4,6,1,6,5,5,6,5,6,6,5,5,6,6,6,5,6,6,6,6,6,4,5,6,5,1,5,5,5,6,5.83,5,4.83,5.17,5.67,0.19,7,7,7,1,1,0,1,3,4,5,3,2,2,1,2,2,2,1,1,2.272727,1,1,1,1,1,1,1,1,1,1,1,1,1,1,1,1,1,1,1,1,1,2,1,1,1,4,4,4,4,4,4,1,3,4,3,4,40,1,3,6,1,0,5,1,3,5,1,3,5,0,3,4,1,5,2,1,3,5,2.857143,0.8571429,4.571429,2.761905,5,5,5,5,0,0,0,0,0,5,5,5,5,5,0,5,5,5,0,5,5,0,5,5,5,5,5,0,5,5,5,5,5,5,5,5,0,1,5,0.8333333,4,3.333333,5,5,5,3.333333,3.648649,5,5,5,4,5,5,5,5,5,5,5,5,5,5,5,5,5,4,5,5,5,103,4,4,4,4,4,3,3,4,4,4,4,3,3,4,4,4,4,4,4,4,3,4,79,NA,46,Female,White,Full-Time,777
559e82dffdf99b7a9a124180,44901.51192,44901.53144,0,,100,1685,1,44901.53144,R_1CIuNrkzt7K4DPW,,,anonymous,EN,1,1,559e82dffdf99b7a9a124180,6,6,3,4,4,1,5,5,5,4,3,5,6,4,5,5,6,6,3,5,4,6,6,6,4,3,4,6,6,4,5,5,6,5.67,5.83,3.83,4.33,4.17,1.64,2,2,2,0,0,0,1,1,4,2,2,2,2,2,2,2,2,2,3,2.272727,1,1,1,1,1,1,1,1,1,1,1,1,1,1,1,1,1,1,1,1,1,2,1,1,4,4,4,4,4,4,4,2,2,2,2,2,38,5,5,6,5,1,6,5,5,6,5,6,5,5,5,6,5,6,5,4,2,6,4.285714,4.857143,5.714286,4.952381,4,4,4,3,3,2,2,2,2,2,3,4,4,4,3,3,4,3,4,4,4,4,4,4,4,4,4,4,4,4,4,4,3,4,4,4,4,1,3.75,2.166667,3.6,3.833333,4,4,3.666667,4,3.54054,4,5,5,5,5,5,4,4,4,4,5,4,2,4,4,2,4,4,4,4,4,86,2,4,4,2,2,2,2,2,2,2,4,2,2,2,2,2,2,2,2,2,2,4,48,NA,47,Female,White,Full-Time,1698
55a29659fdf99b5ff49937d3,44900.80716,44900.82075,0,,100,1173,1,44900.82077,R_WwzI0bBFa0YaCLn,,,anonymous,EN,1,1,55a29659fdf99b5ff49937d3,5,4,3,4,3,1,4,4,3,3,3,4,5,3,4,2,3,4,4,4,2,5,4,4,2,2,3,2,1,2,3,1,6,3.67,3.67,2.83,3.33,2.33,0.83,6,3,6,1,1,1,1,4,2,2,3,2,2,2,2,2,4,2,3,2.363636,3,2,2,2,2,2,2,2,1,2,2,2,1,3,1,2,2,1,2,2,2,2,2,1.8,5,5,4,5,4,5,4,4,4,5,4,5,54,3,2,3,2,3,2,2,2,2,2,3,1,3,2,3,2,3,2,3,3,3,2.571429,2.428571,2.285714,2.428571,3,3,4,3,1,2,2,1,2,3,2,1,3,2,2,3,3,3,2,3,2,3,3,3,4,4,4,3,4,3,3,4,4,3,3,3,3,1,3.25,1.833333,2,2.666667,3.6,3.333333,3.666667,3,2.810811,4,3,3,3,3,3,2,4,3,2,4,4,3,2,3,4,3,3,4,4,3,67,3,3,2,2,2,1,2,3,2,1,2,2,1,2,3,3,3,1,2,2,2,4,44,No comments or concerns.,47,Female,White,Full-Time,1188
55a5f19bfdf99b28b5340d00,44901.55882,44901.60882,0,,100,4319,1,44901.60883,R_3j9AKuo7fnKuv0t,,,anonymous,EN,1,1,55a5f19bfdf99b28b5340d00,4,4,1,2,3,1,4,5,2,2,2,4,6,2,2,1,6,6,3,3,3,6,6,6,1,1,4,1,4,1,4,1,6,4.17,5.17,1.67,2.33,2.33,2.56,1,1,1,0,0,0,1,1,3,3,3,2,2,1,3,1,1,3,2,2.181818,1,1,1,1,1,1,1,1,1,1,1,1,1,1,1,1,1,1,1,1,1,2,1,1,2,4,4,3,4,3,4,2,2,2,3,3,36,3,4,6,5,3,3,4,1,4,4,5,6,5,6,5,5,6,6,4,4,3,4.142857,4.285714,4.714286,4.380952,4,5,1,4,2,1,2,2,2,2,2,3,3,2,3,1,1,3,3,4,2,2,3,3,3,5,3,3,3,4,4,3,1,2,5,5,5,1,3.5,1.833333,2.6,2.5,3.4,3.666667,2,5,2.864865,4,4,5,4,4,5,5,4,4,4,4,5,5,5,4,2,5,1,4,3,3,84,1,1,1,1,1,1,1,1,1,1,1,1,1,1,1,2,1,1,2,1,1,4,23,n/a,59,Male,White,Full-Time,4363
55a91791fdf99b62b606c803,44901.40054,44901.41045,0,,100,855,1,44901.41048,R_2y196zcFpAwqdnT,,,anonymous,EN,1,1,55a91791fdf99b62b606c803,5,5,2,3,2,1,5,5,3,2,2,5,5,3,5,2,5,5,4,4,2,6,5,3,4,1,1,5,1,3,4,2,6,5,4,3.17,3.17,1.83,1.78,1,1,1,0,0,0,1,1,2,1,2,2,1,1,1,2,1,1,2,1.454545,1,1,1,1,1,1,1,1,1,1,1,1,1,1,1,1,1,1,1,1,1,2,1,1,1,1,2,1,1,1,1,1,1,1,1,1,13,6,0,4,6,0,4,6,3,3,6,0,4,6,0,5,6,1,5,6,3,0,1,6,3.571429,3.523809,4,4,5,5,5,4,4,4,4,4,5,5,5,5,5,5,5,4,4,4,4,5,4,4,4,5,4,5,5,5,5,5,4,4,5,5,5,1,4.5,4.166667,5,4.333333,4.2,5,4.333333,5,4.540541,5,5,5,5,5,5,5,5,5,5,5,5,5,5,5,4,5,4,5,4,5,102,2,2,2,2,2,2,2,2,2,2,2,2,2,2,2,2,2,2,2,2,2,2,42,NA,71,Female,White,"Not in paid work (e.g. homemaker', 'retired or disabled)",873
55abb1a5fdf99b501fab62e3,44900.70956,44900.72068,0,,100,960,1,44900.72069,R_1rHxvF6Lw4jGyIY,,,anonymous,EN,1,1,55abb1a5fdf99b501fab62e3,6,6,4,4,2,1,5,6,4,4,2,6,6,4,5,1,6,6,5,4,2,6,6,6,4,1,1,6,2,3,4,4,6,5.83,5.33,4,3.67,2,2.36,2,2,2,0,0,0,1,1,2,2,2,1,1,1,2,1,1,1,2,1.454545,1,1,1,1,1,1,1,1,1,1,1,1,1,1,1,1,1,1,1,1,1,2,1,1,2,3,4,2,3,2,3,1,1,1,1,2,25,6,1,1,6,0,1,6,5,1,6,1,1,6,5,1,6,3,1,6,2,1,2.428571,6,1,3.142857,4,4,4,5,3,4,3,2,2,4,4,4,4,4,4,5,5,4,5,4,5,4,4,3,5,4,4,4,5,5,5,5,4,4,5,5,4,1,4.25,3,4,4.5,4,5,4.333333,4.666667,4.135135,4,4,4,4,4,4,4,4,4,4,4,4,3,3,4,4,4,3,4,4,4,81,2,2,2,2,2,2,4,2,2,2,2,2,2,2,2,2,2,2,2,2,2,4,44,no comments,79,Male,White,DATA_EXPIRED,966
55ae64defdf99b3f864653e7,44900.80696,44900.81733,0,,100,896,1,44900.81734,R_2dNpUOjV7HMOauk,,,anonymous,EN,1,1,55ae64defdf99b3f864653e7,4,3,3,5,3,1,4,4,3,3,5,5,5,1,5,1,6,6,3,4,6,6,6,3,2,3,6,6,4,3,6,6,6,5.17,4.17,2.5,4.33,4.5,0.89,1,1,1,1,0,0,1,2,1,1,1,1,1,1,1,1,1,1,1,1,1,1,1,1,1,1,1,1,2,3,1,1,2,1,1,1,1,1,1,1,1,2,1,1.4,3,2,4,1,5,4,5,1,1,1,2,1,30,3,6,6,5,2,0,3,5,3,6,6,6,4,6,1,6,4,5,6,4,2,4.714286,4.714286,3.285714,4.238095,4,5,3,4,2,4,1,1,0,1,3,0,3,1,4,3,4,5,4,3,2,3,4,3,5,5,3,2,2,2,4,4,4,3,2,3,3,1,4,1.5,2.2,3.5,4,2.666667,3.666667,2.666667,2.945946,5,5,4,5,5,4,5,5,5,5,5,5,5,5,5,3,4,2,5,4,5,96,1,4,3,4,1,1,5,1,1,3,2,1,1,2,4,1,4,1,1,1,1,4,43,NA,26,Female,White,Full-Time,902
55af28e1fdf99b7ffd4a728b,44905.44503,44905.45779,0,,100,1102,1,44905.4578,R_3Ge7CGlgxX1siZC,,,anonymous,EN,1,1,55af28e1fdf99b7ffd4a728b,5,4,1,2,1,1,6,5,2,2,2,6,5,3,2,1,6,6,3,2,1,6,4,4,2,1,1,5,6,3,5,1,6,5.33,5,2.33,2.33,1.17,3.22,1,1,1,0,0,0,1,1,4,2,3,2,2,2,2,2,2,3,2,2.363636,1,1,1,2,1,1,1,1,1,2,2,1,1,1,1,1,2,1,1,1,1,2,1,1.4,1,1,3,4,4,2,2,1,1,1,1,1,22,0,1,4,0,0,1,0,0,1,3,0,2,1,1,1,1,3,2,2,2,1,1,1,1.714286,1.238095,1,2,4,4,3,2,1,3,4,4,4,5,3,4,4,4,3,4,4,1,2,5,1,3,3,3,3,2,3,2,3,1,0,3,5,3,3,1,2.75,2.833333,4,3.166667,2.6,2.666667,1.333333,3.666667,2.945946,4,5,4,4,4,4,4,4,3,4,5,4,4,3,5,2,5,1,5,5,5,84,3,3,1,2,5,4,5,5,4,4,3,3,4,3,2,4,4,1,5,4,5,4,74,NA,40,Male,White,DATA_EXPIRED,1107
55b00063fdf99b5c0061941f,44900.70895,44900.72081,0,,100,1024,1,44900.72082,R_3svOCuQAQJ9Tg3i,,,anonymous,EN,1,1,55b00063fdf99b5c0061941f,3,3,1,1,1,1,2,5,4,1,2,4,4,5,2,1,4,6,1,3,1,4,6,2,2,4,1,1,3,3,3,1,6,3.33,3.83,2.67,2.33,1.17,1.53,2,2,1,0,0,0,1,1,2,1,1,1,1,1,1,3,1,3,2,1.545455,1,3,2,2,2,1,2,1,1,1,1,1,1,1,1,1,1,1,1,1,1,2,1.272727,1.3,5,4,4,5,4,4,3,4,3,4,4,4,48,0,0,3,5,3,4,1,3,5,6,1,3,6,4,4,6,4,2,1,4,5,2.714286,3.571429,3.714286,3.333333,4,2,2,2,2,2,1,1,1,4,2,4,2,2,3,1,2,0,2,1,1,2,1,3,3,1,2,2,0,0,0,2,1,3,2,0,3,1,2.5,1.833333,2.6,1.333333,2,0,2,1.666667,1.783784,5,4,4,2,2,2,5,2,4,4,5,5,2,4,5,1,5,1,2,3,2,69,1,2,1,2,2,4,5,1,1,1,2,1,2,2,2,5,1,1,4,1,1,4,42,No comment.,32,Male,Mixed,Full-Time,1030
55b237e6fdf99b19ea79d2f7,44900.91942,44900.93024,0,,100,934,1,44900.93025,R_3Pd9EfQJwAzpVh3,,,anonymous,EN,1,1,55b237e6fdf99b19ea79d2f7,4,6,4,3,1,1,6,6,2,2,1,6,6,3,4,2,6,6,4,4,1,6,6,6,4,2,1,5,1,2,3,4,6,5.5,5.17,3.17,3,1.67,2.72,5,5,5,0,0,0,1,1,2,1,2,1,1,1,1,2,1,2,2,1.454545,2,3,3,2,3,1,1,1,3,3,3,1,3,1,1,4,4,2,3,3,1,2,1.545455,3.1,2,4,4,3,2,2,4,4,4,4,4,2,39,6,6,6,6,4,6,6,5,6,6,3,6,6,2,4,6,6,6,6,6,6,4.571429,6,5.714286,5.428571,4,4,5,5,4,2,2,2,2,2,3,2,2,2,3,5,4,3,4,3,4,5,4,5,3,3,3,3,2,3,3,3,3,1,3,3,2,1,4.5,2.333333,2.4,3.833333,3.6,2.666667,2.333333,2.666667,3.135135,5,5,5,5,5,5,5,5,4,4,5,5,4,4,5,2,5,2,5,2,2,89,1,2,1,2,1,1,4,1,1,1,2,1,1,1,2,4,1,1,2,2,1,4,33,NA,54,Female,White,Full-Time,942
55b249bdfdf99b28e3c14b05,44902.41863,44902.43372,0,,100,1303,1,44902.43373,R_vSUtcsshauhrSpz,,,anonymous,EN,1,1,55b249bdfdf99b28e3c14b05,5,1,5,6,5,1,5,6,5,5,1,5,5,6,1,6,6,6,6,6,6,6,6,6,1,6,6,6,5,5,1,6,6,5.5,4.83,4.67,4.17,5,0.56,1,1,1,1,1,1,0,3,1,1,4,1,2,3,1,2,1,3,3,2,1,1,1,1,1,1,1,1,1,1,2,1,1,1,1,1,1,1,1,1,1,2,1,1.1,1,4,5,4,4,4,5,1,1,4,1,4,38,0,0,6,6,0,6,0,0,6,6,6,6,6,6,6,0,6,6,0,0,6,2.571429,2.571429,6,3.714286,5,5,5,5,5,0,0,5,0,0,0,5,5,5,0,5,5,5,5,5,5,5,5,5,5,5,5,5,5,0,5,5,5,5,5,5,5,1,5,1.666667,3,5,5,3.333333,5,5,4.054054,5,5,5,5,5,5,5,5,5,5,5,5,5,5,4,4,5,5,5,5,5,103,4,4,1,1,1,1,1,1,1,1,1,4,1,1,4,4,1,1,1,1,1,4,36,NA,36,Female,Black,Full-Time,1311
55b645bbfdf99b1c02906873,44902.80198,44902.81622,0,,100,1230,1,44902.81625,R_2ah4THfnOGQ3Rfz,,,anonymous,EN,1,1,55b645bbfdf99b1c02906873,5,5,3,2,2,1,4,5,4,2,2,6,5,4,5,1,5,5,2,2,3,6,6,4,4,3,1,2,4,3,4,4,6,4.67,4.67,3.33,3,2.17,1.83,2,2,2,0,1,0,1,2,4,2,2,2,2,2,2,2,2,3,2,2.272727,2,2,3,3,2,2,3,4,3,2,3,2,2,2,2,2,2,2,2,2,2,2,2.272727,2.4,2,4,4,4,4,2,3,4,2,2,2,2,35,1,0,4,2,0,4,2,0,1,1,2,2,1,1,2,4,1,2,1,1,5,0.7142857,1.714286,2.857143,1.761905,0,2,0,3,4,3,4,4,3,3,1,4,2,1,2,2,1,2,1,1,1,1,1,1,1,1,1,1,0,1,1,0,1,3,0,0,1,1,1.25,3.5,2,1.166667,1,0.6666667,1.333333,0.3333333,1.567568,4,3,4,3,4,2,5,3,4,3,4,4,4,4,5,2,4,3,3,4,4,76,3,3,2,2,2,2,4,2,2,2,2,2,2,2,2,3,3,2,4,2,2,4,50,NA,55,Male,Mixed,"Not in paid work (e.g. homemaker', 'retired or disabled)",1236
55b6d0a4fdf99b437183f9b5,44908.57076,44908.57988,0,,100,787,1,44908.5799,R_25TwXxFrKbPZFU2,,,anonymous,EN,1,1,55b6d0a4fdf99b437183f9b5,6,6,1,1,1,1,6,4,1,1,1,6,6,1,1,1,6,6,1,1,1,6,6,6,4,1,1,6,6,1,1,1,6,6,5.67,1.5,1,1,4.67,1,1,1,0,0,0,1,1,2,2,1,1,2,3,2,2,1,1,1,1.636364,1,1,1,1,1,1,1,1,1,1,1,1,1,1,1,1,1,1,1,1,1,2,1,1,1,3,1,1,3,1,3,1,1,1,1,1,18,6,5,3,6,0,3,6,0,3,6,5,2,6,0,3,6,6,3,6,0,4,2.285714,6,3,3.761905,2,3,4,3,1,3,1,1,3,2,3,3,3,4,4,4,2,2,4,2,3,3,2,4,2,2,3,3,2,3,3,4,3,4,4,4,4,1,3,1.833333,3.4,2.666667,2.6,2.666667,3.666667,4,2.891892,4,4,4,4,4,4,4,4,4,4,4,3,4,4,4,3,4,3,4,3,3,79,2,2,2,2,2,2,2,2,2,2,2,2,2,2,2,2,2,2,2,2,2,4,42,NA,61,Female,White,"Not in paid work (e.g. homemaker', 'retired or disabled)",796
55b6e53bfdf99b438f10e3bb,44900.66512,44900.67865,0,,100,1169,1,44900.67866,R_3rJ8kFnNfYxjLlp,,,anonymous,EN,1,1,55b6e53bfdf99b438f10e3bb,6,5,5,5,4,4,6,5,4,5,3,6,6,4,5,6,6,5,2,6,6,6,6,4,4,6,5,6,6,3,4,3,6,6,5.17,3.67,5.17,4.5,1.14,3,3,2,1,1,1,1,4,2,2,2,2,1,1,2,1,1,3,1,1.636364,3,3,2,3,3,1,2,1,3,2,2,2,2,3,2,3,2,2,2,2,1,2,2,2.4,4,5,5,4,5,5,5,4,4,4,4,5,54,6,2,5,6,0,3,6,0,3,6,3,2,6,6,5,6,6,2,4,0,6,2.428571,5.714286,3.714286,3.952381,5,5,5,5,5,0,0,5,0,1,4,0,2,5,3,4,4,4,4,5,5,4,4,4,5,5,5,5,5,5,5,5,5,5,5,5,5,1,5,1.833333,2.8,4.333333,4.6,5,5,5,4,5,4,5,4,5,4,5,3,5,4,5,5,4,3,5,4,5,2,3,3,5,88,3,4,4,5,4,3,3,2,4,3,4,4,3,2,4,4,4,3,4,3,3,4,73,Thank you for a pleasant survey.,50,Male,Asian,Part-Time,1181
55b6ed4afdf99b437183fa6f,44900.73641,44900.76451,0,,100,2428,1,44900.76452,R_10MnxuxKPGRAgdl,,,anonymous,EN,1,1,55b6ed4afdf99b437183fa6f,4,5,3,4,5,1,5,4,2,4,5,5,6,4,5,6,5,2,4,5,6,6,3,2,2,6,6,5,1,2,5,6,6,4.5,3.33,2.83,4.83,5.67,-0.53,7,7,7,0,0,0,1,1,2,2,2,2,1,1,1,2,1,2,2,1.636364,1,1,2,3,2,1,1,1,2,2,1,1,2,1,1,3,1,1,1,1,1,2,1,1.9,4,5,4,4,2,2,4,2,2,4,4,2,39,0,5,6,0,3,5,0,4,4,0,6,5,0,6,6,0,6,5,0,6,3,5.142857,0,4.857143,3.333333,3,4,3,4,2,2,1,1,1,3,4,4,3,3,1,3,3,5,4,4,2,5,3,4,4,5,3,4,4,5,4,4,3,3,3,4,4,1,3.5,1.666667,3,3.833333,3.8,4.333333,3.333333,3.666667,3.297297,4,5,4,5,5,5,5,5,5,4,5,5,5,4,5,4,5,3,4,5,3,95,1,4,1,2,4,2,4,1,2,1,2,1,2,2,2,4,2,2,2,4,2,4,47,Thank you. I didn't have any problems.,49,Female,White,Full-Time,2436
55c0ca6cfdf99b2e8efc9f4b,44901.43321,44901.44561,0,,100,1071,1,44901.44562,R_3JFcJdNSAb8wfvj,,,anonymous,EN,1,1,55c0ca6cfdf99b2e8efc9f4b,6,6,1,2,1,1,6,6,1,1,2,6,6,1,5,1,5,5,1,2,2,6,4,6,1,1,1,6,5,3,4,1,6,5.5,5.67,1.33,2.5,1.33,3.86,2,2,2,1,0,0,1,2,3,2,2,1,1,1,2,2,2,1,2,1.727273,1,1,1,2,1,1,1,1,2,2,1,1,3,1,1,1,1,1,1,1,1,2,1,1.5,3,4,4,4,3,4,5,1,3,4,1,2,38,3,0,5,5,2,4,4,1,3,3,5,4,5,0,4,5,4,4,3,1,4,1.857143,4,4,3.285714,2,2,3,3,2,3,2,3,2,3,2,3,2,3,4,2,2,2,3,2,3,2,2,2,3,4,4,2,3,3,3,3,2,2,2,3,3,1,2.5,2.5,2.8,2.333333,3,3,2.333333,2.666667,2.594594,4,4,4,4,4,3,4,4,4,3,5,4,2,3,4,4,4,2,4,4,3,77,1,2,1,3,2,1,1,1,1,1,3,1,1,1,1,1,1,1,1,1,1,4,27,Your likert scale question list was extremely long on the page and it was hard to toggle back and forth to the top to remember what the scale was. You should have the choices every 10 questions or so going down the page so people can remember what they are and to be more user friendly.,41,Female,White,Full-Time,1075
55ca03e1fdf99b2735fc1dde,44901.30809,44901.3148,0,,100,580,1,44901.31482,R_3exnpdrV6GnXcpW,,,anonymous,EN,1,1,55ca03e1fdf99b2735fc1dde,5,5,3,2,3,1,5,5,4,2,4,6,5,4,6,1,6,6,3,3,3,6,5,5,4,1,3,4,5,2,1,2,6,5.17,5.17,3.33,2.5,2.67,2.33,2,2,2,0,0,0,1,1,3,2,2,2,2,2,2,2,2,3,3,2.272727,2,2,3,4,2,1,1,2,2,4,4,1,2,3,1,4,4,1,4,1,1,2,1.454545,3.3,2,2,3,2,3,2,2,2,2,2,2,1,25,3,1,4,5,0,3,3,0,4,5,0,4,4,2,3,4,1,4,3,0,3,0.5714286,3.857143,3.571429,2.666667,3,3,3,3,3,2,2,2,2,2,3,3,3,3,3,3,3,3,3,3,3,3,3,3,4,4,3,3,3,3,3,3,3,3,3,3,3,1,3,2.166667,3,3,3.4,3,3,3,2.918919,4,4,4,4,3,4,4,4,3,4,4,4,4,4,4,2,4,4,4,4,4,80,2,4,3,2,4,4,3,2,2,2,4,4,3,2,2,3,2,1,3,2,3,4,57,NA,51,Male,White,Full-Time,586
55cc19c7fe3304000562562c,44900.98833,44901.00235,0,,100,1211,1,44901.00236,R_30wMhIqb2AeKGmT,,,anonymous,EN,1,1,55cc19c7fe3304000562562c,5,5,3,3,2,1,5,5,4,2,4,4,4,4,3,5,5,5,3,4,4,6,5,4,4,5,4,6,5,5,6,5,6,5,4.67,3.83,3.83,4,0.94,3,3,3,0,0,0,1,1,3,2,2,3,2,3,2,2,1,3,4,2.454545,1,1,1,1,1,1,1,1,1,2,1,1,1,1,1,1,1,1,1,1,1,2,1,1.1,3,3,3,2,2,3,4,2,2,2,3,2,31,5,5,5,6,0,3,2,3,1,6,3,2,4,4,3,5,4,3,4,1,3,2.857143,4.571429,2.857143,3.428571,5,4,4,4,3,3,3,1,3,1,2,2,3,2,3,4,4,4,4,3,3,4,3,4,3,5,4,4,3,4,3,4,3,4,3,2,4,1,4.25,2.333333,2.4,3.666667,3.8,3.333333,3.666667,3,3.297297,4,5,4,4,5,5,4,4,5,4,5,5,4,4,5,3,5,3,4,4,4,90,2,5,4,4,4,2,3,1,1,4,3,2,3,2,2,3,3,4,3,3,3,4,61,NA,43,Male,White,Full-Time,1217
55ce148b34e9060012e56279,44900.69701,44900.70745,0,,100,902,1,44900.70747,R_9BouZFwRzoLdOsF,,,anonymous,EN,1,1,55ce148b34e9060012e56279,6,6,3,4,4,1,6,6,5,3,2,6,6,5,5,3,6,6,1,4,3,6,6,4,5,2,2,2,3,4,4,5,6,5.33,5.17,3.83,3.67,3.17,1.69,2,2,3,0,0,0,1,1,4,1,2,1,2,1,2,2,1,1,4,1.909091,2,2,2,4,2,1,1,1,3,3,3,1,3,1,2,2,1,1,2,3,1,2,1.454545,2.5,4,5,4,4,4,4,4,2,2,4,2,2,41,1,2,5,1,3,3,1,3,3,1,3,2,1,3,3,1,2,4,1,5,3,3,1,3.285714,2.428571,3,3,4,1,2,1,1,2,2,2,2,1,1,3,0,0,1,2,2,3,1,2,3,1,4,0,3,2,1,4,3,1,1,4,0,0,4,1,2.75,1.666667,1.4,1.833333,2.2,2.666667,2,1.333333,1.891892,4,4,4,4,5,3,2,2,2,4,5,5,4,4,4,2,4,2,2,4,2,72,2,4,2,2,5,4,1,5,5,2,2,2,4,1,4,4,4,2,4,4,4,4,67,NA,40,Female,White,"Not in paid work (e.g. homemaker', 'retired or disabled)",909
55d7e6f669dbc30012b6826e,44906.54977,44906.55916,0,,100,810,1,44906.55916,R_1Kl3BMJDZJYzt1N,,,anonymous,EN,1,1,55d7e6f669dbc30012b6826e,5,4,4,4,3,1,4,5,3,4,4,5,5,4,4,2,4,5,4,4,3,6,5,5,4,4,3,4,2,4,4,3,6,4.5,4.33,3.83,4,3,0.81,3,4,3,1,1,1,1,4,3,3,4,2,2,3,2,2,3,3,3,2.727273,1,1,1,1,2,1,2,1,2,2,2,1,2,1,1,1,2,1,1,1,1,2,1.090909,1.6,4,4,3,4,3,3,3,4,3,4,4,3,42,3,5,5,5,4,5,4,4,4,5,6,5,4,6,4,5,5,6,3,5,5,5,4.142857,4.857143,4.666667,2,1,3,3,2,3,2,3,2,3,1,4,3,2,2,2,1,3,2,3,3,2,3,2,2,2,2,3,2,2,3,2,2,2,3,3,3,1,2.25,2.5,2.4,2.333333,2.2,2.333333,2,3,2.378378,4,4,3,5,4,4,4,5,4,4,4,4,4,4,5,3,4,2,4,3,3,81,3,4,2,4,4,4,4,3,3,3,3,3,3,2,4,4,3,1,3,3,2,4,65,NA,66,Female,White,DATA_EXPIRED,821
564e93659b124900127eb55b,44901.0648,44901.08291,0,,100,1563,1,44901.08292,R_ZmD31SXxjmeK5Lr,,,anonymous,EN,1,1,564e93659b124900127eb55b,6,5,3,2,4,1,5,5,4,1,1,5,6,3,4,2,6,6,2,4,4,6,6,3,3,1,3,6,4,3,1,5,6,5.67,4.83,3,2.17,3.17,2.47,2,1,2,0,0,0,1,1,2,2,1,1,1,1,1,1,1,1,2,1.272727,1,1,2,2,2,1,1,1,1,2,1,1,1,1,1,2,1,1,1,1,1,2,1,1.5,4,5,4,5,5,3,5,4,4,2,2,4,47,3,0,4,4,0,4,3,0,4,6,1,6,6,0,4,4,4,6,5,0,5,0.7142857,4.428571,4.714286,3.285714,4,4,4,3,5,4,4,4,3,2,0,1,2,1,0,3,3,4,4,3,3,4,3,3,3,4,5,3,3,4,4,4,3,4,2,2,4,1,3.75,3.666667,0.8,3.5,3.6,3.666667,3.666667,2.666667,3.135135,3,5,3,5,5,4,5,3,4,2,5,4,4,4,2,2,4,2,2,4,4,76,2,5,2,2,2,4,4,2,1,1,1,1,4,1,2,4,5,1,4,4,4,4,56,NA,30,Male,Asian,Full-Time,1591
56797198c3041a0012b64b5e,44900.70133,44900.71139,0,,100,869,1,44900.7114,R_9sswtehURlphLJT,,,anonymous,EN,1,1,56797198c3041a0012b64b5e,1,6,1,1,1,1,4,6,1,1,1,4,6,1,4,1,6,6,5,5,1,6,6,5,3,3,1,3,1,1,6,1,6,4,5,2,3.33,1,2.39,2,1,2,0,0,0,1,1,1,3,2,1,1,1,3,1,1,1,1,1.454545,1,1,1,1,1,1,1,1,1,1,1,1,1,1,1,1,1,1,1,1,1,2,1,1,1,4,4,1,4,1,2,1,1,1,1,1,22,4,3,1,6,0,4,5,5,2,6,5,1,4,3,2,6,6,2,6,0,1,3.142857,5.285714,1.857143,3.428571,4,4,3,4,4,2,0,3,3,5,4,4,2,3,3,3,2,4,2,2,2,3,2,2,0,1,4,3,3,4,2,1,1,3,5,3,4,1,3.75,2.833333,3.2,2.5,1.8,3,1.666667,4,2.810811,4,5,5,5,5,4,5,4,5,5,5,5,4,4,5,2,5,4,5,3,3,92,1,1,1,1,1,1,1,1,1,1,1,1,1,1,2,5,1,1,3,1,1,4,28,NA,69,Female,White,Part-Time,877
567dd32b4f0ef30006dbb718,44901.20265,44901.22106,0,,100,1590,1,44901.22107,R_1C2a2jSF3x1dnim,,,anonymous,EN,1,1,567dd32b4f0ef30006dbb718,5,5,3,3,5,1,4,5,4,2,4,5,6,4,4,1,6,6,3,4,4,6,5,4,4,3,4,4,3,3,4,5,6,4.83,4.83,3.5,3.33,3.83,1.28,2,2,2,0,0,0,1,1,3,2,2,1,1,2,2,2,1,2,3,1.909091,1,1,2,2,2,1,1,1,2,3,2,1,1,1,1,3,1,1,1,1,1,2,1,1.9,4,4,4,4,4,4,3,4,2,2,4,3,42,3,3,5,4,3,4,4,2,4,5,1,5,4,6,4,2,3,4,3,3,4,3,3.571429,4.285714,3.619048,4,4,4,4,3,2,1,2,2,2,3,3,4,4,1,4,3,3,3,4,4,4,4,4,5,4,4,4,4,4,3,4,4,4,4,3,4,1,4,2,3,3.5,4.2,3.666667,4,3.666667,3.432432,4,5,4,4,5,5,4,3,3,4,5,4,4,3,4,3,5,3,4,3,4,83,2,3,2,4,3,3,4,1,2,1,4,1,2,2,3,3,2,2,4,1,2,4,51,NA,56,Female,Black,Full-Time,1601
56875435369319000c26947d,44900.85737,44900.86241,0,,100,434,1,44900.86242,R_1oHH3ALNALDTBtN,,,anonymous,EN,1,1,56875435369319000c26947d,1,5,1,1,1,1,1,6,1,1,1,1,1,1,1,1,4,4,4,5,4,6,2,4,2,3,4,1,2,5,3,4,6,1.67,3.67,2.33,2.33,2.5,0.28,5,5,5,0,1,0,0,1,3,4,4,3,3,2,3,4,3,4,3,3.272727,1,1,1,1,1,1,1,1,1,1,1,1,1,1,1,1,1,1,1,1,1,2,1,1,2,2,2,3,3,3,2,1,2,2,2,3,27,4,5,5,5,0,4,4,0,4,3,0,4,4,0,5,4,3,4,4,0,4,1.142857,4,4.285714,3.142857,0,0,3,0,5,2,5,2,4,5,3,5,1,2,5,2,0,2,0,0,2,0,2,3,0,1,1,3,1,0,2,0,2,2,4,0,2,1,0.75,3.833333,3.2,0.6666667,1.4,1,1.333333,2,1.918919,5,5,5,5,5,5,5,5,5,5,5,4,5,5,5,5,5,5,5,5,5,104,1,2,1,2,1,1,2,1,1,1,2,2,2,1,1,2,1,1,2,1,2,4,30,NA,35,Male,White,Full-Time,453
568e7e33e3ef9e000da202a7,44901.50383,44901.51128,0,,100,644,1,44901.5113,R_3qCLySYLyVMyXLK,,,anonymous,EN,1,1,568e7e33e3ef9e000da202a7,6,6,6,6,6,1,6,6,6,6,6,6,6,6,6,6,6,6,6,6,6,6,6,6,6,6,6,6,6,6,6,6,6,6,6,6,6,6,0,7,7,7,1,1,1,1,4,1,1,5,1,5,1,1,1,1,1,5,2.090909,1,1,1,1,1,1,1,1,1,1,1,1,1,1,1,1,1,1,1,1,1,2,1,1,5,5,5,5,5,5,5,1,1,1,5,5,48,4,6,6,6,4,6,6,4,6,6,6,6,6,6,6,6,6,6,6,6,6,5.428571,5.714286,6,5.714286,5,5,5,5,0,0,0,0,0,0,0,0,5,5,0,5,5,5,5,5,5,5,5,5,5,5,5,5,5,5,5,5,5,5,5,5,5,1,5,0,2,5,5,5,5,5,3.783784,5,5,5,5,5,5,5,5,5,5,5,5,5,5,5,5,5,5,5,5,5,105,1,1,1,1,1,1,1,1,1,1,1,1,1,1,5,1,5,1,5,1,1,4,33,NA,57,Female,White,"Not in paid work (e.g. homemaker', 'retired or disabled)",650
569298838d93fe000dfa033c,44900.68377,44900.69602,0,,100,1058,1,44900.69603,R_6VXxS4f3Y8dPJS1,,,anonymous,EN,1,1,569298838d93fe000dfa033c,6,4,1,1,1,1,1,1,1,1,1,5,6,1,4,1,6,5,2,5,1,6,6,4,1,1,1,2,4,2,5,6,6,4.33,4,1.33,2.83,1.83,2.17,2,2,2,0,0,0,1,1,3,2,2,2,2,2,2,2,2,3,2,2.181818,1,1,1,1,1,1,1,1,1,2,1,1,1,1,1,1,1,1,1,1,1,2,1,1.1,2,4,4,4,2,4,4,2,2,2,4,2,36,1,0,6,6,0,6,4,0,5,6,0,1,3,0,6,3,3,5,6,6,6,1.285714,4.142857,5,3.476191,5,5,4,5,5,1,1,5,1,1,4,1,4,4,2,4,4,5,4,3,4,5,4,4,3,5,3,5,4,4,4,4,4,4,4,4,4,1,4.75,2.333333,3,4.166667,3.8,4,4,4,3.702703,4,4,4,4,4,4,4,4,4,4,4,4,4,4,4,3,4,4,4,4,3,82,4,4,4,4,4,4,2,2,2,2,4,2,4,2,4,4,4,2,4,2,4,4,68,NA,71,Female,White,Part-Time,1066
5692e00c8d93fe000efa0459,44900.6859,44900.6967,0,,100,933,1,44900.69671,R_2DOmYQjoWIOo6Vv,,,anonymous,EN,1,1,5692e00c8d93fe000efa0459,4,5,3,2,2,1,5,6,4,2,2,6,5,3,3,1,5,6,2,4,1,6,6,5,3,2,2,2,5,3,3,2,6,4.67,5.33,3,2.67,1.67,2.56,2,2,2,1,0,0,1,2,4,2,3,1,1,2,3,2,2,3,3,2.363636,1,1,1,3,4,1,2,1,2,1,2,1,2,1,1,1,2,1,2,2,1,2,1.181818,2,4,5,4,5,2,3,3,5,4,4,4,2,45,3,1,5,4,0,1,2,0,1,2,0,2,3,0,2,3,0,3,2,0,2,0.1428571,2.714286,2.285714,1.714286,1,2,0,1,1,3,2,3,4,4,2,3,3,3,3,1,1,2,1,2,2,2,1,1,0,3,0,2,1,2,2,1,0,3,4,4,3,1,1,2.833333,2.8,1.666667,1,1.666667,1.333333,3.666667,1.972973,3,3,3,4,3,5,3,3,4,3,4,3,3,2,3,2,4,1,2,2,2,62,1,2,1,1,1,1,1,1,1,1,2,1,1,1,2,1,1,1,1,1,1,4,24,NA,41,Male,Asian,Full-Time,939
5694e7b5e0c800000b5a3841,44900.66738,44900.67506,0,,100,663,1,44900.67507,R_2aK97MQ2yMq8tnb,,,anonymous,EN,1,1,5694e7b5e0c800000b5a3841,5,3,1,1,1,1,4,5,2,1,1,6,6,1,4,1,4,5,3,4,1,6,1,4,4,4,1,6,1,2,1,1,6,4.33,4,2.17,2.5,1,2.28,6,4,7,0,0,0,1,1,3,2,2,2,2,2,2,2,2,1,3,2.090909,1,1,1,1,1,1,1,1,1,1,1,1,1,1,1,1,1,1,1,1,1,2,1,1,1,1,4,1,3,2,3,1,1,1,1,2,21,0,0,4,0,0,0,0,0,4,0,0,2,0,0,4,0,5,0,0,0,5,0.7142857,0,2.714286,1.142857,4,4,4,4,2,4,3,1,2,2,5,4,4,4,4,3,4,3,3,2,4,4,3,4,3,3,3,3,2,3,2,3,3,3,5,5,4,1,4,2.333333,4.2,3.333333,3.2,2.333333,3,4.666667,3.324324,5,5,5,5,5,5,5,5,5,5,5,5,5,5,5,5,5,3,5,5,5,103,3,4,3,3,2,2,2,2,2,2,2,3,2,2,2,3,2,1,2,3,1,4,48,NA,49,Male,White,Full-Time,673
56a40b90582971000c7b49b7,44901.5524,44901.58447,0,,100,2770,1,44901.58448,R_1gTNmKUT9IwaCDw,,,anonymous,EN,1,1,56a40b90582971000c7b49b7,4,4,3,5,2,1,4,5,5,2,2,6,5,3,5,2,6,6,4,4,4,6,4,6,4,2,3,2,1,5,2,1,6,4.33,4.5,4,3.33,2.33,1.19,2,3,2,0,1,0,0,1,3,3,2,1,2,1,1,2,2,3,2,2,2,1,3,2,1,1,1,2,2,2,2,1,2,1,1,1,2,1,1,1,1,2,1.181818,1.8,5,4,5,4,4,4,4,4,3,4,4,3,48,4,1,5,6,0,3,5,0,2,5,1,5,4,0,4,5,1,5,5,1,5,0.5714286,4.857143,4.142857,3.190476,3,3,3,2,2,2,2,1,2,4,3,3,3,3,2,3,4,4,3,4,4,3,3,1,2,4,2,2,3,4,4,1,2,3,3,3,3,1,2.75,2.166667,2.8,3.666667,2.4,3.666667,2,3,2.783784,3,5,4,5,5,5,4,5,4,2,5,5,2,3,4,2,4,3,3,3,3,79,2,4,1,5,4,1,3,1,2,3,2,4,1,2,2,2,2,2,2,1,2,4,48,NA,36,Male,Asian,DATA_EXPIRED,2781
56a93cf24020250005d62f2b,44900.72942,44900.73951,0,,100,871,1,44900.73952,R_1rOgYX1xBJAIFkP,,,anonymous,EN,1,1,56a93cf24020250005d62f2b,5,5,1,2,3,1,4,6,2,2,1,5,6,2,3,1,5,6,4,4,1,6,4,4,3,3,1,4,6,3,3,1,6,4.5,5.5,2.5,2.83,1.33,2.78,2,2,2,0,0,0,1,1,2,1,1,1,1,1,1,2,2,4,2,1.636364,1,1,3,2,1,1,3,1,1,2,2,1,1,1,1,3,1,1,2,1,1,2,1.181818,1.8,2,5,2,2,4,2,4,2,4,4,2,2,35,4,3,5,6,0,1,2,0,1,4,3,4,2,2,3,4,4,2,2,2,3,2,3.428571,2.714286,2.714286,2,4,1,3,1,1,0,1,0,1,3,3,3,3,4,4,3,3,4,3,4,3,2,3,4,4,4,3,3,5,4,4,1,2,5,4,3,1,2.5,0.6666667,3.2,3.333333,3.4,4,2.333333,4,2.837838,4,4,4,4,5,5,4,5,5,4,5,4,4,5,5,4,5,4,3,4,3,90,4,2,2,2,2,1,4,2,1,2,2,1,2,1,3,3,2,2,5,1,2,4,46,NA,32,Female,White,Other,880
56c113f6eb5b22000d5baa6f,44900.64723,44900.65927,0,,100,1040,1,44900.65929,R_3pcjNipdhiMlA11,,,anonymous,EN,1,1,56c113f6eb5b22000d5baa6f,6,6,1,2,2,1,6,6,2,1,1,6,6,2,4,1,6,6,3,4,2,6,6,5,1,1,2,6,6,5,1,1,6,6,5.83,2.33,2.17,1.5,3.92,2,2,2,1,1,0,0,2,2,4,1,2,2,1,2,2,2,1,1,1.818182,1,1,1,1,1,1,1,1,1,1,1,1,1,1,1,1,1,1,1,1,1,2,1,1,1,1,4,1,1,4,1,1,1,2,1,1,19,4,0,1,5,0,1,5,2,1,6,2,1,5,6,1,3,4,0,5,1,1,2.142857,4.714286,0.8571429,2.571429,2,4,5,1,0,0,0,0,0,0,5,5,4,4,5,3,5,1,4,5,2,4,1,1,4,1,0,5,1,1,2,1,0,4,3,4,5,1,3,0,4.6,3.5,1.4,1.333333,1.666667,4,2.486486,5,5,5,5,5,5,5,5,5,5,4,5,5,5,5,1,5,1,5,4,4,94,1,2,1,2,3,1,5,1,2,1,3,1,2,2,2,5,5,1,1,1,1,4,43,Nothing comes to mind.,59,Female,White,Full-Time,1047
56d1af6521cd29000b973ff2,44900.73071,44900.74897,0,,100,1577,1,44900.74899,R_2z8c1ARKjvpvnkZ,,,anonymous,EN,1,1,56d1af6521cd29000b973ff2,5,5,6,5,4,1,5,5,4,4,4,5,5,5,4,5,4,5,6,5,5,6,4,5,2,5,5,2,2,4,4,4,6,4.17,4.5,4.5,4.5,4.5,-0.17,6,6,6,1,1,1,0,3,2,3,2,2,2,2,2,3,2,3,4,2.454545,1,2,2,2,2,2,2,2,2,2,3,3,2,2,3,3,2,2,2,2,1,2,2,2.2,4,4,4,2,4,4,4,2,2,4,2,3,39,3,2,4,5,1,4,4,3,5,5,4,4,4,4,4,4,5,4,5,5,1,3.428571,4.285714,3.714286,3.809524,3,4,4,4,4,2,1,1,1,2,1,2,2,3,2,3,3,1,3,3,1,3,3,4,3,4,4,3,4,4,2,3,1,4,4,4,4,1,3.75,1.833333,2,2.333333,3.6,3.333333,2.666667,4,2.810811,4,4,4,4,4,4,4,4,4,2,4,4,4,4,4,2,4,4,4,4,2,78,2,4,2,4,4,4,4,2,2,2,4,2,2,2,2,2,4,4,4,2,2,4,60,NA,66,Female,White,Full-Time,1586
56db4c217dcddf000bd5853c,44902.3742,44902.3828,0,,100,743,1,44902.38281,R_2EmVQm9tQqPOE6L,,,anonymous,EN,1,1,56db4c217dcddf000bd5853c,5,4,3,4,3,2,6,4,4,5,4,4,6,4,5,3,5,5,3,4,3,5,6,5,4,3,4,4,4,3,5,3,6,5,4.67,3.5,4.33,3.33,1.11,2,2,2,0,0,0,1,1,3,2,3,1,1,5,1,2,1,3,4,2.363636,1,1,1,1,1,1,1,1,1,1,1,1,1,1,1,1,1,1,1,1,1,2,1,1,1,2,2,1,2,1,2,1,1,1,1,1,16,5,4,6,6,5,5,4,5,3,6,3,5,6,3,5,3,6,5,4,5,5,4.428571,4.857143,4.857143,4.714286,4,4,4,4,3,1,3,2,2,2,3,2,4,5,2,4,4,4,4,4,4,4,4,4,4,4,4,4,4,5,5,4,3,4,5,4,4,1,4,2.166667,3.2,4,4,4.666667,3.666667,4.333333,3.648649,5,4,5,5,5,5,4,5,4,5,5,4,4,4,5,4,4,2,4,4,3,90,4,4,4,4,5,3,4,4,4,4,4,3,4,4,4,4,3,2,3,4,3,4,78,NA,64,Female,White,Part-Time,751
56f2319af2df32000d8fb1a4,44902.46333,44902.48038,0,,100,1472,1,44902.48039,R_RLzn7oPSdgqZHIR,,,anonymous,EN,1,1,56f2319af2df32000d8fb1a4,5,5,2,4,5,1,5,5,4,2,2,5,6,4,5,1,5,5,4,5,3,6,4,4,3,3,3,3,4,4,4,3,6,4.5,4.83,3.5,3.83,2.83,1.28,3,3,3,1,0,0,1,2,2,1,2,1,1,1,1,2,1,4,2,1.636364,1,1,2,2,2,1,1,1,1,2,3,1,2,1,1,1,3,1,2,1,1,2,1,2,2,4,4,3,4,2,4,2,2,2,2,2,33,0,1,5,2,0,0,0,0,2,2,1,4,0,0,2,1,2,4,1,0,4,0.5714286,0.8571429,3,1.47619,1,4,3,2,2,3,0,2,2,3,3,3,4,4,3,5,3,4,3,4,4,4,3,3,3,4,3,4,4,3,4,2,1,3,4,3,4,1,2.5,2,3.4,3.666667,3.2,3.666667,2,3.666667,3.081081,4,4,2,4,2,4,4,4,4,4,4,5,4,2,4,2,4,1,4,2,4,72,2,4,2,2,4,2,2,2,2,2,2,4,2,2,2,4,4,2,2,2,2,4,52,"N/A - No technical issues or otherwise, thank you",29,Male,White,Full-Time,1477
56f29effed0cf60006911528,44901.41251,44901.42091,0,,100,726,1,44901.42095,R_3hhygRdHzRTcW5r,,,anonymous,EN,1,1,56f29effed0cf60006911528,4,2,2,5,6,1,6,3,2,4,2,6,6,4,5,6,6,3,4,6,6,6,1,4,4,6,6,6,2,6,4,6,6,4.83,3.33,3.67,5,5.33,-0.58,6,7,5,1,0,1,1,3,3,2,4,2,2,3,1,3,2,3,4,2.636364,1,1,1,1,1,1,1,1,2,1,1,2,2,1,1,1,1,1,2,1,1,2,1.090909,1.3,3,4,5,4,3,3,4,1,1,2,1,2,33,4,3,3,5,1,3,4,3,1,4,5,2,5,6,2,4,0,4,4,6,3,3.428571,4.285714,2.571429,3.428571,3,3,4,1,2,0,1,1,2,2,1,4,5,5,3,4,3,3,2,1,3,3,3,3,4,3,4,2,1,2,3,4,0,3,4,4,4,1,2.75,1.333333,3.6,2.5,3.4,2,2.333333,4,2.702703,4,5,3,5,5,5,5,5,4,4,5,5,4,4,5,3,4,3,4,3,3,88,1,3,1,2,3,2,4,1,1,1,3,2,1,1,2,4,1,3,4,1,1,4,42,NA,46,Male,White,Full-Time,732
56fb36ca34a0d3000b1a5701,44900.70454,44900.71459,0,,100,868,1,44900.7146,R_21aci9Re2W0nzYA,,,anonymous,EN,1,1,56fb36ca34a0d3000b1a5701,6,5,4,4,1,1,6,6,2,1,2,6,6,3,4,2,6,6,1,3,1,6,6,6,3,2,1,2,6,2,2,1,6,5.33,5.83,2.5,2.67,1.33,3.42,2,2,1,0,0,0,1,1,3,2,2,1,1,2,2,1,2,1,2,1.727273,1,1,1,1,2,1,1,1,1,1,1,1,1,1,1,1,1,1,1,1,1,2,1,1.1,1,4,4,1,1,1,4,1,1,1,1,1,21,2,2,4,6,0,0,5,1,4,6,1,1,6,4,4,6,6,4,0,1,3,2.142857,4.428571,2.857143,3.142857,0,0,0,0,2,2,1,1,1,1,2,5,5,3,5,0,0,2,2,0,3,3,0,3,0,1,3,5,0,2,1,1,0,0,4,4,4,1,0,1.333333,4,1.666667,1.4,1,0.3333333,4,1.783784,5,5,5,5,5,5,5,5,5,5,5,5,5,5,5,4,5,1,5,5,5,100,1,1,1,1,1,1,5,1,1,1,1,1,1,1,1,1,1,1,4,1,1,4,28,NA,53,Female,Mixed,Full-Time,881
57027c1f68c641000e0c8970,44901.55365,44901.56567,0,,100,1038,1,44901.56568,R_aViUmdUtqcCNbZT,,,anonymous,EN,1,1,57027c1f68c641000e0c8970,5,6,1,3,3,1,5,6,5,3,3,6,6,5,5,1,6,6,1,4,4,6,6,4,4,3,4,5,6,4,4,5,6,5.5,5.67,3.33,3.67,3.33,2.14,2,2,2,1,0,0,1,2,2,4,2,2,2,2,2,2,2,2,2,2.181818,3,3,3,1,1,3,1,2,2,2,4,2,2,2,3,3,1,1,1,1,2,2,2.090909,2,4,5,5,5,4,4,4,2,2,5,2,4,46,3,0,6,3,0,6,3,0,3,3,0,6,3,0,6,3,3,3,3,0,6,0.4285714,3,5.142857,2.857143,5,5,5,5,5,3,0,5,2,2,0,0,0,0,0,5,5,5,5,2,4,5,5,5,5,5,5,2,3,4,5,5,5,5,5,4,5,1,5,2.833333,0,4.333333,5,4,5,4.666667,3.675676,4,4,5,4,4,4,4,4,4,4,5,4,4,4,4,2,4,2,5,2,2,79,4,1,4,1,1,1,1,1,1,1,4,1,1,1,1,1,1,1,1,1,1,4,30,"none, thank you",44,Female,White,Full-Time,1044
570521cfde5095001018a0c8,44902.44118,44902.45069,0,,100,821,1,44902.4507,R_3pnIRv9HEqJMHjr,,,anonymous,EN,1,1,570521cfde5095001018a0c8,4,6,1,1,1,1,5,6,2,1,2,5,6,2,5,1,6,6,3,2,2,5,4,6,1,2,2,2,2,6,3,2,6,4.33,5.33,2.5,2.33,1.67,2.67,2,2,2,0,0,0,1,1,3,1,1,1,1,1,1,1,1,1,2,1.272727,1,1,3,3,2,1,1,1,2,2,2,1,3,1,1,2,1,1,2,1,1,2,1,2.2,4,5,5,4,4,5,4,5,5,5,5,4,55,2,0,1,5,0,1,5,5,1,5,0,0,5,4,1,4,0,0,6,0,2,1.285714,4.571429,0.8571429,2.238095,3,1,3,2,3,3,3,3,2,4,4,2,2,2,0,5,5,5,2,5,2,4,4,5,4,4,4,1,4,5,5,4,3,5,3,4,5,1,2.25,3,2,3.833333,4.2,4.666667,4,4,3.378378,5,5,4,5,5,3,5,3,4,5,5,5,5,5,5,5,5,4,2,5,5,95,2,4,2,3,2,2,3,1,1,1,3,1,1,1,2,1,4,1,1,1,1,4,38,NA,52,Male,White,DATA_EXPIRED,832
570b7f8fb9b52b00102d9723,44902.07034,44902.08578,0,,100,1334,1,44902.08578,R_2D6L6tlPRxvYO1H,,,anonymous,EN,1,1,570b7f8fb9b52b00102d9723,6,6,4,5,6,1,6,6,6,4,6,6,6,5,6,6,6,6,6,6,6,6,6,6,1,6,6,6,1,1,6,6,6,6,5.17,3.83,5.5,6,0.47,7,7,7,0,0,0,1,1,1,1,2,1,1,1,3,1,1,1,5,1.636364,3,2,3,4,1,1,2,1,1,4,2,2,1,3,2,3,1,2,3,1,2,2,1.909091,2.3,4,5,4,4,1,2,5,1,1,1,1,1,30,6,6,5,6,6,6,6,6,6,6,6,6,6,6,6,6,4,6,6,5,6,5.571429,6,5.857143,5.809524,3,5,5,4,5,5,0,5,5,2,1,1,0,2,0,0,5,5,1,2,0,4,5,5,5,5,5,1,5,3,2,5,4,5,0,5,5,1,4.25,3.666667,0.8,2.833333,5,3.333333,4.666667,3.333333,3.243243,4,5,4,5,1,4,4,5,4,4,5,3,2,1,5,1,5,2,2,5,2,73,1,5,1,5,5,5,4,1,1,2,4,1,4,1,5,5,5,4,1,1,1,4,62,Thank you for the opportunity to participate in your research.,54,Female,White,Full-Time,2026
570d30d942a1db000fc4cf87,44900.83971,44900.85044,0,,100,927,1,44900.85046,R_21FXtWogC7E1m6u,,,anonymous,EN,1,1,570d30d942a1db000fc4cf87,4,5,3,4,5,1,4,5,3,3,5,5,6,3,5,2,6,6,5,5,6,6,6,6,4,5,6,4,5,4,5,4,6,4.83,5.5,3.67,4.5,4.67,0.89,5,4,5,1,1,0,1,3,2,2,1,1,1,2,1,2,1,2,3,1.636364,1,1,2,2,2,1,1,1,2,1,2,1,2,1,1,1,1,1,1,1,1,2,1,1.6,4,2,4,4,4,4,4,1,2,2,2,2,35,1,3,5,2,2,4,1,3,5,1,2,2,2,1,4,1,4,3,1,3,4,2.571429,1.285714,3.857143,2.571429,4,2,2,2,3,2,2,3,2,2,3,4,5,3,4,3,1,2,4,4,3,2,3,3,4,2,4,4,5,4,5,3,1,4,5,5,4,1,2.5,2.333333,3.8,2.666667,3.2,4.666667,2.666667,4.666667,3.189189,4,4,4,5,5,5,5,5,5,5,5,5,5,5,4,4,5,4,5,4,4,97,1,2,1,3,1,1,3,1,1,1,4,1,1,1,2,4,2,2,3,1,2,4,38,NA,60,Female,White,Full-Time,937
570f018053cc8f000f8d4bbb,44902.75322,44902.76148,0,,100,713,1,44902.76149,R_3EaTuMWF0eCQVB2,,,anonymous,EN,1,1,570f018053cc8f000f8d4bbb,6,6,1,6,3,1,6,4,5,2,4,6,6,4,6,1,6,6,1,4,5,6,6,6,1,1,6,6,6,2,6,1,6,6,5.67,2.33,4.17,3.33,2.56,1,1,1,0,0,0,1,1,1,1,5,1,1,1,2,1,1,1,1,1.454545,1,1,1,1,1,1,1,1,1,1,1,1,1,1,1,1,1,1,1,1,1,2,1,1,1,1,1,1,1,1,1,1,1,1,1,1,12,6,1,6,6,0,4,6,0,3,6,0,5,6,0,6,5,4,6,6,6,6,1.571429,5.857143,5.142857,4.190476,5,5,5,5,0,0,0,0,0,0,0,0,5,5,0,5,5,5,5,5,5,5,5,5,5,5,5,5,5,5,5,5,5,5,5,5,5,1,5,0,2,5,5,5,5,5,3.783784,5,5,5,5,5,5,5,5,5,5,5,5,5,5,5,3,5,5,5,5,5,103,1,1,1,1,1,1,1,1,1,1,1,1,1,1,1,1,1,1,1,1,1,4,21,NA,35,Male,White,Full-Time,724
571f8b7d936f5f0009c6d7c9,44902.35134,44902.36204,0,,100,923,1,44902.36204,R_2bTuoJgj23FSyLj,,,anonymous,EN,1,1,571f8b7d936f5f0009c6d7c9,6,6,5,6,5,1,6,6,5,5,5,6,6,4,6,5,6,6,6,6,6,6,6,6,4,3,6,3,2,2,6,5,6,5.5,5.33,4.33,5.33,5.33,0.42,6,5,6,1,1,1,1,4,1,2,2,1,1,1,1,2,1,2,2,1.454545,1,1,1,1,1,1,1,1,1,1,1,1,1,1,1,1,1,1,1,1,1,2,1,1,4,4,5,5,4,4,5,1,2,2,2,2,40,6,5,6,6,0,5,6,2,6,6,5,6,6,6,6,6,6,6,5,0,6,3.428571,5.857143,5.857143,5.047619,5,5,5,5,4,2,0,0,1,1,1,1,4,4,4,4,4,4,4,4,4,5,5,5,5,5,5,4,5,3,4,5,4,5,5,5,5,1,5,1.333333,2.8,4.166667,5,4,4.666667,5,3.810811,5,5,5,5,5,5,5,5,5,5,5,5,4,5,5,4,5,5,5,5,4,102,3,3,4,3,3,3,4,4,3,3,4,4,4,3,3,4,4,4,5,4,3,4,75,Great study,59,Female,White,Part-Time,932
5723c21ca300060009bc6d9d,44901.40169,44901.41192,0,,100,884,1,44901.41194,R_3jdKmc5XOeEuqYF,,,anonymous,EN,1,1,5723c21ca300060009bc6d9d,1,1,1,1,3,1,1,1,2,4,1,1,3,1,1,1,1,1,4,1,1,4,1,2,3,6,1,1,1,2,3,1,6,1,1.5,2.17,2.67,1.33,-0.81,6,6,5,0,0,0,1,1,2,2,1,2,2,2,2,1,2,3,2,1.909091,1,1,1,1,1,1,1,1,1,1,1,1,1,2,1,1,1,1,1,1,1,2,1.090909,1,1,4,2,4,1,2,2,1,2,1,4,1,25,4,0,4,4,0,0,4,0,0,0,3,5,4,0,2,4,0,4,2,2,2,0.7142857,3.142857,2.428571,2.095238,5,4,5,4,3,4,1,4,3,3,1,2,5,5,2,5,4,5,5,5,5,5,5,5,4,5,4,5,5,5,5,5,4,5,5,4,5,1,4.5,3,3,4.833333,4.6,5,4.666667,4.666667,4.216216,5,3,4,4,5,5,5,4,2,2,5,5,5,4,5,1,5,4,5,2,1,81,1,1,1,2,2,1,5,1,1,1,3,1,1,1,1,1,1,2,4,1,1,4,33,NA,44,Female,Asian,Full-Time,891
57309f6b30a556000fecdd47,44901.52602,44901.53978,0,,100,1189,1,44901.5398,R_unaWE7bo131Ebf3,,,anonymous,EN,1,1,57309f6b30a556000fecdd47,3,3,1,4,4,1,3,5,3,5,4,4,4,4,4,1,2,5,4,4,3,4,5,4,4,3,3,4,3,2,4,3,6,3.5,4,3,4,3,0.42,2,2,3,0,0,0,1,1,4,2,3,2,2,2,2,2,2,3,2,2.363636,1,1,1,1,2,1,1,1,1,1,1,1,1,1,1,1,1,1,1,1,1,2,1,1.1,1,1,2,2,2,2,2,2,1,2,1,2,20,0,0,2,1,0,1,0,0,1,1,0,0,0,0,1,0,1,3,0,0,2,0.1428571,0.2857143,1.428571,0.6190476,3,3,2,3,3,3,3,3,3,3,3,3,3,3,2,3,3,3,3,2,3,3,2,2,3,4,4,3,3,4,4,2,2,2,3,3,3,1,2.75,3,2.8,2.833333,3,3.666667,2,3,2.891892,4,3,4,4,4,4,3,3,4,2,4,4,3,3,3,3,4,2,4,4,3,72,2,4,2,5,2,2,3,1,1,1,5,2,2,1,2,3,1,1,2,1,4,4,47,thank you was interesting,42,Male,Asian,Full-Time,1323
5752d296a300c500073d03be,44901.32007,44901.36404,0,,100,3798,1,44901.36406,R_x60TkjqBjXI7ewx,,,anonymous,EN,1,1,5752d296a300c500073d03be,1,3,1,2,3,1,4,2,1,1,1,5,2,1,1,6,3,2,1,6,2,6,2,3,1,6,4,6,1,3,6,5,6,3.5,2.17,1.33,3.67,3.5,0,3,5,3,1,1,1,0,3,2,1,1,1,1,1,1,1,1,2,2,1.272727,1,1,1,1,1,1,1,1,1,2,2,1,1,1,1,1,2,1,2,1,1,2,1,1.4,2,5,4,2,2,4,4,1,1,4,1,1,31,0,5,4,0,4,4,0,5,4,0,5,5,0,5,3,2,6,3,0,6,6,5.142857,0.2857143,4.142857,3.190476,1,1,0,0,3,3,2,3,4,3,4,5,3,2,3,0,0,3,1,1,0,0,0,0,3,0,1,1,0,0,0,0,0,0,4,4,3,1,0.5,3,3.4,0.8333333,0.8,0,0,3.666667,1.567568,2,5,4,2,5,5,5,4,5,5,5,5,5,5,5,4,5,2,4,4,5,91,1,4,2,1,5,5,4,2,4,5,1,1,5,2,2,5,4,1,4,4,4,4,66,NA,46,Male,White,Full-Time,3803
57541379f5000a0006b06ab4,44907.60008,44907.61176,0,,100,1008,1,44907.61177,R_wYGz9f3QrY2KtcR,,,anonymous,EN,1,1,57541379f5000a0006b06ab4,5,6,2,2,2,1,6,6,3,2,3,6,6,2,5,2,6,6,2,3,3,6,6,6,2,2,3,3,3,3,4,2,6,5.33,5.5,2.33,3,2.5,2.81,1,1,1,0,0,0,1,1,2,2,2,1,2,2,2,2,2,1,2,1.818182,1,1,1,1,1,1,1,1,1,1,2,1,1,1,1,1,3,1,1,1,1,2,1,1.3,2,4,4,4,2,2,2,1,1,4,1,2,29,1,1,4,5,4,4,5,4,2,4,2,4,4,2,4,5,4,5,4,5,4,3.142857,4,3.857143,3.666667,4,4,4,3,3,2,1,2,2,2,2,2,2,2,3,3,3,4,3,3,3,3,4,4,3,4,4,2,4,3,3,4,3,4,4,4,4,1,3.75,2,2.2,3.166667,3.8,3.333333,3.666667,4,3.081081,4,5,4,5,5,5,4,5,4,3,4,4,4,4,4,2,4,4,5,3,4,86,2,4,2,4,4,3,4,4,2,2,3,2,2,2,4,4,4,2,4,2,2,4,62,none,67,Female,White,Part-Time,1014
57630e89bca2670006ccd1f7,44907.9266,44907.94124,0,,100,1265,1,44907.94126,R_3n2DejyGVDr45rB,,,anonymous,EN,1,1,57630e89bca2670006ccd1f7,5,5,1,3,5,1,5,2,1,4,4,5,2,2,4,6,4,5,1,4,3,6,5,3,4,4,5,2,1,2,4,5,6,4.33,3,1.83,3.83,4.67,0.22,6,6,5,1,1,0,0,2,2,2,2,2,2,1,2,2,1,2,1,1.727273,3,1,2,3,1,1,1,1,1,3,2,1,2,2,1,3,3,2,3,2,3,2,1.636364,2.3,4,5,5,4,4,2,5,2,2,5,4,4,46,5,6,6,5,0,3,5,1,5,5,3,6,6,3,4,4,6,4,4,5,4,3.428571,4.857143,4.571429,4.285714,2,3,2,3,2,4,2,3,2,2,0,1,3,4,1,2,1,2,1,2,3,3,4,3,5,3,4,1,2,1,4,3,3,1,2,4,2,1,2.5,2.5,1.8,2,3.8,2.333333,2.333333,2.666667,2.432432,4,5,4,5,5,5,4,5,5,5,4,4,3,4,3,4,5,1,3,2,3,83,4,4,4,1,5,4,2,5,5,5,4,3,2,1,4,3,4,1,3,4,5,4,73,NA,36,Female,Black,DATA_EXPIRED,1272
57813c9d275be60001357faa,44900.83514,44900.85723,0,,100,1909,1,44900.85725,R_1DMQKPqg3CJ4U7q,,,anonymous,EN,1,1,57813c9d275be60001357faa,5,6,2,1,5,1,6,6,1,2,5,6,6,2,4,1,6,5,4,4,5,6,6,6,2,3,6,3,1,2,2,3,6,5.33,5,2.17,2.67,4.17,2.17,6,6,6,1,0,0,1,2,3,3,3,3,1,1,1,1,3,3,2,2.181818,4,4,4,3,4,4,4,2,4,3,2,4,3,4,4,3,4,3,4,2,3,2,3.454545,3.4,5,5,4,5,5,4,4,5,5,5,5,4,56,6,4,5,6,3,4,6,4,5,4,3,2,6,6,4,6,6,5,6,4,6,4.285714,5.714286,4.428571,4.809524,3,5,3,3,3,4,1,3,1,2,0,2,0,0,0,0,3,3,3,2,1,2,5,5,4,4,4,1,1,1,0,4,5,4,0,0,5,1,3.5,2.333333,0.4,2.333333,4.4,0.6666667,4.333333,1.666667,2.351351,2,3,3,3,2,2,4,2,3,3,3,2,2,3,3,1,5,1,4,3,3,57,3,3,3,4,3,2,3,2,1,3,3,3,3,1,5,5,5,3,4,3,3,4,65,bubble hell,43,Female,White,"Not in paid work (e.g. homemaker', 'retired or disabled)",1448
57864d24900cc80001d2de56,44901.24475,44901.25093,0,,100,533,1,44901.25095,R_1Q5wtwWuoSVTznu,,,anonymous,EN,1,1,57864d24900cc80001d2de56,4,3,2,2,2,2,5,6,1,3,6,6,3,2,5,2,5,4,4,2,3,4,6,5,5,4,4,6,2,4,5,5,6,5.33,3.83,3,3.5,3.67,1.19,4,4,6,0,0,0,1,1,2,2,2,2,2,5,2,2,1,4,4,2.545455,1,1,1,1,1,1,1,1,1,1,1,1,1,1,1,1,1,1,1,1,1,2,1,1,4,5,4,4,5,5,4,4,2,4,2,4,47,2,2,2,2,2,6,1,1,2,3,1,2,1,2,2,2,3,0,2,6,6,2.428571,1.857143,2.857143,2.380952,3,4,5,4,0,1,1,4,3,1,1,3,4,4,1,5,4,4,3,4,5,4,4,4,5,5,4,3,4,5,4,5,3,5,5,5,3,1,4,1.666667,2.6,4,4.4,4.333333,4.333333,4.333333,3.567568,5,5,4,4,4,5,5,4,4,5,4,4,5,4,4,5,4,5,4,5,4,93,5,4,4,4,5,5,4,5,5,5,4,4,5,4,4,5,3,4,5,5,4,4,93,NA,44,Male,Asian,Full-Time,539
57af9cdda169b50001a434e3,44900.80095,44900.8116,0,,100,919,1,44900.81161,R_1K29tbLQqM3CjkA,,,anonymous,EN,1,1,57af9cdda169b50001a434e3,4,2,2,2,6,1,3,4,4,4,2,5,4,3,1,6,5,3,2,1,5,6,3,3,5,6,5,5,3,4,2,5,6,4.17,3.17,3.33,2.67,4.83,0.06,6,6,7,1,1,0,1,3,4,4,2,2,3,3,2,5,5,4,2,3.272727,1,2,2,1,1,1,1,1,2,1,2,1,1,3,1,1,2,1,2,1,1,2,1.272727,1.5,2,5,3,4,2,4,2,2,3,3,1,2,33,0,0,4,0,3,2,0,3,1,0,2,3,0,3,3,0,1,3,0,6,5,2.571429,0,3,1.857143,3,3,0,0,5,3,4,3,4,4,4,3,2,2,5,0,0,2,0,0,0,1,0,2,2,0,0,0,4,0,0,4,0,4,1,0,1,1,1.5,3.833333,3.2,0.5,0.8,1.333333,2.666667,0.6666667,1.783784,2,2,2,2,2,3,2,3,2,1,2,3,4,2,4,1,3,1,2,1,1,45,1,1,1,2,1,1,4,1,1,1,1,1,1,1,2,1,1,1,4,1,1,4,29,NA,42,Female,Other,Part-Time,926
57b560e4a18afd00013e0579,44906.57072,44906.57809,0,,100,636,1,44906.5781,R_pDG2OcgfpsegHhn,,,anonymous,EN,1,1,57b560e4a18afd00013e0579,5,5,3,5,5,1,5,5,6,4,2,6,5,4,4,6,6,1,2,6,4,6,6,6,6,6,5,6,1,6,6,6,6,5.67,3.83,4.5,5.17,4.67,-0.03,6,6,4,1,1,0,1,3,2,5,3,2,3,3,2,4,3,1,4,2.909091,1,1,1,1,1,1,1,1,1,1,1,1,1,1,1,2,1,1,2,1,1,2,1,1.2,3,5,5,2,5,5,5,2,2,4,2,4,44,6,6,6,6,3,6,6,6,5,6,6,3,6,6,5,6,6,6,6,3,6,5.142857,6,5.285714,5.476191,5,4,5,0,1,2,0,1,1,1,5,5,3,3,2,0,0,2,2,0,2,4,1,3,5,3,1,3,0,0,0,3,3,4,5,5,5,1,3.5,1,3.6,1.666667,2.6,0,3.333333,5,2.405406,3,4,5,4,3,5,4,5,3,2,5,4,2,1,5,5,4,3,2,2,4,75,1,1,1,3,2,1,4,1,2,1,5,1,1,1,1,4,3,3,2,1,1,4,40,na,47,Female,White,Part-Time,642
57dd766bbcd7150001ded5de,44900.91745,44900.9305,0,,100,1126,1,44900.93051,R_3ZUAnwPxvrBJVV7,,,anonymous,EN,1,1,57dd766bbcd7150001ded5de,5,5,2,3,2,1,6,6,4,2,3,6,6,3,5,1,6,5,3,4,2,6,6,5,5,6,2,5,4,4,5,1,6,5.67,5.17,3.5,4.17,1.83,2.25,4,2,6,0,0,0,1,1,3,1,2,2,1,2,1,1,1,3,2,1.727273,2,2,3,2,4,2,2,2,2,4,2,2,2,1,2,3,4,1,4,1,1,2,1.636364,3,4,5,4,4,4,4,3,3,4,4,4,2,45,6,1,5,6,0,6,6,0,3,6,4,5,6,0,5,6,2,5,6,3,6,1.428571,6,5,4.142857,3,3,2,2,1,4,0,0,4,4,2,3,0,1,1,0,0,2,0,1,0,1,1,1,1,1,3,0,2,1,0,0,0,0,1,0,3,1,2.5,2.166667,1.4,0.6666667,1.4,1,0,1.333333,1.297297,4,4,4,5,5,4,4,4,5,4,4,4,4,4,4,2,5,1,2,3,2,78,1,2,2,4,4,2,4,1,2,2,1,1,1,1,2,4,1,1,1,1,1,4,39,"Although I had to answer regarding how I am most of the time, some of the questions about how I feel in my body became more pronounced.  I suspect even though I had a focus on what was being required I recently contracted for the first known time the Chinese Coronavirus.  Therefore I have been feeling unwell of late and it was a factor in my answers I must say.",54,Male,White,DATA_EXPIRED,1134
57e7bb4e73e67300012b8e2a,44907.50189,44907.53854,0,,100,3166,1,44907.53855,R_2fqcruX6jqF9Qwp,,,anonymous,EN,1,1,57e7bb4e73e67300012b8e2a,4,6,3,3,3,1,5,5,4,2,3,5,6,4,4,1,4,6,4,3,1,6,4,4,4,3,3,2,3,1,1,2,6,4,5,3.33,2.67,2.17,1.78,2,2,2,0,0,0,1,1,3,2,2,4,2,2,2,2,2,2,2,2.272727,1,1,1,1,1,1,1,1,2,1,2,1,1,1,1,1,1,1,1,1,1,2,1,1.2,2,4,4,3,4,4,2,1,1,1,2,1,29,3,4,6,4,4,2,4,4,4,4,3,4,2,3,4,4,3,5,5,6,4,3.857143,3.714286,4.142857,3.904762,4,3,4,3,1,1,2,1,1,1,2,4,4,3,4,2,2,3,4,1,4,5,4,2,3,4,3,4,5,4,4,1,1,3,5,3,5,1,3.5,1.166667,3.4,3.166667,3.2,4.333333,1.666667,4.333333,2.972973,3,4,4,5,5,5,4,5,4,4,4,5,4,4,5,4,5,4,4,2,4,88,3,4,2,4,5,3,5,2,2,2,4,3,2,4,3,4,4,2,3,2,2,4,65,NA,54,Female,White,"Not in paid work (e.g. homemaker', 'retired or disabled)",3172
580d5d1f357e890001dd14ce,44900.85181,44900.8692,0,,100,1502,1,44900.86922,R_3HHpmeJKrfxShS6,,,anonymous,EN,1,1,580d5d1f357e890001dd14ce,5,6,1,1,2,1,5,4,5,1,2,5,6,2,5,1,5,6,1,1,1,6,5,6,1,1,1,5,6,5,1,1,6,5,5.67,2.5,1.67,1.33,3.5,2,2,2,0,1,0,1,2,3,1,1,1,1,1,2,2,1,1,1,1.363636,2,2,3,3,3,1,2,1,3,3,3,1,3,2,3,3,4,2,3,2,1,2,1.727273,3.1,4,4,4,5,3,4,3,4,4,4,4,4,47,0,2,6,4,0,4,3,1,5,4,4,6,5,2,4,5,1,4,2,0,5,1.428571,3.285714,4.857143,3.190476,4,3,0,3,1,4,3,2,4,3,3,2,1,1,1,1,0,0,1,1,2,1,3,4,3,3,0,0,1,2,1,2,2,2,0,0,2,1,2.5,2.833333,1.6,0.8333333,2.6,1.333333,2,0.6666667,1.783784,2,1,4,2,4,3,4,4,4,1,2,3,1,2,3,1,4,5,2,2,2,56,2,2,2,2,2,2,4,1,1,1,1,2,1,1,1,2,2,1,1,1,1,4,33,NA,39,Male,White,"Not in paid work (e.g. homemaker', 'retired or disabled)",1527
583748dafb65a0000128b059,44900.82494,44900.83538,0,,100,902,1,44900.8354,R_2aOBur8GJWW7Wln,,,anonymous,EN,1,1,583748dafb65a0000128b059,4,5,1,1,2,1,4,5,4,1,1,5,6,3,2,1,4,5,2,1,1,4,5,2,2,1,1,3,4,2,2,2,6,4.17,4.5,2.33,1.33,1.33,2.67,1,1,3,0,0,0,1,1,2,2,4,2,1,2,1,2,2,1,1,1.818182,1,1,1,1,1,1,1,1,1,1,1,1,1,1,1,1,1,1,1,1,1,2,1,1,1,2,2,2,2,2,2,1,2,2,2,1,21,1,0,5,3,0,2,2,0,1,3,3,4,3,1,4,2,1,4,2,1,2,0.8571429,2.285714,3.142857,2.095238,4,4,4,3,1,1,1,1,1,1,2,1,4,4,4,4,4,4,4,4,4,4,4,4,4,4,4,4,4,4,4,4,4,4,4,3,4,1,3.75,1,3,4,4,4,4,3.666667,3.324324,4,5,4,4,4,5,4,5,4,4,4,4,5,4,4,4,4,4,4,4,4,88,2,2,4,4,2,5,3,5,5,4,3,4,3,4,3,4,4,3,4,3,4,4,75,NA,39,Male,Other,Full-Time,907
583ec287ad2f4300014b355a,44901.08501,44901.09389,0,,100,767,1,44901.09391,R_2rAVW8CCWIb8HVE,,,anonymous,EN,1,1,583ec287ad2f4300014b355a,6,6,1,3,1,1,6,6,3,1,1,6,6,3,3,1,5,6,1,1,1,6,6,6,6,3,3,3,6,4,4,1,6,5.33,6,3,2.5,1.33,3.39,1,1,1,0,0,0,1,1,3,3,2,2,2,3,3,3,2,1,3,2.454545,2,1,2,1,1,1,1,1,3,1,1,2,2,1,1,2,1,1,1,1,1,1,1.181818,1.5,5,3,2,4,1,1,1,1,1,1,2,1,23,0,2,3,3,1,2,3,3,2,3,0,3,2,1,3,3,0,2,1,0,2,1,2.142857,2.428571,1.857143,3,3,3,3,2,3,5,4,2,2,3,3,2,1,2,3,2,3,3,3,2,2,2,3,3,3,3,2,2,3,4,2,3,3,3,2,3,1,3,3,2.2,2.5,2.8,3,2.666667,2.666667,2.702703,4,4,4,4,4,4,3,4,4,4,4,3,3,2,4,2,4,2,3,4,3,73,4,3,4,4,4,4,3,4,4,4,4,3,2,4,4,4,4,3,4,4,4,4,78,NA,66,Male,White,Full-Time,775
5842fc63bd63a400010f6ae7,44900.74178,44900.75828,0,,100,1424,1,44900.75829,R_1C3yAYIcCPXnI3B,,,anonymous,EN,1,1,5842fc63bd63a400010f6ae7,5,2,1,6,5,1,6,2,2,1,5,5,2,1,6,2,6,6,5,6,5,6,6,5,1,5,6,5,1,1,6,3,6,5.5,3,1.83,5,4.33,0.53,6,6,6,1,1,1,0,3,3,3,4,3,2,2,2,2,2,2,3,2.545455,1,1,1,1,1,1,1,1,1,1,1,1,1,1,2,1,1,1,1,1,1,2,1.090909,1,4,5,5,5,5,5,4,1,1,2,2,4,43,0,3,6,0,0,6,0,3,6,0,3,6,0,0,6,0,6,6,0,0,6,2.142857,0,6,2.714286,5,5,5,0,0,0,0,0,0,0,0,0,5,5,0,5,5,5,5,5,5,5,0,5,5,5,5,5,5,5,5,5,5,5,5,5,5,1,3.75,0,2,5,4,5,5,5,3.513514,4,4,2,4,4,4,4,4,4,2,4,4,4,4,4,2,4,4,4,2,4,76,2,4,2,4,4,2,4,2,4,2,4,2,2,2,2,4,2,2,4,2,2,4,58,NA,50,Female,White,Full-Time,1435
58742bf5d53c97000159df8c,44900.69127,44900.70051,0,,100,797,1,44900.70052,R_qVfavT1rO9a1IKR,,,anonymous,EN,1,1,58742bf5d53c97000159df8c,5,5,2,4,6,1,5,5,3,3,5,5,5,4,5,6,6,6,1,6,6,6,6,6,1,6,6,6,6,4,1,6,6,5.5,5.5,2.5,4.17,5.83,1.33,7,7,4,1,0,0,1,2,4,2,4,1,2,2,2,2,2,2,4,2.454545,1,1,2,3,3,1,1,1,2,2,1,1,2,1,1,2,1,1,2,1,1,2,1,2,4,4,4,4,4,4,5,4,4,4,4,4,49,5,6,6,6,6,4,6,6,5,6,6,4,6,6,5,6,6,4,6,6,6,6,5.857143,4.857143,5.571429,5,5,5,5,1,1,1,2,1,2,0,1,3,4,2,5,5,4,5,5,5,5,5,5,4,5,5,4,3,4,4,5,5,4,4,5,5,1,5,1.333333,2,4.833333,4.8,3.666667,4.666667,4.666667,3.756757,5,5,5,5,5,5,5,5,5,5,5,5,5,5,5,5,5,5,5,4,5,104,2,5,2,5,4,2,5,2,2,4,2,2,2,2,5,5,4,4,5,4,4,4,72,NA,33,Female,White,Part-Time,2210
588e02b13326830001bc29cd,44901.27069,44901.2824,0,,100,1010,1,44901.2824,R_25Bo6xkaVl3iJmB,,,anonymous,EN,1,1,588e02b13326830001bc29cd,6,5,1,2,1,1,6,5,2,1,1,6,6,2,6,1,6,4,1,5,1,6,5,3,6,4,1,6,2,4,4,1,6,5.83,4.17,2.67,3.67,1,2.56,5,4,6,1,1,1,1,4,1,1,1,1,1,1,1,1,1,1,1,1,1,2,4,4,1,1,1,1,2,1,3,1,1,1,1,2,1,1,1,1,2,2,1.181818,2,2,4,4,1,4,4,4,1,1,1,1,2,29,5,0,3,6,0,2,2,0,2,6,0,1,5,0,2,6,5,4,5,0,2,0.7142857,5,2.285714,2.666667,4,4,4,4,2,1,0,2,1,2,4,2,4,4,4,4,4,5,4,4,4,4,4,4,4,4,4,4,1,1,3,4,4,4,5,4,4,1,4,1.333333,3.6,4.166667,4,1.666667,4,4.333333,3.378378,5,5,5,5,5,5,5,5,5,5,5,5,5,5,5,4,5,4,5,5,5,103,1,1,2,1,1,1,1,1,1,1,1,1,1,1,1,1,1,1,1,1,1,4,22,A progress bar might make it less tedious. Thank you.,42,Female,White,Full-Time,1023
589de7bbbb9e0f0001ac9768,44904.40237,44904.41404,0,,100,1008,1,44904.41405,R_9Ty7xIvZ40i9VKx,,,anonymous,EN,1,1,589de7bbbb9e0f0001ac9768,6,6,1,2,4,1,6,5,5,1,3,5,6,5,5,1,5,5,1,1,1,5,5,5,1,1,2,5,6,2,1,2,6,5.33,5.5,2.5,1.83,2.17,3.25,1,1,1,0,0,0,1,1,4,2,1,1,2,1,2,1,2,1,1,1.636364,1,2,3,4,3,3,2,2,4,4,4,1,3,1,3,2,4,1,3,1,1,2,1.636364,3.4,4,5,4,4,3,4,4,4,4,4,5,4,49,0,4,4,2,1,1,1,0,0,4,5,4,2,0,1,4,6,6,3,0,3,2.285714,2.285714,2.714286,2.428571,2,3,1,4,1,1,1,1,3,1,2,1,1,1,1,0,4,1,1,0,0,1,4,4,3,4,4,1,1,1,4,3,1,4,2,3,4,1,2.5,1.333333,1.2,1.166667,3.8,2,2.666667,3,2,2,2,2,4,2,2,5,4,4,5,5,2,3,5,4,4,4,2,4,4,4,73,2,4,3,3,3,4,4,2,1,1,4,1,1,1,3,2,1,1,1,1,1,4,44,NA,27,Female,White,Other,1016
58a2788898124900015923bf,44900.84207,44900.87102,0,,100,2500,1,44900.87105,R_2SvJe6MpsJGx6th,,,anonymous,EN,1,1,58a2788898124900015923bf,2,2,1,3,6,1,1,3,1,2,1,6,6,2,3,6,5,1,5,4,5,6,2,3,2,4,4,6,1,2,1,5,6,3.67,2.67,2.17,2.83,4.5,0,5,5,5,0,0,0,1,1,4,3,3,3,2,4,3,3,3,1,4,3,2,4,2,3,4,1,1,2,4,3,4,1,4,1,1,2,3,1,3,1,1,2,1.454545,3.2,5,5,5,5,5,5,5,5,5,5,5,5,60,0,3,5,0,1,5,0,6,6,0,2,3,0,6,6,0,3,3,0,3,4,3.428571,0,4.571429,2.666667,3,2,2,3,2,2,1,2,2,2,3,3,1,0,2,2,1,1,2,1,3,2,4,3,4,4,2,0,1,2,1,2,1,2,2,4,3,1,2.5,1.833333,1.8,1.666667,3.4,1.333333,1.666667,3,2.081081,5,4,5,4,5,5,5,4,5,4,5,5,4,5,5,4,4,3,5,4,3,93,3,3,4,4,3,3,3,3,3,4,3,2,3,3,3,3,4,2,4,3,3,4,66,NA,47,Female,White,Full-Time,2517
58adfc6e7cf56d0001f931a2,44900.73759,44900.7877,0,,100,4328,1,44900.78771,R_3fwcuEoo2OVbHdz,,,anonymous,EN,1,1,58adfc6e7cf56d0001f931a2,1,1,1,1,1,1,4,1,1,1,1,5,1,1,1,1,4,5,2,4,1,6,4,1,1,4,1,3,1,4,2,3,6,3.5,1.67,1.67,2.17,1.33,0.86,1,1,1,0,0,0,1,1,1,4,1,3,5,1,4,2,5,1,1,2.545455,2,2,4,1,1,4,2,4,2,3,2,3,1,3,4,3,4,4,1,3,3,2,3.090909,2.2,4,4,2,5,3,4,2,3,2,5,3,1,38,1,5,5,6,6,4,1,5,0,6,6,6,5,6,6,3,6,0,6,4,1,5.428571,4,3.142857,4.190476,2,3,4,3,0,4,1,5,2,2,3,3,4,1,5,2,4,2,4,3,3,2,4,4,4,4,2,1,2,5,4,5,5,3,5,5,4,1,3,2.333333,3.2,3,3.6,3.666667,4.333333,4.666667,3.216216,4,1,4,2,3,4,1,4,1,4,1,4,2,2,1,2,2,4,4,2,2,54,2,3,3,3,1,3,3,3,3,2,1,1,3,2,4,3,3,4,2,2,1,4,52,NA,25,Male,Black,Other,4454
58be2fc3bfc0f4000179f3c5,44900.81956,44900.82708,0,,100,649,1,44900.82709,R_3Jn6r9oupKyUY08,,,anonymous,EN,1,1,58be2fc3bfc0f4000179f3c5,4,3,4,3,6,1,4,5,4,3,5,6,5,4,4,6,2,3,5,4,6,6,4,3,4,5,4,2,3,3,5,6,6,3.67,3.67,4,4,5.5,-0.83,6,6,5,0,0,0,1,1,3,3,3,3,2,1,2,2,2,3,2,2.363636,2,1,2,3,1,1,2,1,2,1,1,1,2,1,1,1,1,1,2,1,1,2,1.181818,1.6,2,3,2,3,2,2,2,2,2,2,2,1,25,5,2,5,6,2,3,5,1,4,5,4,2,4,2,3,5,4,2,4,6,5,3,4.857143,3.428571,3.761905,3,2,2,2,2,3,1,2,2,1,3,2,2,3,2,2,3,1,2,3,2,3,1,2,3,2,3,3,3,3,3,2,1,3,3,3,3,1,2.25,1.833333,2.4,2.333333,2.2,3,2,3,2.324324,3,3,4,4,4,5,4,3,4,4,3,5,4,3,2,3,4,1,4,2,2,71,2,3,2,3,1,1,2,1,1,1,1,5,1,1,3,2,2,1,3,1,1,4,38,NA,51,Male,White,Unemployed (and job seeking),690
58ed2be2a083320001a13783,44900.68344,44900.70203,0,,100,1605,1,44900.70205,R_RyHZ6mzRFqgZu1P,,,anonymous,EN,1,1,58ed2be2a083320001a13783,4,4,3,2,3,1,4,4,3,2,2,4,5,2,5,1,5,5,4,4,2,6,6,5,3,3,2,3,3,3,5,3,6,4.33,4.33,3,3.5,2.17,1.44,5,5,5,0,0,0,1,1,3,2,2,2,2,2,2,2,2,2,2,2.090909,1,1,1,1,1,1,1,1,1,1,1,1,1,1,1,1,1,1,1,1,1,2,1,1,4,5,4,3,4,2,4,2,2,2,2,3,37,2,3,5,3,1,3,1,0,4,1,1,6,1,2,5,0,6,5,1,2,3,2.142857,1.285714,4.428571,2.619048,3,5,4,2,3,1,1,2,1,3,2,1,4,4,4,4,4,4,5,4,4,4,5,1,3,4,4,4,5,5,5,3,3,5,5,5,4,1,3.5,1.833333,3,4.166667,3.4,5,3.666667,4.666667,3.513514,5,5,5,5,5,5,5,5,5,5,5,5,5,5,5,3,5,2,5,4,4,98,2,2,2,4,3,2,5,1,2,2,4,2,2,2,2,2,2,2,4,2,2,4,51,NA,38,Female,White,Full-Time,2453
593ae250ef9ed1000141364c,44901.80345,44901.81863,0,,100,1311,1,44901.81866,R_2CB0nkTV4MzYp5s,,,anonymous,EN,1,1,593ae250ef9ed1000141364c,5,5,3,4,6,1,6,5,5,3,5,6,6,4,6,3,5,2,4,6,6,6,6,5,3,6,6,1,2,4,6,2,6,4.83,4.17,3.83,5.17,4.67,-0.06,6,5,7,0,0,0,1,1,4,3,2,3,3,4,1,3,2,3,4,2.909091,1,1,1,2,1,1,1,1,3,1,1,1,2,1,1,3,1,1,1,1,1,2,1,1.6,5,5,4,4,3,4,4,4,1,2,4,2,42,4,2,3,5,0,3,4,0,2,5,1,1,5,0,3,4,3,1,1,4,5,1.428571,4,2.571429,2.666667,4,4,3,1,4,1,2,2,2,1,3,1,1,5,4,2,2,4,3,3,3,2,4,1,3,2,2,1,2,2,2,1,0,2,4,3,4,1,3,2,2.8,2.833333,2.4,2,1,3.666667,2.432432,3,4,5,5,4,5,4,4,4,3,4,5,4,4,4,2,5,2,3,4,2,80,2,4,2,4,4,1,4,1,3,3,3,1,2,1,2,3,3,1,2,2,4,4,52,593ae250ef9ed1000141364c,48,Male,White,Full-Time,1318
594ec90eca6e670001b2c184,44900.45397,44900.4664,0,,100,1073,1,44900.46641,R_3lENgkXNrL4Fcau,,,anonymous,EN,1,1,594ec90eca6e670001b2c184,4,4,2,4,3,1,3,4,4,3,2,5,4,4,4,3,5,4,4,5,4,6,6,5,5,4,5,6,2,5,4,5,6,4.83,3.83,4,4,3.67,0.44,6,5,6,1,1,1,1,4,4,4,4,4,4,4,4,4,4,4,4,4,2,2,2,3,3,2,2,2,3,3,2,3,3,3,2,3,3,1,3,2,2,2,2.090909,2.8,5,5,4,5,4,4,4,5,4,4,4,4,52,1,5,4,3,4,4,2,4,2,3,4,4,2,3,3,2,2,2,2,5,4,3.857143,2.142857,3.285714,3.095238,2,2,2,1,1,0,2,1,1,1,3,4,4,3,4,1,2,1,2,2,3,2,2,1,2,1,2,2,1,2,1,1,1,1,2,2,2,1,1.75,1,3.6,2,1.6,1.333333,1,2,1.810811,2,2,2,4,3,3,4,2,3,4,3,4,3,3,3,3,4,1,4,5,3,65,2,3,2,3,3,3,3,2,2,1,4,2,2,2,1,2,2,1,2,1,2,4,45,NA,29,Male,White,Full-Time,1079
5977e3867412f8000194e1fe,44900.77841,44900.7992,0,,100,1796,1,44900.79922,R_2QuqMpWBcboxksN,,,anonymous,EN,1,1,5977e3867412f8000194e1fe,4,4,3,3,2,2,3,5,4,2,3,5,5,4,5,4,3,3,5,5,3,4,3,4,4,5,4,5,4,3,5,2,6,3.83,4.17,3.83,4.17,3,0.33,3,3,5,0,0,1,1,2,3,1,2,2,1,2,2,2,1,5,2,2.090909,1,2,1,2,1,2,1,1,1,3,2,1,1,1,1,1,1,1,2,2,1,2,1.272727,1.5,3,4,4,2,4,1,4,2,4,2,4,1,35,1,2,5,4,0,6,3,1,4,4,3,6,6,2,5,3,5,1,3,2,1,2.142857,3.428571,4,3.190476,2,2,2,3,1,2,1,3,1,2,4,3,3,3,3,3,4,1,2,2,4,3,4,3,5,4,2,3,4,4,4,3,5,3,3,2,4,1,2.25,1.666667,3.2,2.666667,3.6,4,3.666667,3,2.891892,4,3,3,4,5,5,5,2,4,3,4,5,4,2,5,4,4,3,4,2,2,77,2,4,2,3,3,3,4,1,1,1,2,3,4,2,4,2,2,2,4,2,2,4,53,NA,43,Male,White,Full-Time,1902
598fba148380cc00012a3ce7,44900.80997,44900.82108,0,,100,959,1,44900.82111,R_8piCsXN63d3MRsl,,,anonymous,EN,1,1,598fba148380cc00012a3ce7,5,6,2,1,1,1,6,6,6,1,1,5,6,3,3,1,6,6,1,2,2,6,6,5,2,1,1,6,4,2,2,1,6,5.67,5.5,2.67,1.67,1.17,3.75,2,2,1,0,0,0,1,1,4,1,1,1,1,1,1,1,1,2,2,1.454545,2,2,2,2,2,1,1,1,3,2,2,1,2,1,2,3,1,1,2,1,1,2,1.272727,2.1,3,4,4,4,5,3,3,4,3,4,4,3,44,3,0,5,3,0,3,1,0,2,2,2,1,6,0,4,6,4,1,6,0,5,0.8571429,3.857143,3,2.571429,3,3,3,3,1,1,1,1,1,2,2,2,3,3,2,2,3,3,3,3,4,4,3,3,3,3,3,3,3,3,3,3,3,3,3,3,3,1,3,1.166667,2.4,3.333333,3,3,3,3,2.648649,5,5,5,5,5,5,5,4,5,5,5,5,5,5,5,3,5,4,5,5,4,100,2,3,3,3,3,2,3,3,3,2,3,3,3,2,3,2,3,2,3,2,2,4,55,NA,37,Female,White,Full-Time,971
59a1ddac5dfd6b000152601f,44904.61623,44904.64163,0,,100,2194,1,44904.64164,R_3OjkpwmakPd0w75,,,anonymous,EN,1,1,59a1ddac5dfd6b000152601f,5,5,1,1,1,1,1,5,1,1,1,5,6,1,3,1,5,6,5,5,1,6,6,6,1,2,2,1,1,2,2,2,6,3.83,4.83,1.83,2.33,1.33,2.5,2,2,1,0,0,0,1,1,4,2,2,1,1,2,2,2,2,1,2,1.909091,1,1,1,1,1,1,1,1,1,1,1,1,1,1,1,1,1,1,1,1,1,2,1,1,1,1,1,1,1,1,3,1,1,1,1,1,14,0,0,6,3,0,4,1,0,0,1,5,5,0,0,0,0,3,6,0,0,6,1.142857,0.7142857,3.857143,1.904762,0,4,4,0,5,1,2,1,1,5,5,5,0,4,5,0,4,4,4,4,4,4,0,3,0,5,4,4,4,3,3,4,4,4,4,4,4,1,2,2.5,3.8,4,2.4,3.333333,4,4,3.135135,5,5,5,4,5,3,5,5,5,4,5,5,5,4,4,5,5,3,5,5,5,97,2,4,2,2,1,2,2,1,1,2,1,2,2,1,4,5,1,2,2,1,2,4,42,NA,35,Male,White,DATA_EXPIRED,2199
59c0782e5364260001dc4740,44901.85546,44901.86579,0,,100,891,1,44901.8658,R_0k66tE9BtWWSThn,,,anonymous,EN,1,1,59c0782e5364260001dc4740,5,4,4,4,6,1,4,5,5,5,6,5,5,4,6,6,6,6,5,6,6,6,4,4,6,6,6,6,4,5,5,5,6,5,4.67,4.83,5.33,5.83,-0.5,2,2,2,1,1,1,1,4,3,2,2,2,2,2,1,2,2,2,3,2.090909,1,1,1,1,1,1,1,1,1,1,4,1,2,2,1,1,1,1,1,1,1,2,1.090909,1.4,5,5,5,5,5,5,5,5,2,4,2,4,52,3,6,6,6,3,6,3,0,3,6,5,4,6,6,6,3,6,3,3,6,3,4.571429,4.285714,4.428571,4.428571,3,5,3,5,0,2,0,2,2,2,2,2,3,5,2,5,3,5,5,3,3,3,5,3,5,5,5,3,3,3,3,3,3,3,5,5,5,1,4,1.333333,2.8,3.666667,4.6,3,3,5,3.351351,4,5,4,4,4,4,4,4,4,4,5,4,4,4,4,3,5,5,4,3,3,85,2,2,2,2,2,2,2,2,2,2,4,2,2,2,2,2,2,4,2,2,2,4,46,NA,59,Female,Black,"Not in paid work (e.g. homemaker', 'retired or disabled)",900
59c3a1c8c458e800017b5bf8,44900.67947,44900.6984,0,,100,1635,1,44900.69841,R_2PjIMmozznJephP,,,anonymous,EN,1,1,59c3a1c8c458e800017b5bf8,4,4,4,2,4,1,4,4,4,2,2,6,5,4,2,4,4,4,4,5,2,5,3,5,2,4,2,5,2,2,4,4,6,4.33,4,3.33,3.17,3,1,5,5,5,1,0,0,1,2,2,1,2,2,2,2,2,2,2,3,2,2,1,1,1,1,1,1,1,1,1,1,1,1,1,1,1,1,1,1,1,1,1,2,1,1,1,1,2,1,1,1,1,1,1,1,1,1,13,5,1,2,5,0,3,5,2,3,4,2,1,5,5,2,5,4,1,5,0,1,2,4.857143,1.857143,2.904762,3,4,4,3,4,1,1,4,1,1,1,5,4,4,5,4,3,3,4,4,4,4,4,2,4,4,1,3,4,4,4,3,4,4,4,4,4,1,3.5,2,3.8,3.666667,3,4,3.666667,4,3.351351,2,4,2,1,4,3,1,4,1,1,3,3,1,1,4,1,4,3,2,3,3,51,1,2,1,1,1,1,4,1,1,1,2,1,1,1,1,1,1,1,1,1,1,4,26,Thank you for the excellent wage and happy holidays to you and your family! :-),48,Female,White,Full-Time,1643
59c86f966a287600011c393e,44901.02233,44901.05381,0,,100,2720,1,44901.05383,R_2vf5c3n6MWG9Lxf,,,anonymous,EN,1,1,59c86f966a287600011c393e,5,5,3,4,4,2,5,5,4,4,4,6,6,4,5,2,5,6,2,5,3,6,2,5,4,4,5,2,2,3,4,3,6,4.17,4.83,3.33,4.33,3.5,0.78,2,2,2,0,0,0,1,1,3,2,2,3,2,2,2,2,2,3,2,2.272727,2,2,2,3,2,1,3,1,2,2,3,1,2,1,1,1,2,1,2,1,1,2,1.363636,2.1,4,5,4,4,4,3,3,4,2,4,3,2,42,2,1,5,5,2,4,4,2,3,4,3,4,4,1,4,5,2,1,5,4,3,2.142857,4.142857,3.428571,3.238095,5,5,4,5,4,2,4,4,1,2,2,2,3,3,3,2,3,3,4,4,3,3,4,4,4,4,4,4,3,4,3,5,4,5,4,2,3,1,4.75,2.833333,2.6,3.333333,4,3.333333,4.666667,3,3.45946,5,4,4,4,4,2,2,3,3,4,5,5,2,2,3,3,4,3,4,3,3,72,1,2,1,2,1,2,5,1,1,1,2,1,1,1,2,3,3,2,4,1,2,4,39,No comments at this time.,54,Male,Black,DATA_EXPIRED,2731
59d75f1b8fd07a0001841feb,44900.71497,44900.72369,0,,100,753,1,44900.7237,R_x479UecKVI1KiMV,,,anonymous,EN,1,1,59d75f1b8fd07a0001841feb,4,4,2,3,3,1,5,3,4,3,2,4,4,2,3,3,5,5,4,4,3,6,3,5,2,4,3,4,3,4,3,3,6,4.17,4,3,3.33,2.83,1.03,4,3,5,1,1,0,1,3,3,1,2,1,1,1,2,2,1,2,2,1.636364,1,1,1,2,3,1,2,1,1,1,2,1,1,1,1,1,2,1,1,1,1,2,1.090909,1.5,3,3,4,3,3,3,4,2,4,3,2,2,36,2,2,4,1,0,3,1,1,4,2,0,2,4,1,3,1,1,4,1,0,5,0.7142857,1.714286,3.571429,2,0,2,3,0,1,3,2,1,2,3,3,3,2,2,4,1,1,2,1,1,0,1,1,1,3,2,1,1,1,1,1,1,1,2,4,4,3,1,1.25,2,2.8,1,1.6,1,1.333333,3.666667,1.756757,2,3,3,3,3,3,3,4,5,5,2,4,4,3,3,1,4,3,4,2,4,68,2,2,1,4,1,2,2,1,2,3,2,3,3,2,3,1,3,2,1,2,3,4,45,Thank you.,68,Male,White,Part-Time,760
59db7128e776fd00015ec895,44901.43852,44901.4506,0,,100,1044,1,44901.45063,R_3HH6AqSvaf2DJXR,,,anonymous,EN,1,1,59db7128e776fd00015ec895,5,5,5,6,6,1,6,5,5,6,6,6,5,5,6,4,6,6,5,6,6,6,6,6,2,4,6,6,2,6,6,6,6,5.83,4.83,4.67,5.67,5.67,0,6,6,6,1,0,0,0,1,2,2,3,2,2,2,2,3,2,3,3,2.363636,1,1,1,1,1,1,1,1,1,1,1,1,1,1,1,1,1,1,1,1,1,2,1,1,4,5,5,4,5,5,5,3,4,4,4,5,53,6,6,6,6,0,1,6,0,6,6,5,6,6,6,5,6,6,6,6,1,6,3.428571,6,5.142857,4.857143,4,3,3,4,4,3,3,4,4,4,0,4,3,1,2,4,3,3,3,3,4,3,4,3,4,5,4,3,3,4,2,4,4,4,3,2,4,1,3.5,3.666667,2,3.166667,4,3,4,3,3.297297,5,5,5,5,5,5,5,5,3,5,5,5,5,5,5,2,5,2,5,4,4,95,3,4,4,4,4,4,4,4,4,4,4,2,3,4,4,4,4,1,3,2,2,4,72,NA,40,Female,White,Full-Time,1057
59e29e405de9b000017ecebf,44900.73131,44900.74424,0,,100,1116,1,44900.74425,R_r8vzs8n3nYFfEBj,,,anonymous,EN,1,1,59e29e405de9b000017ecebf,4,2,1,1,4,1,4,2,2,1,4,2,5,1,4,1,4,5,3,3,4,6,4,5,2,4,4,2,1,2,4,3,6,3.33,3.33,1.83,2.83,3.33,0.67,5,5,6,0,0,0,1,1,2,2,3,3,2,2,3,2,2,2,2,2.272727,1,1,1,2,2,1,1,1,1,1,3,3,1,1,1,2,2,1,1,1,1,2,1.181818,1.6,2,3,3,2,4,2,2,2,2,2,2,3,29,5,4,6,5,0,4,5,1,4,5,4,4,5,0,5,5,5,4,5,6,5,2.857143,5,4.571429,4.142857,2,4,3,0,2,0,1,2,0,0,3,2,2,3,4,2,3,2,3,3,4,3,3,4,4,3,3,4,3,4,4,3,4,4,4,4,4,1,2.25,0.8333333,2.8,3,3.4,3.666667,3.666667,4,2.783784,2,3,2,3,4,4,5,4,4,3,3,4,3,2,4,1,5,1,4,4,3,68,1,3,1,3,3,3,3,2,2,2,4,1,1,1,2,3,2,1,1,1,2,4,42,NA,34,Female,White,Unemployed (and job seeking),1121
59e7b0ab3e4b5a00016aa559,44901.36712,44901.378,0,,100,940,1,44901.37802,R_1F3buXwn1zUNNYZ,,,anonymous,EN,1,1,59e7b0ab3e4b5a00016aa559,5,4,3,2,4,1,4,4,4,2,3,5,5,3,6,3,5,5,3,4,4,6,5,2,4,5,4,5,6,4,3,5,6,4.83,4.33,3.5,3.67,3.83,0.92,3,1,5,0,0,0,1,1,3,2,2,1,1,1,2,2,1,2,3,1.818182,2,2,2,3,1,1,2,2,2,2,1,1,2,1,2,2,2,2,2,2,1,2,1.636364,1.9,2,4,4,4,1,2,3,2,2,2,2,1,29,2,1,5,3,0,1,2,1,2,2,0,3,3,2,3,2,1,2,3,0,3,0.7142857,2.428571,2.714286,1.952381,4,4,3,3,4,2,1,3,2,3,4,4,3,3,4,2,2,2,3,4,3,3,3,3,4,3,4,3,3,3,4,3,3,3,3,3,4,1,3.5,2.5,3.6,2.833333,3.4,3.333333,3,3.333333,3.108108,4,4,4,4,4,2,4,4,1,2,2,5,2,2,4,3,4,2,3,4,3,67,1,2,1,1,1,1,2,1,1,1,1,3,1,1,1,1,1,1,2,1,2,4,27,NA,39,Male,White,Full-Time,949
59e91cebae9f950001d8466a,44900.71823,44900.73219,0,,100,1205,1,44900.73219,R_25AvRpCxwB8GkhV,,,anonymous,EN,1,1,59e91cebae9f950001d8466a,4,4,2,3,3,1,4,5,3,3,3,6,4,4,4,1,4,5,3,4,3,5,6,5,3,3,3,3,4,2,3,3,6,4.5,4.5,2.83,3.33,2.67,1.56,2,1,2,1,1,1,1,4,3,4,3,1,2,3,2,3,2,2,3,2.545455,1,2,1,3,1,1,1,2,2,2,2,1,2,2,3,1,1,1,2,2,2,2,1.636364,1.7,4,4,5,4,4,4,5,3,3,4,4,4,48,2,3,5,4,1,3,2,0,3,4,2,2,4,1,2,3,5,3,4,0,3,1.714286,3.285714,3,2.666667,4,4,4,2,2,2,1,1,2,2,2,1,3,2,2,2,3,3,3,2,2,4,3,3,3,4,4,2,2,5,3,3,2,3,3,2,4,1,3.5,1.666667,2,2.833333,3.4,3.333333,2.666667,3,2.675676,3,4,4,4,4,3,3,3,2,3,4,3,3,3,3,3,4,2,4,4,4,70,3,3,3,4,1,1,4,1,1,3,4,1,1,1,2,1,2,1,4,2,3,4,46,NA,32,Female,White,Full-Time,1211
59f226a9d6380600018b2923,44900.69517,44900.709,0,,100,1195,1,44900.70902,R_1MVWYEL6Fmn2Cid,,,anonymous,EN,1,1,59f226a9d6380600018b2923,4,5,2,3,4,1,4,5,3,2,5,5,6,3,4,2,5,6,5,4,5,6,6,5,4,4,5,2,2,2,4,5,6,4.33,4.83,3.17,3.5,4.33,0.92,6,6,6,0,0,0,1,1,3,3,2,2,2,2,2,1,2,2,2,2.090909,1,1,1,1,2,1,1,1,1,1,2,1,1,1,1,1,1,1,1,1,1,2,1,1.2,2,2,2,2,2,2,2,1,1,1,1,2,20,3,3,4,5,1,3,3,1,3,4,4,4,4,4,4,2,4,4,3,2,2,2.714286,3.428571,3.428571,3.190476,3,3,4,3,4,2,1,3,2,2,3,4,3,3,3,4,3,3,3,3,3,3,4,4,4,3,3,3,3,3,3,3,3,3,4,4,4,1,3.25,2.333333,3.2,3,3.6,3,3,4,3.135135,4,4,4,4,4,4,2,4,2,2,4,4,4,4,2,2,4,2,2,2,2,66,2,2,2,4,4,4,2,2,4,2,4,2,4,2,2,2,2,2,2,2,2,4,54,NA,58,Female,White,Full-Time,1201
5a348ea750833c0001ee9550,44900.68355,44900.69582,0,,100,1060,1,44900.69584,R_zZqCCaZRlIK77TH,,,anonymous,EN,1,1,5a348ea750833c0001ee9550,5,5,4,4,5,1,5,3,5,4,3,6,5,3,5,3,6,5,3,1,2,6,6,3,2,2,2,4,4,1,3,5,6,5.33,4.17,3,3.17,3.33,1.58,1,1,1,0,0,0,1,1,3,1,2,2,2,3,2,2,2,2,3,2.181818,1,1,1,1,1,1,1,1,1,1,1,1,1,1,1,1,1,1,1,1,1,2,1,1,1,2,3,3,2,2,3,1,1,1,1,1,21,0,5,5,2,6,3,1,2,5,5,4,4,1,3,5,5,6,3,0,2,6,4,2,4.428571,3.476191,3,4,4,4,5,2,2,4,4,3,0,2,1,3,0,2,2,5,4,3,4,5,3,3,4,5,4,3,3,5,4,5,3,4,5,5,5,1,3.75,3.333333,1.2,3.833333,3.8,4,4,5,3.432432,5,5,5,5,4,5,5,2,3,5,5,5,4,3,5,2,5,5,1,4,2,85,1,3,2,2,1,1,5,1,1,1,4,2,1,1,1,5,1,1,5,3,1,4,43,NA,35,Female,White,DATA_EXPIRED,1066
5a4444fc56ec1100014a29e1,44900.84956,44900.88112,0,,100,2726,1,44900.88113,R_11gseZpui723cgw,,,anonymous,EN,1,1,5a4444fc56ec1100014a29e1,5,5,1,3,3,2,4,5,3,2,3,5,6,4,3,2,6,6,1,2,1,4,5,3,2,2,1,4,6,2,5,1,6,4.83,5.17,2.17,2.83,1.83,2.72,1,1,1,0,0,0,1,1,4,2,1,2,3,2,3,3,3,3,2,2.545455,2,1,3,4,2,1,3,1,3,4,2,1,4,1,2,2,3,1,3,2,2,2,1.545455,3,4,3,3,3,4,2,4,3,2,3,2,3,36,1,0,4,5,0,6,4,0,4,4,2,4,4,0,5,5,0,5,4,0,6,0.2857143,3.857143,4.857143,3,2,1,1,1,2,1,3,2,4,1,4,4,2,4,4,1,2,1,1,2,1,1,2,1,1,2,2,2,2,1,3,1,2,1,0,2,1,1,1.25,2.166667,3.6,1.333333,1.6,2,1.333333,1,1.837838,3,2,4,3,5,4,2,3,4,4,5,4,4,4,5,2,3,1,1,5,2,70,2,5,2,5,2,4,2,1,1,1,1,4,1,1,3,2,2,1,1,1,1,4,43,NA,26,Male,Black,Full-Time,2734
5a4f6c4b5f741700018a79a8,44900.89782,44900.90858,0,,100,929,1,44900.90859,R_1CqYOH1wocQbwRq,,,anonymous,EN,1,1,5a4f6c4b5f741700018a79a8,4,4,3,2,2,1,3,4,2,3,1,3,5,3,1,2,5,6,5,6,6,6,5,3,4,4,4,3,1,5,3,5,6,3.83,3.83,3.67,3.17,3.33,0.44,3,3,3,1,1,0,0,2,3,1,5,1,1,2,1,1,1,4,1,1.909091,2,2,2,1,1,1,1,2,1,2,1,2,3,1,1,2,1,1,2,1,1,2,1.363636,1.6,5,5,4,5,3,3,4,1,1,3,2,3,39,1,0,2,3,2,0,0,0,3,4,0,3,1,0,2,2,1,1,3,2,1,0.7142857,2,1.714286,1.47619,5,5,5,3,5,3,0,2,1,0,1,3,5,4,0,5,5,5,3,4,4,5,3,5,4,4,4,4,4,4,5,4,5,5,5,4,5,1,4.5,1.833333,2.6,4.333333,4,4.333333,4.666667,4.666667,3.72973,1,5,4,4,4,3,1,2,2,1,5,2,1,3,2,1,1,2,2,2,1,49,2,4,3,4,2,1,1,1,1,1,2,1,1,1,1,2,3,1,1,2,1,4,36,NA,29,Male,Other,Part-Time,937
5a57cb50acc75b00017a2b01,44900.80578,44900.84672,0,,100,3538,1,44900.84673,R_21pO43FX68UfrMU,,,anonymous,EN,1,1,5a57cb50acc75b00017a2b01,4,5,3,2,4,1,4,5,5,2,3,6,6,6,3,2,6,5,2,3,4,5,5,4,3,1,1,3,4,2,3,2,6,4.67,4.83,3.5,2.33,2.67,1.92,2,1,3,0,0,0,1,1,3,2,3,1,2,2,2,2,3,3,2,2.272727,2,2,3,3,1,2,1,1,4,3,1,2,2,2,1,3,3,1,3,2,1,2,1.545455,2.6,4,5,4,3,4,4,4,3,2,4,2,4,43,3,0,4,5,0,1,4,1,2,4,3,3,1,3,2,2,5,5,4,2,2,2,3.285714,2.714286,2.666667,3,3,3,3,3,1,2,2,2,2,4,1,2,2,2,1,4,2,3,2,2,3,4,4,5,4,4,2,3,2,2,2,2,4,3,3,4,1,3,2,2.2,2.666667,4.2,2.333333,2.666667,3.333333,2.702703,3,4,4,5,5,5,4,2,4,3,3,3,3,3,4,4,4,3,4,3,4,77,4,4,3,5,5,3,4,2,2,2,4,3,2,2,4,4,2,3,4,3,2,4,67,NA,38,Female,White,Part-Time,3547
5a6ab0fbab58b500015f29db,44900.67125,44900.71407,0,,100,3699,1,44900.71409,R_2YWCbZowjZfLKec,,,anonymous,EN,1,1,5a6ab0fbab58b500015f29db,6,6,5,5,5,1,6,6,5,3,5,6,6,5,5,6,6,6,2,6,6,6,6,6,5,5,6,6,6,5,6,6,6,6,6,4.5,5,5.67,0.94,5,5,5,0,0,0,1,1,1,5,3,1,1,1,1,2,1,1,2,1.727273,1,1,2,2,1,1,1,1,1,2,1,1,2,1,1,1,1,1,2,1,1,2,1,1.5,3,4,5,4,3,3,5,2,1,4,3,3,40,6,6,6,6,0,3,6,6,6,6,6,6,6,6,6,6,6,6,6,0,6,4.285714,6,5.571429,5.285714,3,4,4,3,4,2,2,4,2,4,2,3,3,3,2,2,3,3,3,3,2,3,4,3,4,3,4,3,3,1,1,4,3,4,4,4,4,1,3.5,3,2.6,2.833333,3.6,1.666667,3.666667,4,3.054054,4,4,3,4,4,4,4,4,4,4,4,4,4,4,4,3,4,3,4,3,3,79,3,4,3,4,4,4,4,4,4,4,4,4,4,4,4,4,4,3,3,3,4,4,79,No comments at the current time.,42,Female,Mixed,Full-Time,3705
5a6d3a19e6cc4a0001b6c47a,44901.3863,44901.39493,0,,100,746,1,44901.39495,R_2atAvrC395tnUFk,,,anonymous,EN,1,1,5a6d3a19e6cc4a0001b6c47a,5,5,2,3,4,2,6,5,3,2,3,6,4,3,3,3,5,5,4,4,5,5,6,5,4,4,4,4,3,3,3,2,6,5.33,4.5,3.17,3.17,3.5,1.64,3,2,3,1,0,0,1,2,2,2,1,1,2,1,1,1,1,1,2,1.363636,1,1,1,2,1,1,1,1,1,1,1,1,1,1,1,1,1,1,1,1,1,2,1,1.1,3,3,4,2,4,3,5,2,2,2,2,2,34,4,2,4,6,1,1,5,2,2,5,2,3,5,2,3,4,2,2,5,1,4,1.714286,4.857143,2.714286,3.095238,2,3,3,3,4,2,2,2,1,2,3,4,3,3,3,4,3,3,3,3,2,3,4,3,4,4,3,3,4,3,4,3,3,4,4,4,4,1,2.75,2.166667,3.2,2.833333,3.6,3.666667,3.333333,4,3.108108,4,5,4,5,5,4,4,3,4,4,4,4,4,4,4,3,5,3,4,3,4,84,1,2,1,1,2,1,4,1,1,2,1,2,1,1,2,1,2,1,1,1,2,4,31,Thank you good luck with your work,54,Male,White,Full-Time,752
5a79ebf1527fd000014658b3,44903.82559,44903.83847,0,,100,1112,1,44903.83849,R_wNOgFiq4Qdcl5cd,,,anonymous,EN,1,1,5a79ebf1527fd000014658b3,4,6,6,6,4,1,6,6,6,4,3,6,5,6,6,5,4,5,4,6,4,6,6,6,2,6,6,4,3,5,6,4,6,5,5.17,4.83,5.67,4.33,0.14,6,6,6,1,1,1,1,4,3,2,2,2,2,1,2,2,2,3,1,2,2,2,1,1,4,1,1,1,1,3,2,1,1,1,1,2,1,1,1,1,2,2,1.272727,1.7,4,4,3,4,4,2,3,3,4,3,4,3,41,3,6,6,6,2,6,3,6,6,6,0,6,6,3,6,6,4,6,3,6,6,3.857143,4.714286,6,4.857143,3,4,2,3,2,3,2,2,3,3,1,1,2,2,2,3,3,3,3,2,4,2,4,3,3,4,3,2,3,2,2,2,2,3,2,3,4,1,3,2.5,1.6,2.833333,3.4,2.333333,2.333333,3,2.621622,4,4,2,4,2,5,4,1,1,1,5,5,1,3,3,1,5,3,5,1,1,61,1,3,1,3,3,1,4,2,1,1,3,3,2,1,2,5,4,1,5,1,2,4,49,NA,37,Female,White,Full-Time,1117
5a8b1ee2000dab00018cc7cd,44900.68433,44900.69551,0,,100,965,1,44900.69553,R_2tbRru3Q1bBNSYi,,,anonymous,EN,1,1,5a8b1ee2000dab00018cc7cd,6,6,2,4,2,1,6,6,5,2,2,5,6,5,5,3,6,6,1,5,2,6,6,3,4,1,2,5,5,4,5,3,6,5.67,5.33,3.5,3.67,2.33,2.33,2,1,4,1,1,0,1,3,3,1,2,1,1,1,1,1,1,1,1,1.272727,3,3,2,1,1,1,2,3,3,2,2,2,3,2,2,2,2,1,2,2,3,2,2.181818,2,5,5,5,5,5,5,5,5,5,5,5,5,60,3,5,6,5,1,6,5,0,6,6,3,5,5,3,5,5,5,2,5,2,6,2.714286,4.857143,5.142857,4.238095,5,5,3,5,5,4,4,5,3,4,0,0,0,0,0,4,4,4,2,1,2,4,4,5,4,5,4,1,1,2,2,4,4,5,3,3,2,1,4.5,4.166667,0,2.833333,4.4,1.666667,4.333333,2.666667,3.054054,5,5,5,5,5,5,5,5,4,5,5,5,5,5,5,4,5,3,4,5,4,99,5,1,4,2,1,1,5,3,1,1,1,1,1,1,4,5,5,1,4,1,1,4,49,NA,33,Female,White,Part-Time,973
5ae0afd709eae20001131fb9,44900.698,44900.7164,0,,100,1589,1,44900.71641,R_2YsLX4d5UcO42Nb,,,anonymous,EN,1,1,5ae0afd709eae20001131fb9,6,6,1,4,2,1,6,6,4,1,2,6,6,3,5,1,6,6,3,4,2,6,6,6,4,1,1,6,5,4,2,1,6,6,5.83,3.17,2.83,1.5,3.42,2,1,2,1,0,0,1,2,1,1,1,1,1,1,1,1,1,1,1,1,1,1,1,1,1,1,1,1,1,1,1,1,1,1,1,1,1,1,1,1,1,2,1,1,4,5,5,4,5,4,5,4,2,4,2,5,49,1,3,2,1,0,5,3,3,2,3,3,1,1,4,3,0,5,5,3,2,5,2.857143,1.714286,3.285714,2.619048,5,5,5,5,1,2,1,1,0,2,1,3,4,3,0,3,5,3,5,4,5,5,5,5,5,5,5,5,4,5,5,5,5,5,5,5,5,1,5,1.166667,2.2,4.5,5,4.666667,5,5,3.837838,5,4,5,5,5,5,5,5,4,5,5,5,4,4,5,3,5,3,4,4,2,92,4,4,1,4,4,1,5,1,2,2,4,3,2,2,1,2,2,2,4,1,2,4,53,Very unique and interesting study topic!,31,Female,White,Full-Time,4312
5ae3a41d32ef52000131a531,44900.71468,44900.72598,0,,100,977,1,44900.726,R_3iDuJApzLE6vxH0,,,anonymous,EN,1,1,5ae3a41d32ef52000131a531,5,5,2,3,2,1,5,6,3,2,2,6,5,3,6,2,6,6,3,2,1,5,5,6,3,2,1,2,2,2,2,2,6,4.83,5,2.67,2.83,1.67,2.53,3,3,3,0,0,0,1,1,3,2,2,1,2,2,2,2,2,2,2,2,1,1,1,2,1,1,1,1,1,1,1,1,1,1,1,1,1,1,1,1,1,2,1,1.1,3,4,4,3,4,4,4,2,2,2,1,4,37,4,3,4,4,0,3,2,0,2,4,2,4,4,3,2,3,5,4,3,0,5,1.857143,3.428571,3.428571,2.904762,4,4,4,4,2,1,1,1,1,4,4,4,3,4,1,4,4,4,4,4,4,4,4,4,4,4,4,4,4,3,3,4,4,4,4,4,5,1,4,1.666667,3.2,4,4,3.333333,4,4.333333,3.486486,5,4,5,5,5,2,5,2,4,4,5,4,2,2,5,1,5,1,5,4,4,79,2,2,4,1,1,2,1,1,1,2,4,2,2,1,1,2,3,2,4,1,2,4,41,NA,24,Male,Black,Full-Time,981
5aed0f1c7ed5460001575004,44900.72122,44900.72838,0,,100,618,1,44900.72839,R_3dFXuQtSQQ3lazm,,,anonymous,EN,1,1,5aed0f1c7ed5460001575004,2,2,2,3,3,1,4,2,3,4,3,3,6,4,4,2,4,1,6,5,2,6,2,5,2,6,4,1,1,2,5,5,6,2.67,2.83,3.17,4.5,3.17,-0.86,6,5,7,1,0,0,1,2,2,1,2,1,1,1,2,2,1,1,2,1.454545,1,2,2,3,2,1,2,1,2,1,1,1,2,2,1,1,1,1,1,1,1,2,1.272727,1.6,1,4,4,2,4,4,1,1,2,2,2,1,28,3,4,2,6,1,2,2,1,2,6,3,2,3,3,3,2,2,0,4,1,3,2.142857,3.714286,2,2.619048,3,3,4,3,1,2,1,1,1,1,1,1,2,4,3,3,4,4,3,3,3,3,3,1,2,4,4,4,4,3,3,3,2,3,3,3,4,1,3.25,1.166667,2.2,3.333333,2.8,3.333333,2.666667,3.333333,2.702703,4,4,4,5,5,5,4,4,5,5,5,4,5,4,2,4,4,2,4,4,4,87,2,4,2,4,2,2,5,2,2,2,2,1,4,1,2,2,2,1,2,2,1,4,47,NA,23,Male,Asian,Full-Time,623
5af835d8e19f8c00019e6dc0,44903.72316,44903.73402,0,,100,938,1,44903.73404,R_DOEqPuaMGwTT597,,,anonymous,EN,1,1,5af835d8e19f8c00019e6dc0,5,5,4,5,5,1,5,5,5,5,6,6,1,5,6,6,6,6,6,6,6,6,5,4,4,4,4,5,5,4,4,6,6,5.33,4.33,4.67,5,5.5,-0.22,5,3,5,0,1,0,1,2,3,2,4,1,1,1,2,1,1,1,2,1.727273,1,1,1,1,1,1,1,1,1,1,1,1,1,1,1,2,1,1,1,1,1,2,1,1.1,2,4,4,1,2,4,4,1,1,1,2,2,28,3,1,2,6,1,1,3,4,3,5,1,3,6,1,1,6,2,3,6,4,3,2,5,2.285714,3.095238,4,4,4,4,2,4,2,4,4,4,4,5,4,4,5,4,4,4,4,4,4,4,4,4,4,4,4,4,4,4,4,5,3,4,4,5,4,1,4,3.333333,4.4,4,4,4,4,4.333333,3.972973,4,5,4,5,5,4,5,4,4,4,5,5,4,4,5,4,5,4,4,4,4,92,2,2,1,2,3,1,2,2,1,1,2,3,1,1,1,1,1,1,1,2,1,4,32,none,39,Male,White,Full-Time,943
5afafdf27245f60001157545,44901.63554,44901.651,0,,100,1334,1,44901.65101,R_120gpHpfnUo8PT9,,,anonymous,EN,1,1,5afafdf27245f60001157545,4,4,1,2,1,1,3,5,2,2,1,4,5,2,2,2,5,5,2,3,2,5,5,3,2,2,2,5,5,2,3,2,6,4.33,4.5,1.83,2.33,1.67,2.47,2,2,2,0,0,0,1,1,3,2,2,2,2,2,4,2,2,2,3,2.363636,2,2,2,2,2,1,2,2,2,3,1,1,2,2,2,2,3,1,2,1,1,2,1.545455,2.1,4,5,4,4,4,4,4,3,4,4,4,4,48,0,1,2,0,0,1,0,0,2,0,0,3,0,0,3,0,0,2,0,0,1,0.1428571,0,2,0.7142857,2,2,3,3,1,3,1,1,4,3,3,4,4,4,4,3,2,2,3,3,3,2,2,3,2,2,2,2,3,2,2,2,2,2,3,3,3,1,2.5,2.166667,3.8,2.5,2.2,2.333333,2,3,2.567568,3,2,4,2,3,4,3,2,4,3,2,5,4,4,4,1,3,1,2,2,2,60,2,3,2,3,3,3,2,2,3,3,2,2,3,3,2,2,2,1,3,2,3,4,51,NA,30,Male,White,Full-Time,1347
5b0481d17ac6e4000107e12a,44901.50076,44901.51301,0,,100,1058,1,44901.51304,R_3iKekvCDvkkuBZs,,,anonymous,EN,1,1,5b0481d17ac6e4000107e12a,4,6,1,1,1,1,6,6,2,1,1,6,6,2,3,1,6,6,2,4,4,6,6,6,2,2,4,6,6,2,3,1,6,5.67,6,1.83,2.33,2,3.78,1,2,1,0,0,0,1,1,3,2,3,1,2,2,2,2,1,1,3,2,3,2,4,3,3,2,2,2,4,2,3,1,3,1,1,2,3,2,3,2,2,2,1.818182,3,4,4,4,4,3,4,4,4,4,5,4,4,48,3,3,5,3,1,4,3,1,3,3,3,4,4,2,3,3,3,5,3,2,3,2.142857,3.142857,3.857143,3.047619,2,3,3,3,2,3,3,3,3,2,3,2,2,2,2,2,2,2,2,2,2,2,3,2,2,3,3,2,2,1,2,3,2,3,3,2,3,1,2.75,2.666667,2.2,2,2.6,1.666667,2.666667,2.666667,2.378378,4,4,4,5,3,4,4,3,4,3,4,4,3,3,4,1,4,3,3,4,4,75,3,3,3,3,3,3,5,2,2,1,3,3,3,2,2,4,2,3,4,3,3,4,60,none,37,Male,White,Unemployed (and job seeking),1065
5b05e0d131cebe000177c38e,44900.73397,44900.7437,0,,100,841,1,44900.74372,R_p6RBIodhPjKE4Nj,,,anonymous,EN,1,1,5b05e0d131cebe000177c38e,6,6,5,5,1,1,6,5,1,1,4,5,6,6,3,1,6,6,5,6,1,6,6,5,5,4,3,3,6,4,1,4,6,5.33,5.67,4.33,3.33,2.33,2.17,5,5,3,1,1,1,1,4,3,1,3,1,1,1,2,1,1,1,3,1.636364,2,1,4,4,4,2,4,3,4,4,4,3,4,4,2,2,4,2,4,1,2,2,2.363636,3.8,5,5,5,5,5,5,5,5,4,5,5,5,59,4,2,4,6,0,5,4,0,3,6,0,4,3,3,3,3,3,4,3,0,4,1.142857,4.142857,3.857143,3.047619,3,5,0,2,1,4,2,2,3,3,0,0,0,0,0,2,2,2,1,0,1,3,2,2,3,2,3,0,0,1,1,1,0,1,0,0,2,1,2.5,2.5,0,1.5,2.4,0.6666667,0.6666667,0.6666667,1.459459,3,5,3,5,5,5,5,5,4,4,4,5,5,3,4,1,5,1,5,3,3,83,3,5,3,4,4,5,5,4,3,3,5,5,3,3,4,4,5,3,5,1,1,4,78,NA,40,Male,White,Unemployed (and job seeking),847
5b06efd1732c5d000154de23,44901.4567,44901.46714,0,,100,901,1,44901.46715,R_1luRQJDpVlzG5FN,,,anonymous,EN,1,1,5b06efd1732c5d000154de23,5,6,1,1,1,1,6,6,1,1,1,5,6,1,1,1,6,6,1,1,1,6,3,6,1,1,1,3,4,1,2,1,6,4.67,5.67,1,1.17,1,4.11,2,1,2,0,0,0,1,1,2,4,2,1,1,2,2,4,1,1,2,2,1,1,1,1,1,1,1,1,1,1,1,1,1,1,1,1,1,1,1,1,1,2,1,1,1,4,4,1,2,4,1,1,1,1,1,1,22,3,0,1,6,0,3,6,0,0,6,0,4,6,0,2,6,6,2,6,0,0,0.8571429,5.571429,1.714286,2.714286,5,5,5,0,1,1,0,2,1,2,3,5,5,4,5,0,0,0,1,2,5,5,4,4,0,0,0,0,0,3,0,0,0,5,5,5,5,1,3.75,1.166667,4.4,2.166667,1.6,1,1.666667,5,2.378378,5,5,2,4,4,2,2,5,4,2,5,3,5,4,4,1,4,2,2,2,2,69,1,2,1,2,3,4,2,1,2,2,4,1,4,2,2,4,1,2,2,1,1,4,44,NA,51,Female,White,"Not in paid work (e.g. homemaker', 'retired or disabled)",907
5b07b71c68eff50001d1c859,44900.66617,44900.6791,0,,100,1117,1,44900.67911,R_1E9TVlrDVdwA2dC,,,anonymous,EN,1,1,5b07b71c68eff50001d1c859,5,5,4,5,5,2,5,5,4,3,5,5,5,5,5,3,5,4,5,5,5,6,5,6,5,5,4,3,5,5,5,5,6,4.67,5,4.67,4.67,4.5,0.22,3,3,5,1,1,1,0,3,4,4,2,2,2,2,2,2,2,4,2,2.545455,3,2,3,2,4,3,3,2,2,3,2,3,3,2,2,3,3,3,3,3,3,2,2.636364,2.8,4,4,4,4,4,4,4,5,4,4,4,4,49,2,2,4,4,2,4,3,2,3,5,5,4,4,5,3,4,2,5,4,2,3,2.857143,3.714286,3.714286,3.428571,4,3,4,3,1,2,2,1,1,2,1,2,3,4,1,4,3,3,3,4,4,4,4,4,4,3,4,4,4,4,4,4,3,4,3,3,4,1,3.5,1.5,2.2,3.5,3.8,4,3.666667,3.333333,3.108108,4,2,4,4,4,2,2,2,4,2,4,2,4,4,4,2,4,2,2,2,2,62,2,2,2,4,2,2,2,2,2,2,2,2,2,2,2,2,4,2,2,2,2,4,46,NA,31,Male,Asian,DATA_EXPIRED,1125
5b0cb441444cef0001ca5fbd,44901.57551,44901.58252,0,,100,606,1,44901.58254,R_3qdJJT2KaHio3JR,,,anonymous,EN,1,1,5b0cb441444cef0001ca5fbd,4,4,1,1,1,1,4,4,1,1,3,5,6,1,3,1,6,5,2,1,1,5,5,6,1,1,1,2,6,2,2,1,6,4.33,5.17,1.33,1.5,1.33,3.36,2,3,3,0,0,0,1,1,3,2,1,1,2,1,2,2,1,1,2,1.636364,2,3,1,1,1,1,1,2,1,2,2,1,1,1,1,4,1,1,2,1,1,2,1.363636,1.6,1,1,2,1,1,1,1,1,1,2,1,1,14,1,1,5,2,0,3,3,0,2,4,2,4,1,0,2,3,3,4,2,0,3,0.8571429,2.285714,3.285714,2.142857,3,4,5,5,0,3,1,1,1,2,0,1,2,3,2,4,3,3,1,2,2,2,5,4,3,5,4,3,3,2,3,4,2,2,3,2,4,1,4.25,1.333333,1.6,2.166667,4.2,2.666667,2.666667,3,2.675676,4,4,4,5,5,4,4,5,4,3,5,5,4,4,5,1,4,1,5,5,4,85,4,2,2,2,1,1,4,1,1,1,1,3,1,1,2,2,1,1,5,1,1,4,38,NA,38,Male,White,Full-Time,611
5b21c4ab31d0080001b9f55e,44901.27693,44901.28465,0,,100,667,1,44901.28466,R_3h4GfdrlM0ivcBa,,,anonymous,EN,1,1,5b21c4ab31d0080001b9f55e,4,4,4,4,4,4,5,4,5,4,5,5,4,4,4,6,5,2,3,4,5,6,2,4,5,6,5,4,1,5,4,6,6,4.17,3.17,4.33,4.33,5.17,-0.94,6,6,6,0,0,1,1,2,4,2,2,2,2,2,3,2,2,3,2,2.363636,2,2,2,2,2,1,1,2,1,3,2,2,2,2,2,2,3,2,2,2,2,2,1.818182,2.1,4,4,4,4,4,4,4,4,4,4,4,4,48,5,5,6,5,0,5,5,5,5,5,5,6,5,5,5,5,5,5,5,0,6,3.571429,5,5.428571,4.666667,3,3,3,3,2,2,2,3,2,2,3,2,3,3,2,3,3,3,3,3,3,3,3,3,2,3,4,3,3,4,3,3,3,3,5,3,4,1,3,2.166667,2.6,3,3,3.333333,3,4,2.918919,4,4,4,4,4,4,4,4,4,4,4,4,4,4,4,4,4,4,4,4,4,84,2,2,2,2,2,2,2,2,2,2,2,2,2,2,2,2,2,2,2,2,2,4,42,NA,26,Female,White,"Not in paid work (e.g. homemaker', 'retired or disabled)",673
5b2bfb37163ead00013fb8b4,44900.67079,44900.6811,0,,100,891,1,44900.68112,R_3kdpky6zRmAYSJt,,,anonymous,EN,1,1,5b2bfb37163ead00013fb8b4,3,4,2,2,2,1,6,4,3,2,2,5,6,3,4,2,6,6,4,4,2,6,6,4,2,2,4,2,4,4,4,2,6,4.67,4.67,3,3,2.33,1.89,1,1,1,0,0,0,1,1,2,2,1,1,2,1,2,2,2,2,3,1.818182,1,1,1,1,1,1,1,1,1,1,1,1,1,1,1,1,4,1,1,1,1,2,1,1.3,1,3,4,2,2,2,2,1,1,1,2,1,22,4,1,3,6,0,1,3,0,2,4,3,1,5,2,2,4,4,1,3,2,2,1.714286,4.142857,1.714286,2.523809,4,4,3,3,4,3,3,3,2,3,3,4,4,3,3,3,3,4,3,3,3,4,3,2,3,3,4,3,4,3,3,3,3,3,5,4,3,1,3.5,3,3.4,3.333333,3,3.333333,3,4,3.27027,4,5,4,5,5,5,5,4,4,4,4,5,4,4,4,2,4,3,4,4,4,87,2,2,2,2,2,1,5,1,1,1,2,1,2,1,2,2,2,1,3,1,1,4,37,Thanks,58,Female,White,Full-Time,895
5b32599cc8e94a00018f22a5,44900.84742,44900.85641,0,,100,777,1,44900.85644,R_33l0G7Mz9MP1L6I,,,anonymous,EN,1,1,5b32599cc8e94a00018f22a5,4,4,2,3,3,1,4,4,3,3,2,3,5,2,3,1,4,4,3,4,4,6,4,5,3,3,4,4,2,3,3,2,6,3.83,4,2.67,3.17,2.67,1.08,2,2,3,0,0,0,1,1,2,2,2,2,1,2,2,2,1,2,2,1.818182,1,1,1,1,1,1,1,1,1,2,2,1,1,1,1,1,2,1,1,1,1,2,1,1.3,4,4,4,4,4,4,4,3,3,4,3,4,45,1,3,3,3,2,2,2,1,2,2,2,3,2,2,3,2,2,3,3,1,4,1.857143,2.142857,2.857143,2.285714,3,3,3,3,2,2,2,2,2,2,3,2,3,3,2,3,3,2,3,3,3,3,3,3,2,4,2,3,3,3,3,3,3,3,3,3,4,1,3,2,2.6,2.833333,2.8,3,3,3.333333,2.756757,3,5,4,5,5,4,4,4,4,4,4,4,4,4,4,2,4,3,4,3,3,81,1,3,1,3,2,1,3,1,2,2,1,1,1,1,1,3,1,1,2,1,2,4,34,NA,32,Male,Asian,Full-Time,784
5b4c9ce917c72d0001e2a75f,44904.92203,44904.93255,0,,100,909,1,44904.93258,R_RsL6kDrlxm1SyU9,,,anonymous,EN,1,1,5b4c9ce917c72d0001e2a75f,3,5,3,1,1,1,5,6,5,1,6,6,5,1,3,1,6,6,1,1,6,6,6,6,1,1,1,3,6,4,5,1,6,4.83,5.67,2.5,2,2.67,2.86,2,2,4,0,0,0,1,1,2,2,1,1,1,1,1,1,1,1,1,1.181818,1,3,3,1,1,1,1,1,2,2,2,1,2,1,1,3,2,1,2,1,1,2,1.181818,2,4,4,4,4,3,4,4,2,2,4,2,2,39,0,1,5,1,6,0,0,1,1,1,1,4,0,0,4,1,4,5,0,5,6,2.571429,0.4285714,3.571429,2.190476,5,4,0,0,3,3,2,3,3,2,0,2,0,0,1,0,2,0,4,0,1,2,2,3,0,0,0,1,0,0,0,0,0,3,2,2,3,1,2.25,2.666667,0.6,1.5,1,0,1,2.333333,1.432432,1,4,4,4,5,4,4,3,3,4,4,4,4,4,5,1,5,1,4,4,3,75,1,1,1,1,1,1,4,1,1,1,1,1,1,1,2,1,2,1,1,1,1,4,26,NA,43,Female,White,DATA_EXPIRED,914
5b5b6c11f5bc590001177815,44900.71716,44900.72406,0,,100,596,1,44900.72408,R_2CiXW3k9qdctVRg,,,anonymous,EN,1,1,5b5b6c11f5bc590001177815,6,6,6,6,6,2,6,6,6,6,6,6,6,6,6,6,6,6,6,6,6,6,6,6,6,6,6,6,6,6,6,6,6,6,6,6,6,6,0,1,1,1,1,1,0,1,3,3,2,4,2,2,5,2,2,2,4,4,2.909091,1,1,1,1,1,1,1,1,1,1,1,1,1,1,1,3,1,1,1,1,1,2,1,1.2,1,1,4,1,4,2,4,1,1,1,1,1,22,1,5,4,5,5,5,2,5,4,5,4,5,5,5,5,3,6,5,5,5,5,5,3.714286,4.714286,4.476191,4,3,3,4,4,1,0,3,4,4,5,5,4,1,4,4,4,5,4,4,4,4,4,4,4,4,4,4,4,4,4,4,4,5,4,4,4,1,3.5,2.666667,3.8,4.166667,4,4,4.333333,4,3.756757,5,5,5,5,5,5,5,5,5,5,5,5,4,5,5,5,5,5,5,5,5,104,3,5,4,4,4,4,4,4,4,4,4,3,4,3,4,4,4,4,4,4,4,4,82,NA,54,Female,White,Full-Time,609
5b6f49b7d60bdd0001ade437,44901.50204,44901.51135,0,,100,804,1,44901.51137,R_1kFac3dqB8KBw0T,,,anonymous,EN,1,1,5b6f49b7d60bdd0001ade437,1,6,1,4,1,1,6,6,1,1,1,6,6,1,6,1,6,6,6,6,1,6,1,6,4,4,1,1,1,5,6,5,6,3.5,5.17,3,4.5,1.67,1.28,5,3,6,1,1,1,1,4,1,1,5,1,1,1,1,1,1,1,1,1.363636,1,1,1,1,1,1,1,1,1,1,1,1,1,1,1,1,1,1,1,1,1,2,1,1,1,1,5,1,4,1,3,1,1,1,1,1,21,3,0,5,5,1,0,2,0,2,3,0,0,3,3,1,3,0,0,3,5,0,1.285714,3.142857,1.142857,1.857143,0,0,0,0,1,2,2,2,3,5,5,5,3,4,5,2,2,2,3,0,5,0,0,0,0,0,0,2,0,0,0,0,0,0,5,3,4,1,0,2.5,4.4,2,0,0,0,4,1.756757,4,5,3,5,5,5,5,5,5,5,5,5,4,5,4,4,5,3,4,4,4,94,1,1,1,1,1,1,1,1,1,1,1,1,1,1,1,1,1,1,1,1,1,4,21,none,67,Male,White,Part-Time,812
5b757a03976ecb0001b1168f,44900.6805,44900.693,0,,100,1079,1,44900.69301,R_12SfQ5PgDGUecjj,,,anonymous,EN,1,1,5b757a03976ecb0001b1168f,4,5,1,3,4,1,6,4,3,2,5,5,6,4,5,1,6,6,5,3,5,6,6,5,4,1,4,2,4,4,3,2,6,4.83,5,3.5,2.83,3.5,1.64,2,1,2,0,0,0,1,1,3,2,2,2,2,2,2,2,2,2,2,2.090909,1,1,1,2,1,1,1,1,1,1,1,1,1,1,1,1,2,1,1,1,1,2,1,1.2,2,4,4,2,4,4,5,1,1,1,1,3,32,4,3,4,6,0,4,6,0,4,6,5,4,6,2,4,5,5,4,5,4,1,2.714286,5.428571,3.571429,3.904762,3,5,3,3,2,1,1,1,1,1,3,2,3,3,4,4,3,4,4,4,3,4,3,1,3,4,2,4,4,4,4,1,1,2,4,4,4,1,3.5,1.166667,3,3.666667,2.6,4,1.333333,4,2.891892,5,5,5,5,5,5,5,5,3,4,5,5,4,4,5,4,5,2,5,5,2,93,3,3,4,2,4,4,2,4,2,2,2,3,2,2,2,4,2,2,4,4,3,4,60,NA,70,Female,White,"Not in paid work (e.g. homemaker', 'retired or disabled)",1096
5b824fb6cc06660001a302d4,44901.52959,44901.54447,0,,100,1284,1,44901.54448,R_1mrBDrF9Kdw2Gyo,,,anonymous,EN,1,1,5b824fb6cc06660001a302d4,4,5,3,3,3,1,5,4,3,2,2,5,5,3,4,2,6,5,5,5,4,5,5,3,2,4,4,2,4,3,2,2,6,4.5,4.33,3.17,3.33,2.83,1.31,4,4,5,0,0,0,1,1,2,2,2,1,1,1,1,1,1,1,2,1.363636,1,1,1,1,1,1,1,1,1,1,1,1,1,1,1,1,1,1,1,1,1,2,1,1,1,3,4,1,3,2,2,1,1,1,1,1,21,2,1,4,5,3,2,4,3,3,4,3,1,5,4,3,5,5,3,5,3,2,3.142857,4.285714,2.571429,3.333333,4,4,4,4,3,1,2,3,2,2,3,3,4,3,3,4,4,3,4,4,3,4,3,3,4,4,3,4,3,4,4,4,3,3,4,4,4,1,4,2.166667,3.2,3.666667,3.4,3.666667,3.333333,4,3.378378,4,4,4,4,4,4,4,4,4,4,4,4,4,4,4,4,4,4,4,3,3,82,2,3,3,3,3,2,4,2,2,2,4,2,2,2,2,2,2,3,2,2,2,4,51,NA,52,Female,White,Full-Time,1290
5b9b422307c6960001614c35,44901.38367,44901.40594,0,,100,1923,1,44901.40595,R_1psbxpKV30LHf9z,,,anonymous,EN,1,1,5b9b422307c6960001614c35,4,3,1,2,1,1,3,3,2,1,3,4,6,2,4,1,4,6,2,2,3,5,5,3,1,2,1,3,5,2,2,1,6,3.83,4.33,1.67,2.17,1.67,2.25,1,1,1,0,0,0,1,1,3,2,2,2,1,2,2,1,1,2,1,1.727273,1,1,2,2,2,1,1,1,3,2,1,2,3,1,1,1,2,1,1,2,1,2,1.181818,1.9,5,5,4,4,5,4,4,4,4,4,3,3,49,1,1,1,2,0,1,2,0,4,4,4,1,4,0,1,5,5,3,2,0,3,1.428571,2.857143,2,2.095238,5,5,3,5,4,3,3,3,2,4,3,1,3,4,4,4,3,3,3,3,4,5,4,3,4,5,4,2,3,3,2,4,3,4,3,2,3,1,4.5,3.166667,3,3.5,4,2.666667,3.666667,2.666667,3.405406,4,4,4,3,4,4,5,5,4,5,4,5,5,5,4,3,4,2,3,4,4,85,2,2,1,3,1,1,4,2,1,2,2,2,1,2,3,2,3,1,4,3,3,4,45,NA,38,Female,Other,Unemployed (and job seeking),1976
5ba6f4fb8e137f000161b9d7,44900.97458,44900.98918,0,,100,1260,1,44900.98919,R_2uJbeJv3nDASoEX,,,anonymous,EN,1,1,5ba6f4fb8e137f000161b9d7,5,5,2,3,4,1,5,5,2,3,3,5,5,2,5,1,5,6,3,5,4,6,5,5,1,4,3,4,4,3,3,1,6,4.83,5,2.17,3.83,2.67,2.03,1,1,1,1,0,0,1,2,2,1,4,1,1,1,1,2,1,2,1,1.545455,1,1,1,1,1,1,1,1,1,1,1,1,1,1,1,1,1,1,1,1,1,2,1,1,2,4,4,4,4,3,4,2,2,2,4,2,37,1,0,2,5,0,2,4,0,0,5,0,0,5,0,2,4,3,2,4,0,0,0.4285714,4,1.142857,1.857143,3,4,3,3,3,2,2,2,2,2,4,3,3,3,2,2,3,2,4,3,3,3,2,4,3,2,2,4,3,3,3,3,3,4,4,4,3,1,3.25,2.166667,3,3,2.6,3,3.333333,3.666667,2.918919,2,4,2,4,4,4,4,3,2,4,4,4,4,3,4,2,4,2,4,2,2,68,2,2,2,2,2,2,2,1,2,2,2,2,2,1,2,2,2,1,2,2,2,4,39,NA,28,Male,White,Unemployed (and job seeking),1265
5ba8e80089390100019064ed,44902.43492,44902.44383,0,,100,769,1,44902.44384,R_tFo7ZzY52hgj1G9,,,anonymous,EN,1,1,5ba8e80089390100019064ed,6,4,1,2,2,1,6,5,4,2,1,6,4,3,4,1,5,4,2,4,4,6,2,6,1,4,5,5,3,5,3,3,6,5,4.33,2.67,3.17,2.67,1.83,1,1,1,0,0,0,1,1,2,1,5,1,1,1,1,1,1,1,1,1.454545,1,1,1,2,1,1,1,1,1,1,1,1,1,1,1,3,1,1,1,2,1,2,1.090909,1.3,3,4,4,4,4,3,2,3,1,3,1,3,35,4,1,4,4,0,3,3,0,2,4,2,3,4,2,2,4,4,1,4,3,4,1.714286,3.857143,2.714286,2.761905,4,5,5,3,1,0,1,1,1,1,1,4,4,4,4,4,4,3,4,4,4,4,3,2,5,5,3,2,4,3,2,4,4,3,2,4,4,1,4.25,0.8333333,3.4,3.833333,3.6,3,3.666667,3.333333,3.135135,2,4,4,4,4,4,4,4,4,4,4,4,4,4,4,3,4,3,4,4,4,80,2,2,2,2,2,2,2,2,2,2,2,2,2,2,2,2,2,2,2,2,2,4,42,NA,38,Male,White,Full-Time,775
5bad8fc39c0cc900017a6a28,44901.05259,44901.08264,0,,100,2595,1,44901.08265,R_3me4Yyb6D4AhEqS,,,anonymous,EN,1,1,5bad8fc39c0cc900017a6a28,5,4,3,3,2,1,5,2,4,3,4,5,4,4,6,1,4,4,2,6,4,6,6,4,3,4,4,2,1,4,4,3,6,4.5,3.17,3.33,4.33,3,0.28,2,3,3,0,1,0,1,2,2,2,2,3,1,1,2,3,1,2,3,2,3,2,2,3,3,1,2,2,3,1,1,3,2,1,1,1,1,2,1,2,1,2,1.818182,1.8,4,3,3,5,3,5,3,2,4,4,4,2,42,1,1,4,4,0,4,2,0,4,6,0,6,4,3,3,1,0,4,2,0,6,0.5714286,2.857143,4.428571,2.619048,3,4,2,5,0,2,1,0,0,5,3,3,2,2,4,4,1,3,3,2,3,3,3,1,2,4,4,2,3,3,2,2,0,5,2,2,3,1,3.5,1.333333,2.8,2.5,2.8,2.666667,2.333333,2.333333,2.513514,3,4,3,5,4,1,4,2,1,3,3,3,2,2,3,1,3,2,4,2,2,57,5,4,5,5,5,3,4,3,3,2,3,1,2,4,3,3,3,2,2,1,3,4,66,NA,33,Female,White,Full-Time,2602
5bae7511408bf900018fbaa5,44900.99837,44901.03079,0,,100,2800,1,44901.03079,R_3J7ORjJQpZ9mxIA,,,anonymous,EN,1,1,5bae7511408bf900018fbaa5,6,6,6,6,5,4,5,4,6,6,4,6,6,5,5,6,6,6,6,6,6,6,6,6,4,4,6,6,4,6,6,6,6,5.83,5.33,5.5,5.5,5.5,0.08,2,2,2,1,1,0,1,3,5,1,3,1,1,3,1,1,1,3,5,2.272727,4,3,2,3,2,3,3,2,3,3,4,4,3,3,4,3,4,2,3,4,3,2,3.181818,3,5,5,5,5,5,5,5,4,3,5,5,5,57,2,6,0,3,6,6,3,4,1,6,3,6,6,6,3,6,3,0,6,4,0,4.571429,4.571429,2.285714,3.809524,5,5,5,5,0,0,0,2,0,0,0,0,0,3,0,5,5,3,5,5,5,5,5,5,5,5,5,5,5,5,5,5,5,5,5,5,5,1,5,0.3333333,0.6,4.666667,5,5,5,5,3.594594,5,5,5,5,5,5,5,5,5,5,5,5,5,5,5,5,5,5,5,5,5,105,5,5,5,5,5,5,5,3,5,5,5,5,5,5,5,5,5,5,5,5,5,4,103,NA,64,Female,White,"Not in paid work (e.g. homemaker', 'retired or disabled)",2811
5bbd033261968f0001f02bac,44901.374280000000,44901.38595,0,,100,1008,1,44901.38597,R_3MbTd6A9udRQjs7,,,anonymous,EN,1,1,5bbd033261968f0001f02bac,5,4,1,1,3,1,5,4,3,1,2,6,5,2,5,1,6,5,1,2,3,6,6,3,4,2,2,2,1,1,2,1,6,5,3.67,2,2.17,2,2.28,4,3,4,0,0,0,1,1,3,2,2,1,1,3,2,4,1,3,3,2.272727,1,1,2,2,1,1,1,1,3,1,1,1,3,1,1,1,1,1,1,1,1,2,1,1.6,4,5,5,4,4,4,3,5,2,4,4,4,48,4,2,3,5,4,5,3,2,4,4,0,3,3,4,5,4,4,2,5,4,4,2.857143,4,3.714286,3.523809,2,4,3,3,4,2,2,4,3,4,3,2,1,1,4,1,2,3,2,1,2,1,2,2,2,0,0,0,1,2,2,2,1,1,2,1,4,1,3,3.166667,2.2,1.833333,1.2,1.666667,1.333333,2.333333,2.054054,4,4,4,4,4,4,3,4,4,3,5,4,4,4,4,2,4,2,4,3,3,77,1,4,2,3,3,2,4,2,2,1,3,1,1,1,1,4,4,1,2,1,1,4,44,NA,38,Female,White,DATA_EXPIRED,1016
5bc0ac845a09ea00012e2d30,44900.8302,44900.84285,0,,100,1093,1,44900.84286,R_3jxQQXBgVkZdi4p,,,anonymous,EN,1,1,5bc0ac845a09ea00012e2d30,6,6,1,1,1,1,6,5,2,1,1,6,6,2,3,1,6,6,1,1,1,5,6,2,1,1,1,6,6,6,1,1,6,6,5.17,2.17,1.33,1,4.08,1,1,1,0,0,0,1,1,3,1,1,1,1,2,1,1,1,1,1,1.272727,2,4,4,4,2,2,3,2,3,2,2,2,3,4,3,1,2,2,2,2,2,2,2.545455,2.5,3,4,4,4,4,4,5,1,1,2,1,2,35,3,0,6,4,0,1,3,0,4,4,4,4,3,0,4,3,6,3,4,0,6,1.428571,3.428571,4,2.952381,5,3,2,5,0,0,0,0,1,0,1,1,3,4,1,5,3,3,4,2,5,4,4,4,2,3,2,1,1,2,2,2,1,4,0,0,3,1,3.75,0.1666667,2,3.5,3,1.666667,2.333333,1,2.243243,5,5,5,5,5,5,5,5,5,5,5,2,5,5,5,5,5,3,1,4,5,95,4,5,4,5,1,1,1,1,2,1,5,1,1,1,5,5,5,1,5,1,3,4,58,NA,35,Female,White,DATA_EXPIRED,1099
5bc0af535ea1020001f9352d,44902.34025,44902.37939,0,,100,3381,1,44902.37942,R_111SZNReKMayNRC,,,anonymous,EN,1,1,5bc0af535ea1020001f9352d,6,5,5,5,6,4,6,6,5,4,4,6,6,6,6,4,5,5,4,4,4,6,6,6,5,5,5,6,4,4,5,5,6,5.83,5.33,4.83,4.83,4.67,0.81,5,5,5,0,1,0,0,1,2,2,4,2,2,4,2,2,2,2,2,2.363636,1,1,2,1,1,1,1,1,1,1,1,1,1,1,1,2,1,1,1,1,1,2,1,1.2,4,2,2,4,2,4,4,2,2,2,2,2,32,6,6,6,6,6,6,6,6,6,6,6,6,6,6,6,6,6,6,6,6,6,6,6,6,6,5,5,5,4,1,2,2,2,2,2,0,1,1,1,0,3,3,3,3,4,2,5,5,4,5,5,5,3,3,3,4,5,3,3,3,3,3,1,4.75,1.833333,0.6,3.333333,4.8,3.333333,3.666667,3,3.054054,4,4,4,4,4,4,2,2,4,4,4,4,4,4,4,2,4,2,2,2,2,70,2,2,2,2,2,2,2,2,2,2,4,2,2,2,2,2,2,2,2,2,2,4,44,You are welcome and Enjoy your day.,53,Female,White,Other,3391
5bc5552a23ecbb00012d6cb5,44900.74933,44900.75946,0,,100,874,1,44900.75947,R_1EgLqtVqJI0roYW,,,anonymous,EN,1,1,5bc5552a23ecbb00012d6cb5,4,3,4,4,3,1,5,3,4,3,2,5,3,3,4,3,5,6,6,5,1,6,6,5,3,3,3,3,1,3,6,4,6,4.67,3.5,3.83,4.17,2.67,0.53,4,4,4,0,0,0,1,1,3,4,2,2,2,2,3,2,2,2,4,2.545455,2,2,3,2,1,1,1,1,2,2,1,1,3,1,1,2,1,2,1,1,1,2,1.272727,1.8,3,5,5,4,5,4,5,1,2,2,2,2,40,4,2,3,6,0,4,5,0,2,4,4,2,6,2,4,6,2,5,5,0,4,1.428571,5.142857,3.428571,3.333333,3,2,2,2,1,1,0,1,2,2,4,3,2,3,5,2,3,2,2,3,3,2,3,3,1,3,2,1,2,1,1,4,2,4,3,3,4,1,2.25,1.166667,3.4,2.5,2.4,1.333333,3.333333,3.333333,2.351351,5,4,4,5,5,5,5,5,4,4,5,5,4,4,5,4,4,4,3,4,4,92,5,2,4,3,4,2,3,4,2,2,5,2,4,2,4,3,4,4,4,2,4,4,69,NA,66,Female,White,Full-Time,1300
5bc913d99427200001dd47f5,44900.72653,44900.73751,0,,100,949,1,44900.73754,R_2b1wCDACBRgAhdE,,,anonymous,EN,1,1,5bc913d99427200001dd47f5,3,4,4,3,5,1,5,5,4,4,5,4,5,2,5,4,5,5,5,5,6,6,5,3,2,2,5,5,2,3,4,4,6,4.5,4,3.33,3.83,4.83,0.25,5,6,6,0,0,0,1,1,3,1,1,2,1,1,1,2,2,1,3,1.636364,1,1,1,1,1,1,1,1,1,1,2,1,1,1,1,1,1,1,1,1,1,2,1,1.1,1,3,4,1,3,2,5,1,1,1,1,2,25,3,3,2,4,5,2,5,3,1,4,2,1,5,5,2,4,2,1,3,6,1,3.714286,4,1.428571,3.047619,1,2,2,2,1,2,1,1,1,3,4,4,3,3,5,0,1,1,2,2,2,1,2,2,1,4,1,3,2,3,2,2,3,2,3,3,4,1,1.75,1.5,3.8,1.5,2,2.333333,2.333333,3.333333,2.189189,4,4,4,4,4,4,4,4,4,4,5,4,4,4,4,4,3,3,4,4,4,83,3,4,3,1,5,3,3,3,4,4,5,2,4,4,2,2,2,2,4,2,2,4,64,NA,73,Female,White,Part-Time,956
5be769f53b047e0001a39b01,44900.69145,44900.70131,0,,100,851,1,44900.70132,R_2zFJVolpVmd4k5L,,,anonymous,EN,1,1,5be769f53b047e0001a39b01,6,5,2,4,3,1,5,5,5,3,2,6,5,5,5,2,6,6,5,5,3,6,6,6,5,4,3,6,3,2,5,5,6,5.83,5,4,4.33,3,1.64,6,6,6,0,0,0,1,1,2,2,3,2,2,1,2,2,2,2,4,2.181818,1,1,1,1,1,1,1,1,1,1,2,1,1,1,1,1,1,1,1,1,1,2,1,1.1,2,4,4,2,1,4,4,1,1,1,1,1,26,4,4,2,6,3,4,4,4,4,6,4,2,6,3,4,5,4,1,5,6,5,4,5.142857,3.142857,4.095238,4,4,4,4,1,1,2,1,1,1,4,4,4,5,4,4,4,2,4,4,4,4,4,4,4,4,4,4,4,4,4,4,3,4,4,4,4,1,4,1.166667,4.2,3.666667,4,4,3.666667,4,3.486486,4,5,4,5,4,5,4,5,4,4,5,4,4,4,4,3,4,1,5,4,4,86,4,5,4,5,4,5,4,4,4,4,5,4,4,4,4,4,4,1,5,4,4,4,86,"Thank you, the study was interesting.",63,Female,White,Unemployed (and job seeking),860
5bee108b6f2d54000198e0c6,44900.67926,44900.70054,0,,100,1839,1,44900.70056,R_32Kn9gnKFdFyqEs,,,anonymous,EN,1,1,5bee108b6f2d54000198e0c6,5,5,5,3,4,3,5,5,5,4,4,5,5,5,5,3,4,5,5,5,4,6,5,5,4,5,4,2,1,2,4,5,6,4.33,4.33,4.33,4.33,4,0.11,6,5,7,0,0,0,1,1,4,1,3,2,2,2,2,3,2,4,3,2.545455,1,1,3,2,3,1,2,1,3,2,2,1,2,2,1,1,2,1,3,1,1,2,1.181818,2.3,4,5,5,4,5,4,3,4,2,4,4,4,48,4,3,3,5,0,2,4,1,2,5,2,3,5,1,3,3,2,3,4,1,1,1.428571,4.285714,2.428571,2.714286,3,0,0,2,2,3,2,3,4,4,3,4,2,3,3,2,1,3,1,2,2,1,3,2,0,0,1,1,0,1,1,1,1,1,2,0,3,1,1.25,3,3,1.666667,1.2,0.6666667,1,1.666667,1.810811,3,3,4,5,3,3,5,3,2,3,3,5,4,3,4,2,4,3,3,4,1,70,2,2,1,3,2,2,4,2,2,1,3,2,1,2,2,4,3,2,2,2,2,4,46,nah,50,Male,White,Unemployed (and job seeking),1844
5bf116a61e78580001dc4842,44900.84269,44900.85583,0,,100,1135,1,44900.85586,R_BXqTUGUmbXQqLF7,,,anonymous,EN,1,1,5bf116a61e78580001dc4842,5,5,2,3,2,1,5,5,5,3,2,5,5,4,4,3,4,5,3,3,2,5,4,5,3,3,2,2,3,3,3,2,6,4.17,4.67,3.33,3.17,2.17,1.53,2,2,2,0,0,0,1,1,2,2,2,2,2,2,2,2,2,2,2,2,1,1,1,1,2,1,1,1,1,1,1,1,1,1,1,1,1,1,1,1,1,2,1,1.1,4,4,4,4,4,4,4,2,3,4,4,2,43,0,1,2,1,0,2,1,1,2,1,2,3,0,1,3,1,4,2,1,2,2,1.571429,0.7142857,2.285714,1.52381,2,3,3,3,3,2,2,3,4,2,4,4,2,3,3,3,3,3,2,2,3,2,3,3,3,1,3,3,3,3,1,1,1,2,3,2,3,1,2.75,2.666667,3.2,2.5,2.6,2.333333,1.333333,2.666667,2.594594,4,4,4,4,4,4,4,4,4,4,4,4,4,4,4,2,4,4,4,4,4,82,3,4,2,3,4,2,4,4,4,4,4,4,4,2,3,4,4,2,3,2,2,4,68,NA,23,Male,Asian,Full-Time,1141
5bf8f34abdd6400001bd5e66,44900.77255,44900.79927,0,,100,2309,1,44900.79929,R_2rCOa7csuR0Tpzc,,,anonymous,EN,1,1,5bf8f34abdd6400001bd5e66,4,5,2,4,4,1,5,5,2,3,3,5,6,3,6,1,6,6,5,6,2,6,6,6,6,2,4,6,4,3,6,3,6,5.33,5.33,3.5,4.5,2.83,1.72,1,1,1,1,1,1,1,4,3,2,2,1,1,1,2,2,1,2,2,1.727273,1,1,4,1,1,1,1,1,2,2,1,1,1,1,1,1,1,1,1,1,1,2,1,1.5,1,2,4,1,2,2,4,1,1,1,1,1,21,6,1,3,6,0,1,4,3,1,6,1,4,6,0,2,5,3,0,6,6,2,2,5.571429,1.857143,3.142857,2,2,2,4,2,3,1,2,1,2,3,5,4,4,3,4,2,5,3,4,2,5,2,2,2,2,2,4,5,3,4,2,2,2,5,5,4,1,2.5,1.833333,3.8,3.5,2,4,2,4.666667,3,4,5,5,5,4,5,5,5,5,5,5,5,5,5,5,2,5,3,5,4,2,94,1,1,1,1,1,1,4,1,1,1,1,1,1,1,1,2,1,1,2,1,1,4,26,NA,63,Male,White,Full-Time,2322
5bfc5b7013b8e60001ae335e,44900.68376,44900.69462,0,,100,937,1,44900.69463,R_2aEuMxZ4DslFBHe,,,anonymous,EN,1,1,5bfc5b7013b8e60001ae335e,5,4,1,2,4,1,3,5,4,2,3,6,6,5,5,1,5,6,1,2,3,5,5,4,1,1,2,2,5,2,3,1,6,4.33,5,2.33,2.5,2.33,2.28,1,1,1,0,0,0,1,1,3,2,3,1,1,2,2,2,2,1,3,2,1,1,1,2,1,1,1,1,1,2,1,1,1,1,1,1,1,1,1,1,1,2,1,1.2,4,4,2,2,4,2,2,2,2,2,2,2,30,1,1,3,5,0,1,3,0,1,4,4,4,6,0,2,3,6,3,4,3,3,2,3.714286,2.428571,2.714286,3,3,2,1,3,3,3,4,3,2,1,3,1,1,1,2,2,1,2,1,2,1,3,3,4,3,3,2,3,2,3,3,1,3,3,4,4,1,2.25,3,1.4,1.5,3.2,2.666667,2.333333,3.666667,2.405406,4,4,5,5,4,4,5,4,4,2,5,5,3,2,5,2,5,3,4,3,3,81,2,3,2,3,2,2,4,2,2,2,2,2,2,2,2,2,2,2,4,2,2,4,48,NA,22,Female,Mixed,Unemployed (and job seeking),942
5bfd81fb2feab400014d9060,44900.66964,44900.68851,0,,100,1630,1,44900.68852,R_2t080oRwc6YyHtl,,,anonymous,EN,1,1,5bfd81fb2feab400014d9060,4,6,1,4,2,1,4,5,3,5,5,6,4,4,1,2,3,5,5,3,4,6,5,5,4,3,6,6,5,2,4,5,6,4.67,5,3.17,3.33,4,1.33,5,4,6,0,0,0,1,1,1,2,1,4,3,1,2,2,1,2,1,1.818182,3,2,1,2,2,1,1,1,3,2,2,1,3,1,1,1,1,2,2,1,1,2,1.363636,1.9,2,2,1,1,3,2,3,1,1,3,1,2,22,4,3,4,5,2,3,3,1,2,4,2,3,5,2,4,4,4,3,3,2,2,2.285714,4,3,3.095238,3,3,1,2,4,2,2,4,2,3,4,4,2,3,3,3,3,3,4,3,2,4,3,3,2,2,2,4,2,4,3,4,1,3,3,3,2,1,2.25,2.833333,3.2,3.166667,2.4,3,2.666667,2.666667,2.837838,4,5,5,5,4,5,4,5,4,5,4,3,4,5,3,5,4,4,4,3,4,89,1,3,1,1,1,1,1,1,1,1,1,1,2,1,1,1,2,1,2,1,2,4,27,NA,49,Male,White,Full-Time,1638
5c0273f2d763e00001f672e4,44906.84868,44906.85959,0,,100,943,1,44906.85961,R_1fdqqCzws0ldUM1,,,anonymous,EN,1,1,5c0273f2d763e00001f672e4,1,1,1,6,1,1,1,3,1,3,1,4,5,1,3,2,5,5,4,5,4,6,5,6,2,3,3,3,3,1,1,1,6,3.17,3.83,1.67,3.5,2,1.11,4,3,4,1,1,0,0,2,1,2,1,1,1,1,1,2,2,1,1,1.272727,1,1,3,1,1,1,1,1,1,1,2,1,1,2,2,1,1,1,1,1,1,2,1.181818,1.3,1,2,1,1,1,1,1,1,1,1,1,1,13,6,3,3,5,0,2,5,1,2,5,2,2,6,1,4,5,4,0,6,0,5,1.571429,5.428571,2.571429,3.190476,3,2,3,4,3,4,3,4,5,5,5,5,2,3,4,3,3,3,3,2,2,3,3,2,1,1,4,4,3,1,3,2,2,3,2,4,3,1,3,4,3.8,2.666667,2.2,2.333333,2.333333,3,3.027027,3,5,4,5,4,3,3,4,3,4,3,4,3,4,4,2,4,4,4,3,3,76,3,5,4,5,3,3,4,4,4,5,3,2,3,4,3,3,3,3,3,3,3,4,73,Very well designed study!,61,Male,White,Full-Time,948
5c0dbb9b9166290001253342,44900.66506,44900.67694,0,,100,1026,1,44900.67695,R_1lz3vDiunF4Fx52,,,anonymous,EN,1,1,5c0dbb9b9166290001253342,4,3,2,6,2,1,4,4,1,1,2,6,5,2,6,1,6,6,6,6,6,6,6,6,1,6,5,1,1,1,4,2,6,4.5,4.17,2.17,4.83,3,1,7,7,7,1,1,1,0,3,4,1,4,3,1,4,2,1,2,3,4,2.636364,1,1,1,1,1,1,1,1,1,1,1,1,1,1,1,1,1,1,1,1,1,2,1,1,4,5,5,1,5,4,5,2,1,2,2,4,40,2,0,4,4,0,2,0,0,1,3,0,3,1,0,3,3,0,0,1,0,4,0,2,2.428571,1.47619,5,5,5,5,0,0,0,0,0,2,2,2,5,5,5,5,5,5,5,3,5,5,5,5,5,5,4,4,5,5,5,2,3,5,5,5,5,1,5,0.3333333,3.8,4.666667,4.8,5,3.333333,5,3.837838,5,5,5,5,5,5,5,5,5,5,5,5,5,5,5,5,5,4,5,5,5,104,2,2,2,4,1,1,3,1,2,2,4,2,1,1,1,2,1,4,2,1,1,4,40,thank you for the study,47,Male,White,Full-Time,1031
5c0fcccc1f6f150001487111,44900.74473,44900.75637,0,,100,1005,1,44900.75638,R_3QJWipmxy67WXiZ,,,anonymous,EN,1,1,5c0fcccc1f6f150001487111,6,5,2,2,3,1,6,6,2,2,5,6,5,3,6,3,6,6,5,5,3,6,6,6,1,3,3,4,5,3,2,4,6,5.67,5.5,2.67,3.33,3.5,2.42,3,3,3,1,1,0,1,3,2,1,2,1,1,2,1,2,1,1,2,1.454545,1,4,4,3,2,1,1,1,4,4,3,1,4,1,1,3,4,1,4,1,1,2,1.272727,3.5,5,5,5,5,5,5,5,5,5,5,5,5,60,5,3,4,6,0,4,5,5,5,6,3,5,6,6,6,6,6,6,6,5,5,4,5.714286,5,4.904762,3,3,3,2,3,5,0,2,4,3,1,0,1,0,2,2,3,0,2,1,2,1,3,4,1,0,2,0,2,2,1,4,1,1,1,1,2,1,2.75,2.833333,0.8,1.5,2,1.666667,2,1.333333,1.837838,5,5,2,5,4,4,3,4,5,4,4,2,5,4,4,2,4,2,2,3,5,78,1,5,1,1,5,3,3,1,1,1,1,1,4,1,1,1,1,1,1,1,4,4,39,NA,59,Female,White,"Not in paid work (e.g. homemaker', 'retired or disabled)",1011
5c101f812a1a620001f04007,44900.68922,44900.70519,0,,100,1379,1,44900.7052,R_1laR0J49U9KOoEg,,,anonymous,EN,1,1,5c101f812a1a620001f04007,6,5,3,5,6,1,6,6,5,2,4,6,6,5,5,6,6,6,6,6,5,6,6,6,4,6,6,2,1,3,5,6,6,5.33,5,4.33,4.83,5.5,0.28,7,7,7,1,1,1,0,3,3,3,2,2,1,1,2,3,2,3,2,2.181818,1,1,1,1,1,1,1,1,1,1,1,1,1,1,1,1,1,1,1,1,1,2,1,1,1,4,4,4,4,2,5,1,1,1,1,2,30,6,3,2,6,0,1,6,6,2,6,2,1,6,5,2,6,2,1,6,1,2,2.714286,6,1.571429,3.428571,3,4,3,4,1,2,1,1,1,4,1,5,4,3,5,3,2,4,5,4,3,4,3,3,5,5,3,0,4,4,5,3,4,3,5,5,3,1,3.5,1.666667,3.6,3.666667,3.8,4.333333,3.333333,4.333333,3.297297,4,2,4,4,4,2,4,2,4,2,5,4,2,4,4,1,4,1,4,2,2,65,3,2,2,2,4,2,4,2,2,2,4,2,2,2,2,2,3,2,3,2,2,4,51,NA,68,Female,White,"Not in paid work (e.g. homemaker', 'retired or disabled)",1390
5c110067753adc00015913e3,44900.69458,44900.70983,0,,100,1317,1,44900.70984,R_1FajYy3En9PkSZz,,,anonymous,EN,1,1,5c110067753adc00015913e3,6,6,5,6,6,2,6,6,6,5,6,6,6,4,6,6,6,6,6,6,6,6,6,6,4,6,6,6,3,6,5,6,6,6,5.5,5.17,5.67,6,0.14,7,7,7,1,1,1,0,3,3,3,3,1,2,2,1,3,2,3,4,2.454545,1,1,1,1,1,1,1,1,1,1,1,1,1,1,1,1,1,1,1,1,1,2,1,1,3,3,4,2,4,4,4,2,1,3,2,3,35,6,6,6,6,6,5,5,6,5,6,6,6,6,6,6,6,6,6,6,6,6,6,5.857143,5.714286,5.857143,2,4,4,4,3,1,1,1,1,1,3,1,2,4,3,4,2,2,2,4,4,4,3,2,4,4,4,4,2,4,2,2,2,4,4,4,4,1,3.5,1.333333,2.6,3,3.4,2.666667,2.666667,4,2.864865,4,4,4,4,4,4,4,4,4,4,4,4,4,4,4,3,4,4,4,3,4,82,4,4,4,4,4,4,4,4,4,4,4,4,4,4,4,4,4,4,4,4,4,4,84,NA,54,Female,White,Full-Time,1324
5c1655c7ad682500017070d2,44900.85326,44900.86576,0,,100,1079,1,44900.86578,R_xGx3smO328jJMB3,,,anonymous,EN,1,1,5c1655c7ad682500017070d2,3,3,2,3,4,1,2,3,3,2,3,4,3,2,3,5,4,4,5,6,5,6,4,3,3,5,4,3,2,2,4,5,6,3.33,3,2.83,3.83,4.33,-0.5,6,6,6,1,1,1,0,3,3,3,4,3,2,2,2,2,3,3,2,2.636364,1,1,1,1,1,1,1,1,1,1,1,1,2,1,1,1,1,1,1,1,1,2,1,1.1,3,4,5,3,4,4,4,2,2,3,2,3,39,4,1,4,5,0,2,4,1,3,4,0,1,4,4,4,4,3,1,4,5,4,2,4.142857,2.714286,2.952381,3,3,4,3,3,3,1,2,2,3,3,4,4,3,3,3,2,4,3,3,3,3,2,2,3,3,2,3,2,2,3,2,2,2,4,3,3,1,3.25,2.333333,3.4,3,2.4,2.333333,2,3.333333,2.783784,4,4,4,4,4,4,4,4,4,4,4,4,4,4,4,2,4,2,4,3,4,79,2,2,2,2,2,2,2,2,2,2,3,3,2,2,3,2,2,1,2,2,2,4,44,NA,34,Male,White,Full-Time,1086
5c28e9dfda51990001e3204b,44901.29735,44901.30836,0,,100,950,1,44901.30838,R_2TnivagQDTobkAz,,,anonymous,EN,1,1,5c28e9dfda51990001e3204b,5,6,1,2,4,1,6,6,4,2,3,6,6,5,4,2,5,6,1,4,3,6,6,5,1,1,4,6,6,4,5,1,6,5.67,5.83,2.67,3,2.83,2.92,2,2,2,1,0,0,1,2,3,1,5,1,1,1,1,1,1,1,1,1.545455,1,3,1,1,1,1,3,1,1,1,2,1,1,4,1,1,2,1,1,1,3,4,1.818182,1.2,1,3,5,1,3,2,4,1,1,1,1,1,24,1,2,5,3,0,3,3,0,2,5,0,2,4,0,3,4,5,3,3,0,6,1,3.285714,3.428571,2.571429,3,4,5,2,0,0,0,0,0,0,5,4,5,5,5,4,4,3,4,3,3,4,3,4,2,3,3,4,3,3,5,5,2,4,3,4,4,1,3.5,0,4.8,3.5,3,3.666667,3.666667,3.666667,3.108108,5,5,4,5,5,5,5,5,5,5,5,5,5,5,5,4,5,3,4,4,5,99,1,2,1,1,1,1,4,1,1,1,1,1,1,1,3,4,4,1,3,1,1,4,35,NA,38,Female,White,Full-Time,964
5c2e2fa00b8ad80001aebf07,44903.719,44903.73512,0,,100,1391,1,44903.73514,R_RwVmimHxwvc2UX7,,,anonymous,EN,1,1,5c2e2fa00b8ad80001aebf07,6,5,1,2,5,1,5,5,3,1,5,6,5,5,6,1,6,6,1,3,5,6,6,5,3,3,2,6,4,3,2,4,6,5.83,5,2.67,2.83,3.67,2.36,2,3,2,1,1,0,1,3,2,1,1,1,1,2,1,2,1,3,2,1.545455,2,2,2,2,2,1,1,2,1,3,3,1,2,1,1,2,2,1,1,2,1,2,1.363636,2,2,2,4,5,4,2,3,1,2,4,2,2,33,5,4,6,6,4,5,4,4,5,4,3,6,6,5,6,6,3,6,4,5,6,4,5,5.714286,4.904762,5,4,5,4,5,3,3,4,2,3,1,1,2,2,3,4,4,5,4,4,4,4,5,5,5,5,5,3,4,4,5,4,4,4,5,4,5,1,4.5,3.333333,1.8,4.166667,5,4.333333,4,4.666667,3.864865,4,4,5,4,5,4,5,4,5,5,5,5,5,5,5,3,5,3,4,2,2,89,4,4,4,2,2,2,4,1,2,2,4,5,2,2,3,4,4,1,5,1,1,4,59,NA,22,Male,Black,Full-Time,1396
5c39849b19ceb400010c62a1,44904.01101,44904.01896,0,,100,687,1,44904.01897,R_31HuOz7luSpQkNf,,,anonymous,EN,1,1,5c39849b19ceb400010c62a1,6,5,3,6,5,1,5,6,5,4,5,6,6,5,3,3,5,5,1,4,5,6,6,4,2,4,3,1,2,2,2,3,6,4.83,4.67,3,3.83,4,1.14,1,1,2,0,0,0,1,1,3,1,1,1,1,4,1,1,1,2,3,1.727273,2,3,3,1,2,1,1,2,2,2,1,1,1,1,1,3,3,1,2,2,2,2,1.545455,2,5,5,5,5,5,4,5,2,4,3,5,3,51,2,1,5,2,0,3,1,1,3,4,2,3,2,4,4,5,5,3,2,2,6,2.142857,2.571429,3.857143,2.857143,5,5,5,4,0,2,0,1,1,2,1,2,3,4,3,5,5,5,5,5,4,4,4,5,5,5,5,5,3,5,3,5,3,5,4,5,5,1,4.75,1,2.6,4.666667,4.8,3.666667,4.333333,4.666667,3.72973,5,4,5,5,5,5,5,5,4,4,4,5,5,4,5,3,5,5,5,3,5,96,4,5,4,1,3,1,1,1,1,1,1,3,1,1,1,3,1,4,5,1,1,4,44,NA,24,Female,Black,Unemployed (and job seeking),692
5c3b70640eaa0100018ea877,44900.71749,44900.72712,0,,100,832,1,44900.72713,R_1obvnc6LbLrfbYN,,,anonymous,EN,1,1,5c3b70640eaa0100018ea877,4,4,2,2,3,1,6,5,3,3,2,6,5,3,4,5,6,6,4,5,4,6,6,6,3,5,5,6,5,5,3,5,6,5.67,5.17,3.33,3.67,4,1.75,4,5,3,1,1,1,0,3,3,3,2,3,2,2,2,2,2,3,4,2.545455,1,1,1,1,1,1,1,1,1,1,1,1,1,1,1,1,1,1,1,1,1,2,1,1,2,4,4,2,2,3,3,1,1,2,1,1,26,0,0,3,0,0,2,0,0,1,0,1,0,0,0,2,0,1,0,0,1,5,0.4285714,0,1.857143,0.7619048,3,4,0,1,4,2,3,4,2,4,3,5,3,4,4,3,3,4,2,4,3,4,1,1,2,0,1,3,2,3,0,0,0,2,4,4,2,1,2,3.166667,3.8,3.333333,1,1.666667,0.6666667,3.333333,2.54054,5,5,4,5,4,4,4,3,2,3,4,5,4,4,5,2,4,1,5,3,2,78,2,1,1,1,1,1,4,1,1,1,1,1,1,1,1,2,1,1,3,1,1,4,28,NA,58,Male,White,Full-Time,838
5c3c7913b4f22c0001a0809c,44900.70325,44900.70866,0,,100,466,1,44900.70867,R_3nqG5WRTMy2YXyV,,,anonymous,EN,1,1,5c3c7913b4f22c0001a0809c,5,5,4,4,4,1,5,6,6,4,3,6,5,4,5,4,5,5,4,5,5,6,5,5,4,6,4,2,2,4,5,4,6,4.67,4.67,4.33,4.83,4,0.28,6,6,7,1,0,0,1,2,3,2,3,2,2,3,2,3,2,3,4,2.636364,1,1,1,1,1,1,1,1,1,1,1,1,1,1,1,1,1,1,1,1,1,2,1,1,4,4,4,4,3,4,2,2,1,3,1,2,34,3,2,2,5,0,4,4,0,3,5,3,2,5,1,3,4,2,1,4,0,4,1.142857,4.285714,2.714286,2.714286,3,3,4,4,1,2,1,2,1,2,4,2,4,4,3,3,4,3,4,3,4,3,3,3,4,3,3,3,4,4,3,3,3,3,4,3,3,1,3.5,1.5,3.4,3.5,3.2,3.666667,3,3.333333,3.054054,4,5,4,5,5,4,5,5,4,4,5,5,4,4,5,3,5,3,4,3,4,90,4,5,3,4,5,4,4,4,5,4,3,5,4,4,4,4,4,2,4,4,4,4,84,NA,70,Male,White,Full-Time,477
5c47cab451c26300012cdd41,44900.91677,44900.97453,0,,100,4989,1,44900.97454,R_33dscSwDdNgNsHV,,,anonymous,EN,1,1,5c47cab451c26300012cdd41,6,5,1,2,2,1,5,6,3,1,3,6,6,4,2,5,6,6,5,4,3,6,6,1,3,6,3,2,1,3,6,2,6,5.17,4.17,3.17,3.5,3,1.44,4,3,5,1,1,0,1,3,2,1,1,1,1,2,1,1,1,2,2,1.363636,2,4,3,3,2,2,1,3,2,2,3,2,2,1,2,2,2,2,2,2,2,2,2.090909,2.3,4,5,4,5,2,4,3,4,2,4,4,3,44,1,0,6,5,0,0,1,0,3,6,0,2,3,0,4,4,6,2,4,1,5,1,3.428571,3.142857,2.523809,5,5,3,3,5,3,2,4,3,4,1,2,1,1,2,2,2,2,2,1,2,3,4,5,2,4,1,1,0,3,2,4,1,3,0,1,3,1,4,3.5,1.4,2,3.2,1.666667,2.666667,1.333333,2.486486,4,3,4,2,5,5,4,4,1,3,5,4,2,2,4,1,4,4,4,2,2,69,3,2,3,4,2,3,3,2,1,1,5,2,1,1,4,4,4,4,5,2,1,4,57,NA,45,Female,White,Part-Time,4996
5c4e7dcdd3a5e30001836f82,44903.96868,44903.98177,0,,100,1130,1,44903.9818,R_pRiWaPSh3SsdvBT,,,anonymous,EN,1,1,5c4e7dcdd3a5e30001836f82,3,6,1,1,1,1,3,1,1,1,2,1,6,1,5,1,4,6,2,4,1,6,6,5,1,1,4,1,6,3,4,3,6,3,5,1.5,2.67,2,1.94,5,3,5,1,0,0,0,1,1,2,2,1,1,1,2,1,1,1,2,1.363636,1,3,1,2,1,2,3,1,1,2,1,1,1,2,1,4,1,2,1,1,1,2,1.636364,1.5,3,4,3,2,4,2,4,2,1,2,2,2,31,0,1,6,6,0,3,4,0,5,5,6,4,6,0,5,5,6,6,6,0,6,1.857143,4.571429,5,3.809524,3,5,1,2,2,3,2,0,3,2,0,2,1,2,0,1,3,0,0,2,0,3,3,4,0,3,0,2,0,1,2,3,0,3,5,3,2,1,2.75,2,1,1.333333,2,1,2,3.333333,1.837838,4,4,3,4,5,4,4,3,4,4,5,4,4,4,4,4,5,2,5,4,4,84,1,1,1,2,1,1,1,2,1,1,2,1,1,1,2,1,2,1,2,1,2,4,28,NA,36,Female,White,Part-Time,1139
5c567e2acc53750001751cb0,44900.71157,44900.72301,0,,100,987,1,44900.72302,R_2ExVzAS7zc3eXGU,,,anonymous,EN,1,1,5c567e2acc53750001751cb0,6,5,1,2,4,1,6,4,1,2,4,6,5,1,2,2,5,6,3,4,4,6,4,6,3,6,4,4,2,4,5,4,6,5.17,4.67,2.17,3.5,3.67,1.81,5,5,5,1,1,1,0,3,2,2,1,2,2,1,1,3,4,3,4,2.272727,1,1,1,1,1,1,1,1,1,1,1,1,1,1,1,1,1,1,1,1,1,2,1,1,4,4,4,2,4,5,5,4,3,4,2,4,45,6,3,5,6,6,6,5,1,6,6,3,6,6,3,6,6,0,6,6,1,6,2.428571,5.857143,5.857143,4.714286,2,3,4,4,4,3,3,1,1,2,1,1,3,3,4,5,4,2,4,4,3,5,4,3,4,5,4,3,3,4,4,3,3,3,5,3,4,1,3.25,2.333333,2.4,3.666667,4,3.666667,3,4,3.27027,3,4,2,4,5,5,4,2,5,4,4,4,4,4,4,2,4,2,4,2,3,75,2,4,1,2,4,4,4,4,4,4,2,4,4,2,3,4,4,2,3,2,2,4,65,NA,74,Male,Other,"Not in paid work (e.g. homemaker', 'retired or disabled)",994
5c574d3f53fba80001bd302e,44900.84007,44900.84973,0,,100,834,1,44900.84976,R_1kYybECv80m44Yt,,,anonymous,EN,1,1,5c574d3f53fba80001bd302e,4,5,3,4,2,1,4,4,4,3,4,5,3,4,5,2,4,6,3,4,5,6,6,5,2,5,4,3,2,4,3,1,6,4.33,4.17,3.33,4,3,0.81,5,5,5,0,0,0,1,1,2,2,3,2,2,1,3,2,2,2,1,2,1,2,3,3,3,2,2,2,3,2,3,2,3,2,2,3,1,1,1,2,1,2,1.727273,2.5,5,5,5,4,4,4,4,4,4,4,4,4,51,2,2,4,4,3,4,1,2,5,5,5,6,6,3,5,5,6,6,3,3,5,3.428571,3.714286,5,4.047619,4,4,4,2,0,2,0,0,1,1,1,1,3,3,2,1,3,3,3,3,4,3,3,4,3,2,4,3,3,2,3,3,2,4,3,3,3,1,3.5,0.6666667,2,3.166667,3.2,2.666667,3,3,2.513514,5,4,3,5,5,5,4,5,4,5,4,4,4,4,4,2,5,4,4,3,4,87,1,4,2,4,2,2,3,1,2,2,2,3,1,2,4,5,5,3,3,2,1,4,54,NA,31,Female,White,Unemployed (and job seeking),840
5c5c5313a3e64300012b5042,44901.58145,44901.5983,0,,100,1456,1,44901.59833,R_DGAWPB1AFCNFAjf,,,anonymous,EN,1,1,5c5c5313a3e64300012b5042,5,5,1,1,2,1,3,3,2,2,3,4,5,3,3,1,4,4,1,1,2,5,4,2,1,1,1,4,5,1,2,1,6,4,4,1.5,1.67,1.67,2.39,1,1,1,1,0,0,1,2,2,2,2,2,1,1,2,1,1,1,2,1.545455,2,1,1,2,2,1,1,1,1,1,1,1,1,1,1,2,1,1,2,1,1,2,1.090909,1.4,4,5,4,2,4,3,4,4,1,2,2,2,37,0,0,3,1,0,3,0,0,1,1,0,3,0,0,2,1,0,2,0,1,4,0.1428571,0.4285714,2.571429,1.047619,2,4,3,2,4,3,4,1,3,2,3,4,1,4,3,4,1,3,2,2,3,3,3,1,2,3,1,3,2,3,3,1,1,0,4,2,4,1,2.75,2.833333,3,2.333333,2,2.666667,0.6666667,3.333333,2.54054,5,5,4,4,4,5,5,5,3,3,4,5,4,2,5,2,5,4,4,2,2,82,1,1,1,2,2,1,4,1,1,1,1,1,1,1,1,1,1,1,1,1,1,4,26,N/A,25,Male,White,Part-Time,1464
5c65739723f6300001380c2c,44906.31921,44906.36509,0,,100,3964,1,44906.36512,R_323WP3DirXVq6rq,,,anonymous,EN,1,1,5c65739723f6300001380c2c,5,3,4,5,4,1,4,4,4,3,4,4,4,3,5,4,6,3,4,4,6,6,6,4,3,3,4,4,1,3,4,3,6,4.83,3.17,3.5,4,4.17,0.11,4,4,4,1,0,0,1,2,2,2,3,3,2,1,2,3,2,2,3,2.272727,1,2,3,1,1,1,1,1,1,2,2,1,2,1,1,1,1,1,1,1,1,2,1.090909,1.5,5,5,4,5,5,4,5,3,3,4,3,4,50,1,3,6,2,1,5,2,3,5,2,2,5,2,2,5,2,4,4,2,4,6,2.714286,1.857143,5.142857,3.238095,4,4,3,4,5,4,3,4,4,4,1,0,1,1,1,5,1,4,2,3,2,3,3,3,3,1,3,5,3,2,1,3,2,4,2,3,2,1,3.75,4,0.8,2.5,2.6,2,3,2.333333,2.783784,5,5,5,5,5,5,5,5,5,3,5,4,5,5,5,5,4,5,4,3,5,98,1,1,1,1,1,1,1,1,1,1,1,1,1,1,1,1,1,1,1,1,1,4,21,NA,39,Female,White,Full-Time,3973
5c6ae4c31b9d0e000190bacc,44900.867,44900.88257,0,,100,1344,1,44900.88259,R_pJWnNdjJwPihGWl,,,anonymous,EN,1,1,5c6ae4c31b9d0e000190bacc,1,3,4,6,3,1,1,3,3,5,4,6,1,2,1,2,5,5,5,6,4,6,6,6,2,5,6,2,2,2,5,5,6,3.5,3.33,3,4.67,4,-0.47,6,6,6,1,1,1,1,4,3,2,2,2,1,2,1,2,2,3,4,2.181818,1,1,1,2,1,1,1,1,1,2,2,1,1,1,1,1,1,1,1,1,1,2,1,1.3,4,4,5,4,2,4,5,2,2,4,2,4,42,6,4,3,6,4,4,5,3,3,5,5,6,6,5,4,6,5,6,6,6,6,4.571429,5.714286,4.571429,4.952381,1,4,4,3,3,3,1,2,1,2,1,2,1,1,1,1,2,1,2,2,1,2,3,2,3,4,4,3,2,3,1,1,1,3,4,4,3,1,3,2,1.2,1.666667,3.2,2,1.666667,3.666667,2.216216,3,2,2,4,4,4,4,4,5,3,4,4,4,4,3,2,4,3,4,2,2,71,1,3,2,3,4,4,4,1,2,1,3,1,2,1,2,2,2,1,1,2,2,4,44,Thank you.,59,Female,White,Part-Time,1351
5c6c597c42e33400019c72a5,44900.70435,44900.71845,0,,100,1217,1,44900.71846,R_xrZeXgLjRwmMNFL,,,anonymous,EN,1,1,5c6c597c42e33400019c72a5,5,5,5,5,6,1,5,5,5,3,3,5,6,5,5,6,5,5,5,5,4,6,5,3,5,5,6,2,2,4,5,6,6,4.5,4.33,4.83,4.67,5.17,-0.47,6,6,6,0,0,0,1,1,2,2,2,2,2,2,2,3,2,4,3,2.363636,2,2,2,2,1,1,2,1,2,3,1,1,2,2,2,3,1,2,1,1,1,2,1.545455,1.8,4,4,4,5,4,2,3,4,2,4,4,2,42,5,4,5,5,6,3,5,5,6,5,5,6,5,5,5,5,6,1,4,6,1,5.285714,4.857143,3.857143,4.666667,1,3,4,4,1,2,1,2,1,1,2,0,1,2,4,2,2,4,1,2,2,2,4,5,3,4,3,1,4,5,5,2,2,3,1,1,1,1,3,1.333333,1.8,2.166667,3.8,4.666667,2.333333,1,2.378378,4,2,4,3,2,3,2,4,4,4,2,4,4,4,2,1,2,2,2,4,2,61,1,4,3,3,3,3,2,1,1,2,1,1,1,1,1,4,4,1,4,4,1,4,46,I took this test when I had a bad cold and was coughing a lot.,60,Female,White,DATA_EXPIRED,1225
5c6f1611922d7a00017cb800,44900.67108,44900.69258,0,,100,1858,1,44900.6926,R_2f2NIU7oAoFSCjp,,,anonymous,EN,1,1,5c6f1611922d7a00017cb800,6,6,4,4,5,1,6,5,4,1,5,6,6,4,6,4,6,6,2,4,5,6,6,5,2,2,5,4,3,5,4,2,6,5.67,5.17,3.5,3.5,4.33,1.64,2,2,2,0,0,0,1,1,2,2,3,1,2,2,2,3,1,2,4,2.181818,3,3,3,2,2,1,2,2,4,3,3,1,1,2,4,1,3,1,3,1,2,2,2,2.5,3,5,3,3,2,2,5,4,2,4,3,4,40,2,1,4,4,0,3,3,3,1,4,4,2,4,1,0,3,4,4,4,0,1,1.857143,3.428571,2.142857,2.476191,4,5,3,4,1,1,1,4,4,1,1,5,3,2,0,4,4,1,3,4,4,4,5,4,5,5,5,2,2,3,4,4,3,3,0,3,4,1,4,2,2.2,3.333333,4.8,3,3.333333,2.333333,3.108108,5,4,5,4,4,5,5,3,3,5,5,5,4,4,5,5,5,4,5,4,2,91,4,1,4,4,2,1,3,1,1,4,4,1,1,1,4,5,5,3,4,1,3,4,57,NA,43,Female,White,"Not in paid work (e.g. homemaker', 'retired or disabled)",1886
5c7336a216dc79000146929b,44905.49041,44905.51284,0,,100,1938,1,44905.51285,R_2q4xLycrLloUisC,,,anonymous,EN,1,1,5c7336a216dc79000146929b,4,2,1,2,6,1,2,3,2,5,6,4,1,3,4,6,3,4,6,4,4,5,4,6,3,3,4,2,5,4,4,6,6,3.17,3.5,3.17,3.67,5.33,-0.72,6,6,4,1,1,1,0,3,2,5,2,2,4,4,2,4,4,5,4,3.454545,1,1,1,1,1,1,1,1,1,2,1,1,2,1,1,1,1,1,1,1,1,2,1,1.2,4,4,4,5,5,5,4,4,2,4,4,5,50,0,6,3,1,6,3,1,6,4,2,4,4,2,6,3,1,6,3,1,6,5,5.714286,1.142857,3.571429,3.476191,2,4,4,1,3,4,3,0,2,3,2,4,1,1,4,1,1,2,1,1,3,1,1,2,5,5,5,1,1,1,1,3,2,1,5,4,2,1,2.75,2.5,2.4,1.5,3.6,1,2,3.666667,2.351351,4,5,4,5,4,4,4,4,4,4,5,4,4,4,4,4,4,4,4,4,4,87,2,5,2,5,4,2,4,2,2,2,2,1,2,2,4,4,4,4,2,2,2,4,59,NA,33,Female,White,Part-Time,1946
5c735293742d0d0001115f83,44908.64986,44908.65936,0,,100,820,1,44908.65939,R_2CVZZwaYG6gxTJF,,,anonymous,EN,1,1,5c735293742d0d0001115f83,5,4,4,4,3,2,5,3,5,4,3,6,6,4,4,1,5,5,4,4,3,6,4,5,3,4,2,6,4,3,3,2,6,5.17,4.5,3.83,3.83,2.33,1.5,1,1,2,0,0,0,1,1,2,3,4,1,2,2,2,1,2,2,2,2.090909,2,1,3,2,1,1,2,1,2,2,1,1,3,1,1,1,1,1,1,1,1,2,1.181818,1.7,4,4,3,3,3,5,4,2,2,3,2,3,38,2,0,4,4,0,3,5,1,3,6,3,4,4,2,3,5,1,4,5,0,3,1,4.428571,3.428571,2.952381,2,2,2,2,4,2,4,4,3,4,3,3,2,2,3,2,1,1,2,2,2,2,2,2,3,3,2,1,3,3,2,2,2,2,2,2,2,1,2,3.5,2.6,1.666667,2.4,2.666667,2,2,2.351351,4,4,2,4,4,4,4,3,4,3,2,4,4,4,4,3,4,2,3,4,3,73,2,3,2,3,2,2,4,2,2,2,2,4,2,2,3,3,2,2,3,2,2,4,51,thx,53,Male,White,Full-Time,827
5c78e07f9eabe400126d40be,44901.73637,44901.76284,0,,100,2287,1,44901.76286,R_338VfChMv3RphyS,,,anonymous,EN,1,1,5c78e07f9eabe400126d40be,4,5,3,4,3,2,5,5,3,3,2,5,6,3,5,2,5,5,4,4,2,5,5,6,2,4,2,6,6,4,5,4,6,5,5.5,3.17,4.17,2.5,1.97,1,1,1,1,0,0,1,2,2,2,1,1,1,1,2,2,1,2,4,1.727273,1,1,2,2,2,1,1,1,2,1,2,1,2,1,1,1,2,1,1,1,1,2,1,1.7,2,4,4,2,4,4,4,2,1,2,2,2,33,2,1,4,4,1,3,5,0,3,3,3,4,4,1,3,4,2,4,4,1,5,1.285714,3.714286,3.714286,2.904762,2,5,4,1,4,3,3,4,3,4,3,3,3,3,3,2,2,4,3,4,3,4,3,1,2,1,2,3,2,1,2,1,2,3,4,5,4,1,3,3.5,3,3.333333,1.8,1.666667,2,4.333333,2.864865,5,4,4,5,5,5,5,4,2,2,5,5,4,2,4,2,5,2,2,2,3,77,2,2,2,4,2,2,4,1,2,2,2,2,2,2,4,4,4,1,4,2,2,4,52,NA,61,Male,White,"Not in paid work (e.g. homemaker', 'retired or disabled)",2293
5c79475f54c5d600165fc357,44904.48374,44904.50402,0,,100,1751,1,44904.50403,R_3nGhT2q8W6W0a46,,,anonymous,EN,1,1,5c79475f54c5d600165fc357,6,6,1,1,1,1,6,6,1,1,1,6,6,1,4,1,6,6,1,1,1,6,6,1,1,1,1,4,6,1,1,1,6,5.67,5.17,1,1.5,1,4.25,1,1,1,0,0,0,1,1,2,1,1,1,1,1,1,1,1,1,1,1.090909,3,4,1,1,1,1,1,1,2,2,2,1,1,4,1,3,2,1,2,1,1,2,1.727273,1.7,2,1,1,1,1,2,1,1,1,1,3,1,16,0,3,4,5,3,6,3,2,4,5,5,4,6,1,5,3,6,5,4,0,6,2.857143,3.714286,4.857143,3.809524,4,3,5,4,5,1,5,5,1,2,1,2,2,1,2,5,2,3,3,3,1,4,3,3,5,5,5,3,5,5,5,3,2,4,5,2,5,1,4,3.166667,1.6,2.666667,4.2,5,3,4,3.351351,5,3,5,5,5,5,5,5,3,5,5,5,3,3,5,3,5,4,5,3,4,91,4,1,3,4,1,1,4,1,1,1,5,1,1,1,4,5,5,2,5,2,2,4,54,I sufferfro an autoimmune disorder that can be quite painful. Before I was diagnosed some of the symptoms were really scary. I am learning how to trust my body again and also learning how to manage pain through meditation and breath control.,58,Female,White,Part-Time,1758
5c800507a1d4b900114f28c4,44900.85334,44900.86583,0,,100,1078,1,44900.86584,R_2yqNOuptPQH9uUR,,,anonymous,EN,1,1,5c800507a1d4b900114f28c4,4,5,4,5,6,1,4,6,3,4,4,5,5,4,5,4,4,5,4,5,4,6,6,6,4,4,5,2,4,4,4,4,6,4.17,5.17,3.83,4.5,4.5,0.39,6,6,5,1,1,1,1,4,2,4,3,2,2,2,2,2,2,2,3,2.363636,1,1,1,1,1,1,2,1,1,2,2,1,1,1,1,1,2,1,2,1,1,2,1.090909,1.4,4,4,4,4,4,2,4,2,2,4,4,2,40,0,2,4,3,1,3,0,1,2,3,4,4,1,1,4,1,1,5,1,1,4,1.571429,1.285714,3.714286,2.190476,3,3,4,4,1,1,1,2,2,3,3,2,3,2,2,4,3,3,4,3,3,4,4,3,4,4,5,3,3,3,3,4,3,4,3,3,3,1,3.5,1.666667,2.4,3.333333,4,3,3.666667,3,3.027027,4,4,4,3,3,4,3,2,5,3,5,4,3,2,5,2,4,2,4,2,4,72,2,4,4,4,3,3,5,2,3,3,5,2,2,4,5,4,4,1,5,3,3,4,71,NA,31,Male,White,"Not in paid work (e.g. homemaker', 'retired or disabled)",1087
5c8974ef34daa70015e92daf,44900.66484,44900.67787,0,,100,1126,1,44900.67789,R_1CfI7FQAy7oegKM,,,anonymous,EN,1,1,5c8974ef34daa70015e92daf,4,6,3,2,1,1,3,4,3,3,1,6,6,3,4,1,5,6,3,2,1,6,4,5,2,2,1,5,6,5,6,1,6,4.5,5.5,3.17,3.17,1,2.56,1,1,1,0,0,0,1,1,4,1,2,1,1,2,1,2,1,3,4,2,1,1,3,1,1,1,1,2,1,1,1,1,1,1,3,1,1,1,1,1,1,2,1.272727,1.2,4,3,4,4,4,5,4,3,3,3,4,3,44,0,0,2,3,0,0,1,0,1,2,1,0,3,0,2,4,1,1,0,0,0,0.2857143,1.857143,0.8571429,1,0,0,0,0,5,2,3,1,5,5,5,5,0,0,5,0,0,0,0,0,0,0,0,0,0,0,0,0,0,0,0,0,0,0,0,0,0,1,0,3.5,3,0,0,0,0,0,0.972973,4,3,3,3,5,4,3,3,3,3,4,4,3,3,4,4,3,3,3,2,3,70,2,3,3,4,2,2,3,1,2,3,3,3,2,1,2,3,2,2,3,3,3,4,52,NA,33,Male,Mixed,Full-Time,1132
5c9527e29e4f7400011e1571,44900.75462,44900.76701,0,,100,1070,1,44900.76702,R_25THYV7xblJHDIO,,,anonymous,EN,1,1,5c9527e29e4f7400011e1571,5,5,4,5,6,1,6,5,4,5,2,5,4,3,5,6,6,5,5,5,2,6,4,4,4,5,5,6,2,4,6,5,6,5.33,4.17,4,5.17,4.33,0.25,5,5,5,1,1,0,0,2,3,4,2,2,2,1,2,2,2,2,3,2.272727,1,1,2,2,1,2,1,1,2,2,1,1,2,3,1,2,1,1,1,1,1,2,1.272727,1.6,4,5,4,3,2,4,5,2,2,4,2,3,40,3,5,6,4,3,4,4,6,5,5,6,1,5,6,5,2,4,5,6,6,4,5.142857,4.142857,4.285714,4.523809,5,4,4,4,1,1,0,1,1,1,2,0,2,4,2,4,5,4,3,4,4,4,4,4,4,4,4,3,4,4,3,4,4,4,5,5,5,1,4.25,0.8333333,2,4,4,3.666667,4,5,3.27027,4,4,4,5,4,4,4,5,3,4,4,4,3,3,4,3,4,3,4,4,5,82,4,4,4,4,4,4,3,4,4,3,3,4,3,2,4,4,4,2,4,3,4,4,75,NA,49,Female,White,Part-Time,1077
5c95493ddd325800166f838a,44900.69206,44900.71571,0,,100,2042,1,44900.71572,R_9ZdoV9Q2WAuuwFz,,,anonymous,EN,1,1,5c95493ddd325800166f838a,4,5,2,4,5,1,5,5,2,3,5,6,5,2,5,6,3,5,4,4,5,6,6,5,4,4,6,5,2,3,4,4,6,4.83,4.5,2.83,4,5.17,0.67,5,4,6,0,1,0,1,2,3,2,2,2,2,3,2,3,2,2,4,2.454545,1,3,2,1,2,1,2,1,1,1,1,2,1,1,2,1,1,1,1,1,1,2,1.454545,1.2,4,4,4,4,3,4,4,4,4,5,5,4,49,1,3,6,6,0,6,0,1,3,6,5,2,3,2,6,3,3,5,2,6,5,2.857143,3,4.714286,3.523809,5,4,3,4,5,4,1,4,3,4,1,0,1,2,2,3,3,4,3,4,3,4,3,3,2,3,3,3,3,3,3,3,4,3,4,3,4,1,4,3.5,1.2,3.5,2.8,3,3.333333,3.666667,3.081081,5,5,5,5,5,5,5,5,5,5,5,5,5,5,5,5,5,3,5,5,5,103,4,3,3,4,4,4,5,4,4,4,4,4,5,4,4,4,4,3,4,4,4,4,83,thank you,41,Female,White,Full-Time,2050
5c9b1b5c441b4700179b17b2,44900.45541,44900.46678,0,,100,982,1,44900.46679,R_22LVMSYM6fYWKbE,,,anonymous,EN,1,1,5c9b1b5c441b4700179b17b2,5,6,1,1,1,1,5,5,1,1,1,5,5,1,3,1,6,6,2,1,1,5,5,6,1,1,1,5,4,1,2,1,6,5.17,5.33,1.17,1.5,1,4.03,1,1,1,1,0,0,1,2,3,2,1,1,1,1,2,1,1,2,2,1.545455,1,2,2,2,1,1,2,2,2,2,1,1,2,1,1,3,2,1,2,1,1,2,1.272727,1.9,2,4,4,2,4,2,4,1,1,1,1,2,28,3,0,2,6,0,1,4,0,3,6,2,5,6,0,1,5,2,2,5,0,4,0.5714286,5,2.571429,2.714286,4,4,4,3,5,5,1,5,5,5,4,5,3,4,2,4,4,4,4,3,4,4,4,4,5,4,4,4,3,4,3,4,4,5,4,4,4,1,3.75,4.333333,3.6,3.833333,4.2,3.333333,4.333333,4,3.945946,2,4,4,5,4,4,4,4,2,4,5,4,4,4,4,2,2,4,4,2,3,75,2,2,2,4,2,2,4,2,2,2,4,2,2,2,2,2,4,2,2,2,2,4,50,NA,50,Female,White,Full-Time,989
5c9c3ae2d40ce20014233de6,44900.45453,44900.46973,0,,100,1314,1,44900.46975,R_U9LoLLtGGmEWcN3,,,anonymous,EN,1,1,5c9c3ae2d40ce20014233de6,5,4,1,1,2,1,4,5,3,1,2,5,6,2,5,1,3,3,2,3,1,5,4,3,1,2,2,5,5,2,1,1,6,4.33,4.33,1.83,2.17,1.5,2.5,1,1,1,1,0,0,1,2,2,4,2,2,3,2,2,2,2,2,2,2.272727,2,1,2,4,3,1,3,2,3,2,1,1,2,2,1,3,2,1,2,1,3,2,1.636364,2.4,4,4,4,4,4,4,3,4,4,4,3,4,46,1,1,5,5,0,2,4,0,2,4,6,5,6,0,5,4,5,5,3,0,2,1.714286,3.857143,3.714286,3.095238,5,4,1,4,2,3,3,2,3,3,2,2,0,2,2,1,2,3,2,2,2,3,4,4,3,3,4,1,3,2,2,4,4,4,2,2,3,1,3.5,2.666667,1.6,2.333333,3.6,2.333333,4,2.333333,2.648649,5,4,3,3,4,3,4,5,5,5,5,5,3,4,4,4,5,4,3,4,4,86,3,3,3,2,4,1,4,4,4,3,4,4,2,3,4,4,3,3,2,2,2,4,64,NA,34,Male,White,Part-Time,1318
5ca25f7048f78e0018fdac10,44900.82399,44900.83142,0,,100,641,1,44900.83143,R_1JLdKR3ZY4PAkwb,,,anonymous,EN,1,1,5ca25f7048f78e0018fdac10,4,6,3,6,4,1,2,6,5,2,4,6,6,4,5,2,4,5,5,5,4,6,1,5,5,4,4,2,1,2,4,2,6,3.17,4.83,4,4.33,3.33,0.11,5,2,6,1,1,0,1,3,2,2,2,1,1,1,1,1,1,1,1,1.272727,1,1,1,1,1,1,1,1,1,1,2,1,1,1,1,1,1,1,1,1,1,2,1,1.1,1,4,4,2,4,2,2,1,1,1,1,2,25,3,0,4,1,0,3,1,0,4,4,2,3,0,1,4,0,2,5,1,1,4,0.8571429,1.428571,3.857143,2.047619,5,4,5,3,3,2,1,2,1,3,3,4,4,5,5,5,5,4,5,5,4,5,4,2,4,5,3,5,5,5,5,5,5,5,5,5,5,1,4.25,2,4.2,4.666667,3.6,5,5,5,4.081081,5,5,5,5,5,5,5,5,5,5,5,5,5,5,5,5,5,4,5,4,5,103,1,4,1,4,2,1,2,1,1,1,4,2,1,1,4,1,4,1,3,1,1,4,41,I thought this was interesting,39,Male,White,Full-Time,647
5cb2e89bc29be80001b13ed6,44900.75258,44900.76439,0,,100,1020,1,44900.7644,R_vi6lGigqfxajKpj,,,anonymous,EN,1,1,5cb2e89bc29be80001b13ed6,3,5,1,4,6,1,1,4,4,3,5,5,3,3,6,6,4,6,6,6,6,6,6,5,4,4,5,4,4,1,1,4,6,3.83,4.5,3.17,4,5.33,0,4,4,4,1,1,1,1,4,1,3,3,3,1,1,1,3,1,1,3,1.909091,1,1,2,2,1,1,1,1,3,2,2,1,2,1,1,2,2,1,1,1,1,2,1,1.9,4,5,5,5,5,4,5,5,1,5,4,4,52,1,4,3,6,6,4,4,3,4,4,4,1,6,6,4,1,6,3,6,3,4,4.571429,4,3.285714,3.952381,2,2,1,4,0,0,0,0,1,1,3,4,2,0,3,0,0,2,0,0,0,0,3,3,0,2,2,0,0,0,0,2,2,2,0,2,1,1,2.25,0.3333333,2.4,0.3333333,2,0,2,1,1.189189,5,5,5,5,4,5,3,4,4,4,5,4,4,4,5,3,5,3,5,5,4,91,1,2,1,3,1,1,4,1,1,1,1,1,1,1,2,1,1,1,5,1,1,4,32,NA,49,Female,White,Part-Time,1029
5cb67a7ab73e8a001507fae5,44900.66649,44900.67505,0,,100,738,1,44900.67506,R_2yfvYrr7Lt9yjo8,,,anonymous,EN,1,1,5cb67a7ab73e8a001507fae5,5,6,4,4,6,1,5,6,5,4,4,6,6,4,5,4,6,6,6,5,4,6,6,6,5,6,4,5,1,4,5,5,6,5.5,5.17,4.67,4.83,4.5,0.67,5,5,6,0,0,0,1,1,2,2,4,2,2,2,2,2,2,2,3,2.272727,1,1,1,1,1,1,1,1,1,1,1,1,1,1,1,1,1,1,1,1,1,2,1,1,4,4,4,4,3,3,4,2,2,2,2,4,38,4,1,5,5,1,3,4,2,5,5,2,5,5,1,6,4,3,3,4,2,5,1.714286,4.428571,4.571429,3.571429,3,4,4,4,4,1,2,2,2,2,1,1,4,3,2,4,3,4,3,3,3,4,5,4,4,4,4,4,4,3,4,4,4,4,4,4,4,1,3.75,2.166667,2.2,3.333333,4.2,3.666667,4,4,3.324324,4,5,5,4,4,4,4,4,4,4,4,5,4,4,4,2,4,4,5,5,4,87,2,2,2,2,2,2,3,1,1,2,4,3,2,2,2,2,2,2,4,4,2,4,48,Thank you for the opportunity!,52,Male,White,Full-Time,743
5cb882d33f0af9000159e00f,44900.66868,44900.68244,0,,100,1189,1,44900.682460000000,R_3KAqIrAeawpfbqY,,,anonymous,EN,1,1,5cb882d33f0af9000159e00f,6,6,4,6,6,1,6,5,1,4,6,6,6,1,6,6,6,6,6,6,6,6,6,6,4,5,6,3,1,1,6,4,6,5.5,5,2.83,5.5,5.67,0.58,6,6,7,1,1,0,1,3,2,3,4,2,4,4,4,2,2,2,4,3,1,1,1,1,1,1,1,1,1,1,1,1,1,1,1,1,1,1,1,1,1,2,1,1,1,2,4,2,4,4,4,2,1,2,1,4,31,6,0,5,6,4,3,0,6,6,6,6,2,6,6,6,3,6,6,6,6,2,4.857143,4.714286,4.285714,4.619048,3,5,5,3,5,5,4,5,4,5,0,3,2,2,3,2,3,5,2,3,5,4,5,5,4,5,5,3,3,3,4,4,4,4,3,2,5,1,4,4.666667,2,3.666667,4.8,3.333333,4,3.333333,3.702703,5,5,5,5,5,5,5,5,5,5,5,5,5,2,5,1,5,5,5,5,3,96,1,4,1,2,2,1,2,1,1,1,2,3,2,1,4,2,5,4,1,1,2,4,43,Thank you for this opportunity!,60,Female,White,DATA_EXPIRED,1224
5cb9bc10e50fe5001746c43b,44904.998,44905.00829,0,,100,889,1,44905.0083,R_bef2cDPTeWX4kbT,,,anonymous,EN,1,1,5cb9bc10e50fe5001746c43b,5,6,5,5,5,1,6,6,6,3,6,5,6,4,6,6,6,6,6,6,6,4,6,5,6,1,5,6,4,4,6,4,6,5.67,5.5,5.17,4.5,5.33,0.58,7,7,7,1,0,0,1,2,2,1,1,1,1,1,2,1,1,1,1,1.181818,3,1,1,1,3,2,1,1,1,1,2,1,1,1,2,3,1,1,1,2,2,2,1.545455,1.5,4,5,4,1,4,4,4,1,1,2,1,2,33,3,3,6,5,3,2,4,1,6,4,4,5,4,4,4,2,6,4,4,6,6,3.857143,3.714286,4.714286,4.095238,5,5,5,5,4,2,0,2,4,3,1,0,1,3,3,3,3,4,3,2,4,5,5,4,4,5,5,2,4,5,4,4,2,5,5,5,3,1,5,2.5,1.6,3.5,4.6,4.333333,3.666667,4.333333,3.486486,4,5,5,5,5,5,5,4,5,3,5,5,4,5,5,4,5,3,3,2,1,88,3,5,5,5,5,5,3,5,5,5,4,4,4,2,4,5,5,2,5,3,2,4,86,NA,36,Female,White,Part-Time,918
5cbe00898f939c0017c0b9d8,44900.6675,44900.68634,0,,100,1628,1,44900.68635,R_1roBBN216SWOqke,,,anonymous,EN,1,1,5cbe00898f939c0017c0b9d8,3,4,1,2,2,1,3,4,4,1,4,4,4,3,3,1,4,6,1,1,1,1,6,1,6,6,4,1,4,1,1,6,6,3.5,3.83,2.67,2.33,3,1,1,3,1,0,0,0,1,1,5,2,2,5,2,3,2,2,3,3,4,3,1,2,2,2,1,4,2,1,4,1,3,1,4,1,1,1,1,1,1,1,1,2,1.454545,2,5,5,4,5,5,5,3,4,1,1,3,3,44,0,0,3,0,0,6,0,0,6,0,0,1,0,0,6,0,0,1,0,0,6,0,0,4.142857,1.380952,2,5,3,2,4,3,1,0,3,4,3,1,3,4,4,2,5,2,2,2,3,4,2,3,3,3,3,2,1,1,1,2,1,5,3,1,4,1,3,2.5,3,3,2.8,1,2.666667,2.666667,2.621622,3,5,4,5,5,5,4,5,3,3,5,5,4,4,5,2,5,4,4,3,4,87,3,4,2,3,3,2,4,3,2,2,2,4,2,2,2,5,5,3,4,1,3,4,61,NA,56,Male,White,"Not in paid work (e.g. homemaker', 'retired or disabled)",1640
5cbf7734aae1180017942e45,44901.42896,44901.4412,0,,100,1058,1,44901.44122,R_1mQ0OriHKGWS6jI,,,anonymous,EN,1,1,5cbf7734aae1180017942e45,5,3,4,3,4,1,6,3,4,3,5,6,5,4,4,6,5,4,5,5,2,6,5,4,2,6,4,4,1,2,4,5,6,5.17,3.33,3.5,4.17,4.33,0.25,6,4,6,1,0,0,1,2,2,2,2,2,2,2,2,2,1,2,2,1.909091,1,1,1,2,1,1,1,1,2,1,1,1,2,1,1,1,1,1,1,1,1,2,1,1.3,1,4,4,2,4,1,2,2,1,1,2,1,25,6,1,5,6,3,6,3,3,5,6,4,4,6,6,6,5,6,4,5,6,4,4.142857,5.285714,4.857143,4.761905,4,4,3,1,2,2,1,0,3,2,4,5,5,5,4,5,4,5,5,4,4,3,4,4,2,4,4,4,1,2,4,3,1,3,5,5,4,1,3,1.666667,4.6,4.166667,3.6,2.333333,2.333333,4.666667,3.378378,5,5,5,5,5,5,5,5,4,3,5,5,4,2,5,3,5,4,5,5,3,93,1,3,1,4,3,1,4,1,1,1,3,1,1,1,1,1,4,1,4,1,1,4,39,NA,52,Female,White,"Not in paid work (e.g. homemaker', 'retired or disabled)",1066
5cd8d86210887400182db201,44900.82759,44900.84476,0,,100,1483,1,44900.84477,R_1mPZqI9258XLiaE,,,anonymous,EN,1,1,5cd8d86210887400182db201,5,5,2,4,5,1,4,5,5,2,2,5,6,4,4,4,2,6,4,5,5,6,6,5,6,5,5,4,5,5,6,4,6,4.33,5.33,4.33,4.33,4.17,0.56,5,5,5,1,1,1,0,3,3,2,4,1,1,2,2,1,2,2,3,2.090909,1,3,2,2,1,1,1,1,3,2,1,1,1,3,2,3,1,1,2,1,1,2,1.454545,1.8,4,4,5,4,4,4,4,2,3,2,2,4,42,2,6,6,4,5,6,2,5,6,4,4,6,2,6,6,2,6,6,3,6,4,5.428571,2.714286,5.714286,4.619048,5,4,3,5,1,2,1,1,1,2,2,3,1,3,2,4,1,4,2,4,3,2,4,3,3,5,2,3,4,2,3,2,1,3,4,3,3,1,4.25,1.333333,2.2,2.666667,3.4,3,2,3.333333,2.72973,4,4,4,4,4,3,4,4,4,4,4,4,4,4,2,3,4,2,4,3,4,77,3,4,3,4,4,4,4,4,4,4,4,4,4,4,2,4,2,2,4,2,3,4,73,NA,38,Female,Black,Full-Time,1490
5ce1c42ca80ce0001a4aeb82,44900.82101,44900.83903,0,,100,1557,1,44900.83904,R_3HSr6HQCGBloG7U,,,anonymous,EN,1,1,5ce1c42ca80ce0001a4aeb82,4,3,4,6,4,5,5,5,6,2,5,6,5,4,6,4,5,5,6,6,6,6,4,6,3,5,5,2,1,4,4,3,4,4.33,4.17,4.5,4.83,4.5,-0.36,6,6,6,1,0,0,0,1,3,1,4,1,1,1,1,1,1,1,1,1.454545,1,1,1,1,1,1,1,1,1,1,1,1,1,1,1,1,1,1,1,1,1,2,1,1,1,3,4,1,3,1,4,1,1,1,1,2,23,6,5,6,6,0,6,6,0,5,6,0,6,5,0,6,4,0,6,6,3,6,1.142857,5.571429,5.857143,4.190476,5,4,3,0,4,4,0,1,1,2,1,2,4,4,5,4,5,4,4,2,4,4,4,3,3,4,4,3,5,2,4,3,3,4,5,5,4,1,3,2,3.2,3.833333,3.6,3.666667,3.333333,4.666667,3.324324,5,5,5,5,5,5,5,5,5,5,5,5,5,5,5,5,5,3,5,5,5,103,2,5,2,3,4,3,4,1,3,2,2,4,4,4,4,2,3,3,4,2,2,4,63,NA,56,Male,White,Full-Time,1565
5ce7845e462052001cae561c,44900.71161,44900.72317,0,,100,999,1,44900.72318,R_2wyolKb2P4Yh3fl,,,anonymous,EN,1,1,5ce7845e462052001cae561c,3,4,2,5,1,1,2,4,4,1,2,3,3,3,3,1,2,1,2,4,3,5,5,2,1,4,4,2,2,2,3,1,6,2.83,2.67,2.33,3.33,2,0.19,5,5,5,1,1,0,1,3,2,2,3,2,2,2,3,3,2,2,4,2.454545,2,1,4,4,2,1,1,1,3,3,4,1,2,1,2,3,3,1,3,2,1,2,1.272727,3.1,4,4,4,5,4,4,4,4,3,4,4,4,48,0,1,4,2,0,2,2,0,1,3,1,1,3,1,5,4,5,2,4,1,1,1.285714,2.571429,2.285714,2.047619,1,2,2,1,3,3,1,3,1,4,5,4,2,2,3,0,0,2,0,0,0,1,1,2,2,2,1,1,1,0,0,1,0,2,1,0,0,1,1.5,2.5,3.2,0.5,1.6,0.3333333,1,0.3333333,1.459459,4,2,3,3,4,2,2,4,4,2,4,2,4,4,3,2,4,3,4,2,2,64,2,5,1,2,5,3,1,1,1,1,2,2,2,1,1,1,1,1,1,1,1,4,36,NA,41,Female,White,Part-Time,1005
5cf3f7364bcc6400019d71fa,44900.66554,44900.67286,0,,100,632,1,44900.67287,R_3kpNgVIgc0uniHn,,,anonymous,EN,1,1,5cf3f7364bcc6400019d71fa,6,6,3,4,5,1,5,5,3,3,4,6,6,4,5,3,6,6,2,3,5,6,6,6,5,3,4,5,1,5,4,2,6,5.67,5,3.67,3.67,3.83,1.61,4,4,4,0,1,0,1,2,3,2,2,2,2,1,1,1,2,1,4,1.909091,1,1,1,1,1,1,1,1,1,1,1,1,1,1,1,1,1,1,1,1,1,2,1,1,1,3,2,4,4,2,2,1,1,1,1,1,23,5,6,5,6,6,4,5,6,5,5,6,5,6,6,5,5,6,4,4,6,5,6,5.142857,4.714286,5.285714,3,2,3,1,2,2,2,1,2,3,3,3,3,3,2,3,2,3,3,2,2,3,3,2,3,3,2,3,3,3,3,1,2,3,5,5,1,1,2.25,2,2.8,2.5,2.6,3,2,3.666667,2.567568,4,4,4,4,4,4,4,4,4,4,4,3,4,4,4,4,4,3,4,4,4,82,1,1,1,1,2,2,1,1,2,2,1,1,1,1,2,2,1,1,1,1,1,4,27,NA,65,Female,White,Full-Time,639
5d069f2f041328001a7815be,44901.68148,44901.69189,0,,100,898,1,44901.6919,R_DCqipZ9WdNQ0rjr,,,anonymous,EN,1,1,5d069f2f041328001a7815be,4,3,4,5,4,2,4,4,4,4,5,6,4,4,6,3,4,6,6,6,5,6,4,6,2,4,6,3,1,3,4,4,6,4.17,4,3.83,4.83,4.5,-0.31,6,6,6,1,1,1,0,3,2,2,2,2,2,1,2,2,2,2,3,2,1,1,1,1,1,1,1,1,1,2,2,1,1,1,1,1,1,1,1,1,2,2,1.090909,1.2,1,3,2,1,2,2,2,1,1,1,1,1,18,4,3,4,5,3,4,3,4,5,5,5,3,5,4,3,4,3,1,4,3,5,3.571429,4.285714,3.571429,3.809524,2,2,2,1,2,2,1,1,3,3,4,4,3,3,4,4,2,2,2,2,2,2,1,2,2,0,2,3,2,2,1,1,1,2,5,4,3,1,1.75,2,3.6,2,1.4,1.666667,1.333333,4,2.27027,2,4,4,4,4,4,4,3,3,3,5,3,2,3,4,2,5,1,3,2,2,67,1,3,1,3,3,2,3,1,1,1,2,2,2,1,2,2,2,1,2,2,2,4,39,none,79,Male,White,"Not in paid work (e.g. homemaker', 'retired or disabled)",905
5d0e9d1bf403080016411381,44900.95059,44900.96304,0,,100,1075,1,44900.96305,R_3feDiavQIuQZl19,,,anonymous,EN,1,1,5d0e9d1bf403080016411381,6,6,3,3,2,1,6,5,4,2,2,6,6,4,5,1,6,6,3,3,2,6,6,5,4,4,2,5,6,4,4,3,6,5.83,5.67,3.67,3.5,2,2.69,2,2,1,0,0,0,1,1,4,3,2,1,1,2,2,2,1,1,2,1.909091,1,1,2,2,2,1,1,1,3,2,1,1,3,1,1,1,2,1,1,1,1,2,1,1.9,4,5,5,4,4,4,5,3,4,4,4,4,50,2,4,5,4,2,4,4,1,4,4,4,6,2,1,5,4,2,6,3,2,3,2.285714,3.285714,4.714286,3.428571,4,3,3,2,1,1,2,2,2,2,2,2,1,2,2,4,3,3,2,3,2,3,3,2,3,3,4,1,2,2,2,2,1,3,3,2,4,1,3,1.666667,1.8,2.666667,3,2,2,3,2.378378,5,4,5,5,5,4,5,3,4,4,5,4,4,4,5,3,5,1,4,4,3,86,3,2,4,3,4,4,5,4,4,4,3,4,2,2,4,5,5,1,4,3,3,4,73,NA,50,Male,White,Full-Time,1080
5d1511f1e814b800016108a6,44900.67019,44900.68384,0,,100,1180,1,44900.68385,R_3G18soUHJ63KGlw,,,anonymous,EN,1,1,5d1511f1e814b800016108a6,4,4,2,3,1,1,4,4,2,2,1,4,5,1,4,1,4,6,6,6,1,6,6,5,4,5,1,2,1,1,6,2,6,4,4.17,2.67,4.33,1.17,1.36,6,6,7,1,1,1,0,3,2,3,2,2,2,2,2,2,2,2,4,2.272727,1,1,1,1,1,1,1,1,1,1,1,1,1,1,1,1,1,1,1,1,1,2,1,1,1,3,5,1,4,4,4,1,1,1,1,1,27,0,0,2,2,0,1,0,0,2,2,0,0,1,0,1,0,0,0,0,0,1,0,0.7142857,1,0.5714286,0,0,0,0,5,5,0,0,3,5,5,5,5,5,4,0,0,0,0,0,0,0,0,0,0,0,0,0,0,1,0,0,0,0,5,0,2,1,0,3,4.8,0,0,0.3333333,0,2.333333,1.351351,5,5,5,5,5,5,5,5,4,4,5,5,4,4,5,3,5,2,4,3,5,93,1,1,1,1,1,1,2,1,1,1,1,1,1,1,1,1,1,1,1,1,1,4,22,NA,66,Male,White,Full-Time,1243
5d163b2c601cd7000172713c,44901.22921,44901.23617,0,,100,601,1,44901.2362,R_3lS9nQKw6ESkqbQ,,,anonymous,EN,1,1,5d163b2c601cd7000172713c,5,5,2,4,4,2,5,5,3,4,5,5,5,3,5,2,5,5,2,4,4,5,6,5,4,5,5,4,3,3,3,4,6,5,4.67,2.83,4.17,4,1.17,2,2,2,1,1,0,1,3,3,1,2,1,1,2,1,1,2,3,4,1.909091,1,1,1,1,1,1,1,1,1,1,1,1,1,1,1,1,1,1,1,1,1,2,1,1,2,2,4,2,3,1,4,1,1,1,1,2,24,4,3,6,3,0,5,2,0,4,4,0,5,1,2,4,1,3,5,3,1,4,1.285714,2.571429,4.714286,2.857143,4,3,4,3,2,3,0,3,2,2,4,3,3,2,3,2,3,2,3,3,3,3,3,3,3,3,3,4,4,2,3,3,3,3,4,5,3,1,3.5,2,3,2.833333,3,3,3,4,2.945946,4,4,4,3,3,3,4,4,3,4,4,4,3,3,4,2,4,3,4,3,2,72,2,3,2,3,2,2,3,2,2,2,2,3,2,2,2,2,2,2,2,2,2,4,46,NA,29,Male,White,Full-Time,606
5d1651741ae42000151bc19b,44901.4397,44901.45358,0,,100,1199,1,44901.45359,R_3m9JKyvTYch5E6e,,,anonymous,EN,1,1,5d1651741ae42000151bc19b,4,4,2,3,2,1,2,3,4,1,3,3,3,5,4,1,4,6,4,6,6,6,6,6,6,5,5,6,4,5,4,4,6,4.17,4.33,4.33,3.83,3.5,0.36,4,4,4,1,1,1,0,3,3,1,5,2,1,3,2,2,1,2,4,2.363636,1,1,1,1,2,1,1,1,3,1,1,1,3,1,1,2,1,1,1,1,1,2,1,1.6,2,3,5,4,5,3,4,1,1,1,2,3,34,1,3,6,4,3,4,3,3,2,4,3,4,4,2,2,1,3,4,3,2,4,2.714286,2.857143,3.714286,3.095238,3,3,5,5,0,0,2,1,0,3,5,2,4,5,4,3,4,4,4,3,5,4,5,3,3,3,5,4,3,4,4,4,5,5,5,4,3,1,4,1,4,4,3.8,3.666667,4.666667,4,3.486486,5,5,5,5,5,4,4,4,3,4,5,3,4,5,5,4,5,3,2,2,4,86,2,3,3,4,3,1,4,1,1,3,3,1,1,1,3,1,1,1,1,2,2,4,42,NA,20,Male,White,Part-Time,1207
5d2f054b1dde3600015e43d9,44900.67816,44900.69317,0,,100,1296,1,44900.69318,R_BE8c8nyZlBMN7QR,,,anonymous,EN,1,1,5d2f054b1dde3600015e43d9,5,4,5,4,5,1,5,4,4,4,4,5,5,4,5,5,5,4,6,5,5,6,5,4,5,5,5,6,3,4,4,5,6,5.17,4,4.67,4.5,4.83,-0.08,6,6,6,1,1,1,1,4,3,2,3,2,2,2,2,2,2,3,3,2.363636,1,1,2,1,1,1,2,1,1,2,2,1,1,1,1,1,1,1,1,1,1,2,1.090909,1.3,2,3,2,2,1,2,4,1,1,1,1,1,21,3,2,5,5,0,4,3,3,2,5,1,3,5,2,3,3,6,3,3,6,4,2.857143,3.857143,3.428571,3.380952,3,4,3,3,1,1,2,1,1,1,4,3,4,2,2,3,4,3,3,3,4,4,2,3,3,3,3,4,3,3,3,3,3,3,4,4,0,1,3.25,1.166667,3,3.5,2.8,3,3,2.666667,2.783784,4,4,4,4,4,4,4,5,3,4,4,5,4,4,4,2,4,2,4,3,3,79,3,4,4,3,4,4,4,5,4,3,3,5,3,3,3,4,4,2,4,3,3,4,75,NA,51,Male,White,Full-Time,1302
5d31266f466cc90019de4e43,44900.66531,44900.69571,0,,100,2626,1,44900.69572,R_2Br06KDKqZ0W2FB,,,anonymous,EN,1,1,5d31266f466cc90019de4e43,5,5,3,5,5,3,5,5,5,5,5,5,3,6,4,3,5,5,5,5,5,5,5,4,5,5,5,5,5,5,5,5,6,5,4.5,4.83,4.83,4.67,-0.03,4,5,5,1,1,0,0,2,3,2,3,3,3,2,2,4,3,3,4,2.909091,1,1,1,1,1,1,1,1,1,1,1,2,1,1,2,1,1,1,1,1,1,2,1.181818,1,3,4,4,4,4,3,3,4,2,2,4,2,39,4,4,6,6,3,4,3,3,3,6,4,6,6,6,5,5,6,6,4,6,5,4.571429,4.857143,5,4.809524,3,4,3,3,2,3,2,2,1,1,2,1,3,3,2,4,4,2,3,4,3,3,4,5,4,4,4,3,4,4,3,4,4,4,3,4,3,1,3.25,1.833333,2.2,3.166667,4.2,3.666667,4,3.333333,3.108108,4,4,4,4,4,4,4,4,4,4,4,4,4,4,4,4,4,4,4,4,4,84,3,3,3,3,3,3,3,3,3,3,3,4,4,3,4,3,3,3,3,3,3,4,66,NA,40,Female,Black,Full-Time,2714
5d3cc9010e510a00013df6f6,44900.72904,44900.73836,0,,100,805,1,44900.73837,R_1oIpE1jySNMuMiH,,,anonymous,EN,1,1,5d3cc9010e510a00013df6f6,5,4,2,2,3,1,5,5,4,3,3,3,4,4,4,2,6,6,4,4,4,6,5,5,4,5,4,5,6,3,3,2,6,4.83,5,3.5,3.5,3,1.58,2,2,2,0,0,0,1,1,3,2,2,1,1,2,2,2,2,2,2,1.909091,2,1,2,2,1,1,1,1,2,2,1,1,2,1,1,2,2,1,3,1,2,2,1.181818,1.9,4,4,4,3,5,3,4,4,3,4,5,3,46,2,3,4,4,0,3,1,1,2,4,2,4,3,1,4,1,2,5,2,2,4,1.571429,2.428571,3.714286,2.571429,2,3,2,4,2,3,3,3,2,2,1,2,1,2,2,3,3,1,2,2,2,3,4,3,4,3,2,2,3,3,3,2,3,3,3,3,3,1,2.75,2.5,1.6,2.166667,3.2,3,2.666667,3,2.54054,4,4,4,4,4,4,4,3,4,4,4,4,4,4,4,2,4,2,4,3,3,77,4,3,4,4,3,3,3,3,3,3,4,3,3,3,3,3,2,2,4,2,3,4,65,NA,23,Male,Mixed,Unemployed (and job seeking),812
5d453e8723a5bb0001492546,44902.24074,44902.28838,0,,100,4115,1,44902.28839,R_2e3VRioWBj9Uufv,,,anonymous,EN,1,1,5d453e8723a5bb0001492546,2,3,3,3,2,1,4,4,5,2,2,5,3,3,4,1,2,2,5,5,3,6,4,5,4,5,2,1,2,4,5,4,6,3,3.17,4,4,2.33,-0.36,6,6,7,1,0,0,1,2,2,1,3,1,2,2,2,2,2,5,4,2.363636,1,1,1,1,1,1,1,1,1,1,1,1,1,1,2,1,1,1,1,1,1,2,1.090909,1,1,4,4,4,5,2,4,1,1,1,1,2,30,0,0,1,3,0,2,0,0,0,2,0,0,0,0,1,0,0,0,1,0,3,0,0.8571429,1,0.6190476,4,4,2,1,4,4,1,3,4,4,3,5,4,4,4,4,4,4,4,4,4,3,1,4,1,1,3,4,4,3,4,1,2,4,5,5,3,1,2.75,3.333333,4,3.833333,2,3.666667,2.333333,4.333333,3.324324,5,5,4,5,5,2,5,2,2,2,5,5,2,2,5,2,4,1,2,2,1,68,2,2,2,4,1,2,4,1,1,1,4,1,2,1,2,5,2,1,4,2,1,4,45,It would be helpful to have a specific definition of disgust for the questions. My natural association with this term has a limited scope of biological matters. I had not previously considered whether stealing from a neighbor or similar actions could evoke disgust. And so I had a difficult time in determining whether disgust could equal a certain amount of anger and shame.,28,Male,White,Full-Time,4197
5d49a0b751695e0001a188a8,44900.68292,44900.6983,0,,100,1329,1,44900.69831,R_yrKmYdOejFQowk9,,,anonymous,EN,1,1,5d49a0b751695e0001a188a8,4,6,3,6,3,2,5,6,5,5,2,6,6,6,3,6,5,1,5,6,5,6,6,4,5,2,2,6,1,2,6,4,6,5.33,4,4.33,4.67,3.67,0.44,6,6,6,1,1,1,1,4,2,1,1,2,1,1,2,1,2,1,1,1.363636,1,1,1,1,1,1,1,1,1,1,1,1,1,1,1,1,1,1,1,1,1,2,1,1,3,3,1,5,4,2,5,2,1,2,2,2,32,0,3,6,0,2,6,0,3,4,1,4,6,0,2,6,1,3,4,0,3,4,2.857143,0.2857143,5.142857,2.761905,5,5,5,4,5,1,0,2,1,0,2,4,4,5,4,5,5,4,4,4,5,5,5,3,5,5,5,5,4,5,5,4,4,4,5,5,5,1,4.75,1.5,3.8,4.5,4.6,4.666667,4,5,4,2,5,5,5,5,5,4,3,5,3,5,5,4,2,4,1,5,2,5,3,3,81,3,4,3,3,3,2,4,1,2,1,3,2,2,1,2,2,2,1,3,1,1,4,46,NA,58,Female,White,"Not in paid work (e.g. homemaker', 'retired or disabled)",1350
5d4a41890e604c00011ade8b,44904.30222,44904.30944,0,,100,623,1,44904.30945,R_ZjKApZcfZXOMVzz,,,anonymous,EN,1,1,5d4a41890e604c00011ade8b,5,5,1,2,5,1,4,4,4,4,4,5,4,3,5,1,4,5,2,4,4,6,4,2,2,3,2,2,4,4,4,1,6,4,4,2.67,3.67,2.83,0.94,2,2,2,1,0,1,1,3,3,2,2,2,2,1,3,3,2,4,2,2.363636,1,1,1,1,2,1,1,1,1,2,1,1,2,1,1,1,1,1,1,1,1,2,1,1.3,2,4,4,3,4,3,3,2,4,4,4,3,40,0,1,4,1,0,3,0,0,4,2,4,0,0,0,3,1,2,1,0,0,5,1,0.5714286,2.857143,1.47619,0,3,0,2,3,2,3,4,1,3,2,2,1,1,3,1,0,1,0,0,0,0,1,1,0,0,0,0,0,0,0,0,0,1,2,1,2,1,1.25,2.666667,1.8,0.1666667,0.4,0,0.3333333,1.666667,1.081081,5,5,5,4,5,4,5,2,3,4,5,5,4,5,5,2,4,1,4,2,2,81,1,1,1,2,2,2,4,1,2,1,4,1,1,1,2,5,2,1,2,1,3,4,40,NA,26,Male,Asian,Full-Time,648
5d4c7d1a2a25e5000114cf3b,44900.88921,44900.90356,0,,100,1239,1,44900.90358,R_2SCz9NbdOR54dDC,,,anonymous,EN,1,1,5d4c7d1a2a25e5000114cf3b,6,5,3,4,4,1,6,5,4,4,3,6,6,4,4,2,6,6,5,4,3,6,6,5,5,2,3,4,1,3,4,5,6,5.67,4.67,4,3.67,3.33,1.5,2,1,2,1,0,0,1,2,3,1,2,1,2,1,1,1,2,1,3,1.636364,2,3,2,2,1,1,1,2,2,2,2,2,3,2,2,2,3,1,2,3,2,2,1.909091,2.1,3,5,5,2,1,4,5,3,4,4,5,4,45,0,4,6,4,4,5,3,3,4,4,5,6,4,1,2,3,6,4,3,4,3,3.857143,3,4.285714,3.714286,5,5,4,4,3,2,2,1,2,2,4,4,3,3,3,3,3,1,1,3,3,2,4,5,4,4,3,2,3,4,1,2,0,3,3,2,2,1,4.5,2,3.4,2.166667,4,2.666667,1.666667,2.333333,2.837838,4,5,4,4,4,5,5,3,3,2,5,4,2,4,2,1,5,1,3,3,2,71,4,4,2,1,2,4,3,4,1,1,4,1,3,1,2,5,3,1,4,2,4,4,56,NA,58,Female,White,Part-Time,1246
5d510396f6725b001a4fc025,44901.72515,44901.7308,0,,100,488,1,44901.73081,R_26fNWzjGLJphury,,,anonymous,EN,1,1,5d510396f6725b001a4fc025,6,5,1,1,1,1,5,5,1,1,1,6,6,1,4,1,6,5,1,1,1,6,6,2,1,1,1,1,5,1,1,1,6,5,4.67,1,1.5,1,3.67,1,1,1,0,0,0,1,1,4,1,2,2,2,1,2,1,2,1,1,1.727273,2,3,3,3,2,2,2,2,1,3,2,2,3,2,1,3,1,2,3,2,2,2,2,2.4,5,5,5,5,5,4,5,4,4,5,4,4,55,0,1,6,5,0,6,0,0,3,0,5,6,5,5,5,0,6,5,0,2,5,2.714286,1.428571,5.142857,3.095238,3,1,1,3,2,1,1,1,1,1,2,1,0,1,4,0,1,2,1,1,1,0,1,3,3,1,0,1,1,3,0,3,1,3,2,2,1,1,2,1.166667,1.6,1,1.6,1.333333,2.333333,1.666667,1.459459,4,1,4,3,1,4,4,2,1,2,1,3,4,4,2,4,2,2,4,1,2,55,1,1,1,1,1,1,1,2,1,1,2,1,1,1,2,1,1,2,1,1,1,4,25,NA,24,Female,Other,Part-Time,494
5d51ffd641a6aa0019ca73df,44900.67045,44900.68451,0,,100,1215,1,44900.68453,R_25RySIVcI4WpyPa,,,anonymous,EN,1,1,5d51ffd641a6aa0019ca73df,5,4,2,5,5,2,4,5,2,4,5,5,4,5,5,5,4,4,5,4,5,6,3,4,1,4,5,3,1,3,5,5,6,4,3.67,3,4.5,5,-0.33,6,6,4,1,1,1,0,3,4,2,3,3,3,2,3,3,2,3,3,2.818182,2,2,2,3,3,1,1,1,2,3,3,2,2,1,2,1,3,1,3,1,1,2,1.363636,2.5,4,5,4,5,2,3,5,4,3,4,2,3,44,6,6,6,6,6,3,6,3,0,6,3,6,6,6,3,6,3,6,6,6,3,4.714286,6,3.857143,4.857143,2,3,2,2,3,3,3,3,2,3,2,3,2,1,2,2,2,2,2,3,2,3,2,2,2,2,0,2,2,2,2,2,2,3,2,3,3,1,2.25,2.833333,2,2.333333,1.6,2,2.333333,2.666667,2.243243,4,5,3,4,5,4,5,3,5,5,4,5,4,5,4,2,4,1,3,3,3,81,3,3,3,4,5,4,5,3,4,5,5,5,4,4,4,4,4,1,5,3,4,4,82,No,46,Male,White,DATA_EXPIRED,1221
5d547584d98e450001b3ea7e,44902.99264,44903.00468,0,,100,1040,1,44903.0047,R_z0bIBzJkANt1aE1,,,anonymous,EN,1,1,5d547584d98e450001b3ea7e,5,6,1,2,1,1,5,6,4,1,5,5,6,4,4,1,4,5,4,6,6,6,6,6,5,5,4,4,3,6,4,4,6,4.83,5.33,4,3.67,3.5,1.36,2,2,2,0,0,0,1,1,3,2,1,1,1,1,1,1,1,2,3,1.545455,1,3,1,3,4,1,1,1,4,4,3,1,4,1,1,1,3,1,2,1,1,2,1.181818,2.9,4,5,5,5,5,4,5,3,4,5,5,3,53,6,1,6,6,0,4,3,0,6,6,6,6,4,6,6,3,6,6,4,0,6,2.714286,4.571429,5.714286,4.333333,4,5,4,1,1,1,1,0,1,1,4,3,3,3,4,3,4,3,3,5,3,4,4,4,4,5,4,4,5,3,1,4,1,1,3,4,4,1,3.5,0.8333333,3.4,3.666667,4.2,3,2,3.666667,3.027027,5,5,5,5,5,5,5,5,5,4,5,5,4,4,5,3,5,3,5,5,4,97,1,4,1,3,1,1,1,1,1,1,4,1,1,1,3,1,1,1,4,1,1,4,34,study was easy to complete,30,Female,Mixed,"Not in paid work (e.g. homemaker', 'retired or disabled)",1048
5d5497857aff650001a18c3c,44900.66904,44900.68178,0,,100,1101,1,44900.6818,R_DuedxSwvBB9I00N,,,anonymous,EN,1,1,5d5497857aff650001a18c3c,2,2,5,6,6,1,5,3,4,5,6,4,4,3,5,6,4,5,5,6,6,6,5,5,2,4,6,5,1,4,5,6,6,4.17,3.33,3.83,5.17,6,-1.25,6,6,7,1,1,1,0,3,3,2,4,2,2,3,1,3,2,3,2,2.454545,1,2,2,1,1,1,1,1,2,2,2,1,2,1,1,3,1,1,1,1,1,2,1.090909,1.7,5,4,5,5,3,1,4,4,2,2,2,1,38,4,2,4,6,2,2,4,4,2,5,3,1,6,6,3,5,3,1,4,6,3,3.714286,4.857143,2.285714,3.619048,4,3,2,2,2,1,1,1,1,3,4,4,3,2,3,3,1,4,4,3,1,3,2,4,5,3,3,2,4,5,4,2,1,2,1,1,2,1,2.75,1.5,3.2,2.666667,3.4,4.333333,1.666667,1.333333,2.594594,4,3,4,3,4,5,5,5,5,5,2,5,4,4,4,2,4,3,4,4,5,84,4,3,4,3,4,3,5,5,5,5,2,4,3,4,2,4,3,2,5,4,4,4,78,NA,53,Female,White,Full-Time,1159
5d55d562e04e1c0001f5e682,44900.68787,44900.6994,0,,100,995,1,44900.69942,R_3GerVQ8rh7na9YZ,,,anonymous,EN,1,1,5d55d562e04e1c0001f5e682,6,4,4,5,5,1,5,6,4,6,6,6,6,5,6,6,6,4,6,6,6,6,6,6,3,6,6,6,1,1,6,6,6,5.83,4.5,3.83,5.83,5.83,0,7,7,7,1,0,0,0,1,4,4,4,5,4,5,4,4,5,4,5,4.363636,1,1,1,1,3,1,1,1,2,2,2,1,1,1,1,1,2,1,1,1,1,2,1,1.6,4,4,5,5,3,2,5,2,3,4,4,4,45,2,6,6,6,0,6,2,6,4,5,6,5,6,6,6,2,6,6,4,6,6,5.142857,3.857143,5.571429,4.857143,5,5,5,4,5,1,0,5,0,1,0,1,5,2,4,5,5,5,4,2,5,4,5,5,5,5,5,3,3,4,3,5,5,5,5,5,5,1,4.75,2,2.4,4.166667,5,3.333333,5,5,3.810811,5,5,5,5,5,5,5,5,5,5,5,5,4,5,5,2,5,4,5,5,5,100,1,5,1,2,2,2,4,1,1,1,4,4,1,1,1,1,1,1,4,2,1,4,41,NA,31,Female,White,Full-Time,1001
5d56123417ee8d0001cd9e00,44901.25832,44901.28311,0,,100,2141,1,44901.28312,R_OD0IVQaGQs2fMQ1,,,anonymous,EN,1,1,5d56123417ee8d0001cd9e00,4,5,1,5,3,1,5,5,4,3,4,6,6,3,6,1,6,6,1,3,2,4,5,6,2,4,3,3,3,4,4,1,6,4.83,5.17,2.5,4.17,2.33,2,2,2,2,1,0,0,1,2,1,1,1,1,1,1,1,1,1,1,1,1,1,1,1,1,1,1,2,1,1,1,2,1,1,2,1,2,2,1,1,1,1,2,1.181818,1.3,1,3,2,1,4,1,3,2,1,1,1,1,21,5,4,5,6,1,5,6,3,2,5,0,5,5,1,6,6,6,0,6,1,2,2.285714,5.571429,3.571429,3.809524,4,5,3,4,2,2,1,1,2,2,3,3,4,4,3,3,3,3,3,3,3,4,3,3,4,4,4,4,3,4,4,4,4,4,4,4,4,1,4,1.666667,3.4,3.166667,3.6,3.666667,4,4,3.297297,5,5,5,5,5,5,5,5,5,5,5,5,4,4,5,2,4,5,5,4,5,98,1,1,1,1,1,1,4,1,1,1,1,1,1,1,1,2,1,1,3,1,1,4,27,NA,75,Male,White,Full-Time,2161
5d57a69c72ba1700184edd85,44907.47034,44907.48025,0,,100,857,1,44907.48027,R_28Cnx6QEdr1bzEx,,,anonymous,EN,1,1,5d57a69c72ba1700184edd85,6,6,2,3,2,1,6,6,4,6,3,6,6,5,4,1,4,6,1,5,1,6,6,6,1,1,1,1,1,1,1,2,6,4.83,5.17,2.33,3.33,1.67,2.56,1,1,1,0,1,1,0,2,1,1,1,1,1,1,1,1,1,4,3,1.454545,1,3,2,4,3,1,1,1,4,3,4,1,3,1,1,2,2,1,4,1,1,2,1.181818,3.1,2,5,5,1,4,4,5,2,5,2,4,4,43,5,2,4,6,5,3,1,2,5,6,2,6,6,6,6,6,6,1,3,6,4,4.142857,4.714286,4.142857,4.333333,3,4,0,5,5,2,1,3,5,1,0,1,1,1,0,0,4,1,1,1,0,2,5,1,1,5,4,0,1,3,1,1,0,1,0,4,4,1,3,2.833333,0.6,1.5,3.2,1.666667,0.6666667,2.666667,1.945946,4,2,5,5,5,4,5,5,3,5,4,5,4,5,5,1,5,2,1,5,1,81,1,3,1,1,2,2,5,1,1,1,4,4,1,1,1,1,4,1,1,1,1,4,38,none,30,Male,Black,Part-Time,863
5d59b01348766d0016949e6a,44900.72365,44900.73292,0,,100,800,1,44900.73292,R_3JxemNRPk4BplE2,,,anonymous,EN,1,1,5d59b01348766d0016949e6a,6,5,5,5,6,3,5,6,5,4,5,6,5,5,5,6,5,5,4,5,4,6,6,5,5,4,5,6,4,4,4,6,6,5.67,5,4.67,4.5,5.33,0.5,6,6,6,1,1,1,1,4,2,3,4,2,2,2,2,2,3,3,4,2.636364,1,1,1,1,1,1,1,1,1,1,1,1,1,1,1,1,1,1,1,1,1,2,1,1,2,4,4,3,4,4,4,2,2,3,2,4,38,1,5,6,4,3,5,3,5,6,4,5,5,2,5,5,3,3,4,3,5,6,4.428571,2.857143,5.285714,4.190476,4,4,4,4,4,2,1,2,1,2,1,3,3,4,3,4,4,4,4,4,3,4,3,4,4,4,4,4,4,3,4,4,4,4,4,4,4,1,4,2,2.8,3.833333,3.8,3.666667,4,4,3.432432,4,4,4,4,4,4,4,4,4,4,4,4,4,4,4,2,4,4,4,4,4,82,2,3,3,2,2,2,3,2,2,2,3,2,2,2,4,2,2,2,4,2,2,4,50,Thank you,40,Female,White,Full-Time,806
5d60b5beea1c1c0001c98bf6,44900.67341,44900.68981,0,,100,1417,1,44900.68983,R_1jxkrzCe51xHRzK,,,anonymous,EN,1,1,5d60b5beea1c1c0001c98bf6,6,5,4,4,5,1,3,5,5,3,5,6,6,4,6,4,6,6,5,5,6,6,6,6,5,3,6,6,2,6,5,4,6,5.5,5,4.83,4.33,5,0.53,4,4,4,1,0,0,1,2,2,2,1,2,1,1,1,1,2,1,1,1.363636,1,1,1,1,1,1,1,1,1,1,1,1,1,1,1,1,1,1,1,1,1,2,1,1,1,1,4,4,4,2,4,1,1,1,1,1,25,0,0,6,0,0,2,0,0,3,0,0,4,0,0,1,0,0,6,0,0,5,0,0,3.857143,1.285714,3,4,5,3,4,4,3,3,3,4,5,5,5,5,5,5,4,4,5,5,4,5,1,1,1,3,1,5,4,4,5,1,0,4,5,5,5,1,3.75,3.5,5,4.5,1.4,4.333333,1.666667,5,3.72973,5,5,5,5,5,5,4,5,5,5,5,5,5,5,4,4,5,4,5,5,4,100,1,1,1,4,2,2,4,1,1,1,3,1,1,1,1,1,1,1,1,1,1,4,31,NA,65,Female,White,Full-Time,1423
5d6376ec7e447f001c971315,44900.66844,44900.68352,0,,100,1303,1,44900.68354,R_2qwSdm353zYoo6c,,,anonymous,EN,1,1,5d6376ec7e447f001c971315,5,6,1,1,4,1,4,6,2,1,5,6,6,1,4,1,4,6,1,4,3,6,3,5,5,1,5,3,4,3,2,1,6,4.17,5.5,2.17,2.17,3.17,2.33,1,1,1,0,0,0,1,1,3,3,3,1,3,3,1,3,1,1,4,2.363636,1,1,1,3,1,1,1,1,1,1,1,1,1,1,1,1,1,1,1,1,1,2,1,1.2,3,5,4,4,3,4,3,1,3,3,3,5,41,2,0,5,2,3,4,2,1,5,2,0,3,2,6,5,2,6,2,2,6,5,3.142857,2,4.142857,3.095238,0,0,2,1,5,4,4,5,4,4,1,3,1,2,4,0,3,4,2,1,1,1,0,3,0,1,0,1,0,0,0,0,0,4,5,5,5,1,0.75,4.333333,2.2,2,0.8,0,1.333333,5,2.054054,5,5,5,5,5,4,5,5,5,5,5,5,3,5,5,3,5,1,4,3,3,91,2,3,2,2,3,3,5,2,2,2,3,1,2,2,2,2,2,2,2,1,2,4,47,NA,65,Female,Black,Unemployed (and job seeking),1311
5d7047d764b37b0017ffa710,44902.38255,44902.39942,0,,100,1458,1,44902.39944,R_28ONsXRlmjaJk7U,,,anonymous,EN,1,1,5d7047d764b37b0017ffa710,4,4,2,3,5,1,2,4,4,3,5,5,2,3,4,6,6,4,5,6,6,6,6,5,5,4,6,5,5,3,5,5,6,4.67,4,3.67,4.17,5.5,-0.11,6,6,6,1,0,1,1,3,2,2,1,1,1,1,1,1,1,1,1,1.181818,2,2,1,2,1,1,1,1,1,2,2,1,1,1,1,1,1,2,1,2,1,2,1.363636,1.3,2,1,1,1,4,2,4,1,1,1,1,1,20,5,5,6,5,4,1,5,6,2,4,3,0,5,6,4,4,6,4,5,6,6,5.142857,4.714286,3.285714,4.380952,3,3,2,3,2,1,1,1,2,2,1,4,3,5,4,2,4,5,2,3,4,4,5,3,4,5,4,1,3,4,3,3,3,2,4,4,3,1,2.75,1.5,3.4,3.666667,4.2,3.333333,2.666667,3.666667,3.027027,4,4,4,5,4,4,5,2,4,2,5,4,2,2,4,1,5,2,2,2,2,69,2,2,2,2,1,1,4,1,1,1,1,2,1,1,2,4,4,1,2,1,1,4,37,NA,51,Female,White,"Not in paid work (e.g. homemaker', 'retired or disabled)",1463
5d79375d794d900017671c07,44900.90561,44900.91694,0,,100,978,1,44900.91696,R_1GOoRHdXEJfaJKl,,,anonymous,EN,1,1,5d79375d794d900017671c07,3,5,4,4,4,1,5,5,2,2,4,4,5,3,5,2,5,4,5,4,2,6,4,4,2,3,3,3,2,2,4,1,6,4,4.17,3,3.67,2.67,0.97,4,3,5,0,0,0,1,1,1,2,2,2,2,1,2,2,2,1,1,1.636364,1,1,2,1,1,1,1,1,1,1,1,1,1,1,1,2,1,1,1,1,1,2,1,1.2,1,1,1,1,1,1,2,2,1,1,2,1,15,2,2,4,6,0,4,4,1,4,6,3,3,6,2,2,3,6,4,5,2,4,2.285714,4.571429,3.571429,3.476191,4,3,3,5,3,2,0,2,3,3,4,4,2,3,4,4,4,4,2,4,4,4,3,3,3,4,4,4,4,4,4,3,2,3,3,4,2,1,3.75,2.166667,3.4,3.666667,3.4,4,2.666667,3,3.27027,4,4,5,4,5,4,5,4,4,4,5,5,4,2,5,4,5,3,5,4,2,87,2,3,2,3,2,2,4,2,3,2,3,3,2,1,3,3,4,2,4,2,2,4,54,NA,49,Female,White,Unemployed (and job seeking),985
5d7ff85ffec5620017b07c40,44900.66803,44900.68166,0,,100,1176,1,44900.68167,R_BV6bXux1fC8ejUl,,,anonymous,EN,1,1,5d7ff85ffec5620017b07c40,6,6,1,2,1,1,6,5,2,1,3,5,6,5,2,4,6,6,1,2,2,6,5,5,6,3,1,1,6,2,1,2,6,4.83,5.67,2.83,1.83,2.17,2.97,2,1,1,0,0,0,1,1,3,1,1,1,1,1,1,2,1,1,3,1.454545,1,2,3,2,3,2,2,1,2,2,4,1,2,1,1,1,1,1,2,2,1,2,1.363636,2.2,3,5,4,4,5,3,4,5,3,3,2,1,42,0,0,4,4,0,3,1,0,1,5,1,1,1,0,5,5,5,2,0,0,2,0.8571429,2.285714,2.571429,1.904762,5,5,1,2,2,1,0,1,1,3,3,3,2,4,3,3,1,2,3,4,0,0,5,3,1,4,1,2,0,2,0,3,0,5,0,0,3,1,3.25,1.333333,3,1.666667,2.8,0.6666667,2.666667,1,2.108108,4,5,5,5,5,3,5,3,3,2,5,5,4,4,2,1,5,2,4,5,1,78,1,4,1,2,2,2,4,1,1,1,3,3,1,1,4,4,3,1,4,1,1,4,45,NA,45,Female,Mixed,"Not in paid work (e.g. homemaker', 'retired or disabled)",1189
5d82be0cf45ead000150f026,44900.67736,44900.68351,0,,100,530,1,44900.68352,R_1igLgs1hDQpDFzC,,,anonymous,EN,1,1,5d82be0cf45ead000150f026,6,6,2,1,3,1,6,6,2,1,5,6,6,2,4,3,6,6,4,3,5,6,6,4,1,1,1,5,1,1,3,2,6,5.83,4.83,2,2.17,3.17,2.89,1,1,1,1,1,0,1,3,2,2,1,1,1,1,1,1,1,1,1,1.181818,1,1,1,1,1,1,1,1,1,1,1,1,1,1,1,1,1,1,1,1,1,2,1,1,1,1,2,1,1,1,4,1,1,1,1,1,16,4,0,5,6,0,4,5,0,5,6,0,4,5,0,5,2,0,5,4,0,6,0,4.571429,4.857143,3.142857,5,5,5,5,5,1,2,2,2,2,2,4,5,5,3,4,5,5,4,4,5,5,3,5,5,5,5,4,4,5,4,4,5,4,5,5,5,1,5,2.333333,3.8,4.666667,4.6,4.333333,4.333333,5,4.135135,5,5,5,5,5,5,5,5,5,5,5,5,5,5,5,4,5,4,5,5,5,103,4,5,5,4,5,4,4,4,5,5,5,5,4,5,4,4,4,4,5,4,4,4,93,NA,41,Male,White,Full-Time,538
5d86d05f9854a60019240621,44901.1415,44901.15166,0,,100,877,1,44901.15167,R_2RReEx2Hav21gQH,,,anonymous,EN,1,1,5d86d05f9854a60019240621,5,5,5,5,6,1,5,5,5,4,4,6,6,6,6,5,6,6,4,6,6,6,6,6,4,4,6,6,4,5,5,6,6,5.67,5.33,4.83,5,5.5,0.39,7,7,7,1,0,0,0,1,1,1,4,1,1,1,2,1,1,1,1,1.363636,1,1,1,1,1,1,1,1,1,1,1,1,1,1,1,1,1,1,1,1,1,2,1,1,4,4,5,1,4,4,4,1,1,1,1,2,32,5,6,3,6,6,4,5,6,5,6,6,5,5,5,5,2,5,5,5,6,5,5.714286,4.857143,4.571429,5.047619,3,5,5,5,5,4,1,5,3,3,0,1,2,4,5,4,3,5,3,3,4,5,5,0,1,5,5,4,4,5,4,4,4,4,5,5,5,1,4.5,3.5,2.4,3.833333,3.2,4.333333,4,5,3.72973,5,5,5,5,5,5,5,5,5,5,5,5,5,5,5,3,5,3,5,5,4,100,2,4,4,4,4,4,4,4,3,2,4,3,4,4,4,2,4,3,4,3,3,4,73,None,50,Female,Other,Full-Time,883
5d88db42c1d06e001a1fdcab,44900.66556,44900.67362,0,,100,696,1,44900.67364,R_3hayEh4oWsm6WK8,,,anonymous,EN,1,1,5d88db42c1d06e001a1fdcab,4,6,3,4,4,1,5,5,5,4,3,6,6,4,6,4,5,6,4,4,5,6,6,5,4,4,5,4,2,3,4,4,6,5,5,3.83,4.33,4.17,0.89,5,6,6,0,1,0,1,2,2,3,2,2,2,1,2,2,2,2,2,2,1,2,2,1,1,1,1,1,1,2,1,1,1,1,1,1,1,1,1,1,1,2,1.090909,1.2,2,5,4,2,4,4,4,2,2,2,2,2,35,5,2,6,5,4,6,5,1,5,5,4,2,6,2,5,4,6,3,4,6,5,3.571429,4.857143,4.571429,4.333333,4,4,4,4,4,4,3,3,4,3,4,4,3,4,4,3,4,4,4,4,4,4,4,4,4,4,4,4,4,4,4,4,4,4,4,4,4,1,4,3.5,3.8,4,4,4,4,4,3.864865,4,4,4,4,4,4,2,2,2,2,4,4,2,2,4,2,4,2,4,4,2,66,4,4,2,4,2,2,4,2,2,2,4,4,2,2,4,4,2,2,4,2,2,4,60,no comments,48,Female,White,Full-Time,702
5d89a31c43734d0001b6a706,44900.68568,44900.69552,0,,100,849,1,44900.69553,R_8ffDFL5dvlwnvtn,,,anonymous,EN,1,1,5d89a31c43734d0001b6a706,1,2,4,3,2,1,3,3,3,1,3,4,2,3,5,2,5,5,5,5,4,5,5,5,2,2,2,2,2,2,5,1,6,3.33,3.17,3.17,3.5,2.33,0.25,5,6,5,1,1,0,1,3,2,2,2,4,4,1,2,2,2,2,4,2.454545,1,1,1,1,2,1,1,1,1,1,1,1,2,1,1,1,1,1,1,2,1,2,1.090909,1.2,4,4,4,4,2,4,4,4,2,4,4,4,44,0,3,3,4,0,4,0,0,4,0,3,5,1,4,2,4,1,5,1,0,5,1.571429,1.428571,4,2.333333,4,4,4,4,1,1,1,1,1,1,4,1,4,3,1,4,4,3,4,4,4,4,4,4,4,3,4,4,4,4,4,4,4,4,3,4,4,1,4,1,2.6,3.833333,3.8,4,4,3.666667,3.243243,4,4,4,4,4,4,4,4,4,4,4,4,4,2,4,2,4,2,4,4,3,77,4,4,4,4,4,4,4,4,2,4,4,4,4,2,2,2,2,2,4,3,2,4,69,NA,37,Female,White,Unemployed (and job seeking),859
5d8a1d20d1afcb0019d7390b,44900.70288,44900.71144,0,,100,739,1,44900.71145,R_2QEDLhjpp6NGYGt,,,anonymous,EN,1,1,5d8a1d20d1afcb0019d7390b,5,3,4,3,5,1,5,4,3,5,5,5,4,3,5,6,5,6,5,5,6,5,5,5,3,5,6,3,3,2,2,5,6,4.67,4.17,3.33,4.17,5.5,0.08,7,7,7,1,1,0,0,2,4,4,4,3,2,2,2,3,2,2,3,2.818182,1,1,1,1,1,1,1,1,1,1,2,1,1,1,1,2,1,1,2,1,1,2,1,1.3,2,3,3,2,2,2,2,1,1,1,1,1,21,6,4,5,5,1,3,5,5,3,5,2,5,5,5,4,4,4,2,5,6,4,3.857143,5,3.714286,4.190476,2,1,2,1,4,1,2,2,2,4,4,4,3,2,4,1,2,0,1,3,2,2,1,1,2,2,1,3,2,1,1,2,0,2,4,3,1,1,1.5,2.5,3.4,1.666667,1.4,1.333333,1.333333,2.666667,2.027027,3,4,3,4,5,4,4,3,4,4,4,3,2,4,3,2,4,2,4,2,4,72,2,3,2,2,2,1,2,2,2,2,3,2,2,2,3,2,2,1,3,2,3,4,45,Very interesting survey.  I just don't pay a lot of attention to myself.,71,Male,White,Part-Time,745
5d8a64630ffb9c001746ca2c,44900.67574,44900.69363,0,,100,1545,1,44900.69365,R_1ghar88EicQTHta,,,anonymous,EN,1,1,5d8a64630ffb9c001746ca2c,5,5,3,5,5,1,5,5,6,4,6,6,4,4,6,2,6,6,4,5,6,6,6,5,6,4,6,6,2,4,5,2,6,5.67,4.5,4.5,4.83,4.5,0.47,6,6,6,1,0,1,1,3,4,2,3,3,2,3,2,2,2,4,4,2.818182,1,1,1,1,1,1,1,1,2,2,1,1,1,1,1,1,3,1,1,1,1,2,1,1.4,3,4,4,4,4,4,5,2,2,4,3,3,42,3,1,6,4,1,5,5,3,5,5,4,5,5,3,6,6,0,5,5,3,5,2.142857,4.714286,5.285714,4.047619,4,4,4,3,1,1,0,1,0,1,2,1,4,4,2,4,3,4,4,4,4,4,4,4,4,4,4,4,3,4,3,4,3,4,4,4,4,1,3.75,0.6666667,2.6,3.833333,4,3.333333,3.666667,4,3.135135,4,5,4,5,5,4,5,5,3,4,5,5,4,5,5,3,5,2,5,3,3,89,2,3,2,4,4,3,4,2,4,2,4,4,3,4,4,4,5,4,4,2,2,4,70,NA,63,Male,Asian,Full-Time,1552
5d9373b0e04970001ab482da,44901.29721,44901.31953,0,,100,1927,1,44901.31954,R_xf6rc3pqtkYQTEl,,,anonymous,EN,1,1,5d9373b0e04970001ab482da,3,5,2,3,4,1,5,6,3,3,3,6,6,4,4,1,6,6,2,5,4,6,6,6,2,2,3,5,5,3,4,1,6,5.17,5.67,2.67,3.5,2.67,2.47,1,2,1,1,1,0,1,3,3,1,2,2,1,2,2,2,2,3,3,2.090909,1,1,1,1,1,1,1,1,1,1,1,1,1,1,1,1,1,1,1,1,1,2,1,1,1,4,1,1,1,1,1,1,1,1,1,1,15,0,0,4,5,0,3,2,1,1,5,5,4,0,1,3,4,5,1,2,2,2,2,2.571429,2.571429,2.380952,5,4,5,5,3,3,2,3,3,2,3,5,5,4,4,5,4,5,5,5,4,5,3,3,5,5,3,4,4,5,5,3,4,4,5,4,5,1,4.75,2.666667,4.2,4.666667,3.8,4.666667,3.666667,4.666667,4.081081,4,4,4,4,4,4,4,4,4,4,4,4,4,4,4,2,4,2,4,3,3,78,2,2,2,2,2,2,4,2,2,2,2,2,2,2,2,2,2,2,3,2,2,4,45,NA,63,Female,White,Full-Time,1932
5da88a6037d42100144928bd,44900.70027,44900.71138,0,,100,959,1,44900.71139,R_2wGfIG7T0TG4VMA,,,anonymous,EN,1,1,5da88a6037d42100144928bd,4,2,2,2,5,1,4,4,2,1,5,6,5,2,5,5,6,5,6,5,6,6,6,6,2,5,6,1,1,1,2,6,6,4.5,3.83,2.5,3.33,5.5,0.39,5,3,6,0,0,0,1,1,2,2,4,1,1,2,2,1,2,2,2,1.909091,1,2,4,3,2,1,1,2,3,3,1,1,3,1,1,1,1,1,3,3,2,2,1.454545,2.4,4,4,5,4,4,4,4,2,4,4,2,2,43,4,1,5,5,0,5,2,2,5,4,3,4,2,0,5,3,1,3,3,0,6,1,3.285714,4.714286,3,5,5,4,1,5,5,3,5,4,5,2,3,2,1,1,5,5,5,4,4,1,5,5,4,0,3,3,1,0,0,3,1,3,1,5,4,4,1,3.75,4.5,1.8,4,3,1,1.666667,4.333333,3.162162,2,5,4,5,5,5,5,5,4,5,5,5,4,5,5,3,5,1,5,4,4,91,1,5,1,4,5,5,4,5,4,5,4,5,2,4,4,4,5,1,4,4,2,4,78,The way I react to paint and sensations is different because of an injury to my nervous system.,46,Male,White,Full-Time,964
5db37bb9da032c000f9e04fa,44900.76275,44900.7706,0,,100,678,1,44900.77061,R_3Kj6tQ0jm0BlgeR,,,anonymous,EN,1,1,5db37bb9da032c000f9e04fa,5,5,3,3,5,1,4,6,3,3,5,6,6,3,5,3,4,3,5,4,4,6,6,5,2,2,4,1,1,3,3,4,6,4.33,4.33,3.17,3.33,4.17,0.78,6,4,7,0,1,0,1,2,2,2,1,2,1,1,1,2,1,2,1,1.454545,3,2,2,3,1,1,1,1,2,1,1,1,2,1,2,1,1,1,1,2,1,2,1.454545,1.5,4,5,4,4,5,4,3,3,4,3,5,3,47,3,4,5,6,1,3,3,0,1,5,4,4,6,2,5,5,6,4,4,2,2,2.714286,4.571429,3.428571,3.571429,3,3,3,3,1,2,0,1,1,2,2,3,3,4,4,2,3,3,4,2,4,3,2,1,2,3,3,3,2,1,1,1,2,1,4,3,2,1,3,1.166667,3.2,3.166667,2.2,1.333333,1.333333,3,2.351351,4,5,4,5,5,5,5,4,5,4,5,5,5,5,4,2,5,3,4,4,5,93,2,4,2,4,5,5,4,2,3,1,2,4,2,1,2,4,3,1,3,2,4,4,60,NA,23,Male,White,Full-Time,684
5db9a46ff8e3f9000f88cb85,44906.41703,44906.43353,0,,100,1425,1,44906.43354,R_Z4VkulfJrnUUWXL,,,anonymous,EN,1,1,5db9a46ff8e3f9000f88cb85,4,5,1,2,2,1,5,5,4,3,2,4,5,3,6,5,4,6,5,6,5,6,5,5,4,4,4,5,2,4,6,4,6,4.5,4.67,3.5,4.5,3.67,0.69,5,3,5,1,1,0,0,2,3,2,2,2,1,1,2,2,2,2,2,1.909091,1,1,1,1,1,1,1,1,1,1,1,1,2,1,1,1,2,1,1,1,1,2,1,1.2,2,4,4,1,2,2,4,1,1,2,1,2,26,4,0,5,5,0,3,4,0,3,5,0,1,5,0,2,3,4,2,5,0,1,0.5714286,4.428571,2.428571,2.476191,4,5,3,3,1,2,1,1,3,2,2,0,4,4,4,3,3,3,4,3,2,4,3,3,4,4,3,4,4,3,3,2,1,4,5,4,4,1,3.75,1.666667,2.8,3.166667,3.4,3.333333,2.333333,4.333333,3.027027,4,5,5,5,5,5,5,4,4,4,5,4,4,4,5,2,4,2,5,2,2,85,2,4,2,4,4,4,4,5,4,4,4,4,2,4,5,5,4,2,4,2,4,4,77,No comments.,65,Male,White,Full-Time,1432
5dbe0ca99ea0b1327a2a8d4e,44900.66579,44900.68069,0,,100,1288,1,44900.68071,R_2PhxJFG5A0JSOWP,,,anonymous,EN,1,1,5dbe0ca99ea0b1327a2a8d4e,5,5,6,5,4,1,6,6,4,2,4,6,6,4,5,1,6,6,4,4,2,6,6,5,1,1,2,4,5,4,3,4,6,5.5,5.5,3.83,3.33,2.83,2.17,5,5,5,0,0,0,1,1,2,1,2,1,1,1,1,1,1,1,2,1.272727,1,1,1,1,2,1,1,1,2,2,2,1,1,1,1,1,1,1,1,1,1,2,1,1.4,3,4,4,4,4,3,4,2,2,3,2,4,39,3,4,4,5,4,4,3,5,3,4,1,3,4,5,4,3,4,1,3,5,2,4,3.571429,3,3.523809,4,3,4,1,3,1,1,2,1,1,2,2,3,3,3,4,4,4,4,4,3,4,4,3,5,4,5,4,4,4,4,4,4,4,4,4,4,1,3,1.5,2.6,3.833333,4.2,4,4,4,3.297297,4,5,4,5,5,5,4,4,5,4,5,4,4,4,5,3,5,3,4,4,4,90,2,5,2,5,5,4,2,3,4,4,4,3,4,4,4,4,4,3,4,3,2,4,75,NA,42,Female,White,Full-Time,1295
5dc59aea37023940a0860dea,44900.67608,44900.69321,0,,100,1480,1,44900.69323,R_z83rrYfo5LBFRWV,,,anonymous,EN,1,1,5dc59aea37023940a0860dea,5,5,4,3,2,1,5,6,3,4,2,6,6,3,4,2,4,6,5,4,3,4,5,6,2,2,2,3,5,3,2,4,6,4.67,5.67,3.33,3.17,2.5,2.17,3,3,4,0,0,0,1,1,2,1,1,1,1,1,1,2,2,2,3,1.545455,1,2,2,2,2,1,1,1,1,2,2,1,1,1,1,1,2,1,1,2,2,2,1.272727,1.6,1,4,2,2,2,2,2,3,3,3,4,2,30,0,0,1,2,0,1,0,0,1,3,0,1,2,3,1,0,2,0,4,4,1,1.285714,1.571429,0.8571429,1.238095,3,4,3,4,3,3,2,3,4,3,3,4,4,3,3,3,3,3,4,3,3,3,3,4,4,4,4,3,4,4,4,3,2,3,3,3,4,1,3.5,3,3.4,3.166667,3.8,4,2.666667,3.333333,3.324324,4,5,4,5,5,5,4,4,4,4,5,5,4,4,5,3,5,3,4,4,4,90,2,2,2,2,2,2,4,2,1,1,2,2,1,1,2,3,2,2,2,2,2,4,41,NA,54,Male,White,Part-Time,1486
5dcb685070d51c8275d7bd54,44906.11045,44906.1285,0,,100,1558,1,44906.12851,R_VIMAX65PbKPRIw9,,,anonymous,EN,1,1,5dcb685070d51c8275d7bd54,4,3,4,5,6,2,4,3,4,4,5,5,5,5,6,2,4,5,4,4,5,5,4,5,3,5,5,6,5,5,5,3,6,4.5,4.33,4.17,4.83,4.33,-0.03,2,3,2,1,0,0,1,2,2,2,3,2,1,2,3,2,2,2,2,2.090909,1,2,3,2,3,2,1,2,1,3,1,1,2,1,3,4,2,1,1,1,1,2,1.454545,2.2,4,4,4,4,2,2,4,4,5,3,3,4,43,3,2,3,4,1,2,2,4,2,4,4,3,1,2,5,1,3,2,4,1,5,2.428571,2.714286,3.142857,2.761905,3,4,5,4,2,2,1,1,2,2,2,2,3,4,3,4,4,4,4,4,4,4,3,4,3,4,3,4,3,2,4,4,4,3,4,4,3,1,4,1.666667,2.8,4,3.4,3,3.666667,3.666667,3.243243,3,4,4,4,5,4,3,4,3,3,4,4,4,4,5,4,4,3,2,4,4,79,3,2,4,3,4,3,2,3,2,2,2,2,3,3,3,4,4,4,4,3,2,4,62,NA,26,Male,White,DATA_EXPIRED,1563
5dcc3ec7db13278d75c8622f,44900.66417,44900.67465,0,,100,906,1,44900.67467,R_3DiKObZmwBxRO4v,,,anonymous,EN,1,1,5dcc3ec7db13278d75c8622f,5,4,4,5,4,1,5,4,4,2,3,4,5,5,4,1,5,4,2,5,5,6,4,5,5,4,4,3,3,5,5,4,6,4.33,4.17,4.17,4.17,3.5,0.31,6,6,6,1,1,0,0,2,2,2,4,2,1,4,2,1,2,2,4,2.363636,1,1,2,1,3,1,1,1,3,3,2,2,2,1,1,1,3,1,3,2,1,2,1.181818,2.3,4,5,4,4,4,5,5,4,2,2,4,5,48,0,4,5,3,0,2,1,1,4,3,2,5,2,1,4,1,5,4,1,3,2,2.285714,1.571429,3.714286,2.523809,4,4,4,4,2,0,1,2,0,2,1,2,3,4,1,4,5,5,3,4,5,4,3,4,4,5,5,3,4,3,4,4,4,4,4,3,3,1,4,1.166667,2.2,4.333333,4.2,3.666667,4,3.333333,3.27027,4,5,5,5,4,4,4,4,4,4,4,4,5,4,4,2,4,2,4,4,4,84,4,5,4,4,4,4,5,4,4,5,4,5,4,5,4,4,4,2,4,4,4,4,87,NA,37,Female,White,DATA_EXPIRED,913
5dcc948ed9873592337ae827,44901.24269,44901.2525,0,,100,848,1,44901.25252,R_yyFA5QODl1a4xk5,,,anonymous,EN,1,1,5dcc948ed9873592337ae827,6,6,5,5,5,1,6,5,4,4,4,6,6,4,5,6,6,6,6,6,4,6,6,6,5,1,5,6,1,4,5,5,6,6,5,4.67,4.33,4.83,0.89,6,5,7,0,0,0,1,1,2,2,2,2,1,1,2,2,1,2,2,1.727273,1,1,1,1,1,1,1,1,1,2,2,1,1,1,1,2,2,1,2,1,1,2,1,1.5,1,4,4,1,2,4,4,1,1,1,1,4,28,5,5,6,6,6,2,6,5,4,6,4,4,6,5,5,6,6,5,6,6,6,5.285714,5.857143,4.571429,5.238095,5,5,5,5,2,1,0,1,1,1,2,2,5,4,2,5,5,5,5,5,5,5,5,5,5,5,5,4,5,5,5,5,5,5,5,5,5,1,5,1,3,5,5,5,5,5,4.054054,5,5,4,4,5,4,4,4,4,4,5,5,4,4,4,4,5,4,5,4,5,92,4,4,4,4,4,4,4,4,4,4,5,4,4,4,4,4,4,4,4,4,4,4,85,NA,61,Female,White,Full-Time,854
5dceca2541afe801a32e27ac,44900.66706,44900.68319,0,,100,1394,1,44900.68321,R_RfyeCb8inbsrdVT,,,anonymous,EN,1,1,5dceca2541afe801a32e27ac,5,5,4,4,5,1,5,6,3,3,5,6,6,3,5,5,5,6,2,3,6,6,4,6,5,4,3,3,2,2,4,5,6,4.67,5.17,3.17,3.83,4.83,0.97,2,2,2,1,0,1,1,3,1,3,3,1,1,1,2,1,2,3,1,1.727273,2,1,1,2,1,2,1,1,1,1,2,1,1,2,2,1,1,1,1,1,1,2,1.363636,1.2,2,4,4,4,2,2,1,1,1,4,1,1,27,5,0,6,6,0,2,5,0,4,6,0,1,6,3,4,5,6,4,5,0,4,1.285714,5.428571,3.571429,3.428571,5,5,5,5,1,1,1,2,1,3,2,1,4,4,2,5,5,4,4,4,4,5,5,5,5,5,3,3,4,4,3,4,4,5,4,5,5,1,5,1.5,2.6,4.333333,4.6,3.666667,4.333333,4.666667,3.702703,5,5,5,5,5,5,5,5,2,4,5,5,4,4,5,3,5,4,4,4,2,91,5,2,4,2,4,3,5,2,2,1,4,1,1,1,4,5,4,2,5,2,2,4,61,NA,78,Female,Black,"Not in paid work (e.g. homemaker', 'retired or disabled)",1402
5dcf402982569a08ddd84086,44900.78177,44900.79082,0,,100,782,1,44900.79084,R_2QMWlEwkYZwTl1a,,,anonymous,EN,1,1,5dcf402982569a08ddd84086,6,4,3,4,4,1,5,6,4,3,4,6,6,4,5,1,6,6,5,5,5,6,6,6,6,4,3,2,2,3,4,2,6,5.17,5,4.17,4.17,3.17,1.25,2,2,4,1,0,0,1,2,3,2,2,2,2,2,1,2,2,3,3,2.181818,1,2,1,2,2,1,1,2,3,3,2,2,3,1,1,2,1,1,2,1,1,2,1.272727,2.1,3,4,5,5,4,4,5,2,2,4,3,4,45,4,4,4,4,4,4,4,4,4,3,4,3,3,4,4,3,5,3,3,4,4,4.142857,3.428571,3.714286,3.761905,4,3,3,3,3,2,2,2,3,3,2,2,3,2,1,3,2,3,3,3,3,2,4,3,3,3,2,2,3,2,2,3,2,3,3,3,3,1,3.25,2.5,2,2.666667,3,2.333333,2.666667,3,2.648649,4,4,4,4,4,4,4,4,4,4,4,4,4,4,4,3,4,3,4,4,4,82,2,4,2,4,3,3,4,2,3,2,4,2,4,3,4,4,4,2,3,3,3,4,65,NA,54,Female,White,Full-Time,789
5dd0098e01fadf0fa6c3a15f,44901.422,44901.43001,0,,100,691,1,44901.43002,R_1ieQw6wJfQ3PZHy,,,anonymous,EN,1,1,5dd0098e01fadf0fa6c3a15f,6,4,2,2,2,1,6,4,2,2,2,6,4,2,6,1,6,4,2,3,2,6,6,3,2,3,2,3,1,3,2,1,6,5.5,3.33,2.17,3,1.67,2.14,3,2,4,0,0,0,1,1,2,2,2,1,1,1,2,2,1,2,1,1.545455,1,2,1,2,2,1,1,1,1,1,1,1,1,1,1,1,1,1,1,2,1,2,1.181818,1.2,4,4,3,4,2,3,3,4,4,4,4,2,41,0,4,6,0,5,5,0,3,4,0,4,3,0,3,4,0,5,1,0,4,6,4,0,4.142857,2.714286,5,4,3,4,5,4,4,4,3,3,2,1,1,1,2,2,1,2,2,2,1,3,3,1,4,5,3,1,2,3,2,1,1,1,2,2,2,1,4,3.833333,1.4,1.833333,3.2,2.333333,1,2,2.486486,4,4,4,4,4,4,4,2,3,3,4,2,3,4,4,2,4,3,4,4,2,72,3,4,3,3,3,3,2,1,1,1,5,1,1,2,4,5,5,3,2,2,1,4,55,NA,37,Female,Mixed,Full-Time,699
5dd06ed53c870a1526a78264,44901.44277,44901.45546,0,,100,1096,1,44901.45547,R_2sRLLAmg3oU4I0x,,,anonymous,EN,1,1,5dd06ed53c870a1526a78264,6,5,5,6,1,1,4,6,5,4,5,6,5,5,6,1,6,6,6,6,5,6,6,5,3,1,3,6,1,2,6,1,6,5.67,4.67,4.33,4.83,2.67,1.22,6,4,6,1,1,0,1,3,1,2,2,2,2,1,2,1,2,1,1,1.545455,2,2,1,2,1,2,2,1,2,1,1,1,1,2,1,1,1,1,1,1,1,2,1.454545,1.2,1,4,5,2,2,1,1,1,1,1,1,1,21,2,3,1,6,0,3,3,6,1,5,5,3,4,1,4,4,6,1,4,0,3,3,4,2.285714,3.095238,3,5,5,4,5,3,2,1,2,2,5,0,3,4,4,3,4,4,4,4,4,4,5,5,5,4,4,4,4,3,4,4,4,4,5,3,4,1,4.25,2.5,3.2,4,4.6,3.666667,4,4,3.702703,5,5,5,5,4,4,4,5,5,4,5,5,4,4,4,2,5,4,4,4,4,91,4,5,4,5,2,2,2,2,4,3,5,2,3,3,5,4,4,2,3,2,4,4,70,NA,46,Female,White,Full-Time,1102
5dd2f94a238a913096c52317,44900.66728,44900.67545,0,,100,706,1,44900.67547,R_3JKQrchxHuzazl0,,,anonymous,EN,1,1,5dd2f94a238a913096c52317,5,5,3,3,5,1,5,5,4,4,5,5,4,4,5,4,6,6,6,6,6,6,6,6,4,4,4,5,4,4,5,4,6,5.33,5,4.17,4.5,4.67,0.72,6,6,5,1,1,1,1,4,3,3,3,2,1,2,2,2,2,2,1,2.090909,1,1,1,2,1,1,1,1,1,1,1,1,1,1,1,2,1,1,1,1,1,2,1,1.2,4,4,4,4,4,4,4,4,4,4,4,4,48,2,3,4,3,0,2,3,1,2,5,5,3,3,5,3,3,2,3,3,2,4,2.571429,3.142857,3,2.904762,4,4,3,5,4,3,2,4,3,3,3,3,3,3,4,4,3,4,3,3,3,5,4,3,3,4,4,4,4,3,4,4,4,4,5,5,5,1,4,3.166667,3.2,3.5,3.6,3.666667,4,5,3.675676,5,5,5,5,5,5,4,5,5,4,5,4,5,4,4,4,5,4,4,4,4,95,4,4,4,4,4,4,4,4,4,4,4,4,4,4,4,4,4,4,4,4,4,4,84,NA,40,Female,White,Full-Time,718
5dd33f6b2091e93579973754,44901.37704,44901.38788,0,,100,937,1,44901.3879,R_3PXGtw1fQylMuxg,,,anonymous,EN,1,1,5dd33f6b2091e93579973754,3,4,3,2,4,1,2,2,3,3,4,6,5,4,3,1,5,5,3,5,5,5,6,4,2,3,4,3,4,3,4,3,6,4.17,4,3,3.33,3.5,0.81,2,2,4,0,1,0,1,2,3,4,2,2,2,1,2,2,2,1,1,2,1,2,2,1,1,1,1,1,2,2,2,1,1,1,3,3,2,1,2,2,1,2,1.363636,1.8,2,2,2,2,2,2,2,2,2,2,2,2,24,3,2,3,3,3,3,3,0,6,3,0,3,6,3,3,3,3,6,3,6,6,2.428571,3.428571,4.285714,3.380952,3,5,4,3,5,2,2,2,2,2,2,2,3,4,3,3,3,3,3,3,4,2,2,3,3,3,3,2,3,3,3,3,3,5,4,3,3,1,3.75,2.5,2.8,3,2.8,3,3.666667,3.333333,3,4,4,4,4,4,4,4,4,4,4,4,5,4,4,4,4,5,5,2,2,2,81,4,4,4,2,2,2,2,4,1,2,4,5,2,2,4,4,4,4,4,4,4,4,68,NA,42,Male,Black,Full-Time,943
5dd352c51c219b35931aefd1,44900.66848,44900.68291,0,,100,1246,1,44900.68292,R_8vIWCl5wxcwEOdj,,,anonymous,EN,1,1,5dd352c51c219b35931aefd1,4,2,3,3,3,1,5,3,3,3,3,5,4,3,3,3,6,4,4,5,4,6,3,6,2,4,4,1,4,2,4,4,6,4,3.83,2.83,3.67,3.5,0.58,5,5,5,0,0,0,1,1,3,2,3,2,2,3,2,3,2,3,4,2.636364,2,2,2,2,1,1,1,1,2,2,2,1,1,1,1,3,3,1,2,1,1,2,1.181818,2,3,4,5,3,5,3,4,2,3,2,1,2,37,4,4,5,5,1,4,5,3,4,5,5,4,2,4,5,4,6,3,2,3,4,3.714286,3.857143,4.142857,3.904762,5,4,4,3,3,3,2,4,4,3,1,4,3,2,1,2,3,4,4,2,2,4,3,3,4,4,4,3,3,1,2,4,3,4,5,4,5,1,4,3.166667,2.2,3.166667,3.6,2,3.666667,4.666667,3.216216,3,4,3,3,4,4,4,3,4,4,4,4,3,4,4,2,4,4,4,3,3,75,2,2,2,3,2,1,4,1,1,2,3,2,1,1,2,2,2,3,3,2,2,4,43,I need darker/ bolder font/ text,58,Female,White,Full-Time,1253
5dd3cfb7b103ee3b428185b2,44901.24213,44901.25208,0,,100,859,1,44901.2521,R_1NCZCOYbz4IYlpo,,,anonymous,EN,1,1,5dd3cfb7b103ee3b428185b2,5,5,3,2,4,1,6,5,2,3,4,6,6,3,5,4,5,6,4,5,4,6,5,6,2,2,4,5,5,3,1,4,6,5.33,5.5,2.83,3,4,2.14,4,5,5,1,0,0,1,2,3,2,2,2,1,2,2,3,2,1,3,2.090909,2,2,2,3,3,1,1,2,3,3,3,2,3,2,1,4,2,1,2,2,1,2,1.545455,2.8,4,4,4,3,4,3,4,3,3,4,4,3,43,5,3,4,5,1,4,5,4,3,4,1,4,6,1,2,4,1,5,5,4,6,2.142857,4.857143,4,3.666667,3,2,1,3,3,4,3,3,2,3,3,3,2,2,2,0,3,1,1,2,1,1,2,2,2,1,2,0,2,1,1,2,1,3,1,2,2,1,2.25,3,2.4,1.5,1.8,1.333333,2,1.666667,1.945946,2,4,4,3,4,4,3,4,4,3,5,4,4,4,5,3,4,2,3,2,4,75,2,3,2,1,3,1,3,1,2,2,4,1,1,2,2,3,3,2,4,3,3,4,48,"If you use a darker font, it would be easier to read. I had to zoom in to ensure that I could read the questions accurately. Good luck with your research. Thanks!",55,Female,White,Full-Time,867
5dd3e5b66d52253c0e37e402,44900.66563,44900.68778,0,,100,1913,1,44900.68779,R_1k1zQcQ12KKrS4z,,,anonymous,EN,1,1,5dd3e5b66d52253c0e37e402,5,5,5,5,5,1,5,5,5,4,5,5,5,5,4,6,6,6,5,5,5,5,5,5,5,5,5,5,5,5,5,5,6,5.17,5.17,5,4.67,5.17,0.22,6,6,6,0,1,0,0,1,3,2,3,3,2,1,2,3,3,3,3,2.545455,1,1,1,1,1,1,1,1,1,1,1,1,1,1,1,1,1,1,1,1,1,2,1,1,4,4,4,4,3,3,4,1,1,3,2,3,36,3,6,6,5,6,3,3,6,4,6,6,5,3,6,6,3,6,6,3,5,4,5.857143,3.714286,4.857143,4.809524,5,5,4,4,2,0,3,2,1,1,1,4,4,3,1,5,5,4,4,4,5,4,4,4,5,4,4,5,5,2,4,4,3,4,5,4,4,1,4.5,1.5,2.6,4.333333,4.2,3.666667,3.666667,4.333333,3.567568,5,5,5,5,5,5,5,5,5,5,5,5,5,5,5,5,5,5,5,5,5,105,1,2,2,2,2,1,3,2,2,2,2,1,2,2,2,2,2,2,3,2,2,4,41,NA,50,Female,White,"Not in paid work (e.g. homemaker', 'retired or disabled)",1922
5dd4070a57a7e13efe25534a,44900.78804,44900.80197,0,,100,1202,1,44900.80198,R_7WCdd1ud9Ph6Aff,,,anonymous,EN,1,1,5dd4070a57a7e13efe25534a,5,5,1,1,1,1,6,6,1,1,1,5,6,1,1,1,6,6,1,1,1,5,5,6,3,1,1,6,6,2,3,1,6,5.5,5.83,1.5,1.33,1,4.39,1,1,1,0,0,0,1,1,3,2,2,1,2,3,2,2,1,1,4,2.090909,1,1,2,2,2,1,1,1,1,1,1,1,1,1,1,1,1,1,1,1,1,2,1,1.3,3,4,4,3,4,2,4,1,1,4,2,1,33,5,6,6,6,0,4,5,6,3,6,6,5,6,3,4,1,6,6,6,6,5,4.714286,5,4.714286,4.809524,3,4,3,3,1,2,0,2,3,2,2,2,3,3,3,2,2,3,2,3,4,3,4,3,3,5,2,2,4,4,3,3,3,2,3,5,4,1,3.25,1.666667,2.6,2.833333,3.4,3.666667,2.666667,4,2.837838,3,4,2,3,5,5,3,5,5,3,5,5,3,2,4,2,4,1,4,3,3,74,1,1,1,1,1,1,1,1,1,1,4,1,1,1,1,1,1,1,4,1,1,4,27,NA,59,Female,White,Part-Time,1208
5dd42e7f35cf744223c60d1b,44900.66457,44900.68191,0,,100,1497,1,44900.68192,R_3q9B4Hj5Fqr3Zkl,,,anonymous,EN,1,1,5dd42e7f35cf744223c60d1b,3,4,4,3,3,1,4,5,2,4,2,2,5,2,2,1,5,4,5,5,1,6,5,5,2,5,2,1,1,2,6,1,6,3.33,4,2.83,4.17,1.67,0.78,5,5,5,0,1,0,1,2,3,3,2,2,2,4,3,2,2,1,3,2.454545,1,2,1,2,2,1,1,1,2,2,1,1,1,1,1,1,1,1,1,1,1,2,1.090909,1.4,4,4,4,3,5,5,4,2,2,2,4,3,42,3,0,4,5,0,6,1,0,5,3,0,5,3,0,5,4,2,4,1,0,3,0.2857143,2.857143,4.571429,2.571429,1,2,4,4,3,2,1,2,3,2,1,2,3,3,1,2,4,4,1,3,3,5,3,2,3,3,4,1,1,2,1,2,2,3,4,2,4,1,2.75,2.166667,2,3.333333,3,1.333333,2.333333,3.333333,2.513514,3,4,4,5,5,5,5,4,3,3,5,5,3,2,5,4,5,2,4,4,4,84,3,4,3,4,4,4,3,3,2,2,4,4,1,1,3,4,3,2,4,3,2,4,63,cool thanks,45,Male,White,Full-Time,1505
5dd4767b32288646716dc98a,44900.69632,44900.71132,0,,100,1295,1,44900.71133,R_3jZ1shnMrKp0q6y,,,anonymous,EN,1,1,5dd4767b32288646716dc98a,6,6,3,4,6,1,6,6,3,3,4,6,6,4,5,5,6,6,3,5,5,6,6,6,1,5,4,6,6,1,4,5,6,6,6,2.5,4.33,4.83,2.11,5,5,5,1,1,0,1,3,3,1,3,1,1,3,1,1,1,1,3,1.727273,2,3,2,4,3,1,3,1,3,3,4,2,3,3,2,4,4,2,3,3,2,2,2.181818,3.3,5,5,5,5,5,5,5,5,4,5,5,5,59,4,4,4,4,3,1,4,1,1,4,4,4,4,2,5,0,5,1,0,1,3,2.857143,2.857143,2.714286,2.809524,3,4,4,3,1,2,1,2,1,1,1,1,1,4,2,1,2,4,3,2,4,3,4,3,4,4,4,2,3,4,3,4,3,4,2,3,3,1,3.5,1.333333,1.8,3,3.8,3.333333,3.666667,2.666667,2.702703,4,4,4,4,4,4,4,4,4,4,4,4,4,4,4,3,4,2,4,4,3,80,4,4,3,4,4,4,4,4,4,4,4,3,4,3,4,4,4,2,3,3,3,4,76,No comment,49,Female,White,Part-Time,1301
5dd72efa82569a6d38e06854,44900.66532,44900.67981,0,,100,1252,1,44900.67983,R_yC6PQWT1doENWZr,,,anonymous,EN,1,1,5dd72efa82569a6d38e06854,5,6,1,1,1,1,6,5,2,1,1,5,6,4,3,1,6,6,1,1,1,5,3,6,2,1,1,6,6,1,1,1,6,5.17,5.83,1.83,1.33,1,4.11,1,1,1,0,0,0,1,1,2,2,1,1,2,1,1,2,2,3,4,1.909091,1,2,4,4,4,1,1,1,4,2,2,1,4,1,1,1,2,1,2,1,1,2,1.090909,2.9,4,4,4,4,4,4,4,4,2,4,4,2,44,1,0,2,5,0,1,4,0,1,5,4,0,4,0,1,4,5,0,4,6,2,2.142857,3.857143,1,2.333333,2,2,1,2,2,0,0,3,1,1,2,3,3,1,1,0,4,3,2,2,4,4,3,4,4,4,2,1,1,0,4,2,1,1,0,0,2,1,1.75,1.166667,2,3.166667,3.4,1.666667,1.333333,0.6666667,1.945946,4,5,5,5,3,3,5,5,5,5,5,5,4,5,5,2,5,4,5,5,3,93,1,4,1,4,4,3,5,2,1,2,3,4,2,1,3,3,2,3,5,1,1,4,55,NA,39,Female,White,"Not in paid work (e.g. homemaker', 'retired or disabled)",1258
5dd877b0568ca582fb24699f,44900.70499,44900.7187,0,,100,1184,1,44900.71871,R_2P6xzAxxPg3OVPS,,,anonymous,EN,1,1,5dd877b0568ca582fb24699f,5,6,2,3,1,1,6,6,3,1,1,6,6,4,3,1,6,6,1,5,1,6,6,5,1,1,1,2,6,4,1,1,6,5.17,5.83,2.5,2.33,1,3.56,1,1,2,0,0,0,1,1,2,2,2,1,1,1,2,1,1,1,2,1.454545,1,1,1,1,3,1,1,1,1,3,2,1,1,1,1,3,2,1,3,3,1,2,1.181818,2,4,5,5,5,4,5,5,4,2,4,2,5,50,0,6,6,5,0,0,4,1,2,5,3,2,5,0,0,5,5,6,5,1,3,2.285714,4.142857,2.714286,3.047619,3,5,3,1,2,2,1,3,2,3,3,3,3,2,3,3,3,4,3,2,3,4,2,5,4,1,2,4,3,3,4,3,3,3,5,4,5,1,3,2.166667,2.8,3.166667,2.8,3.333333,3,4.666667,3.027027,4,4,2,4,4,4,4,4,4,4,4,4,4,4,4,2,4,4,2,2,2,74,2,4,2,4,4,4,4,2,4,2,2,2,4,2,4,2,2,2,2,2,4,4,60,NA,59,Female,White,Full-Time,1192
5dd9923922749791b319fc19,44900.70307,44900.74326,0,,100,3472,1,44900.74328,R_ufejWz9lbYPlY9r,,,anonymous,EN,1,1,5dd9923922749791b319fc19,6,6,1,4,4,1,4,6,6,1,6,6,6,6,6,4,6,6,4,4,6,6,6,6,1,1,6,6,1,1,1,4,6,5.67,5.17,3.17,2.83,5,1.75,1,1,1,1,1,0,0,2,1,1,1,1,1,1,1,1,1,1,1,1,1,1,1,1,1,1,1,1,1,1,1,1,1,1,1,1,1,1,1,1,1,2,1,1,1,4,4,1,4,1,4,1,1,1,1,1,24,6,3,6,6,0,6,6,0,6,6,3,4,3,2,4,6,6,6,4,0,6,2,5.285714,5.428571,4.238095,5,5,5,5,5,5,5,5,2,5,0,0,3,5,5,5,5,5,5,5,5,5,5,5,5,5,5,5,5,5,5,5,3,5,5,5,5,1,5,4.5,2.6,5,5,5,4.333333,5,4.540541,5,5,5,5,5,5,5,5,5,5,5,5,5,5,5,1,5,1,5,5,5,97,4,4,4,4,4,4,5,2,3,4,5,4,3,3,3,4,3,1,4,4,3,4,75,NA,39,Male,Mixed,Full-Time,3479
5ddafb0f2e4a05a5ff7759c9,44900.81125,44900.82497,0,,100,1184,1,44900.82499,R_3kp49JYi3YnWfZf,,,anonymous,EN,1,1,5ddafb0f2e4a05a5ff7759c9,5,5,6,6,6,1,5,5,6,4,5,6,6,6,6,4,6,6,6,6,6,6,6,6,5,3,5,6,5,4,6,6,6,5.67,5.5,5.5,5.17,5.33,0.25,2,2,3,1,1,1,0,3,3,2,2,1,1,1,2,1,1,1,3,1.636364,1,1,1,1,1,1,1,1,1,1,1,1,1,1,1,1,1,1,1,1,1,2,1,1,2,4,5,2,2,2,4,3,2,4,1,1,32,4,6,6,6,3,6,4,3,6,6,6,5,6,6,6,2,6,4,6,6,4,5.142857,4.857143,5.285714,5.095238,4,2,4,5,4,4,3,3,1,2,1,2,0,0,1,4,2,2,2,3,1,4,4,5,5,5,3,1,4,4,3,3,0,5,5,5,4,1,3.75,2.833333,0.8,2.333333,4.4,3.666667,2.666667,4.666667,2.972973,4,5,4,5,5,5,5,5,5,5,4,5,5,5,5,3,4,4,4,4,5,96,3,3,3,2,1,1,5,1,1,2,3,2,3,1,3,1,2,2,4,1,1,4,45,thanks,45,Female,Asian,DATA_EXPIRED,1200
5ddee8912e6c77e798b5882f,44900.67947,44900.68475,0,,100,455,1,44900.68475,R_8IXahF9RSbq3dWp,,,anonymous,EN,1,1,5ddee8912e6c77e798b5882f,5,5,3,4,3,1,5,5,5,3,5,6,6,3,5,4,6,6,5,6,6,6,6,6,4,4,4,5,2,4,5,4,6,5.5,5,4,4.5,4.33,0.97,5,5,5,0,1,1,1,3,3,1,2,1,1,1,1,1,1,3,3,1.636364,2,2,2,2,2,2,1,1,2,2,1,1,2,1,1,3,2,1,2,2,2,2,1.454545,2,4,4,4,4,5,4,4,4,3,4,4,4,48,3,1,5,6,0,5,3,2,1,6,1,5,5,1,4,4,6,5,5,3,6,2,4.571429,4.428571,3.666667,3,5,4,3,2,2,1,1,2,1,1,1,4,4,1,4,4,5,4,4,4,4,4,4,4,4,4,4,4,4,4,4,4,4,4,4,5,1,3.75,1.5,2.2,4.166667,4,4,4,4.333333,3.378378,4,4,4,5,4,4,4,4,4,4,4,5,4,4,4,4,4,4,4,4,4,86,4,4,4,3,4,3,4,4,4,4,5,4,4,3,4,4,4,3,4,3,2,4,78,NA,23,Male,White,Full-Time,460
5ddef2e6929d5de6f1050f1c,44901.08302,44901.09527,0,,100,1058,1,44901.09528,R_1DGUrKByIT8WCpE,,,anonymous,EN,1,1,5ddef2e6929d5de6f1050f1c,1,4,1,2,4,1,3,3,2,2,2,5,4,1,3,6,3,3,5,5,4,6,3,4,1,5,5,1,1,3,3,5,6,2.67,3.17,2.17,3.33,4.33,-0.36,7,7,7,1,0,1,1,3,4,2,3,3,2,2,3,4,4,2,3,2.909091,1,1,1,2,1,1,1,1,1,1,1,1,1,1,1,1,1,1,1,1,1,2,1,1.1,2,5,5,3,4,3,4,1,1,3,1,2,34,5,5,6,6,3,4,6,6,6,6,5,4,6,6,5,6,6,4,6,6,4,5.285714,5.857143,4.714286,5.285714,2,3,0,3,1,1,0,1,2,3,5,4,4,4,5,1,1,3,4,0,3,0,1,1,3,0,1,3,0,3,0,0,0,0,4,3,0,1,2,1.333333,4.4,1.833333,1.2,1,0,2.333333,1.864865,3,4,5,4,5,4,5,3,4,4,5,5,4,4,3,2,4,3,4,4,2,81,1,1,1,3,1,1,4,1,1,2,1,1,1,1,1,2,1,1,4,1,1,4,31,NA,61,Male,White,DATA_EXPIRED,1066
5de1ac810f8b6721970ab78a,44904.5189,44904.52932,0,,100,900,1,44904.52933,R_RaeP5BrDtg4ANIR,,,anonymous,EN,1,1,5de1ac810f8b6721970ab78a,5,5,1,1,2,1,4,5,2,2,2,5,6,4,3,1,5,6,2,3,3,6,6,5,2,2,2,6,5,1,2,1,6,5.17,5.33,2,2.17,1.83,3.25,1,1,2,0,0,0,1,1,3,2,1,1,1,1,2,3,2,2,3,1.909091,3,1,1,2,1,1,2,1,2,2,2,1,2,1,1,1,1,1,1,1,1,2,1.272727,1.5,4,4,4,3,3,4,3,2,1,2,2,1,33,3,2,1,5,0,2,5,1,4,3,1,1,5,5,4,3,6,2,1,6,3,3,3.571429,2.428571,3,5,3,3,3,2,3,1,1,3,3,3,4,2,3,4,4,3,4,4,4,2,4,4,4,3,5,3,4,3,5,5,3,2,4,5,4,5,1,3.5,2.166667,3.2,3.5,3.8,4.333333,3,4.666667,3.432432,3,4,4,5,4,4,4,3,3,3,4,4,4,3,4,2,4,3,5,3,3,76,3,3,2,4,3,2,3,1,1,1,3,2,1,1,3,2,3,1,5,3,2,4,49,NA,47,Female,White,DATA_EXPIRED,908
5de5dba9ff87c15699804260,44900.68532,44900.69888,0,,100,1170,1,44900.69889,R_3GpLVCgPxd2p7wx,,,anonymous,EN,1,1,5de5dba9ff87c15699804260,6,6,2,3,2,1,5,5,3,2,2,6,6,3,4,1,5,6,4,4,2,6,6,5,3,4,2,4,4,3,3,3,6,5.33,5.33,3,3.33,2,2.56,2,2,2,0,0,0,1,1,2,2,2,2,1,1,1,2,2,2,4,1.909091,3,3,3,2,2,1,2,1,2,3,2,1,2,2,2,2,2,2,2,1,1,2,1.727273,2.2,2,4,4,1,3,2,4,1,1,2,1,1,26,3,2,5,5,0,5,4,0,3,4,2,5,5,2,3,4,3,4,5,3,5,1.714286,4.285714,4.285714,3.428571,4,5,4,5,0,0,1,0,0,1,4,2,5,3,3,4,4,4,4,4,5,4,5,4,4,4,4,3,3,4,5,4,4,4,4,2,5,1,4.5,0.3333333,3.4,4.166667,4.2,4,4,3.666667,3.378378,5,5,4,5,5,4,5,3,4,4,5,5,3,4,5,3,5,3,4,3,4,88,2,2,3,2,2,2,2,2,2,2,2,2,2,2,3,2,2,2,3,2,2,4,45,No additional comments.,66,Male,White,"Not in paid work (e.g. homemaker', 'retired or disabled)",1176
5de7c6d448241d73d36ceaef,44900.7273,44900.74318,0,,100,1372,1,44900.7432,R_3PLWgpTxVSTMCv8,,,anonymous,EN,1,1,5de7c6d448241d73d36ceaef,6,6,6,6,6,5,6,6,5,6,6,6,6,6,6,6,6,6,4,6,6,6,6,6,5,5,5,6,5,2,6,6,6,6,5.83,4.67,5.83,5.83,0.47,6,6,6,1,1,1,0,3,2,2,2,2,1,1,1,1,1,1,4,1.636364,1,1,1,2,1,1,1,1,1,1,1,1,1,1,1,4,2,1,1,1,1,2,1,1.5,2,4,5,2,4,2,5,2,2,2,1,4,35,6,6,6,6,5,6,6,6,6,6,6,6,6,6,6,6,6,6,6,6,6,5.857143,6,6,5.952381,4,5,5,4,4,1,1,5,4,1,2,1,4,1,1,4,4,4,4,4,4,4,4,4,4,5,5,4,4,5,4,4,4,4,5,5,4,1,4.5,2.666667,1.8,4,4.4,4.333333,4,4.666667,3.675676,5,5,5,5,5,5,4,5,5,5,5,5,5,4,5,4,5,4,4,4,5,99,5,5,5,5,5,5,5,5,5,4,5,5,5,5,5,5,5,4,5,5,5,4,103,NA,59,Male,Black,Full-Time,1378
5de7ccc24b7cf973d7b05bfb,44900.72017,44900.73589,0,,100,1357,1,44900.7359,R_2RTStNiXk5ddYas,,,anonymous,EN,1,1,5de7ccc24b7cf973d7b05bfb,5,4,3,3,5,1,4,4,5,4,3,4,5,3,4,4,5,6,6,5,4,4,5,5,4,4,4,3,3,4,5,4,6,4.33,4.5,4.17,4.17,4,0.31,5,5,6,1,1,0,1,3,3,2,2,2,1,1,2,2,2,2,2,1.909091,1,1,1,1,1,1,1,1,1,1,1,1,1,1,1,1,1,1,1,1,1,2,1,1,1,2,4,2,4,2,4,1,1,1,1,2,25,1,1,3,3,0,1,2,0,1,2,1,2,2,0,2,2,1,4,2,0,1,0.4285714,2,2,1.47619,3,3,4,4,1,1,1,1,1,2,3,5,4,4,5,4,4,4,4,4,4,3,3,1,4,4,4,4,3,3,1,4,3,4,4,4,4,1,3.5,1.166667,4.2,3.833333,3.2,2.333333,3.666667,4,3.216216,4,5,5,5,5,5,5,5,5,5,5,5,5,5,4,5,5,3,4,4,4,98,2,3,2,2,3,2,2,2,2,3,2,2,2,3,2,2,2,1,4,2,2,4,47,NA,31,Male,White,Full-Time,1362
5dea76e109c1071948aed0ff,44905.35792,44905.37258,0,,100,1266,1,44905.3726,R_12F7DrBHT7Xyhmn,,,anonymous,EN,1,1,5dea76e109c1071948aed0ff,5,5,2,4,4,1,4,5,4,4,4,5,5,4,5,1,6,6,2,4,4,6,6,6,2,4,4,6,5,3,4,3,6,5.33,5.33,2.83,4.17,3.33,1.89,2,1,2,0,1,0,1,2,3,1,3,1,1,1,2,1,1,3,4,1.909091,2,3,3,2,2,1,3,2,3,3,2,1,3,4,2,3,2,2,2,2,1,2,2.090909,2.5,3,5,5,4,4,5,4,4,2,3,3,3,45,4,2,6,4,1,2,4,1,4,4,3,5,3,1,4,4,3,3,4,3,5,2,3.857143,4.142857,3.333333,4,3,3,3,1,1,1,1,1,2,2,1,2,3,2,3,3,3,3,3,3,3,3,3,3,3,4,3,3,3,3,3,1,3,3,2,4,1,3.25,1.166667,2,3,3.2,3,2.333333,3,2.567568,4,4,4,5,4,4,4,3,3,2,4,4,3,3,5,3,4,3,5,4,2,77,2,3,2,3,2,2,4,2,2,2,2,2,2,2,4,4,4,2,4,4,2,4,56,NA,52,Male,White,Full-Time,1275
5deaa726df55eb1cc1b9474f,44901.3395,44901.35154,0,,100,1039,1,44901.35155,R_2dH2OTsU6PmIaLu,,,anonymous,EN,1,1,5deaa726df55eb1cc1b9474f,6,6,1,4,1,1,6,6,1,1,2,6,6,1,6,2,6,6,1,4,3,6,5,6,1,1,2,3,6,4,2,1,6,5.33,6,1.5,3,1.83,3.56,1,1,1,0,0,0,1,1,3,3,2,2,2,2,2,2,2,1,2,2.090909,1,1,1,1,2,1,1,1,2,1,1,1,2,1,1,1,1,1,1,1,1,2,1,1.3,3,2,4,2,4,3,4,2,1,1,1,3,30,4,4,4,6,0,6,6,0,4,6,4,1,6,0,5,5,6,5,6,3,6,2.428571,5.571429,4.428571,4.142857,3,3,3,0,5,2,3,5,3,2,2,3,3,3,3,4,3,4,4,3,2,3,4,3,4,4,4,3,4,4,4,4,2,3,4,3,4,1,2.25,3.333333,2.8,3.166667,3.8,4,3,3.666667,3.243243,5,4,4,4,4,4,4,4,5,3,4,4,3,3,4,2,5,3,4,4,4,81,3,4,3,4,2,3,4,2,2,3,3,4,1,2,4,5,2,1,3,2,2,4,59,There is a question about how disgusting it is to have oral sex with the opposite sex.  You're making the mistake of assuming people are heterosexual.,68,Male,White,DATA_EXPIRED,1045
5ded9996838b4f45b83bb3f9,44900.71108,44900.72693,0,,100,1369,1,44900.72694,R_25XjYFVYh1ab4UH,,,anonymous,EN,1,1,5ded9996838b4f45b83bb3f9,6,6,6,6,5,1,6,5,5,5,4,6,6,5,5,6,6,6,6,6,5,6,6,6,2,1,4,1,1,5,6,4,6,5.17,5,4.83,4.83,4.67,0.31,7,5,7,1,0,0,1,2,1,1,1,1,1,1,1,1,1,3,1,1.181818,2,1,1,1,1,1,1,1,1,1,1,1,1,1,1,1,1,1,1,1,1,2,1.090909,1,1,5,5,2,4,1,4,1,1,4,1,3,32,5,2,5,6,4,6,5,1,3,6,3,5,6,2,3,5,5,6,6,0,5,2.428571,5.571429,4.714286,4.238095,5,5,5,5,0,1,0,0,1,1,1,0,4,4,1,4,4,4,4,4,2,4,5,5,5,5,5,5,4,5,5,5,3,5,4,4,5,1,5,0.5,2,3.666667,5,4.666667,4.333333,4.333333,3.486486,5,4,5,5,2,2,5,5,4,5,5,5,2,2,5,2,5,1,5,2,4,80,2,2,4,4,2,1,4,2,2,4,5,2,1,1,5,5,5,1,5,2,2,4,61,No issues or problems with this study.,70,Female,White,Other,1385
5dedf0483711364928753ecd,44900.70605,44900.72215,0,,100,1391,1,44900.72216,R_1d049k4fNYfG4CM,,,anonymous,EN,1,1,5dedf0483711364928753ecd,6,6,1,1,1,1,6,6,5,1,1,6,6,5,5,1,6,6,1,1,1,6,6,6,4,1,1,6,6,3,1,1,6,6,6,3.17,1.67,1,4.06,1,1,1,0,0,0,1,1,2,2,2,1,1,2,1,3,2,1,2,1.727273,1,1,1,1,1,1,1,1,1,1,1,1,1,1,1,1,1,1,1,1,1,2,1,1,2,4,4,2,4,1,4,4,3,3,3,3,37,0,0,6,6,0,1,4,0,1,6,0,6,3,0,2,6,0,6,6,0,1,0,4.428571,3.285714,2.571429,3,1,2,2,1,1,1,1,2,2,4,4,5,3,4,4,1,3,3,3,1,2,1,1,3,3,1,4,3,3,4,1,2,2,5,5,4,1,2,1.333333,4,2.166667,1.8,3.333333,1.666667,4.666667,2.567568,2,5,5,5,5,4,3,4,2,4,5,5,4,4,2,1,4,1,4,2,3,74,1,2,1,2,1,2,1,1,1,1,2,2,1,1,2,3,1,1,1,1,1,4,29,NA,37,Male,Asian,Full-Time,2089
5df1822669a11709f1421d2e,44901.35487,44901.36622,0,,100,979,1,44901.36624,R_33DalMdX88mhvhg,,,anonymous,EN,1,1,5df1822669a11709f1421d2e,5,4,4,5,4,1,4,4,3,4,4,5,5,3,4,4,4,5,5,5,4,6,4,3,3,4,4,4,2,3,5,4,6,4.33,3.83,3.5,4.5,4,0.08,6,5,7,1,1,0,1,3,2,1,3,1,1,1,1,2,1,3,4,1.818182,2,2,3,2,2,2,2,2,1,2,4,2,2,1,1,3,4,2,2,2,1,2,1.727273,2.5,3,4,3,2,2,3,2,3,3,4,4,2,35,3,2,3,4,4,3,3,4,3,3,3,1,5,5,3,3,5,5,3,5,3,4,3.428571,3,3.476191,1,2,1,3,2,2,2,1,2,2,3,2,2,2,2,1,0,0,2,3,0,1,1,3,3,3,1,2,2,3,3,1,1,2,4,4,1,1,1.75,1.833333,2.2,1,2.2,2.666667,1.333333,3,1.891892,3,2,2,2,4,2,4,1,2,3,3,2,2,1,2,1,2,1,2,1,1,43,1,2,1,2,2,2,3,1,1,1,3,2,1,1,1,3,1,1,2,1,2,4,34,NA,64,Female,White,"Not in paid work (e.g. homemaker', 'retired or disabled)",986
5df2f2ed4c81b2201c6c782e,44900.76602,44900.77823,0,,100,1054,1,44900.77824,R_1mKPt2FE9UDMcr7,,,anonymous,EN,1,1,5df2f2ed4c81b2201c6c782e,5,5,3,4,3,1,5,5,3,3,3,6,6,2,4,4,5,5,4,5,5,6,6,5,4,3,4,5,3,3,4,4,6,5.33,4.83,3.17,3.83,3.83,1.47,1,1,2,1,0,0,1,2,3,2,2,2,2,1,2,2,2,3,4,2.272727,2,2,2,3,1,1,2,1,2,2,2,1,1,1,1,1,2,1,1,1,1,2,1.272727,1.7,3,4,4,4,2,4,2,4,1,4,2,3,37,5,3,4,5,3,5,5,5,5,5,2,3,6,2,4,5,4,4,5,6,4,3.571429,5.142857,4.142857,4.285714,4,4,2,3,1,2,1,1,1,4,3,2,3,3,3,3,4,3,4,4,3,4,4,4,4,4,3,4,4,4,4,4,4,4,4,4,5,1,3.25,1.666667,2.8,3.666667,3.8,4,4,4.333333,3.297297,2,2,4,2,4,4,4,4,4,4,4,4,4,4,4,2,4,4,4,3,2,73,2,4,2,1,4,2,4,2,2,1,4,2,2,2,2,4,2,4,4,4,2,4,56,NA,73,Female,White,"Not in paid work (e.g. homemaker', 'retired or disabled)",1059
5dfd077e3690bd03bfa91d48,44900.75046,44900.78492,0,,100,2976,1,44900.78493,R_1pSdIrSYVMwUdv5,,,anonymous,EN,1,1,5dfd077e3690bd03bfa91d48,3,3,5,4,2,1,3,2,3,3,3,3,5,3,4,6,3,1,6,5,4,6,1,5,5,6,3,6,1,3,5,3,6,3.17,2.83,4.17,4.5,3.5,-1.06,6,7,5,0,0,0,0,0,2,2,2,2,2,2,2,1,2,2,2,1.909091,1,1,1,1,1,1,1,1,1,1,2,1,1,1,1,1,1,1,1,1,1,2,1,1.1,2,4,2,2,2,2,4,2,1,2,2,2,27,5,1,4,5,1,5,4,1,4,4,2,4,5,2,4,4,2,4,4,6,5,2.142857,4.428571,4.285714,3.619048,3,4,3,3,1,1,1,0,2,2,4,5,3,4,2,4,3,4,3,3,3,3,3,3,4,0,4,4,3,3,4,3,3,3,4,3,4,1,3.25,1.166667,3.6,3.166667,2.8,3.333333,3,3.666667,2.945946,2,4,4,4,4,4,2,4,2,2,4,4,2,2,4,2,2,2,2,2,2,60,2,4,2,2,4,4,2,2,2,2,2,4,2,2,4,2,4,2,4,2,2,4,56,NA,56,Male,White,Full-Time,2991
5e0413f6d62abeed46e254f6,44905.25865,44905.26634,0,,100,664,1,44905.26635,R_27TjnrJZQCbEoIk,,,anonymous,EN,1,1,5e0413f6d62abeed46e254f6,3,5,4,4,5,1,4,5,5,4,4,6,6,5,3,5,3,3,5,5,5,6,4,3,5,5,4,3,2,3,4,5,6,3.83,4,4.5,4.17,4.67,-0.53,6,6,6,0,0,1,1,2,4,1,2,2,1,2,2,2,1,1,2,1.818182,1,1,1,1,1,1,2,1,1,1,2,1,1,1,1,1,1,1,1,1,1,2,1.090909,1.1,1,3,3,1,1,2,1,1,1,2,1,1,18,3,4,3,5,5,2,4,3,2,4,2,5,2,2,3,3,2,3,4,4,6,3.142857,3.571429,3.428571,3.380952,4,3,3,2,3,2,1,2,2,2,2,3,3,3,3,2,3,2,2,2,2,2,3,3,4,2,3,3,2,2,2,2,1,3,3,3,3,1,3,2,2.8,2.166667,3,2,2,3,2.486486,3,3,3,4,5,5,4,4,4,3,5,5,4,3,5,2,4,2,5,4,4,81,1,4,1,4,3,2,4,1,2,2,4,3,2,1,4,3,2,1,2,3,2,4,51,NA,24,Male,White,DATA_EXPIRED,668
5e059d2bb1fb05fd1f841142,44900.69266,44900.70402,0,,100,981,1,44900.70403,R_2ttxfXt4XTfuGUj,,,anonymous,EN,1,1,5e059d2bb1fb05fd1f841142,6,6,1,2,3,1,5,6,4,2,3,5,6,2,2,2,6,6,3,4,3,5,6,6,4,4,2,6,5,3,4,2,6,5.67,5.83,2.83,3,2.5,2.97,2,1,2,0,0,0,1,1,2,1,2,1,1,1,2,1,1,2,3,1.545455,1,1,2,1,1,1,1,1,1,2,2,1,2,1,1,2,2,1,2,1,1,2,1,1.7,4,4,4,4,4,4,4,2,2,2,2,4,40,4,2,5,5,2,3,3,2,3,4,2,3,4,2,3,4,3,4,4,3,3,2.285714,4,3.428571,3.238095,4,3,4,4,2,2,1,2,1,2,3,3,3,4,3,4,4,4,4,4,4,4,3,3,3,3,3,4,4,3,3,4,2,4,4,4,4,1,3.75,1.666667,3.2,4,3,3.333333,3.333333,4,3.243243,3,4,4,4,4,4,4,4,4,4,4,4,4,4,4,2,4,2,3,3,3,76,2,4,2,3,2,2,4,2,2,2,2,4,2,2,3,3,3,2,4,2,2,4,54,None,58,Male,White,Full-Time,1000
5e1371f92b12bd9a96c2d902,44900.78032,44900.80536,0,,100,2162,1,44900.80537,R_3PtS1YAgNF7NarD,,,anonymous,EN,1,1,5e1371f92b12bd9a96c2d902,1,1,1,1,1,1,1,1,1,1,1,1,1,1,1,1,1,6,6,4,6,6,1,3,6,6,1,1,1,1,6,1,6,1,2.17,2.67,3.17,1.83,-0.97,5,6,6,1,1,0,0,2,1,3,1,2,5,1,1,3,1,1,1,1.818182,1,1,1,1,1,1,1,1,1,1,1,1,1,1,1,1,1,1,1,1,1,2,1,1,4,4,4,4,4,5,4,4,4,4,4,4,49,3,0,0,3,3,0,3,0,0,6,0,3,0,0,0,2,6,0,6,0,2,1.285714,3.285714,0.7142857,1.761905,3,3,4,2,2,2,2,3,2,2,3,2,3,2,2,2,3,3,3,3,3,3,3,3,3,3,3,3,3,3,3,2,3,3,3,3,3,4,3,2.166667,2.4,3,3,3,2.666667,3,2.72973,4,4,4,4,4,4,3,4,4,4,4,5,4,4,4,5,4,4,4,5,4,86,2,4,2,4,2,2,4,4,2,4,2,2,2,4,2,4,2,4,3,2,2,4,59,NA,42,Female,White,Full-Time,2168
5e13ad514c81b2a01ae4aa9f,44900.8031,44900.81058,0,,100,646,1,44900.81059,R_1CI5QaDiMLs1Ood,,,anonymous,EN,1,1,5e13ad514c81b2a01ae4aa9f,6,6,1,1,1,1,6,6,3,1,2,6,6,4,3,1,6,6,3,1,2,6,6,6,4,1,4,4,6,1,1,1,6,5.67,6,2.67,1.33,1.83,3.89,1,1,1,0,0,0,1,1,4,3,3,1,2,3,1,1,2,3,4,2.454545,1,2,1,3,1,1,1,1,1,2,1,1,1,1,1,2,2,1,1,1,1,2,1.090909,1.5,5,4,3,5,4,3,5,5,3,3,4,3,47,0,4,6,0,0,4,0,0,0,3,2,0,4,1,6,0,6,4,0,1,6,2,1,3.714286,2.238095,0,2,3,0,5,4,5,4,5,5,5,5,2,0,5,0,0,0,0,0,1,0,0,0,0,3,0,0,0,4,0,0,0,0,3,1,0,1,1.25,4.666667,3.4,0.1666667,0.6,1.333333,0,1.333333,1.675676,3,3,3,4,4,4,4,4,3,3,3,5,4,4,3,2,3,3,3,3,3,71,1,3,1,1,4,4,1,1,1,1,1,3,3,1,1,1,1,1,1,1,1,4,33,NA,35,Female,White,Other,652
5e154952c76aa6b40619b1d3,44900.66609,44900.67476,0,,100,748,1,44900.67477,R_2mEESbA0c90KpzP,,,anonymous,EN,1,1,5e154952c76aa6b40619b1d3,5,5,1,2,2,1,6,5,2,2,1,5,5,3,3,1,6,6,1,2,1,6,2,5,2,1,1,3,6,2,2,1,6,4.5,5.33,1.83,2,1.17,3.25,1,1,1,0,0,0,1,1,3,1,2,2,1,1,1,1,1,2,1,1.454545,2,1,2,2,3,2,2,2,4,2,2,2,2,1,1,3,4,1,2,1,1,2,1.454545,2.6,4,5,4,4,4,4,1,4,4,4,4,3,45,0,0,4,1,1,0,1,0,3,0,0,3,0,1,2,0,3,5,1,2,2,1,0.4285714,2.714286,1.380952,1,1,0,0,1,0,0,0,1,1,2,2,4,3,4,1,2,0,0,0,2,0,1,1,1,0,0,1,0,1,0,0,0,0,0,0,0,1,0.5,0.5,3,0.6666667,0.6,0.3333333,0,0,0.8108108,2,1,2,2,3,3,3,2,2,4,2,4,4,3,2,1,3,1,2,1,1,48,1,1,1,1,1,1,3,1,1,1,1,1,1,1,1,1,2,1,2,2,2,4,27,i suspect im a bit of an outlier on some of these. im curious what you find about people who do not feel at home or comfortable or at piece in their body ever,31,Female,White,Other,758
5e16c978783225c8108ef055,44901.18704,44901.198,0,,100,947,1,44901.19803,R_2XcCFdTlaBRGNGl,,,anonymous,EN,1,1,5e16c978783225c8108ef055,1,5,1,1,1,1,1,5,1,1,1,1,6,1,1,1,1,6,6,5,4,6,1,6,1,5,3,1,1,1,4,5,6,1,4.83,1.83,2.83,2.5,0.53,7,7,7,0,1,0,1,2,4,2,3,3,2,4,3,3,2,3,4,3,1,1,1,1,1,1,1,1,1,1,1,1,1,1,1,1,1,1,1,1,1,2,1,1,2,5,5,2,5,4,4,1,1,1,1,1,32,1,2,2,4,4,1,4,1,2,3,1,1,5,3,2,1,2,1,4,5,3,2.571429,3.142857,1.714286,2.476191,4,5,4,4,2,3,1,1,2,4,4,4,2,2,4,3,4,4,3,3,3,3,3,3,2,3,2,4,2,4,3,2,3,3,3,2,3,1,4.25,2.166667,3.2,3.333333,2.6,3,2.666667,2.666667,3,3,2,5,5,5,5,5,4,4,5,4,5,3,3,5,5,2,3,4,4,4,85,2,1,1,2,4,1,1,1,1,1,2,1,1,1,1,1,1,2,2,1,1,4,29,NA,61,Male,White,Full-Time,954
5e1ded90e47974143a8d81da,44900.69704,44900.71481,0,,100,1536,1,44900.71483,R_WqidKHdyLqhaUXn,,,anonymous,EN,1,1,5e1ded90e47974143a8d81da,6,6,6,5,5,6,6,6,6,4,6,6,6,6,6,6,6,6,1,5,6,6,6,5,5,5,4,5,6,4,4,5,6,5.83,5.83,4.67,4.83,5.33,0.89,1,1,1,1,1,0,1,3,1,2,1,1,1,1,1,1,1,3,3,1.454545,1,1,1,1,1,1,1,1,3,1,1,1,1,1,1,2,1,1,1,1,1,2,1,1.3,1,2,4,1,2,1,4,2,1,1,1,2,22,6,5,6,6,2,6,6,1,5,6,4,5,6,6,6,6,6,4,6,6,6,4.285714,6,5.428571,5.238095,3,4,4,4,4,2,3,4,3,3,3,3,2,2,3,2,3,4,4,3,2,5,4,4,4,4,4,4,4,5,2,4,4,5,5,5,5,1,3.75,3.166667,2.6,3.5,4,3.666667,4.333333,5,3.594594,5,5,5,5,5,4,5,4,5,4,5,5,4,4,5,4,4,5,5,4,3,95,5,5,4,5,5,4,5,4,4,4,5,5,4,4,5,5,5,5,5,4,4,4,96,NA,68,Female,Black,DATA_EXPIRED,1551
5e1f8fbfb202032c463f3e06,44900.66872,44900.68203,0,,100,1150,1,44900.68203,R_2fDsP0Jga6UzLgJ,,,anonymous,EN,1,1,5e1f8fbfb202032c463f3e06,4,2,2,2,6,1,5,2,2,6,6,6,2,2,6,6,4,1,6,5,6,6,6,3,2,6,6,6,1,2,4,6,6,5.17,1.83,2.67,4.83,6,-1,7,7,7,1,1,1,1,4,3,4,3,3,3,3,2,3,3,3,4,3.090909,1,1,1,1,1,1,1,1,1,1,1,1,1,1,1,1,1,1,1,1,1,2,1,1,2,2,3,2,2,2,3,1,1,1,1,1,21,3,6,5,4,6,6,4,6,5,4,6,6,3,6,6,4,6,6,5,6,5,6,3.857143,5.571429,5.142857,2,2,3,2,2,2,2,2,2,3,4,5,4,3,4,1,1,3,3,2,3,1,0,0,2,3,2,3,2,1,2,0,0,2,5,1,3,1,2.25,2.166667,4,2.166667,1.4,1.666667,0.6666667,3,2.216216,4,5,5,5,5,4,5,5,4,4,5,3,3,3,5,2,5,4,5,4,2,87,1,1,1,1,1,1,1,1,1,1,1,1,1,1,1,1,1,1,1,1,1,4,21,NA,61,Female,White,Other,1158
5e21e741f814784d3180f004,44900.66831,44900.67877,0,,100,904,1,44900.67879,R_3L7LjF9ZuPh8cev,,,anonymous,EN,1,1,5e21e741f814784d3180f004,4,4,1,1,1,1,1,4,1,4,1,6,5,1,4,1,4,6,1,1,3,4,5,4,1,4,4,1,6,1,2,1,6,3.5,4.83,1,2.67,1.83,2.33,1,1,1,0,0,0,1,1,2,2,2,2,2,2,2,2,2,2,2,2,1,4,4,3,3,1,2,2,3,4,2,2,4,4,2,4,4,1,4,2,2,2,2.090909,3.5,5,5,5,5,5,5,5,5,5,5,5,5,60,3,6,6,3,6,6,3,6,6,3,6,6,3,5,6,3,6,6,3,6,6,5.857143,3,6,4.952381,3,2,0,0,5,0,5,5,2,2,1,0,0,0,0,2,0,5,2,0,0,2,4,3,2,0,5,2,2,1,0,2,0,1,4,1,2,1,1.25,3.166667,0.2,1.5,2.8,1,1,2.333333,1.756757,4,2,4,4,4,2,4,4,4,2,4,4,2,2,4,2,4,4,4,2,2,68,2,4,2,4,4,2,4,2,2,2,4,2,4,2,4,4,4,2,4,2,4,4,64,NA,42,Female,Black,Part-Time,911
5e2b74daae56b71b9d24d89b,44900.70451,44900.71684,0,,100,1064,1,44900.71685,R_9Sp2P7dnwtq6yI1,,,anonymous,EN,1,1,5e2b74daae56b71b9d24d89b,5,4,4,4,4,1,5,4,3,3,5,6,3,3,5,2,6,4,5,6,5,6,6,5,1,4,5,6,1,1,5,6,6,5.67,3.5,2.83,4.5,4.5,0.64,6,7,6,1,1,1,0,3,2,4,2,2,2,2,2,2,2,2,2,2.181818,1,1,1,1,1,1,1,1,1,1,1,1,1,1,1,1,1,1,1,1,1,2,1,1,1,1,4,4,1,1,1,1,1,1,1,1,18,6,5,5,6,5,5,5,6,5,5,5,5,6,6,5,5,6,6,6,6,5,5.571429,5.571429,5.142857,5.428571,1,3,3,3,4,4,1,3,3,4,1,1,3,1,4,3,3,2,4,4,4,4,2,3,1,5,4,4,2,4,4,3,1,4,4,5,4,1,2.5,3.166667,2,3.5,3,3.333333,2.666667,4.333333,3.054054,4,4,4,4,4,4,2,4,4,3,4,4,4,4,4,1,4,2,4,2,4,74,2,3,2,2,2,2,4,2,2,2,3,2,2,2,3,2,2,2,4,2,2,4,49,NA,67,Female,White,Part-Time,1077
5e2d295390840b3279624b90,44900.85741,44900.87749,0,,100,1735,1,44900.8775,R_1C3FKbUmWjCB5j4,,,anonymous,EN,1,1,5e2d295390840b3279624b90,5,5,4,4,4,1,5,4,4,5,6,6,6,4,5,6,6,6,4,5,4,6,6,6,5,5,5,5,3,4,5,5,6,5.5,5,4.17,4.83,5,0.58,6,7,5,1,0,0,1,2,3,2,3,1,1,2,2,2,2,1,3,2,1,1,2,2,2,1,2,1,3,2,1,1,2,1,1,2,2,1,2,1,1,2,1.090909,2,2,4,4,2,4,2,2,3,2,4,2,2,33,5,3,6,6,1,4,6,5,2,6,5,1,6,3,4,6,6,3,6,6,4,4.142857,5.857143,3.428571,4.476191,4,3,3,1,3,1,1,2,1,3,3,4,3,3,3,3,3,2,3,3,3,3,2,3,4,5,4,2,3,5,4,1,1,3,4,3,3,1,2.75,1.833333,3.2,2.833333,3.6,4,1.666667,3.333333,2.837838,4,5,4,4,5,5,4,4,4,4,5,5,3,4,5,2,4,2,4,3,3,83,2,4,1,4,4,2,4,1,2,2,3,1,2,1,4,4,4,1,4,1,2,4,53,NA,71,Female,White,"Not in paid work (e.g. homemaker', 'retired or disabled)",1787
5e2f5b28129198070e2996db,44900.68804,44900.70953,0,,100,1855,1,44900.70953,R_3O2jdJB9wOxWkHy,,,anonymous,EN,1,1,5e2f5b28129198070e2996db,4,4,4,5,5,1,5,4,4,5,4,5,5,4,5,6,5,5,5,6,5,6,5,5,3,4,4,5,1,3,4,6,6,4.83,4,3.83,4.83,5,-0.14,6,6,6,1,1,1,0,3,3,2,3,2,2,3,2,3,3,2,3,2.545455,2,2,2,2,1,2,1,2,1,2,4,1,1,1,1,2,2,1,2,1,1,2,1.363636,1.9,2,4,4,2,3,4,3,2,2,3,2,2,33,3,6,6,6,6,6,3,5,5,6,5,4,6,6,5,4,6,5,5,6,6,5.714286,4.714286,5.285714,5.238095,1,3,2,3,1,1,1,2,2,1,3,2,3,3,2,0,2,0,2,1,2,2,1,3,2,2,2,3,3,2,2,1,1,4,1,2,2,1,2.25,1.333333,2.6,1.5,2,2.333333,2,1.666667,1.891892,4,4,4,4,4,4,4,4,4,4,4,4,4,4,4,4,4,3,4,4,4,83,3,2,2,3,2,2,2,2,3,3,3,3,2,3,3,2,3,3,4,4,3,4,57,NA,78,Female,White,"Not in paid work (e.g. homemaker', 'retired or disabled)",1865
5e38e79295ff561112eae457,44901.8852,44901.91198,0,,100,2314,1,44901.91199,R_1lh5qrFSLTq3u80,,,anonymous,EN,1,1,5e38e79295ff561112eae457,4,6,3,4,1,1,6,6,4,1,1,6,6,3,6,1,6,6,5,4,1,6,5,6,2,2,1,5,6,3,2,1,6,5.33,6,3.33,3.17,1,3.17,2,2,1,0,0,0,1,1,3,1,3,2,1,2,2,1,1,2,1,1.727273,1,1,1,2,1,1,1,1,1,1,1,1,1,1,1,1,1,1,1,1,1,2,1,1.1,3,5,5,5,5,4,5,4,4,4,4,4,52,4,0,6,5,0,6,4,0,2,5,1,4,5,0,2,3,2,5,4,1,5,0.5714286,4.285714,4.285714,3.047619,5,5,3,5,4,2,1,1,2,2,3,2,2,2,2,4,3,3,4,4,3,4,1,0,2,5,2,4,2,5,3,0,2,1,4,4,3,1,4.5,2,2.2,3.5,2,3.333333,1,3.666667,2.810811,3,4,3,5,3,4,4,2,4,4,4,5,4,4,4,1,5,1,3,2,1,70,4,3,3,4,4,4,4,3,4,3,3,4,2,3,2,4,4,2,4,4,2,4,70,NA,37,Male,White,DATA_EXPIRED,2319
5e45db9c36b2e20888a64f5f,44900.8809,44900.8892,0,,100,716,1,44900.88922,R_1DGzRWGaDVefcRl,,,anonymous,EN,1,1,5e45db9c36b2e20888a64f5f,5,5,5,5,5,1,5,5,5,5,5,5,5,5,5,4,5,5,2,4,2,5,4,5,5,5,4,5,5,2,4,4,6,4.83,5,4,4.67,4,0.69,1,1,1,1,0,1,1,3,3,2,4,2,2,2,2,2,2,3,2,2.363636,1,1,1,1,1,1,1,1,2,3,1,1,2,1,1,2,1,1,1,1,1,2,1,1.5,4,4,4,2,4,4,4,4,2,4,2,2,40,2,3,1,4,3,3,2,3,2,5,3,2,3,3,4,3,3,2,1,3,1,3,2.857143,2.142857,2.666667,4,4,4,4,1,1,1,1,1,1,1,1,4,4,1,4,4,4,4,4,4,4,4,4,4,4,4,4,4,4,4,4,4,4,4,4,4,1,4,1,2.2,4,4,4,4,4,3.27027,4,4,4,4,4,4,4,4,4,4,4,4,4,4,4,2,2,4,4,3,4,79,3,3,3,3,3,3,4,3,3,3,3,3,3,3,3,3,3,3,3,3,3,4,64,NA,42,Male,White,Unemployed (and job seeking),722
5e5080883771350caf2d9fda,44904.8369,44904.86179,0,,100,2151,1,44904.86181,R_3oGZrTZjYOnz9m2,,,anonymous,EN,1,1,5e5080883771350caf2d9fda,5,6,2,5,6,1,6,6,6,2,6,6,5,5,6,3,6,6,3,5,4,6,6,6,4,4,6,4,3,5,6,3,6,5.5,5.33,4.17,4.67,4.67,0.92,3,2,3,1,0,0,1,2,3,2,3,1,1,3,1,2,1,3,3,2.090909,1,1,1,1,1,1,1,1,1,1,2,1,1,1,1,1,1,1,1,1,1,2,1,1.1,5,4,4,5,4,5,4,2,2,5,3,4,47,6,2,6,6,0,6,6,1,5,6,2,4,6,0,6,6,6,6,6,0,5,1.571429,6,5.428571,4.333333,5,5,5,5,3,2,1,1,2,3,2,2,3,3,2,3,4,4,3,4,3,4,5,4,5,4,5,2,3,3,4,4,2,5,5,5,5,1,5,2,2.4,3.666667,4.6,3.333333,3.666667,5,3.513514,4,5,4,5,5,5,4,4,4,4,5,5,5,4,5,4,5,4,3,4,3,91,3,3,3,3,3,3,2,2,2,2,3,3,3,2,4,2,2,2,1,1,2,4,51,Good luck with your research! :),28,Male,White,Full-Time,2162
5e5553e6bcdb1e55a43c78f7,44900.67528,44900.68449,0,,100,795,1,44900.6845,R_2SitIvOsF3U9ZdG,,,anonymous,EN,1,1,5e5553e6bcdb1e55a43c78f7,5,5,2,2,1,2,6,5,2,1,1,5,5,4,4,1,3,5,3,2,1,4,3,5,1,3,1,6,1,2,5,1,6,4.67,4.33,2.33,2.83,1,2.44,6,5,6,0,0,0,1,1,4,4,1,3,2,4,2,2,2,4,5,3,1,2,2,1,1,2,2,1,1,1,1,1,1,2,2,1,1,1,1,1,1,2,1.454545,1.1,4,4,4,2,5,3,5,3,2,3,2,2,39,3,2,2,5,0,5,5,0,4,6,0,4,5,0,4,4,4,0,6,1,1,1,4.857143,2.857143,2.904762,3,3,3,4,2,4,1,4,4,4,2,4,2,4,4,1,2,3,2,3,3,2,4,3,2,3,3,3,3,4,4,1,2,1,3,1,2,1,3.25,3.166667,3.2,2.5,3,3.666667,1.333333,2,2.783784,4,5,4,4,5,5,4,5,5,5,5,4,5,4,5,2,5,4,4,4,4,92,3,3,3,3,4,4,1,4,4,5,2,2,2,3,3,5,3,2,2,1,1,4,60,NA,62,Male,White,Part-Time,803
5e555e3152f93b5508f5bc16,44904.86645,44904.87569,0,,100,799,1,44904.87571,R_1f3LYiC8YOq38Sa,,,anonymous,EN,1,1,5e555e3152f93b5508f5bc16,6,5,3,6,6,1,6,6,6,5,6,6,6,6,6,4,6,6,2,5,5,6,6,6,4,4,5,4,3,4,6,1,6,5.67,5.33,4.17,5.33,4.5,0.83,2,1,2,1,1,0,0,2,3,1,3,1,1,2,1,2,1,2,3,1.818182,1,1,1,1,1,1,1,1,1,1,1,1,1,1,1,1,1,1,1,1,2,2,1.090909,1,5,4,5,5,4,5,5,2,2,5,3,5,50,5,5,6,6,0,4,5,3,6,6,5,5,6,3,6,5,6,5,6,0,6,3.142857,5.571429,5.428571,4.714286,4,5,5,5,3,1,2,2,1,1,1,1,2,2,1,4,3,4,3,3,3,4,2,3,4,5,4,2,4,3,3,2,1,5,5,5,5,1,4.75,1.666667,1.4,3.333333,3.6,3.333333,2.666667,5,3.054054,5,5,4,5,5,5,5,5,3,4,5,5,5,3,5,3,5,3,4,3,4,91,2,4,3,2,3,3,4,2,2,2,4,3,2,2,2,1,1,1,3,1,1,4,48,Everything went well! Thanks!!,26,Female,White,Full-Time,815
5e65c5b41e30883349a25a61,44900.66931,44900.68807,0,,100,1620,1,44900.68808,R_3D09ef8MOfemo8r,,,anonymous,EN,1,1,5e65c5b41e30883349a25a61,6,6,2,3,3,1,5,4,6,4,2,6,6,6,2,1,6,6,1,1,2,5,5,3,1,1,2,3,2,2,1,1,6,5.17,4.5,3,2,1.83,2.56,1,1,1,0,0,0,1,1,1,1,1,1,1,1,1,1,1,1,1,1,3,3,3,3,3,2,2,3,4,2,2,2,4,2,2,3,2,2,3,2,2,2,2.272727,2.9,5,5,5,4,5,5,5,4,4,4,4,4,54,4,0,3,2,0,1,2,0,0,6,0,2,1,0,0,2,1,1,1,0,0,0.1428571,2.571429,1,1.238095,1,3,2,3,0,0,0,0,0,0,2,2,1,1,3,0,2,3,1,2,4,2,1,3,3,3,2,1,1,2,1,3,4,4,2,1,3,1,2.25,0,1.8,2.333333,2.4,1.333333,3.666667,2,1.783784,5,2,4,2,4,4,3,3,4,3,4,5,4,2,5,1,4,1,4,2,4,70,4,1,4,4,3,3,3,1,2,2,4,1,3,2,3,1,4,3,1,1,2,4,52,NA,33,Male,White,"Not in paid work (e.g. homemaker', 'retired or disabled)",1632
5e6fca371814a4594af2f420,44901.54972,44901.56144,0,,100,1011,1,44901.56146,R_2ve8JY39PIlj0Yz,,,anonymous,EN,1,1,5e6fca371814a4594af2f420,5,5,2,4,3,1,5,3,5,3,4,5,6,2,3,1,5,5,4,4,4,6,6,5,4,3,3,4,4,4,4,2,6,5,4.67,3.5,3.5,2.83,1.56,3,2,4,0,1,0,1,2,3,2,2,1,1,2,2,2,2,3,2,2,2,1,1,1,2,1,1,1,1,2,1,1,1,1,1,1,1,1,1,1,1,2,1.090909,1.2,2,4,4,2,5,4,5,3,2,2,3,3,39,2,2,3,5,0,1,4,1,3,3,0,2,5,0,3,4,3,2,5,1,4,1,4,2.571429,2.523809,3,3,3,3,3,3,2,3,2,3,2,3,2,3,3,2,3,3,3,3,3,3,4,4,3,4,4,4,3,4,4,3,2,3,5,4,4,1,3,2.666667,2.6,3,3.8,3.666667,2.666667,4.333333,3.135135,2,4,2,3,2,4,2,5,4,3,3,3,4,2,3,2,4,2,3,2,2,61,4,3,3,2,3,2,3,2,1,2,3,2,2,1,2,1,2,2,3,1,1,4,45,NA,30,Male,White,Part-Time,1020
5e742af79064483aedad296c,44900.66563,44900.67488,0,,100,799,1,44900.67489,R_3RgvfDCumZJXTne,,,anonymous,EN,1,1,5e742af79064483aedad296c,4,3,2,2,3,1,2,3,3,2,3,5,4,2,5,1,5,4,2,4,2,6,5,4,4,4,5,3,5,2,5,1,6,4,3.83,2.5,3.67,2.5,1.03,2,2,2,0,0,0,1,1,3,4,2,1,2,1,2,2,2,1,2,2,1,1,1,1,1,1,1,1,2,1,2,1,1,1,1,1,1,1,1,1,1,2,1,1.2,1,3,5,1,4,4,4,1,1,2,1,3,30,1,2,5,3,0,0,3,1,0,4,0,2,4,2,3,3,1,3,1,1,0,1,2.714286,1.857143,1.857143,4,4,4,3,4,2,2,2,1,2,4,3,1,4,2,1,2,2,4,3,3,3,3,3,4,2,3,3,3,3,3,3,2,3,4,4,4,1,3.75,2.166667,2.8,2.833333,3,3,2.666667,4,2.891892,4,5,4,5,4,4,5,5,4,4,4,5,4,4,5,2,5,1,5,4,4,87,1,2,1,2,1,1,4,1,1,2,2,1,1,1,2,2,1,1,3,1,1,4,32,NA,50,Male,White,Full-Time,818
5e7a0da5c8327f0406f24b9a,44902.27808,44902.29697,0,,100,1632,1,44902.297,R_r3zKpKZxmAhOAkp,,,anonymous,EN,1,1,5e7a0da5c8327f0406f24b9a,4,4,3,3,4,1,4,4,4,4,4,4,4,4,4,3,3,4,3,4,4,5,4,4,3,4,4,4,3,3,3,3,6,3.83,3.83,3.33,3.67,3.67,0.28,2,2,2,1,0,0,1,2,2,2,2,2,2,3,2,2,2,2,2,2.090909,2,2,2,2,2,2,2,2,2,2,2,2,3,2,2,2,2,2,3,2,2,2,2,2.2,4,4,4,4,4,3,4,4,4,4,4,3,46,2,2,4,3,3,4,3,1,5,3,4,5,3,4,5,3,6,4,3,3,6,3.285714,2.857143,4.714286,3.619048,2,2,2,2,2,3,3,2,3,3,3,3,2,2,3,2,2,3,2,2,3,3,2,2,2,2,1,3,3,2,3,3,2,2,3,2,3,1,2,2.666667,2.6,2.5,1.8,2.666667,2.333333,2.666667,2.405406,3,2,3,2,2,3,3,3,3,3,3,3,3,3,4,2,3,3,3,3,3,60,2,2,2,2,3,2,2,2,2,2,3,2,2,2,2,2,3,2,3,2,2,4,46,NA,37,Female,White,Full-Time,1638
5e7a6846f0f631000a4e2b9d,44901.30488,44901.31397,0,,100,784,1,44901.31398,R_3sB7cThyfKELoX5,,,anonymous,EN,1,1,5e7a6846f0f631000a4e2b9d,6,3,2,5,3,1,1,1,2,2,1,3,5,2,4,1,5,6,6,6,1,6,6,6,4,1,1,6,1,1,6,4,6,4.5,3.67,2.83,4,1.83,1.19,2,2,2,0,1,0,0,1,2,2,2,1,1,1,1,1,1,1,1,1.272727,1,1,1,1,1,1,1,1,1,1,1,1,1,1,1,1,1,1,1,1,1,2,1,1,1,4,5,1,4,2,4,1,1,1,1,1,26,1,0,4,1,0,0,4,0,1,3,0,0,6,0,2,5,0,0,5,0,0,0,3.571429,1,1.52381,5,5,5,5,5,4,0,5,4,4,4,5,5,5,5,5,5,5,5,5,5,5,5,4,3,5,5,5,5,5,4,5,5,5,5,5,4,1,5,3.666667,4.8,5,4.4,4.666667,5,4.666667,4.621622,4,5,5,5,5,5,5,4,4,4,5,5,5,4,5,2,5,2,4,4,4,91,4,4,2,4,4,2,5,2,1,1,4,2,1,1,4,4,5,2,2,2,2,4,58,NA,56,Male,White,Full-Time,790
5e89533c4d3d675e800bfc7c,44900.74124,44900.75483,0,,100,1173,1,44900.75484,R_3npbT2BIuGZzb4f,,,anonymous,EN,1,1,5e89533c4d3d675e800bfc7c,3,4,3,4,4,3,3,4,3,2,4,3,3,2,3,4,3,4,4,3,3,2,3,4,3,2,2,3,3,4,3,2,6,3,3.67,3.17,2.83,3.17,0.28,4,4,4,0,1,1,1,3,4,3,3,4,4,3,3,4,3,3,3,3.363636,3,2,2,1,2,1,3,2,2,3,2,3,2,1,2,2,2,3,2,3,2,2,2.272727,2,2,3,2,2,3,3,3,2,2,2,3,2,29,0,1,2,3,0,1,2,0,4,2,1,3,2,1,3,1,4,2,3,0,0,1,1.857143,2.142857,1.666667,1,2,2,2,3,3,4,2,4,2,4,3,2,2,4,3,2,2,3,1,1,2,1,1,2,3,3,2,1,3,2,2,2,1,3,3,1,1,1.75,3,3,1.833333,2,2,1.666667,2.333333,2.27027,2,3,2,2,3,2,3,3,2,2,2,2,3,2,3,2,2,2,2,3,4,51,2,2,2,2,1,2,2,2,2,3,3,2,3,2,3,3,2,3,2,4,2,4,49,NA,35,Male,White,Full-Time,1318
5e89ce643ac81466c24cb5d8,44900.76565,44900.77735,0,,100,1011,1,44900.77736,R_1Y5iAHxcgid404p,,,anonymous,EN,1,1,5e89ce643ac81466c24cb5d8,5,5,1,1,3,1,3,4,3,1,3,5,6,4,3,1,6,6,1,1,1,5,4,6,1,1,2,4,6,1,1,1,6,4.5,5.5,1.83,1.33,1.83,3.33,1,1,1,0,0,0,1,1,3,2,2,1,2,2,2,2,2,2,3,2.090909,1,1,2,3,1,1,1,1,1,3,1,1,1,1,1,1,1,1,1,1,1,2,1,1.5,3,3,3,3,3,3,3,3,3,4,4,3,38,0,1,3,4,0,0,0,0,0,3,5,1,2,0,2,2,6,1,0,1,2,1.857143,1.571429,1.285714,1.571429,1,1,1,1,4,3,4,4,4,4,4,4,1,1,0,1,1,1,1,1,1,1,1,1,1,1,1,1,1,1,1,1,1,1,2,2,2,1,1,3.833333,2,1,1,1,1,2,1.675676,1,4,4,4,4,4,4,4,4,4,4,4,4,4,5,3,4,1,4,4,4,78,2,4,3,4,4,4,4,4,4,4,4,4,4,4,2,4,4,4,4,4,4,4,79,NA,32,Female,Other,DATA_EXPIRED,1018
5e8b89d0afcb1606e761ef7f,44901.32029,44901.33172,0,,100,988,1,44901.33173,R_2QRs0i80lxQETtN,,,anonymous,EN,1,1,5e8b89d0afcb1606e761ef7f,3,3,4,4,5,1,5,4,4,4,4,6,6,4,4,4,5,4,5,6,5,6,2,3,4,5,5,1,3,2,5,3,6,3.67,3.83,3.83,4.67,4.33,-0.53,6,6,6,1,0,1,1,3,3,1,4,3,2,2,1,2,1,4,2,2.272727,1,1,1,1,1,1,1,1,1,1,1,1,1,1,1,1,1,1,1,1,1,2,1,1,1,3,4,2,2,1,2,3,1,1,1,1,22,4,0,1,5,0,3,3,4,1,3,0,2,6,3,3,4,3,0,5,0,1,1.428571,4.285714,1.571429,2.428571,4,4,4,3,4,3,3,4,3,3,4,5,4,4,4,4,3,4,4,4,4,4,5,4,4,3,4,4,4,4,4,4,4,4,4,4,4,1,3.75,3.333333,4.2,3.833333,4,4,4,4,3.864865,5,4,4,5,5,5,5,5,5,5,5,5,5,5,5,4,4,3,5,4,4,97,1,1,1,1,1,1,1,1,1,1,1,1,1,1,1,1,1,1,1,1,1,4,21,NA,33,Male,White,Full-Time,993
5e8ccdf9b3423e07b04b4853,44900.68392,44900.70372,0,,100,1710,1,44900.70375,R_1pGada0pz4ywvPP,,,anonymous,EN,1,1,5e8ccdf9b3423e07b04b4853,2,4,3,5,2,1,6,5,2,2,1,4,6,4,6,1,5,4,5,5,2,5,6,5,6,5,2,2,2,2,6,4,6,4.17,4.33,3.67,4.83,2,0.75,6,6,6,0,1,0,1,2,2,2,2,2,2,2,2,2,2,2,3,2.090909,1,1,1,1,1,1,1,1,1,1,1,1,1,1,1,1,1,1,2,1,1,2,1,1.1,2,4,4,2,3,2,4,1,1,1,2,2,28,1,1,3,3,3,1,2,4,3,2,3,1,3,1,4,6,4,1,1,2,1,2.571429,2.571429,2,2.380952,5,5,3,2,1,3,0,0,3,3,5,4,5,4,3,5,1,5,1,1,1,1,2,1,3,5,2,2,3,2,3,1,1,2,3,3,3,1,3.75,1.666667,4.2,1.666667,2.6,2.666667,1.333333,3,2.621622,5,4,5,5,5,5,5,5,5,5,5,2,4,4,4,4,5,2,3,3,3,88,2,5,1,5,5,3,5,2,2,2,1,1,3,3,2,1,5,1,3,1,3,4,56,NA,45,Female,White,Full-Time,1718
5e8ce1a772724409e8ec0404,44900.73882,44900.74885,0,,100,866,1,44900.74886,R_3nVQySddCOlfIaR,,,anonymous,EN,1,1,5e8ce1a772724409e8ec0404,6,6,1,3,2,1,2,6,6,2,3,6,6,2,5,1,5,5,2,5,5,6,6,4,4,4,4,5,4,3,4,4,6,5,5.17,3,3.83,3.17,1.75,2,2,3,0,0,0,1,1,3,2,3,2,2,2,2,2,2,2,3,2.272727,1,1,1,1,1,1,1,1,1,1,2,1,2,1,1,1,1,1,1,1,1,2,1,1.2,4,2,2,4,2,2,2,3,2,3,4,3,33,3,3,5,4,0,0,2,0,1,3,2,5,1,0,4,4,6,5,1,0,3,1.571429,2.571429,3.285714,2.476191,4,4,5,3,2,2,1,2,2,2,1,1,4,3,2,3,4,2,4,3,3,4,3,4,3,4,5,4,4,3,3,3,3,4,4,5,4,1,4,1.833333,2.2,3.333333,3.8,3.333333,3.333333,4.333333,3.162162,4,5,4,4,5,5,4,5,5,4,4,5,4,5,5,3,5,3,4,4,4,91,4,5,3,4,5,5,5,4,4,4,5,4,5,5,4,5,4,3,5,4,4,4,91,NA,21,Female,Asian,Other,871
5e8d44819163b611f62d706c,44900.73477,44900.7694,0,,100,2991,1,44900.76941,R_3JhpA9TZFQ4w89z,,,anonymous,EN,1,1,5e8d44819163b611f62d706c,4,3,3,4,5,1,5,5,5,2,5,6,2,3,5,5,5,5,4,5,5,6,4,5,3,5,6,4,3,4,4,5,6,4.67,3.83,3.67,4.17,5.17,-0.08,6,6,6,1,1,1,1,4,3,2,3,2,2,3,2,3,2,4,3,2.636364,1,2,3,3,3,1,2,1,3,2,2,2,2,1,1,1,2,1,1,1,1,2,1.272727,2.2,3,4,3,3,5,4,4,4,3,4,4,4,45,4,5,3,4,3,3,3,6,3,4,5,4,3,6,4,3,4,6,4,4,4,4.714286,3.571429,3.857143,4.047619,3,3,3,1,1,3,2,2,2,3,2,4,3,2,2,2,2,2,2,3,2,2,2,3,4,4,3,2,3,3,3,2,2,3,2,2,2,1,2.5,2.166667,2.6,2.166667,3.2,3,2.333333,2,2.45946,4,4,3,4,4,3,4,4,3,3,4,3,3,3,4,2,4,2,3,2,2,68,2,5,1,4,3,2,3,3,3,3,4,2,3,4,3,3,4,1,1,3,3,4,60,NA,31,Female,White,Other,3001
5e937e8e4d246b6b4162ae72,44901.4317,44901.44043,0,,100,754,1,44901.44044,R_2qF7MmE7Yi7Wk4A,,,anonymous,EN,1,1,5e937e8e4d246b6b4162ae72,3,6,2,1,2,1,2,5,2,2,2,4,6,2,5,3,2,6,6,4,5,6,1,4,3,5,4,5,1,4,4,5,6,2.83,4.67,3.17,3.5,3.5,0.36,6,6,7,1,0,0,1,2,4,1,2,2,2,1,2,2,2,2,3,2.090909,1,2,1,2,1,1,1,1,1,3,1,1,1,1,1,2,1,1,1,1,1,2,1.090909,1.4,4,4,5,4,4,3,4,4,2,2,4,3,43,1,3,3,3,4,2,1,1,1,1,1,3,2,2,1,1,0,3,2,2,2,1.857143,1.571429,2.142857,1.857143,3,4,1,2,0,1,0,1,1,1,1,3,1,3,4,4,2,2,4,3,4,1,3,3,4,2,3,3,3,1,3,2,2,3,4,2,4,1,2.5,0.6666667,2.4,2.666667,3,2.333333,2.333333,3.333333,2.378378,5,3,5,3,5,4,5,4,4,4,5,4,5,3,4,4,4,2,2,3,2,80,2,2,1,2,3,3,1,4,3,3,4,2,2,1,1,4,4,3,1,1,2,4,49,none,33,Male,White,Full-Time,762
5e97af0bca82b6278c859323,44905.56813,44905.57823,0,,100,873,1,44905.57824,R_ZvO8hXJGf7dGQSZ,,,anonymous,EN,1,1,5e97af0bca82b6278c859323,2,4,3,3,6,1,5,5,5,3,5,6,6,4,4,6,5,5,6,4,6,6,2,5,4,6,6,5,1,4,1,6,6,4.17,4.33,4.33,3.5,5.83,-0.31,7,7,7,1,1,1,1,4,4,3,5,3,2,3,2,3,3,4,4,3.272727,1,1,2,2,1,1,1,1,2,2,2,1,1,1,1,2,2,1,2,1,1,2,1,1.8,4,4,4,4,4,4,2,4,1,4,4,4,43,4,5,6,5,1,4,4,6,4,4,6,6,5,6,4,5,6,6,4,6,6,5.142857,4.428571,5.142857,4.904762,3,4,3,3,2,2,1,0,2,2,2,2,3,3,1,3,3,3,4,3,3,3,4,4,4,4,4,3,3,2,4,3,4,4,4,4,4,1,3.25,1.5,2.2,3.166667,4,3,3.666667,4,2.972973,3,5,3,5,5,5,4,5,5,5,5,5,5,4,5,2,5,2,4,4,5,91,2,5,2,5,5,4,4,3,4,4,4,4,3,3,2,2,2,2,4,3,4,4,71,none,27,Female,White,Part-Time,877
5e987098f1bb6707dca13f5b,44900.72362,44900.73508,0,,100,990,1,44900.7351,R_1d3NKDRUJR3Wlc8,,,anonymous,EN,1,1,5e987098f1bb6707dca13f5b,5,5,5,4,5,1,6,5,4,5,5,6,4,5,5,6,4,4,6,6,6,6,6,5,4,6,6,3,2,3,5,6,6,5,4.17,4.5,5.17,5.67,-0.53,3,5,3,1,1,0,1,3,3,2,3,4,3,2,3,2,3,4,4,3,2,1,1,2,1,1,2,1,1,2,1,1,1,1,1,2,1,1,1,1,1,2,1.181818,1.3,3,4,5,3,3,4,4,2,1,2,2,2,35,1,4,5,4,3,4,3,4,3,4,5,3,2,1,5,3,3,2,2,0,4,2.857143,2.714286,3.714286,3.095238,3,5,4,4,0,1,0,0,0,0,1,4,4,5,3,4,4,5,4,4,2,4,5,3,3,3,2,3,2,4,3,3,1,4,3,4,4,1,4,0.1666667,3.4,3.833333,3.2,3,2.666667,3.666667,2.918919,5,5,5,5,5,5,2,5,2,3,5,5,3,3,4,2,5,2,5,2,2,80,3,3,2,3,2,2,4,1,3,2,4,1,2,2,2,2,2,2,3,2,2,4,49,Thank you.,56,Female,White,Full-Time,999
5e9f3f09ccc75a0c345e4845,44900.6738,44900.68887,0,,100,1302,1,44900.68888,R_PYbSPnZttcbMAXT,,,anonymous,EN,1,1,5e9f3f09ccc75a0c345e4845,5,5,2,2,2,2,5,5,2,2,2,5,5,2,2,2,5,5,3,2,2,5,5,3,2,2,2,5,5,2,2,2,6,5,4.67,2.17,2,2,2.78,2,2,3,0,0,0,1,1,3,3,2,2,2,2,2,3,2,2,3,2.363636,1,1,1,1,1,1,1,1,1,1,1,1,1,1,1,1,1,1,1,1,1,2,1,1,2,3,2,1,2,2,2,1,1,1,1,1,19,1,1,3,1,1,2,1,3,1,1,1,3,1,1,1,1,2,2,1,3,2,1.714286,1,2,1.571429,3,3,3,2,3,3,2,3,3,3,3,3,3,3,4,2,3,3,2,3,3,3,3,1,2,3,3,3,3,3,3,3,3,2,3,3,3,1,2.75,2.833333,3.2,2.833333,2.4,3,2.666667,3,2.810811,4,4,4,4,4,4,4,4,4,3,4,4,3,3,4,3,4,3,4,3,3,77,2,2,2,2,2,2,3,2,2,2,2,2,2,2,2,2,2,2,2,2,2,4,43,NA,63,Female,White,Part-Time,1348
5e9fc65dee2ccf178f0e413f,44901.1592,44901.17112,0,,100,1030,1,44901.17114,R_216eQogaHAfKzdZ,,,anonymous,EN,1,1,5e9fc65dee2ccf178f0e413f,5,5,5,4,2,2,6,2,4,2,2,6,6,4,5,4,6,6,5,5,3,5,6,5,3,2,2,1,3,2,6,4,6,5,4.5,3.83,4,2.83,1.19,3,3,3,0,0,0,1,1,2,2,2,2,1,2,2,2,2,2,2,1.909091,1,2,1,3,3,1,1,1,1,3,1,1,2,1,1,2,2,1,3,1,1,1,1.090909,2.1,2,5,5,4,4,2,4,2,2,2,3,3,38,1,1,3,6,0,3,5,0,3,5,1,2,4,4,5,6,6,4,3,0,4,1.714286,4.285714,3.428571,3.142857,5,4,5,4,5,1,0,3,0,3,3,2,4,2,3,4,3,5,3,4,5,3,1,3,3,2,1,2,1,4,3,1,1,5,5,3,5,1,4.5,2,2.8,3.833333,2,2.666667,2.333333,4.333333,3,4,5,4,5,5,5,5,5,5,4,5,5,5,5,5,3,5,1,5,4,5,95,2,3,2,2,2,2,4,2,2,2,1,2,2,2,2,1,2,1,3,2,2,4,43,nane,54,Female,White,"Not in paid work (e.g. homemaker', 'retired or disabled)",1040
5ea24e2ba40d0c16e0c2b6e9,44900.74565,44900.75595,0,,100,889,1,44900.75596,R_QggIhOoUbuimbER,,,anonymous,EN,1,1,5ea24e2ba40d0c16e0c2b6e9,6,6,1,4,6,1,5,5,6,2,4,6,6,5,3,1,5,3,1,5,6,6,5,4,3,2,3,1,5,1,1,5,6,4.67,4.83,2.83,2.83,4.17,1.47,3,2,1,1,1,1,1,4,4,3,2,1,2,5,1,4,2,3,5,2.909091,2,1,2,2,1,1,1,1,3,1,2,1,3,1,1,2,1,1,2,1,1,2,1.090909,1.9,4,5,5,4,4,4,5,5,4,5,4,4,53,1,5,6,6,5,4,2,1,5,3,6,6,3,6,4,6,6,6,1,6,0,5,3.142857,4.428571,4.190476,5,5,4,4,0,4,0,0,4,4,0,0,0,0,0,2,2,2,2,3,3,3,3,5,5,5,5,0,4,3,2,1,1,3,3,3,5,1,4.5,2,0,2.5,4.6,3,1.666667,3.666667,2.567568,4,5,5,5,5,4,5,5,4,4,5,5,2,4,5,1,5,2,3,1,4,83,1,3,1,1,1,1,4,1,1,1,5,1,1,1,1,3,3,1,1,1,1,4,34,NA,37,Female,Asian,Full-Time,898
5ea74bccac99141164dfceeb,44901.76647,44901.78016,0,,100,1183,1,44901.78019,R_W2TMn5DBaoauiqZ,,,anonymous,EN,1,1,5ea74bccac99141164dfceeb,5,4,2,3,3,1,3,5,3,2,5,6,6,2,5,2,4,6,1,4,3,6,5,5,3,4,4,6,5,3,3,3,6,4.83,5.17,2.33,3.5,3.33,1.94,1,2,1,0,0,0,1,1,3,3,2,1,2,2,3,2,2,1,2,2.090909,1,2,1,1,2,1,1,1,1,1,2,1,1,1,1,1,2,1,2,1,1,2,1.090909,1.4,3,4,4,2,4,4,3,4,4,4,2,2,40,5,3,5,6,1,4,4,2,4,6,5,2,6,3,5,5,5,4,5,1,5,2.857143,5.285714,4.142857,4.095238,5,5,4,3,3,4,3,4,4,5,3,4,1,2,1,5,3,4,4,5,4,5,5,3,5,5,5,5,5,5,5,3,4,3,4,4,5,1,4.25,3.833333,2.2,4.166667,4.6,5,3.333333,4.333333,3.972973,5,5,5,5,5,5,5,5,5,5,5,5,5,5,5,3,5,3,4,2,4,96,3,3,4,4,3,2,4,2,3,2,4,3,2,2,3,4,2,2,4,2,3,4,61,NA,51,Female,White,Full-Time,1189
5ea92954ef7ece00096faf5a,44900.67948,44900.69314,0,,100,1180,1,44900.69315,R_2S7jCqaojnAdJv3,,,anonymous,EN,1,1,5ea92954ef7ece00096faf5a,6,4,1,3,5,1,4,5,3,2,3,6,5,4,6,1,3,3,2,4,2,6,6,5,2,3,3,1,3,2,3,2,6,4.33,4.17,2.33,3.5,2.67,1.42,2,3,2,1,0,0,0,1,2,2,5,2,2,1,2,1,2,2,1,2,2,2,1,2,1,1,1,1,2,1,2,1,1,2,1,2,2,2,2,1,2,2,1.454545,1.6,2,4,4,4,3,2,2,3,2,2,4,1,33,4,2,5,4,0,4,2,1,4,5,2,2,4,1,4,5,5,3,4,1,4,1.714286,4,3.714286,3.142857,4,3,3,3,2,2,2,2,1,3,3,4,3,4,3,2,3,4,3,3,2,3,5,3,5,4,4,3,3,2,3,2,1,1,3,3,4,1,3.25,2,3.4,3,4.2,2.666667,1.333333,3.333333,2.918919,5,4,5,3,4,5,5,5,4,4,5,2,4,4,5,2,5,1,5,5,4,86,1,4,2,4,2,1,4,1,1,1,2,1,1,1,2,1,1,1,3,1,1,4,36,NA,26,Female,Asian,Full-Time,1194
5eaa5d8b040c211e56dc98c0,44900.66839,44900.69641,0,,100,2421,1,44900.69643,R_qKgTfMyCtpHg7p7,,,anonymous,EN,1,1,5eaa5d8b040c211e56dc98c0,3,3,4,3,4,3,4,6,1,1,5,1,1,5,3,4,5,6,1,4,4,5,3,3,5,5,3,6,4,3,3,4,6,3.67,3.83,3.17,3.17,4,0.31,4,4,4,1,1,1,0,3,2,2,3,2,1,1,2,2,1,4,2,2,1,1,1,1,1,1,1,1,1,1,1,1,1,1,1,3,1,1,1,1,1,2,1,1.2,4,1,4,2,3,2,4,1,1,1,1,1,25,3,6,6,6,0,2,3,1,4,6,6,6,6,4,5,4,6,5,5,3,6,3.714286,4.714286,4.857143,4.428571,4,4,5,2,2,2,1,3,1,1,1,1,4,3,3,3,3,4,2,2,4,5,5,5,4,4,4,4,4,4,4,4,4,5,5,5,5,1,3.75,1.666667,2.4,3.333333,4.4,4,4.333333,5,3.405406,3,5,4,4,5,5,3,4,5,4,5,5,5,5,5,4,5,2,3,3,3,87,1,4,2,2,3,4,1,1,1,2,1,1,1,1,2,1,1,1,3,1,1,4,35,NA,37,Male,Black,Full-Time,2630
5eb24b26f30ede1a6ae46c14,44900.454,44900.46537,0,,100,981,1,44900.46538,R_2VsiaNCj6P6u1hi,,,anonymous,EN,1,1,5eb24b26f30ede1a6ae46c14,6,4,4,3,6,1,4,5,5,5,5,6,5,5,5,1,4,4,6,5,6,6,5,5,4,5,6,1,1,3,4,2,6,4.33,4,4.5,4.5,4.33,-0.28,6,6,6,0,0,0,1,1,3,1,2,2,2,3,2,3,3,5,3,2.636364,1,1,3,2,2,1,1,1,3,3,1,1,3,1,1,2,2,1,3,1,1,2,1,2.4,5,5,5,5,5,5,5,3,4,4,4,4,54,2,0,4,2,0,2,1,0,3,2,1,4,3,0,2,3,0,5,1,2,3,0.4285714,2,3.285714,1.904762,5,4,2,1,1,3,0,0,2,2,4,3,3,4,4,1,1,5,2,2,3,3,1,1,2,4,2,1,2,1,1,1,2,2,2,1,4,1,3,1.333333,3.6,2.666667,2,1.333333,1.666667,2.333333,2.216216,5,2,5,5,5,5,5,5,5,4,5,5,4,4,5,1,5,1,2,3,2,83,1,5,1,2,2,1,4,1,1,1,1,2,1,1,4,1,2,1,4,1,1,4,38,NA,24,Male,White,Full-Time,987
5ebc74759921f30c68adcc7a,44900.69499,44900.70112,0,,100,530,1,44900.70114,R_DFOBSJxN6GkP1FD,,,anonymous,EN,1,1,5ebc74759921f30c68adcc7a,4,6,4,2,4,1,6,6,4,2,3,6,6,3,3,2,6,6,5,3,4,6,6,5,4,2,2,5,1,4,5,1,6,5.5,5,4,2.83,2.67,2.08,6,6,6,0,1,0,1,2,1,1,3,1,1,1,1,1,1,1,2,1.272727,1,1,1,1,1,1,1,1,1,1,1,1,1,1,1,1,1,1,1,1,1,2,1,1,2,4,4,1,4,3,4,1,1,2,1,2,29,2,4,5,5,0,5,3,0,4,6,4,5,4,1,6,3,5,5,4,0,5,2,3.857143,5,3.619048,4,4,5,5,4,2,3,4,2,2,1,2,3,4,3,5,4,5,4,4,4,5,4,4,4,4,4,4,4,4,4,5,4,5,5,5,4,1,4.5,2.833333,2.6,4.333333,4,4,4.666667,4.666667,3.864865,5,5,5,5,5,5,4,5,5,5,5,5,5,5,5,4,5,5,4,5,5,102,2,5,4,4,2,2,5,1,1,1,4,2,1,1,3,1,1,5,5,2,1,4,53,NA,53,Male,White,Full-Time,537
5ec00f62cf12be40ea6fe344,44900.7792,44900.81184,0,,100,2819,1,44900.81185,R_2rJHiIQgR0eP3Dc,,,anonymous,EN,1,1,5ec00f62cf12be40ea6fe344,3,6,3,4,3,1,6,6,1,2,3,6,5,2,6,5,5,6,4,5,4,6,5,5,2,5,4,4,5,5,3,4,6,4.83,5.5,2.83,4.17,3.83,1.56,5,5,5,0,1,0,1,2,2,2,2,1,1,2,1,2,1,3,3,1.818182,2,3,3,4,4,2,3,2,3,4,3,1,3,2,3,2,3,2,4,3,2,2,2.272727,3.3,4,4,4,2,3,4,4,5,3,4,4,5,46,6,3,3,6,3,0,5,2,0,5,2,5,6,5,4,6,5,1,6,2,1,3.142857,5.714286,2,3.619048,2,3,2,2,2,4,1,2,4,3,3,3,2,2,1,1,2,2,1,2,2,1,3,5,4,3,2,1,3,2,2,3,2,2,1,1,3,1,2.25,2.666667,2.2,1.666667,3.4,2.333333,2.333333,1.666667,2.27027,4,4,3,5,5,4,3,4,5,5,4,4,4,4,4,2,4,4,5,4,2,83,2,4,2,4,3,1,3,3,1,2,2,2,2,2,1,3,2,1,1,1,1,4,43,NA,48,Female,White,Full-Time,2829
5ec44da606cb7931f04a35e9,44902.65571,44902.66978,0,,100,1216,1,44902.66979,R_3qjhjpIkjHQWERX,,,anonymous,EN,1,1,5ec44da606cb7931f04a35e9,4,5,3,4,2,1,5,5,4,3,2,6,5,4,6,1,4,5,4,4,2,5,4,4,3,6,3,2,4,3,4,3,6,4.17,4.67,3.5,4.5,2.17,1.03,3,3,3,0,0,0,1,1,3,2,2,2,2,1,1,2,2,5,2,2.181818,1,1,1,1,1,1,1,1,1,1,1,1,1,1,1,1,1,1,1,1,1,2,1,1,2,4,4,1,4,2,4,1,1,1,1,2,27,5,1,4,6,0,3,4,0,1,5,1,1,5,0,3,6,5,2,5,6,3,1.857143,5.142857,2.428571,3.142857,5,5,5,5,4,2,1,0,2,2,1,3,4,3,3,5,5,5,5,5,3,5,5,3,5,5,5,5,5,5,5,5,5,5,5,5,5,1,5,1.833333,2.8,4.666667,4.6,5,5,5,4.081081,5,5,5,5,5,5,5,5,4,4,5,5,4,4,5,4,5,3,5,4,4,96,1,2,1,1,1,1,1,1,1,1,2,2,1,1,2,2,2,1,4,2,1,4,31,NA,57,Male,White,Full-Time,1222
5ec62902bb44c16b842128f9,44900.66958,44900.69319,0,,100,2040,1,44900.69323,R_1eIFcmj0j89MzxQ,,,anonymous,EN,1,1,5ec62902bb44c16b842128f9,5,2,4,4,5,5,1,2,4,6,2,3,2,5,2,3,4,5,4,3,2,6,6,5,4,5,3,1,2,5,4,2,6,3.33,3,4.33,4,2.83,-0.56,6,6,6,1,0,0,1,2,2,2,3,3,2,4,3,1,2,2,4,2.545455,1,1,1,1,1,1,1,2,2,1,1,1,1,1,1,1,1,2,1,1,1,2,1.181818,1.1,2,2,3,4,4,2,4,3,2,2,2,1,31,3,5,2,4,2,2,3,2,1,1,4,3,4,4,1,2,2,3,1,2,1,3,2.571429,1.857143,2.476191,2,3,0,1,3,3,1,4,3,2,3,2,3,2,3,2,2,3,2,3,2,3,5,4,4,2,3,4,3,4,3,1,3,4,5,3,4,1,1.5,2.666667,2.6,2.5,3.6,3.333333,2.666667,4,2.810811,3,2,4,3,2,2,2,3,3,2,1,3,2,4,2,4,3,3,3,4,1,56,1,3,3,2,3,3,3,3,2,1,2,3,2,2,2,2,2,2,3,2,1,4,47,NA,35,Male,White,Full-Time,2145
5ed2279607f2230009a0e205,44901.49028,44901.49987,0,,100,829,1,44901.49989,R_3C3ajszp7JXMpyh,,,anonymous,EN,1,1,5ed2279607f2230009a0e205,6,3,1,3,2,1,6,6,6,1,5,6,6,6,6,1,6,6,1,1,1,6,6,6,1,2,1,4,6,1,3,1,6,5.67,5.5,2.67,2.67,1.83,3.19,1,1,1,0,0,0,1,1,3,1,3,1,2,2,1,2,2,5,1,2.090909,3,3,4,4,4,3,4,3,4,4,3,3,4,3,3,2,2,2,4,3,3,2,3,3.5,4,5,5,3,5,4,5,5,4,4,4,4,52,4,3,6,5,0,2,3,0,2,5,6,6,6,1,6,5,6,6,3,0,4,2.285714,4.428571,4.571429,3.761905,5,5,5,5,5,0,0,0,1,2,1,0,0,3,0,5,5,5,3,4,4,3,5,5,5,5,3,2,0,0,2,1,4,1,0,0,1,1,5,1.333333,0.8,4,4.6,0.6666667,2,0.3333333,2.567568,4,4,5,3,5,5,5,4,3,5,5,5,5,4,5,3,5,5,5,4,4,93,3,5,3,2,2,2,5,3,2,3,5,3,3,3,2,4,3,5,5,4,4,4,71,NA,23,Female,Mixed,Due to start a new job within the next month,835
5ed543442db0060a955d12e1,44900.66566,44900.67384,0,,100,706,1,44900.67385,R_1Nx0SNXFQiP4u8N,,,anonymous,EN,1,1,5ed543442db0060a955d12e1,6,6,2,2,1,1,6,6,3,1,2,6,6,2,2,1,6,6,2,2,2,6,6,6,3,1,1,6,2,2,5,1,6,6,5.33,2.33,2.17,1.33,3.72,2,1,3,0,0,0,1,1,2,1,1,1,1,1,1,1,1,1,2,1.181818,1,1,2,3,4,1,1,1,3,2,1,1,3,1,1,4,3,1,3,1,1,2,1,2.8,4,4,4,5,2,4,2,4,4,5,5,4,47,4,0,1,4,0,2,3,0,5,5,0,4,5,0,5,6,3,3,3,1,4,0.5714286,4.285714,3.428571,2.761905,4,4,5,3,2,0,1,2,0,1,1,0,4,1,1,1,1,0,5,4,5,3,3,4,1,3,2,1,1,1,1,3,4,4,5,3,4,1,4,1,1.4,3,2.6,1,3.666667,4,2.378378,3,4,4,5,2,5,3,2,2,2,4,5,1,2,4,2,4,2,5,4,2,67,2,1,4,2,2,1,4,4,2,1,2,4,2,1,4,5,4,1,5,2,2,4,55,NA,34,Male,Asian,Full-Time,826
5ed9c285b8c16356b385a97f,44900.67492,44900.68938,0,,100,1249,1,44900.68939,R_5pzGhys0VhyJy8N,,,anonymous,EN,1,1,5ed9c285b8c16356b385a97f,4,4,4,4,4,1,3,4,4,3,3,4,4,4,3,5,5,4,4,6,5,5,4,5,5,6,5,3,4,3,4,5,6,3.83,4.17,4,4.33,4.5,-0.28,6,6,6,1,1,1,0,3,3,2,3,2,2,2,2,3,2,4,2,2.454545,1,1,1,1,1,1,1,1,1,1,1,1,1,1,1,1,1,1,1,1,1,2,1,1,4,4,4,3,4,2,4,2,2,2,2,1,34,4,6,5,6,6,4,4,6,5,6,6,2,5,6,4,4,6,3,6,6,5,6,5,4,5,4,3,3,2,2,3,1,3,4,3,2,3,2,3,4,2,3,3,3,3,3,4,3,4,4,3,4,4,4,0,3,4,3,4,4,4,3,1,3,2.666667,2.8,3.166667,3.6,2.333333,3.666667,3.666667,3.081081,4,4,4,4,4,4,4,4,4,4,5,3,3,3,4,3,4,5,4,2,3,79,2,4,2,3,4,2,3,2,2,3,4,2,2,2,4,3,4,4,4,2,2,4,60,NA,69,Female,White,Part-Time,1255
5edaa52a54fe056e4bc55408,44900.79956,44900.80931,0,,100,841,1,44900.80931,R_9ZyVME19LM5CQhP,,,anonymous,EN,1,1,5edaa52a54fe056e4bc55408,5,5,1,1,3,1,6,5,2,1,5,6,6,2,4,1,5,6,2,2,4,6,6,6,1,2,4,3,6,1,3,1,6,5.17,5.67,1.5,2.17,3,3.19,1,1,1,0,0,0,1,1,3,1,3,1,2,2,2,1,1,3,2,1.909091,1,4,3,2,3,3,2,2,4,3,1,2,4,3,3,4,3,1,2,1,4,2,2.363636,2.9,4,5,5,4,4,4,4,5,3,4,4,3,49,1,2,1,4,0,1,3,0,1,3,3,0,3,2,1,3,5,1,1,1,3,1.857143,2.571429,1.142857,1.857143,5,4,0,2,1,4,3,3,3,3,1,0,1,1,1,2,2,2,2,3,2,2,3,4,0,0,2,1,0,1,1,1,1,2,1,1,1,1,2.75,2.833333,0.8,2.166667,1.8,0.6666667,1.333333,1,1.783784,5,3,3,5,5,3,3,4,2,2,4,4,5,2,4,4,4,3,3,4,4,76,5,1,2,4,5,1,1,1,1,2,4,1,4,2,4,3,4,1,2,1,3,4,52,N/A,49,Female,White,Full-Time,846
5edceace34669404354ab615,44901.25253,44901.28395,0,,100,2713,1,44901.28397,R_Z1CFEdhfJZGcZK9,,,anonymous,EN,1,1,5edceace34669404354ab615,5,4,4,4,5,1,5,6,4,1,4,5,6,4,6,1,5,6,5,5,4,6,5,6,4,4,4,5,1,2,3,4,6,5,4.83,3.83,3.83,3.67,1.14,3,3,4,1,1,0,1,3,1,1,1,1,1,1,1,1,1,1,1,1,1,1,1,2,2,1,1,1,1,1,3,1,2,1,1,2,1,1,1,1,1,2,1,1.6,2,2,1,1,1,1,1,1,2,2,2,1,17,6,0,1,6,0,0,6,0,0,6,0,3,6,6,2,6,6,3,6,0,1,1.714286,6,1.428571,3.047619,0,1,1,0,2,4,2,2,4,4,5,4,0,1,4,0,0,0,0,0,1,1,0,1,0,0,0,1,0,0,0,1,0,0,3,3,4,1,0.5,3,2.8,0.3333333,0.2,0,0.3333333,3.333333,1.324324,3,5,3,5,4,5,5,5,4,4,5,5,4,4,4,3,4,2,5,3,2,84,2,4,1,4,4,3,5,5,4,1,4,4,1,1,1,3,1,1,5,1,1,4,56,"Thank you, you are appreciated. I have ADHD and IC disease if this helps the answers",47,Female,Mixed,Full-Time,2723
5ede3d2ef7c9f9068776c4d2,44901.592,44901.60721,0,,100,1313,1,44901.60724,R_3foYkYAJ1jhVVWU,,,anonymous,EN,1,1,5ede3d2ef7c9f9068776c4d2,5,5,4,4,2,1,6,5,4,3,2,6,5,4,5,3,6,5,4,4,2,6,6,6,4,4,2,6,3,4,6,3,6,5.83,4.83,4,4.33,2.33,1.78,2,1,2,0,0,0,1,1,3,2,2,1,1,1,2,2,2,1,2,1.727273,1,1,1,2,1,1,1,1,1,1,1,1,1,1,1,1,1,1,1,1,2,2,1.090909,1.1,4,4,4,3,2,4,4,4,4,4,3,4,44,5,1,4,5,1,3,5,1,4,5,0,4,5,1,2,5,1,3,5,4,4,1.285714,5,3.428571,3.238095,2,3,2,3,1,2,1,1,2,2,4,4,3,4,4,2,4,3,2,3,3,3,2,2,3,4,2,3,4,4,4,2,1,2,5,4,3,1,2.5,1.5,3.8,3,2.6,4,1.666667,4,2.783784,3,5,4,5,5,5,4,4,4,3,5,5,3,2,4,2,5,3,4,4,4,83,2,4,2,4,2,2,4,2,2,2,4,4,3,1,2,4,2,1,3,2,2,4,54,NA,55,Male,White,Other,1318
5ee2916b70aa643be19c0036,44900.68796,44900.69958,0,,100,1004,1,44900.6996,R_3Ho8QLN3G7IXM8V,,,anonymous,EN,1,1,5ee2916b70aa643be19c0036,6,6,4,3,1,1,6,6,3,3,1,6,6,3,4,5,6,6,4,4,1,6,6,6,3,5,3,6,6,3,3,6,6,6,6,3.33,3.67,2.83,2.72,5,3,5,0,0,1,1,2,2,2,3,1,2,3,2,3,2,2,3,2.272727,4,3,3,4,4,3,3,3,4,3,3,2,4,3,2,2,3,2,3,2,2,2,2.636364,3.3,4,5,4,4,5,4,5,5,3,4,3,3,49,1,5,6,3,1,5,2,2,6,5,2,4,3,3,4,4,5,6,3,0,5,2.571429,3,5.142857,3.571429,5,4,1,5,4,2,2,2,1,2,0,0,1,1,2,1,2,2,2,1,2,2,5,5,5,4,4,1,3,2,1,5,3,2,1,1,1,1,3.75,2.166667,0.8,1.833333,4.6,2,3.333333,1,2.351351,3,1,4,2,4,4,5,5,4,4,3,4,4,4,4,1,5,1,3,5,4,74,5,5,5,3,5,4,3,3,2,2,3,1,3,2,4,4,5,3,1,2,2,4,67,NA,45,Female,White,Full-Time,1017
5ee3c01c7247c006e9a3f4fd,44900.79927,44900.81057,0,,100,975,1,44900.81058,R_ebsNM7dzQza0QRr,,,anonymous,EN,1,1,5ee3c01c7247c006e9a3f4fd,6,6,3,4,4,1,6,6,5,3,4,6,6,3,6,6,6,6,3,4,5,6,6,6,3,1,5,5,5,5,4,1,6,5.83,5.83,3.67,3.67,4.17,2,2,2,3,0,0,0,1,1,2,1,2,1,1,1,1,2,1,2,2,1.454545,1,1,1,2,1,1,1,1,2,1,1,1,2,1,1,2,2,1,1,1,1,2,1,1.5,2,4,4,2,4,2,4,1,1,2,2,1,29,5,2,5,6,0,6,4,0,6,6,4,5,6,1,6,6,6,6,6,4,6,2.428571,5.571429,5.714286,4.571429,5,4,5,4,3,3,0,1,3,2,3,5,5,4,4,4,3,2,4,4,4,4,5,4,5,2,4,1,4,5,4,5,3,4,5,5,4,1,4.5,2,4.2,3.5,4,4.333333,4,4.666667,3.675676,5,4,4,4,5,5,4,4,5,5,4,4,4,4,5,4,5,2,5,3,5,90,1,2,1,2,1,1,4,1,1,1,1,1,1,1,2,1,1,1,1,1,1,4,27,NA,57,Female,White,Full-Time,980
5ee4b29de1640f1bc85da97b,44900.68619,44900.70141,0,,100,1315,1,44900.70143,R_2SCwNl7OWVYMn0e,,,anonymous,EN,1,1,5ee4b29de1640f1bc85da97b,3,4,2,2,2,1,5,5,2,2,2,6,5,4,5,3,2,6,5,4,4,6,5,6,3,3,2,1,2,4,4,1,6,3.67,4.67,3.33,3.33,2.33,1.17,5,5,4,1,1,0,1,3,4,1,4,3,2,3,1,2,1,4,4,2.636364,1,1,1,3,2,1,1,1,1,1,1,1,2,1,1,1,1,1,1,1,1,2,1,1.4,2,4,5,4,2,4,3,1,2,4,1,2,34,3,1,5,5,0,3,2,0,3,3,0,1,3,0,2,1,0,2,1,1,2,0.2857143,2.571429,2.571429,1.809524,1,4,1,4,3,2,2,1,3,4,2,4,5,3,3,4,3,3,4,4,3,4,2,4,4,5,3,3,4,3,4,1,2,4,5,3,4,1,2.5,2.5,3.4,3.5,3.6,3.666667,2.333333,4,3.189189,5,4,5,5,4,5,4,4,4,4,5,4,4,4,5,3,5,4,3,3,2,86,2,4,2,3,3,2,2,1,2,2,3,2,3,2,2,4,2,2,4,1,2,4,50,NA,61,Male,White,Full-Time,1332
5eea5fdcac5bc114627bdd67,44907.55825,44907.56731,0,,100,783,1,44907.56733,R_2zvWO4FX1Zxl6HS,,,anonymous,EN,1,1,5eea5fdcac5bc114627bdd67,3,4,1,3,4,1,4,3,2,2,4,3,5,2,4,1,4,6,2,3,6,5,5,4,1,3,3,3,4,2,3,1,6,3.67,4.33,1.67,3,3.17,1.39,2,2,2,1,0,0,1,2,3,2,2,2,2,1,2,2,2,2,1,1.909091,1,1,1,1,2,1,2,1,1,1,1,1,1,1,1,1,1,1,1,1,1,2,1.090909,1.1,3,4,2,2,5,3,2,3,4,4,3,2,37,6,2,5,6,3,2,3,2,4,6,6,6,6,3,3,4,6,5,5,6,3,4,5.142857,4,4.380952,1,3,0,0,4,4,4,4,4,4,2,2,1,0,3,1,0,0,0,0,2,1,0,0,0,3,0,0,1,2,2,0,0,0,3,1,1,1,1,4,1.6,0.5,0.6,1.666667,0,1.666667,1.432432,5,5,3,5,4,4,4,3,5,4,5,4,2,4,4,5,5,1,4,1,1,78,1,1,1,4,1,1,5,1,1,1,1,2,2,1,2,1,1,1,4,1,2,4,35,NA,26,Female,Other,Part-Time,789
5ef76ff7d195c248bfe25115,44903.82808,44903.83669,0,,100,743,1,44903.83672,R_12tgLygLRG1J9Ud,,,anonymous,EN,1,1,5ef76ff7d195c248bfe25115,3,3,3,4,5,4,4,4,5,3,4,5,3,2,5,4,3,2,2,4,3,3,2,3,3,3,2,4,3,2,3,2,6,3.5,3,2.83,3.67,3.33,-0.03,5,3,5,1,1,1,0,3,3,3,4,4,3,3,3,3,3,4,3,3.272727,1,2,1,2,2,2,1,2,3,2,1,3,1,1,1,2,2,2,2,2,2,2,1.727273,1.8,2,2,3,2,2,3,2,2,3,2,3,2,28,3,3,2,3,2,3,1,2,4,2,3,5,2,1,2,3,2,3,3,2,4,2.142857,2.428571,3.285714,2.619048,4,2,3,2,4,2,4,3,3,2,2,3,2,2,3,1,3,2,1,2,2,2,2,2,2,1,1,2,1,2,2,1,1,1,2,2,1,1,2.75,3,2.4,2,1.6,1.666667,1,1.666667,2.081081,2,3,2,2,2,2,2,2,2,2,3,1,3,3,2,3,3,3,2,3,1,48,3,2,3,2,3,3,2,4,3,3,2,3,3,3,2,3,4,4,4,3,4,4,63,NA,21,Male,White,Unemployed (and job seeking),749
5ef7bc9de683904f56114114,44900.73299,44900.76765,0,,100,2995,1,44900.76767,R_2atzjC0qwn77F2C,,,anonymous,EN,1,1,5ef7bc9de683904f56114114,4,4,3,6,6,2,2,4,2,4,4,6,6,3,6,3,4,3,4,6,6,6,5,6,3,4,6,3,1,4,6,6,6,4,4,3.17,5.33,5.17,-0.56,7,7,7,1,1,1,1,4,3,1,3,1,1,1,1,1,1,1,1,1.363636,1,1,1,1,1,1,1,1,1,1,2,1,1,2,1,1,1,1,1,1,1,2,1.090909,1.1,1,1,2,1,1,1,2,1,1,1,1,1,14,4,5,6,6,6,2,3,5,0,6,6,6,5,3,5,5,4,6,6,6,4,5,5,4.142857,4.714286,0,4,3,3,0,1,1,0,1,0,1,2,1,1,1,3,2,2,5,1,4,2,2,5,3,5,3,1,5,5,4,1,0,4,5,5,3,1,2.5,0.5,1.2,2.666667,3.6,4.666667,1.666667,4.333333,2.405406,5,2,5,4,2,3,2,2,5,5,5,5,3,4,4,2,5,1,5,4,2,75,1,3,1,5,5,5,5,1,1,1,4,1,5,1,4,5,1,1,5,1,1,4,57,NA,64,Female,White,DATA_EXPIRED,3002
5efcaaee74e56207d16db007,44903.3522,44903.35969,0,,100,646,1,44903.3597,R_2zUaOA95EzcH5SE,,,anonymous,EN,1,1,5efcaaee74e56207d16db007,4,4,3,5,5,2,4,3,5,4,3,5,5,4,5,4,5,4,4,5,4,6,4,5,4,5,5,4,3,3,3,4,6,4.33,4,3.83,4.5,4.17,0,5,5,4,1,0,1,1,3,2,2,3,2,2,2,2,3,1,3,2,2.181818,2,2,3,1,2,1,3,2,3,2,2,2,3,3,3,2,3,2,3,3,1,2,2.181818,2.4,3,4,3,3,4,4,4,3,3,4,3,3,41,4,5,5,5,2,4,3,4,3,4,3,4,3,4,5,4,4,4,4,4,5,3.714286,3.857143,4.285714,3.952381,2,3,1,2,3,3,3,2,4,3,3,2,1,2,2,1,2,2,1,1,2,2,1,1,3,2,1,1,1,2,1,1,1,1,2,2,1,1,2,3,2,1.666667,1.6,1.333333,1,1.666667,1.837838,3,4,3,3,4,2,4,2,4,4,3,3,3,2,4,3,4,1,4,4,3,67,2,2,3,4,2,2,2,1,2,2,4,3,2,1,3,3,3,1,3,2,3,4,50,NA,25,Female,White,Unemployed (and job seeking),655
5f0395a63963d05bc235abdb,44900.72498,44900.7333,0,,100,718,1,44900.73331,R_1OVoDIMtKqYnXj6,,,anonymous,EN,1,1,5f0395a63963d05bc235abdb,2,5,1,2,1,1,1,6,3,1,2,4,5,1,2,1,2,5,2,5,3,6,6,4,4,1,1,1,1,2,6,1,6,2.67,4.33,2.17,2.83,1.5,1.33,2,1,2,1,1,1,1,4,4,4,4,2,3,4,2,4,3,2,4,3.272727,1,1,1,1,1,1,1,1,1,1,1,1,1,1,1,1,1,1,1,1,1,2,1,1,3,4,4,4,5,4,5,1,1,2,1,4,38,1,0,3,4,1,1,3,0,3,2,1,2,3,2,3,3,6,3,0,1,3,1.571429,2.285714,2.571429,2.142857,2,4,3,2,1,2,1,1,2,3,2,2,3,4,4,2,4,3,4,1,2,2,2,0,2,2,2,3,3,2,4,4,0,5,4,4,3,1,2.75,1.666667,3,2.666667,1.6,3,3,3.666667,2.54054,3,5,3,5,5,5,2,5,5,5,5,4,5,5,5,5,5,5,4,4,3,93,1,3,2,2,1,1,1,1,1,1,3,1,1,1,3,1,1,4,1,1,1,4,32,NA,65,Female,White,DATA_EXPIRED,730
5f0632802b566a17e81a5f5f,44901.33384,44901.34281,0,,100,775,1,44901.34283,R_2EGYtDvTdYhJErp,,,anonymous,EN,1,1,5f0632802b566a17e81a5f5f,6,6,6,5,5,1,6,5,4,4,4,5,6,6,5,5,6,6,4,4,5,6,6,5,5,6,6,6,1,1,6,5,6,5.83,4.83,4.33,5,5,0.56,7,7,7,0,0,0,0,0,1,1,1,1,1,1,2,1,1,1,4,1.363636,2,1,1,1,1,1,1,1,1,4,1,2,1,1,1,3,1,1,3,3,1,2,1.363636,1.7,4,1,4,4,5,4,5,1,4,4,1,3,40,4,0,6,6,0,5,5,0,3,6,4,6,5,0,6,6,0,5,6,6,5,1.428571,5.428571,5.142857,4,4,5,4,4,5,5,2,5,5,5,5,5,3,0,5,4,4,4,3,0,4,3,4,4,5,5,4,4,5,4,5,5,0,3,4,3,4,1,4.25,4.5,3.6,3,4.4,4.666667,2.666667,3.666667,3.864865,4,4,5,5,5,4,5,4,4,4,5,5,4,4,5,3,4,3,5,5,5,92,4,4,4,4,3,3,4,3,2,3,4,5,3,3,5,3,3,3,5,3,3,4,74,NA,53,Female,White,Unemployed (and job seeking),782
5f0a7dec44c42c19a6c9f6d9,44903.12711,44903.13924,0,,100,1047,1,44903.13926,R_10Cu3DBrb9ym4Ro,,,anonymous,EN,1,1,5f0a7dec44c42c19a6c9f6d9,6,6,1,4,4,1,6,6,6,2,5,6,6,6,6,4,6,6,2,4,5,6,6,5,4,2,4,5,4,4,2,5,6,5.83,5.5,3.83,3.33,4.5,1.78,2,2,2,0,0,0,1,1,3,2,2,2,1,2,2,2,1,2,2,1.909091,1,1,2,2,2,1,1,1,2,2,1,1,1,1,1,2,2,1,2,2,2,2,1.181818,1.8,5,5,5,4,5,5,5,5,4,4,4,4,55,3,3,5,6,3,3,3,1,4,6,0,3,5,3,4,4,1,3,6,3,5,2,4.714286,3.857143,3.523809,3,4,3,3,4,3,2,3,2,2,2,4,4,3,3,3,3,4,3,3,3,3,4,3,4,4,4,3,3,3,3,3,3,3,3,3,4,1,3.25,2.666667,3.2,3.166667,3.8,3,3,3.333333,3.162162,4,5,4,5,4,4,5,4,4,4,5,4,4,4,4,4,5,2,4,4,4,87,2,2,2,2,2,2,2,2,2,2,2,2,2,2,2,2,2,2,4,2,2,4,44,n/a,34,Male,White,Full-Time,1058
5f121091e95fdc03b5e897d0,44903.73257,44903.74124,0,,100,748,1,44903.74127,R_1g8yrHFlRrUOPSb,,,anonymous,EN,1,1,5f121091e95fdc03b5e897d0,6,6,1,1,6,1,6,6,4,1,6,6,6,4,6,1,4,6,1,1,4,5,6,6,1,6,3,6,3,3,3,1,6,5.67,5.5,2.33,3,3.5,2.64,1,1,1,1,0,0,1,2,4,2,1,1,1,1,1,1,1,1,5,1.727273,3,3,1,4,3,2,3,4,4,4,3,3,4,1,4,4,2,1,3,2,1,2,2.454545,3.2,5,5,3,4,5,3,4,3,1,5,5,1,44,0,0,6,6,0,6,0,0,2,3,6,6,1,6,6,0,6,6,3,0,6,2.571429,1.857143,5.428571,3.285714,3,3,2,4,1,0,3,0,0,2,0,1,4,1,1,4,1,2,2,1,2,3,3,5,1,2,2,4,0,1,3,3,0,3,0,0,0,1,3,1,1.4,1.833333,2.6,1.333333,2,0,1.810811,4,1,2,4,4,5,1,3,3,4,5,1,1,2,5,1,4,1,3,2,2,58,1,3,1,4,1,1,5,1,1,1,3,1,1,1,4,3,1,1,1,1,1,4,37,NA,29,Female,White,Full-Time,763
5f14b46fefc95253caca20b4,44901.52174,44901.53059,0,,100,765,1,44901.53062,R_1I4uBSHvqwr4Mwz,,,anonymous,EN,1,1,5f14b46fefc95253caca20b4,6,6,2,4,1,1,6,6,4,1,2,6,6,3,2,1,6,6,6,6,1,6,6,6,1,2,1,5,1,2,6,5,6,5.83,5.17,3,3.5,1.83,2.72,5,2,5,0,0,0,1,1,1,2,1,1,1,1,2,1,1,1,1,1.181818,1,1,2,2,2,2,1,1,2,2,1,1,2,1,2,2,1,1,1,2,1,2,1.272727,1.7,2,3,3,3,1,3,1,1,1,3,2,1,24,6,3,4,6,3,4,6,1,3,6,3,2,6,6,5,6,6,2,6,3,4,3.571429,6,3.428571,4.333333,5,5,5,5,5,4,1,5,3,4,2,2,4,4,4,4,4,5,4,4,4,5,5,5,4,5,5,4,5,4,4,5,5,5,5,5,5,1,5,3.666667,3.2,4.333333,4.8,4.333333,5,5,4.297297,5,5,5,5,4,4,5,4,4,4,5,5,4,4,5,3,5,1,5,4,4,90,4,5,3,5,5,5,4,1,3,1,5,3,3,3,3,5,5,1,4,3,3,4,74,NA,45,Female,White,Part-Time,775
5f15ba922eed6a21fe83e78a,44900.64655,44900.65726,0,,100,924,1,44900.65728,R_ury2dWklk4Cgs0N,,,anonymous,EN,1,1,5f15ba922eed6a21fe83e78a,4,6,3,3,3,1,5,6,2,3,3,4,6,2,3,1,5,6,3,4,3,5,6,6,2,3,4,4,6,3,3,2,6,4.67,6,2.5,3.17,2.67,2.56,2,1,1,0,0,0,1,1,3,2,2,1,1,3,2,3,2,2,3,2.181818,1,1,1,1,1,2,1,1,2,1,2,1,2,1,3,1,1,2,1,1,1,2,1.363636,1.3,4,4,4,3,4,4,4,4,3,4,4,3,45,4,1,4,4,0,3,4,0,4,5,0,1,4,1,4,5,0,1,5,4,1,0.8571429,4.428571,2.571429,2.619048,4,3,2,4,2,2,1,1,2,3,2,4,3,3,2,1,1,2,2,3,4,2,3,4,3,4,4,2,2,4,4,3,2,2,4,2,4,1,3.25,1.833333,2.8,2.333333,3.6,3.333333,2.333333,3.333333,2.702703,4,4,5,5,5,5,4,3,4,5,5,5,5,5,3,1,5,1,5,4,5,88,4,3,3,3,3,3,5,2,3,1,2,3,3,3,2,3,3,1,4,3,2,4,59,NA,77,Male,White,"Not in paid work (e.g. homemaker', 'retired or disabled)",932
5f2469423f17ce03bf6bec8b,44901.3205,44901.33683,0,,100,1410,1,44901.33686,R_3szGcuNTBCzAoz7,,,anonymous,EN,1,1,5f2469423f17ce03bf6bec8b,1,6,4,6,1,1,4,2,6,6,6,6,4,2,6,6,4,3,6,6,6,6,6,6,1,6,6,3,1,4,6,6,6,4,3.67,3.83,6,5.17,-1.17,7,7,7,1,1,0,0,2,4,2,5,4,4,2,3,2,2,2,5,3.181818,1,1,4,1,1,1,1,1,1,1,1,1,1,1,1,1,1,1,1,1,1,2,1,1.3,1,1,4,1,4,1,4,1,1,4,1,2,25,6,6,6,6,6,4,6,6,6,6,6,6,6,6,6,6,6,6,6,6,6,6,6,5.714286,5.904762,5,5,4,5,0,0,0,1,0,0,0,0,1,4,4,5,5,5,5,5,5,5,4,5,5,5,5,5,5,5,5,5,5,5,5,5,5,1,4.75,0.1666667,1.8,5,4.8,5,5,5,3.72973,5,5,5,5,5,5,5,5,5,5,5,5,5,5,5,4,5,5,4,5,5,103,2,2,2,2,2,2,5,1,2,2,2,2,2,2,2,2,2,2,2,2,2,4,44,NA,56,Female,White,"Not in paid work (e.g. homemaker', 'retired or disabled)",1417
5f2a12f5837dd81e5881b7cc,44900.66419,44900.683900000000,0,,100,1702,1,44900.68391,R_3PIhgy1YiPbY4t4,,,anonymous,EN,1,1,5f2a12f5837dd81e5881b7cc,4,5,2,2,4,1,3,6,2,1,2,6,4,3,4,1,5,6,2,5,4,6,3,5,1,2,5,1,4,2,2,2,6,3.67,5,2,2.67,3,1.78,2,2,2,0,0,0,0,0,4,3,3,2,2,3,1,3,2,3,3,2.636364,1,1,2,1,1,1,1,1,2,1,2,1,2,1,1,1,2,1,1,1,1,2,1,1.5,4,4,4,4,3,4,4,3,2,3,4,2,41,0,0,5,0,1,4,0,0,4,0,0,4,0,0,5,0,3,4,0,5,5,1.285714,0,4.428571,1.904762,3,4,3,1,4,2,3,4,2,4,0,1,1,2,1,1,3,1,3,3,1,3,2,2,1,1,2,2,2,1,1,2,1,4,5,4,4,1,2.75,3.166667,1,2.333333,1.6,1.333333,2.333333,4.333333,2.27027,4,5,4,5,5,5,4,4,3,3,5,5,4,4,5,3,5,1,4,3,3,84,2,3,1,3,3,3,3,3,3,3,3,3,3,3,3,4,3,1,3,3,3,4,59,NA,44,Male,White,DATA_EXPIRED,1708
5f2b449a4aaecd58aefc2d1e,44907.87207,44907.88839,0,,100,1410,1,44907.88841,R_1nTNqI3TKm541O2,,,anonymous,EN,1,1,5f2b449a4aaecd58aefc2d1e,6,6,1,3,2,1,6,6,4,1,2,6,6,5,3,6,6,6,1,5,2,6,1,6,3,3,4,2,6,2,3,3,6,4.5,6,2.67,3,3.17,2.31,1,1,1,1,0,0,1,2,2,1,1,1,1,1,1,1,1,1,4,1.363636,2,2,3,2,3,2,2,1,2,3,1,1,2,1,1,2,3,2,2,2,1,2,1.545455,2.3,3,4,4,4,3,4,4,2,2,4,2,3,39,1,4,6,6,0,4,1,3,5,6,6,5,3,5,6,3,6,6,3,5,6,4.142857,3.285714,5.428571,4.285714,4,5,5,5,2,1,2,1,1,1,1,2,3,2,2,4,4,3,4,5,1,5,2,4,5,3,4,5,4,4,4,4,3,4,5,5,5,1,4.75,1.333333,2,3.666667,3.6,4,3.666667,5,3.351351,4,4,4,4,5,4,5,3,5,5,4,5,5,2,5,3,5,2,5,4,4,87,2,3,2,4,2,2,5,1,1,2,3,1,1,1,3,4,2,1,4,1,2,4,47,Best wishes with your research!,55,Female,White,Full-Time,2701
5f2f6bd965964e35e20c7445,44900.88193,44900.89549,0,,100,1171,1,44900.8955,R_21G3Co496EzB0m0,,,anonymous,EN,1,1,5f2f6bd965964e35e20c7445,5,6,4,5,6,1,6,4,5,4,5,6,6,5,6,5,6,6,5,6,6,6,6,6,6,5,4,6,3,5,6,4,6,5.83,5.17,5,5.33,5,0.39,5,3,6,1,1,1,1,4,2,2,2,1,1,2,1,2,1,1,3,1.636364,1,1,1,2,2,1,1,1,1,2,2,1,1,1,1,2,2,1,2,1,1,2,1,1.7,3,5,4,4,5,4,4,1,4,4,4,4,46,2,3,6,3,5,5,1,3,4,5,0,1,6,2,4,2,6,6,5,6,6,3.571429,3.428571,4.571429,3.857143,5,5,0,5,0,2,0,1,0,0,2,3,4,3,2,1,1,5,1,0,1,3,0,2,5,5,3,1,4,3,2,0,0,1,1,0,4,1,3.75,0.5,2.8,1.833333,3,3,0.3333333,1.666667,2.027027,4,2,5,4,5,5,5,4,3,2,5,5,2,1,5,1,5,1,5,1,1,71,1,4,1,2,1,1,2,1,1,1,4,1,1,1,3,3,2,1,5,1,1,4,38,NA,54,Female,White,DATA_EXPIRED,1177
5f33f5c671dbfc2622aecda4,44901.38308,44901.39394,0,,100,938,1,44901.39395,R_OHiTltjo7uDPK3T,,,anonymous,EN,1,1,5f33f5c671dbfc2622aecda4,3,5,4,4,4,2,5,5,4,3,4,6,6,5,5,1,6,6,5,6,4,6,6,6,2,5,3,5,6,2,6,4,6,5.17,5.67,3.67,4.83,3.33,1.47,2,2,2,1,1,1,1,4,2,2,2,2,2,1,2,2,2,1,4,2,1,1,1,1,1,1,2,1,1,1,3,1,1,2,1,1,1,1,1,1,1,2,1.181818,1.2,4,4,4,4,4,4,4,3,3,4,4,4,46,4,0,6,6,0,5,5,0,5,5,0,6,6,0,6,6,5,0,6,0,5,0.7142857,5.428571,4.714286,3.619048,4,3,2,1,2,2,2,4,3,1,2,1,3,0,1,4,1,2,2,3,3,2,0,3,1,2,2,2,0,0,2,3,1,4,4,4,3,1,2.5,2.333333,1.4,2.166667,1.6,0.6666667,2.666667,3.666667,2.135135,3,5,4,4,4,5,4,4,2,2,4,4,2,2,4,2,4,2,4,2,2,69,1,1,1,1,1,1,5,1,1,1,4,1,1,1,1,1,1,1,4,1,1,4,31,NA,65,Male,White,Full-Time,944
5f36bde6d3369c0cadac39bf,44900.67723,44900.69392,0,,100,1441,1,44900.69393,R_QlWg060XTvWhifv,,,anonymous,EN,1,1,5f36bde6d3369c0cadac39bf,6,4,3,4,5,1,5,3,3,4,3,4,5,2,5,5,5,6,3,5,3,4,4,5,1,2,4,2,3,3,2,5,6,4.33,4.33,2.5,3.67,4.17,0.89,3,3,3,1,0,0,1,2,3,1,4,1,1,2,1,2,1,4,3,2.090909,1,1,1,1,1,1,1,1,2,2,2,1,1,1,1,1,1,1,1,1,1,2,1,1.3,2,2,4,1,3,2,4,1,1,2,2,2,26,2,1,2,5,0,4,3,3,4,6,4,4,5,0,4,3,1,2,6,0,1,1.285714,4.285714,3,2.857143,5,4,4,4,3,1,0,1,1,1,1,2,3,3,2,4,5,3,4,5,4,4,4,4,5,5,4,5,5,4,4,4,4,4,3,4,4,1,4.25,1.166667,2.2,4.166667,4.4,4.333333,4,3.666667,3.432432,3,4,4,3,4,4,3,3,3,5,4,5,3,2,3,5,5,5,4,4,2,78,4,1,3,3,2,1,3,1,2,1,2,2,1,2,4,4,4,4,2,1,1,4,48,Thank you for the opportunity,52,Male,White,Full-Time,1470
5f3983e2c872e90ee1f72601,44900.73963,44900.75367,0,,100,1212,1,44900.75368,R_2B3UknN8OIUUild,,,anonymous,EN,1,1,5f3983e2c872e90ee1f72601,5,5,1,3,2,1,6,6,4,4,2,6,6,3,5,1,5,6,4,5,3,5,5,5,4,4,2,5,6,4,3,2,6,5.33,5.67,3.33,4,2,2.39,2,1,3,1,0,0,1,2,2,3,2,2,2,1,1,2,1,1,3,1.818182,1,2,1,3,2,1,2,1,2,1,3,2,3,2,1,1,3,3,1,1,1,2,1.545455,2,2,4,4,2,4,2,3,1,1,4,2,2,31,4,2,5,5,1,4,4,0,4,4,1,4,5,0,5,6,0,3,3,5,5,1.285714,4.428571,4.285714,3.333333,1,1,2,1,1,3,2,1,2,4,3,3,5,4,2,2,3,3,3,1,3,3,4,3,5,2,3,2,1,4,3,2,2,3,3,1,3,1,1.25,2.166667,3.4,2.666667,3.4,2.666667,2.333333,2.333333,2.54054,5,5,5,4,3,4,5,5,5,5,5,5,5,5,5,3,4,2,4,4,5,93,2,5,2,3,4,4,4,1,1,3,2,5,5,1,4,2,2,1,5,2,5,4,63,NA,46,Male,White,Full-Time,1219
5f456942485340144549178e,44900.6792,44900.69417,0,,100,1293,1,44900.69419,R_2TQO4PFu5JHFl1l,,,anonymous,EN,1,1,5f456942485340144549178e,6,6,6,6,6,3,6,6,6,6,6,6,6,6,6,6,6,6,6,6,6,6,6,6,6,6,6,6,1,6,3,6,6,6,5.17,6,5.5,6,-0.25,7,7,7,1,1,1,0,3,4,1,5,4,3,4,3,4,4,5,5,3.818182,1,1,4,4,2,1,3,1,2,2,2,1,2,1,1,2,1,1,2,2,1,2,1.272727,2.3,5,5,5,5,5,5,5,4,4,5,4,4,56,5,6,6,6,6,6,6,6,6,6,5,6,6,6,6,5,6,6,6,6,6,5.857143,5.714286,6,5.857143,4,5,4,4,1,1,1,4,1,1,0,0,0,1,0,4,4,5,5,4,5,4,4,2,2,5,5,2,4,2,1,4,5,4,1,1,4,1,4.25,1.5,0.2,4.5,3.6,2.333333,4.333333,2,2.810811,4,5,5,5,5,5,5,4,4,5,5,5,4,4,5,4,5,5,4,4,4,96,5,5,5,5,5,5,5,2,2,5,5,2,2,5,5,5,5,5,5,5,5,4,93,NA,63,Female,White,"Not in paid work (e.g. homemaker', 'retired or disabled)",1302
5f48002958dd331635f1d767,44900.70315,44900.71436,0,,100,969,1,44900.7144,R_1gIMnpiIKQGqjdH,,,anonymous,EN,1,1,5f48002958dd331635f1d767,4,4,1,4,3,1,3,4,2,2,2,3,5,1,5,1,6,6,2,4,4,6,5,5,2,2,4,5,2,4,2,3,6,4.33,4.33,2,3.17,2.83,1.67,2,2,2,1,0,0,1,2,3,1,3,1,1,1,1,2,1,2,2,1.636364,2,2,2,1,2,1,1,1,2,3,2,1,1,1,1,2,2,1,1,1,1,2,1.181818,1.8,3,5,2,2,2,3,1,1,1,3,2,2,27,3,4,5,5,3,3,4,3,4,5,3,3,3,4,5,4,3,3,4,4,5,3.428571,4,4,3.809524,4,4,3,1,2,3,2,3,4,3,2,1,1,2,2,4,2,3,5,3,2,4,4,5,2,4,4,4,2,3,2,4,1,3,4,3,3,1,3,2.833333,1.6,3.166667,3.8,2.333333,2.666667,3.333333,2.918919,5,4,5,5,5,5,5,5,4,5,5,5,4,4,5,2,5,1,5,3,4,91,3,3,3,4,4,3,5,4,3,2,3,4,4,2,2,2,3,1,5,1,2,4,63,NA,45,Female,White,Full-Time,975
5f489766dbc4a2364c0f4f93,44900.83157,44900.84828,0,,100,1442,1,44900.84829,R_xlrpUJcsg2U1lJf,,,anonymous,EN,1,1,5f489766dbc4a2364c0f4f93,4,5,1,2,1,1,4,5,4,2,4,5,5,2,4,1,5,6,2,1,3,6,6,6,1,1,5,6,5,1,2,1,6,5,5.33,1.83,2,2.5,3.06,2,2,2,0,0,0,1,1,3,2,2,2,2,2,2,2,2,2,2,2.090909,1,1,1,1,1,1,1,1,2,1,2,1,1,1,1,1,1,1,1,1,1,2,1,1.2,1,4,3,1,1,2,2,2,1,1,1,2,21,1,0,2,3,0,2,4,0,1,4,0,0,3,0,4,4,2,1,4,0,2,0.2857143,3.285714,1.714286,1.761905,4,4,1,1,4,2,3,4,2,2,3,4,1,2,4,0,0,1,1,1,1,0,3,1,3,2,3,3,3,3,2,2,1,1,1,3,1,1,2.5,2.833333,2.8,0.6666667,2.4,2.666667,1.333333,1.666667,2.081081,5,3,4,4,4,5,5,5,4,4,4,5,4,4,5,1,5,3,5,4,4,87,2,2,2,2,2,2,5,2,2,2,2,2,2,2,2,4,2,1,2,2,2,4,46,NA,64,Female,White,"Not in paid work (e.g. homemaker', 'retired or disabled)",1452
5f4f9bc1f7598f06b2dc816f,44900.7997,44900.81519,0,,100,1337,1,44900.81519,R_1MJUvRXdr4hxZsz,,,anonymous,EN,1,1,5f4f9bc1f7598f06b2dc816f,4,4,4,3,3,1,2,3,3,2,4,5,4,3,5,4,4,4,4,4,3,5,4,4,2,4,4,1,1,2,4,3,6,3.33,3.33,3,3.67,3.5,-0.06,2,2,2,1,1,0,1,3,1,2,1,2,2,1,1,2,2,2,2,1.636364,1,1,1,1,1,1,1,1,1,1,2,1,1,1,1,1,1,1,1,1,1,2,1,1.1,4,4,3,2,2,4,4,2,2,3,2,4,36,1,4,4,3,0,5,4,0,4,4,2,4,4,0,6,4,4,1,2,0,4,1.428571,3.142857,4,2.857143,3,3,3,1,4,4,3,4,2,3,3,2,2,2,2,1,2,1,2,2,1,2,3,1,3,2,2,3,2,1,3,2,2,3,4,3,3,1,2.5,3.333333,2.2,1.666667,2.2,2,2.333333,3.333333,2.405406,4,4,3,4,5,4,4,4,4,4,4,4,3,3,4,2,5,2,4,2,3,76,3,4,3,3,5,4,4,4,4,5,3,4,3,4,4,5,4,3,4,4,4,4,81,NA,69,Male,White,"Not in paid work (e.g. homemaker', 'retired or disabled)",1344
5f50b1bbe29c992335098fb1,44900.66913,44900.68184,0,,100,1098,1,44900.68185,R_xaQ7fypB0GIYQDv,,,anonymous,EN,1,1,5f50b1bbe29c992335098fb1,3,4,5,5,3,1,4,4,4,4,2,5,6,4,5,2,4,4,6,6,3,5,6,5,4,6,4,4,2,4,6,5,6,4.33,4.17,4.5,5.33,3.17,-0.08,5,5,5,1,1,0,0,2,4,2,3,2,1,2,2,1,2,3,2,2.181818,3,4,4,4,3,2,2,2,3,3,2,3,3,2,1,4,2,2,3,2,1,2,2.181818,3.1,5,4,5,4,4,4,4,4,4,4,5,4,51,2,2,6,3,2,3,1,1,4,4,3,5,2,5,3,2,4,4,2,3,4,2.857143,2.285714,4.142857,3.095238,4,3,2,3,2,2,1,1,3,1,3,0,1,1,2,2,2,2,3,3,4,3,3,5,5,4,3,2,2,3,3,3,1,4,1,2,1,1,3,1.666667,1.4,2.833333,4,2.666667,2.666667,1.333333,2.432432,4,2,4,2,4,4,5,3,3,2,4,4,4,2,4,3,4,2,2,4,4,70,4,2,4,2,2,3,1,2,2,2,4,1,2,2,4,3,4,1,3,1,2,4,51,NA,32,Female,White,Unemployed (and job seeking),1106
5f5bcd84009333376363c9aa,44901.18576,44901.20079,0,,100,1297,1,44901.20079,R_3R7obhaHFIqGcP9,,,anonymous,EN,1,1,5f5bcd84009333376363c9aa,5,6,3,4,3,1,5,6,4,2,2,6,6,4,4,4,5,6,2,4,2,6,5,6,3,2,2,6,5,3,2,3,6,5.33,5.83,3.17,3,2.67,2.64,2,2,2,0,0,0,1,1,3,2,2,1,2,2,2,2,2,1,2,1.909091,1,2,2,3,2,1,1,2,2,3,2,1,2,2,1,2,2,2,3,2,1,2,1.454545,2.3,4,5,5,4,3,4,5,4,4,4,3,3,48,5,1,4,6,1,3,6,1,3,6,2,4,6,2,2,5,3,3,6,1,3,1.571429,5.714286,3.142857,3.476191,3,4,3,4,3,3,1,3,3,3,2,2,2,3,3,3,3,3,3,4,3,3,4,4,5,5,4,3,3,4,4,4,3,3,3,3,3,1,3.5,2.666667,2.4,3.166667,4.4,3.666667,3.333333,3,3.216216,2,4,4,4,4,4,4,4,4,4,4,4,4,2,4,1,4,2,2,2,2,69,2,4,4,4,2,2,4,2,2,2,4,2,2,2,5,2,4,2,2,2,2,4,57,"This was an interesting study. About 2 months ago, I started mindfulness/body meditation as a way to more effectively deal with anxiety. I am slowly noticing improvements in my awareness of bodily sensations. Thanks for the opportunity to participate.",43,Female,White,Full-Time,1305
5f5bf9beef06253d2b621fc3,44905.6494,44905.66083,0,,100,987,1,44905.66086,R_3Ny5G33sH3f0FRv,,,anonymous,EN,1,1,5f5bf9beef06253d2b621fc3,4,5,4,4,4,2,5,5,5,3,4,5,5,5,5,4,5,6,5,4,4,6,5,6,4,4,5,4,3,4,4,4,6,4.67,5,4.5,4,4.17,0.61,6,6,6,0,0,0,1,1,3,2,3,2,2,2,2,2,1,2,2,2.090909,1,2,2,2,1,1,2,1,2,2,2,2,1,2,2,2,2,1,2,1,1,2,1.454545,1.8,4,4,4,4,4,4,4,3,2,3,3,4,43,6,0,2,6,0,1,6,1,1,6,0,1,6,1,3,6,0,1,6,0,0,0.2857143,6,1.285714,2.523809,3,4,3,4,2,2,2,1,2,2,2,1,2,4,2,3,3,3,3,4,3,3,4,3,4,4,4,3,4,3,4,4,3,4,4,3,3,1,3.5,1.833333,2.2,3.166667,3.8,3.666667,3.666667,3.333333,3.027027,3,4,4,5,4,4,4,4,5,4,5,5,4,4,4,3,5,2,3,2,3,81,2,4,3,3,2,2,5,1,1,1,5,3,1,1,2,2,2,1,5,1,1,4,48,NA,75,Male,White,Full-Time,993
5f5eb22e58c9fb7782a6e90c,44901.37321,44901.3887,0,,100,1338,1,44901.38871,R_2xDW9xPyONgpkvj,,,anonymous,EN,1,1,5f5eb22e58c9fb7782a6e90c,5,6,1,1,2,1,6,5,4,1,2,6,6,1,2,1,5,6,2,2,1,6,6,4,5,2,1,6,3,2,2,1,6,5.67,5,2.5,1.67,1.33,3.5,1,1,1,0,0,0,1,1,3,1,1,1,1,1,1,1,1,1,2,1.272727,1,1,1,2,1,1,2,1,1,1,1,1,1,1,1,1,1,1,1,1,1,2,1.090909,1.1,2,4,3,3,3,2,2,1,1,1,1,1,24,4,0,2,6,0,2,1,0,0,6,0,1,6,0,2,6,0,1,6,0,0,0,5,1.142857,2.047619,4,5,4,4,5,4,0,5,5,5,2,3,4,4,3,5,5,5,4,5,5,5,5,5,4,4,4,3,4,4,5,4,2,4,4,5,4,1,4.25,4,3.2,4.833333,4.4,4.333333,3.333333,4.333333,4.108108,4,4,5,5,5,4,5,5,4,4,5,5,4,4,4,4,4,2,3,3,3,86,1,1,1,2,1,1,4,1,1,1,1,1,1,1,1,2,2,1,1,1,1,4,27,NA,56,Male,White,Unemployed (and job seeking),1354
5f6666e43be0b923d23c8df8,44900.72652,44900.74685,0,,100,1756,1,44900.74686,R_3KIKhWpU8oTUBLh,,,anonymous,EN,1,1,5f6666e43be0b923d23c8df8,6,6,2,2,4,1,6,6,3,4,4,6,6,3,6,4,6,6,4,4,6,6,6,5,3,1,6,6,3,3,6,4,6,6,5.33,3,3.83,4.67,1.83,1,1,1,1,1,0,1,3,3,2,4,1,1,1,1,1,1,2,2,1.727273,1,2,1,1,1,1,1,1,1,1,1,1,1,1,1,2,1,1,1,1,1,2,1.090909,1.1,1,4,4,2,5,2,4,1,1,1,1,4,30,6,6,5,6,3,6,6,5,4,5,6,6,6,6,6,6,6,4,6,6,6,5.428571,5.857143,5.285714,5.523809,5,5,5,5,1,0,0,0,1,5,1,2,3,3,2,5,5,5,5,5,4,5,5,3,5,5,5,5,5,4,4,2,3,5,5,5,5,1,5,1.166667,2.2,4.833333,4.6,4.333333,3.333333,5,3.72973,5,5,5,5,5,5,5,5,5,5,5,5,5,5,5,4,5,1,5,5,5,100,5,4,5,5,5,4,5,2,4,2,5,4,4,4,4,5,5,1,5,2,5,4,85,"At 63, with Fibromyalgia, herniated discs, tendonitis, osteoarthritis, etc., I do think about the pain and what I can do, still can handle quite a bit but I just work through the pain. The pain medication leaves my head too fuzzy, I prefer to concentrate on my tasks.",63,Female,White,Full-Time,1832
5f6e2f793c9b1032dbe72def,44900.74624,44900.76747,0,,100,1833,1,44900.76748,R_1ePOqTKgVCIHHBt,,,anonymous,EN,1,1,5f6e2f793c9b1032dbe72def,3,4,4,5,6,1,5,5,3,6,6,6,6,3,6,5,5,6,6,6,6,6,4,5,5,4,6,6,2,5,5,6,6,4.83,4.67,4.33,5.33,5.83,-0.42,6,4,5,1,1,1,0,3,2,2,1,1,2,3,2,1,2,2,2,1.818182,2,2,3,2,1,2,2,1,2,2,2,1,1,1,1,3,2,1,1,1,1,2,1.363636,1.9,2,4,4,2,4,2,4,2,1,2,2,3,32,4,1,4,5,3,4,1,1,5,2,4,3,6,3,5,4,3,4,2,2,5,2.428571,3.428571,4.285714,3.380952,3,4,3,4,2,1,1,1,1,1,2,2,4,4,4,3,5,4,4,4,4,4,5,3,4,5,4,4,5,4,3,4,3,4,5,5,4,1,3.5,1.166667,3.2,4.166667,4.2,4,3.666667,4.666667,3.432432,5,4,5,5,5,5,4,5,4,4,5,5,3,3,2,2,4,1,4,3,3,81,2,4,4,4,4,3,4,2,2,2,3,3,2,1,3,2,3,1,4,2,2,4,57,NA,42,Male,White,Full-Time,1867
5f82567f1e720a3842580d23,44901.15215,44901.16933,0,,100,1484,1,44901.16935,R_2wvFQKBeUigaR6F,,,anonymous,EN,1,1,5f82567f1e720a3842580d23,5,1,6,5,6,1,5,5,5,5,6,6,6,6,4,6,5,5,6,6,6,6,6,5,5,6,6,4,1,4,4,5,6,5.17,3.83,5.33,5,5.83,-0.89,6,6,7,1,0,1,0,2,1,3,2,2,1,1,2,2,4,2,2,2,1,1,1,1,1,1,1,1,1,1,1,1,1,1,1,1,4,1,1,1,1,2,1,1.3,2,4,4,3,3,2,4,1,1,1,1,2,28,6,3,6,6,4,6,6,3,4,6,0,5,6,0,6,6,2,5,6,6,5,2.571429,6,5.285714,4.619048,4,5,3,3,4,3,1,5,3,3,3,2,4,4,4,3,4,4,4,4,3,4,4,2,4,4,3,4,4,3,3,5,5,5,5,5,5,1,3.75,3.166667,3.4,3.833333,3.4,3.333333,5,5,3.72973,5,5,5,5,5,5,5,4,4,4,5,5,4,4,5,2,5,3,4,4,4,92,1,2,1,2,1,1,4,1,1,1,2,2,1,1,2,1,1,1,4,1,1,4,32,NA,62,Male,White,Full-Time,1490
5f878ac24e7e5f1ba4237c09,44900.6694,44900.68153,0,,100,1047,1,44900.68154,R_3ELM1uGSmiPPYRG,,,anonymous,EN,1,1,5f878ac24e7e5f1ba4237c09,5,3,1,1,3,1,2,4,1,1,5,4,6,1,4,1,4,6,1,3,4,6,5,3,3,4,4,6,6,2,1,1,6,4.33,4.67,1.5,2.33,3,2.22,1,1,2,1,0,0,1,2,3,1,2,1,1,1,2,2,2,2,2,1.727273,1,1,2,1,4,1,1,1,4,3,2,1,2,1,1,2,4,1,4,1,1,2,1,2.8,4,4,4,2,4,4,3,5,4,4,4,4,46,0,0,4,4,0,0,0,0,4,5,1,0,1,0,4,4,6,4,1,0,1,1,2.142857,2.428571,1.857143,2,1,2,2,0,2,3,1,3,3,2,1,0,1,1,1,1,2,1,1,1,1,3,3,2,1,1,0,2,1,0,0,2,0,3,2,2,1,1.75,2,1,1.166667,2,1,0.6666667,2.333333,1.459459,5,4,5,4,5,4,4,4,3,4,5,5,4,4,4,3,5,3,4,4,3,86,3,4,1,3,1,1,1,1,1,3,5,1,1,1,1,4,4,1,4,3,1,4,45,NA,36,Male,Mixed,Other,1053
5f974c72a0ed8c0f9ce724ea,44901.57095,44901.57953,0,,100,740,1,44901.57953,R_2rqOpjqlaOv7tSq,,,anonymous,EN,1,1,5f974c72a0ed8c0f9ce724ea,6,6,2,6,3,1,5,5,4,2,5,6,6,5,4,3,3,6,3,4,4,6,3,5,2,2,4,6,2,5,6,2,6,4.83,5,3.5,4,3.5,1.25,3,2,5,1,0,1,0,2,2,2,3,1,1,2,3,3,1,4,2,2.181818,1,1,3,2,1,1,1,1,2,3,2,1,2,1,1,2,3,1,1,2,1,2,1.090909,2.1,4,4,5,4,5,4,5,2,4,4,4,4,49,2,6,2,2,2,5,0,0,6,4,1,6,6,5,5,1,4,5,4,3,6,3,2.714286,5,3.571429,4,5,3,1,4,4,1,5,2,1,0,2,2,3,1,2,3,5,3,2,3,1,3,4,3,4,3,2,3,3,3,1,1,1,2,2,4,1,3.25,2.833333,1.6,2.833333,3.4,3,1,2.666667,2.594594,3,5,4,5,5,3,5,2,2,4,5,5,4,4,5,5,5,3,2,5,4,85,2,4,3,4,4,2,5,1,2,2,2,1,1,2,4,4,3,1,2,1,2,4,52,NA,31,Male,Mixed,Part-Time,746
5f985a6faf071810974a32f8,44900.66767,44900.67662,0,,100,773,1,44900.67663,R_2uTHm7fOuSiFc1c,,,anonymous,EN,1,1,5f985a6faf071810974a32f8,2,6,6,4,6,1,3,5,5,3,3,5,6,4,6,6,5,6,6,6,5,6,5,6,6,6,6,1,1,3,4,3,6,3.5,5,5,4.83,4.83,-0.64,5,5,5,1,0,0,1,2,3,1,3,1,1,2,1,2,1,5,3,2.090909,2,2,1,1,1,1,1,1,1,2,1,1,1,1,1,2,1,2,1,1,1,2,1.272727,1.2,1,1,4,3,1,4,3,1,1,1,1,1,22,0,0,3,5,0,3,0,0,0,5,0,0,0,0,6,2,3,3,0,0,0,0.4285714,1.714286,2.142857,1.428571,4,4,2,3,3,2,0,0,1,1,1,3,4,3,1,4,3,3,4,4,5,3,5,3,4,3,3,4,2,5,3,4,4,2,3,2,4,1,3.25,1.166667,2.4,3.666667,3.6,3.333333,3.333333,3,2.945946,5,5,5,5,5,5,5,5,5,4,5,5,4,5,5,5,5,3,3,3,5,97,1,1,1,1,1,1,1,1,1,1,1,1,1,1,1,1,1,1,1,1,1,4,21,thank you!,34,Male,White,Full-Time,784
5f98ab718920801c578363ab,44900.72356,44900.73909,0,,100,1340,1,44900.7391,R_1CwNZI1GSkTzRom,,,anonymous,EN,1,1,5f98ab718920801c578363ab,5,6,3,3,4,2,3,5,3,3,3,5,5,3,3,4,5,6,3,5,5,6,4,6,3,5,5,4,2,4,4,5,6,4.33,5,3.17,3.83,4.33,0.89,5,6,4,1,1,1,0,3,3,2,2,1,2,2,2,3,2,3,2,2.181818,1,2,2,1,1,1,2,1,2,2,2,1,2,2,1,2,2,1,2,1,2,2,1.363636,1.8,2,2,4,2,2,2,2,1,1,2,1,2,23,3,1,5,3,1,5,1,3,3,1,1,4,1,5,4,1,4,0,1,5,3,2.857143,1.571429,3.428571,2.619048,5,4,5,3,2,3,2,3,2,3,2,3,4,4,1,4,4,5,4,5,5,5,3,2,4,4,3,3,2,3,4,2,3,2,4,4,4,1,4.25,2.5,2.8,4.666667,3.2,3,2.333333,4,3.378378,5,5,5,5,4,5,4,5,5,4,2,5,3,4,4,3,5,1,5,3,4,86,2,4,2,2,2,2,4,2,2,2,2,4,2,2,2,4,4,1,4,2,2,4,53,NA,41,Female,Black,Full-Time,1356
5fa3146a9b17545c04ce5b06,44900.67225,44900.68473,0,,100,1079,1,44900.68475,R_279IPgHKJc4lQaY,,,anonymous,EN,1,1,5fa3146a9b17545c04ce5b06,6,6,1,2,1,1,4,6,2,1,3,6,6,1,3,1,6,6,1,2,1,6,6,6,1,1,1,2,6,3,2,1,6,5,6,1.5,1.83,1.33,3.94,2,1,4,1,0,0,1,2,3,2,3,1,1,2,2,2,2,1,1,1.818182,1,1,1,3,1,1,1,1,1,2,2,1,1,1,1,3,1,1,2,1,1,2,1,1.7,4,5,4,4,5,4,4,1,1,2,2,2,38,2,6,6,6,0,2,3,0,2,6,2,6,6,0,3,5,6,5,6,0,6,2,4.857143,4.285714,3.714286,3,5,3,0,4,2,4,2,2,3,2,2,3,1,5,1,2,0,5,5,5,2,3,5,5,5,5,5,5,5,5,5,2,5,5,5,5,1,2.75,2.833333,2.6,3.166667,4.6,5,4,5,3.54054,2,2,2,2,4,5,4,2,4,2,5,4,4,2,4,1,4,2,4,1,2,62,2,4,2,4,4,3,2,2,2,2,2,2,2,2,2,4,4,2,4,2,2,4,55,NA,36,Female,Other,Other,1085
5fb16308dc5973607fa3041c,44900.76904,44900.78395,0,,100,1288,1,44900.78397,R_20VxFeFdHWL750c,,,anonymous,EN,1,1,5fb16308dc5973607fa3041c,4,2,3,4,2,1,4,4,2,2,3,5,4,4,5,3,5,5,5,5,4,5,6,4,3,5,4,5,2,3,5,4,6,4.83,3.5,3.33,4.33,3.33,0.5,4,4,4,1,1,0,1,3,2,2,3,2,2,2,2,2,1,2,4,2.181818,2,1,1,2,1,1,1,1,1,1,1,1,1,1,1,1,1,1,1,1,2,2,1.181818,1.1,3,4,4,2,3,4,4,2,2,2,2,4,36,5,3,2,5,2,5,4,3,3,4,2,4,6,5,4,2,5,5,6,3,2,3.285714,4.571429,3.571429,3.809524,2,3,3,3,4,1,1,1,2,1,3,4,3,3,3,2,2,3,3,3,3,3,2,3,2,3,3,3,3,4,4,2,1,3,4,4,4,1,2.75,1.666667,3.2,2.833333,2.6,3.666667,2,4,2.72973,4,4,4,4,4,4,4,4,4,4,4,4,3,4,4,2,4,2,5,3,3,78,2,2,2,2,2,2,3,2,2,2,2,2,2,2,2,2,2,2,2,2,2,4,43,NA,59,Female,White,DATA_EXPIRED,1320
5fb96682a2e58b7e38a6f5d6,44900.67122,44900.68478,0,,100,1172,1,44900.6848,R_8C7k1oU2FbvUXXX,,,anonymous,EN,1,1,5fb96682a2e58b7e38a6f5d6,6,6,1,1,1,1,6,6,1,1,1,6,6,1,1,1,6,6,4,1,1,6,6,4,1,1,1,6,4,3,1,1,6,6,5.33,1.83,1,1,4.39,1,1,1,0,0,0,1,1,3,1,2,1,1,1,2,2,1,1,1,1.454545,1,3,4,4,3,1,1,1,4,3,2,1,4,1,2,3,2,1,3,1,1,2,1.272727,3.2,5,5,5,5,5,5,5,5,5,5,5,5,60,0,1,3,0,6,3,0,2,1,0,1,2,0,3,2,0,4,3,0,5,2,3.142857,0,2.285714,1.809524,2,3,1,1,3,4,4,4,5,5,1,0,0,0,0,0,1,2,3,1,1,0,1,0,1,1,1,0,0,0,0,1,1,1,0,0,1,1,1.75,4.166667,0.2,1.333333,0.8,0,1,0.3333333,1.324324,3,3,3,4,4,3,3,3,3,3,4,3,3,3,3,3,4,3,4,3,3,68,1,4,1,2,1,1,4,1,1,1,4,1,1,1,1,1,2,2,3,1,1,4,35,NA,33,Female,Asian,"Not in paid work (e.g. homemaker', 'retired or disabled)",1180
5fb9b9c1c62f408e51e09e32,44900.84002,44900.85939,0,,100,1672,1,44900.85941,R_1KfI6Abx4t1nJ05,,,anonymous,EN,1,1,5fb9b9c1c62f408e51e09e32,6,6,4,4,6,1,6,5,6,6,3,6,6,3,6,6,6,6,5,6,4,6,6,6,3,1,5,6,3,2,3,5,6,6,5.33,3.83,4.33,4.83,1.33,3,3,3,1,1,0,0,2,3,2,4,2,1,1,2,1,2,3,3,2.181818,1,1,1,1,1,1,1,1,1,1,1,1,1,1,1,1,1,1,1,1,1,2,1,1,2,4,4,2,4,2,4,2,2,2,2,2,32,6,6,5,6,5,4,6,6,4,6,5,5,6,6,5,6,6,5,6,6,0,5.714286,6,4,5.238095,5,4,4,5,1,1,1,1,1,4,2,2,5,4,4,5,4,1,4,5,4,4,5,2,5,4,5,4,4,5,4,4,2,1,5,5,4,1,4.5,1.5,3.4,3.666667,4.2,4.333333,2.333333,4.666667,3.513514,5,5,5,5,5,5,5,5,5,5,5,5,4,4,5,1,5,4,5,5,5,98,1,2,1,2,1,1,1,1,1,1,2,1,2,1,2,2,1,1,1,1,1,4,27,NA,69,Female,White,Part-Time,1678
5fbb062e91513797e214827d,44900.71881,44900.73132,0,,100,1081,1,44900.73133,R_1KlOQiL6x4P4aGE,,,anonymous,EN,1,1,5fbb062e91513797e214827d,3,6,3,3,6,1,6,6,6,3,6,6,6,6,6,1,6,6,1,2,6,6,6,4,2,1,5,6,6,3,1,2,6,5.5,5.67,3.5,2.67,4.33,2.08,1,1,1,0,0,0,1,1,3,3,2,3,3,3,2,1,3,3,3,2.636364,3,2,1,1,1,1,1,1,1,2,2,1,2,1,1,2,1,1,2,1,1,2,1.272727,1.5,1,1,2,3,1,1,1,1,1,1,1,2,16,5,2,4,6,5,5,5,5,4,4,6,4,5,6,6,4,6,4,5,6,6,5.142857,4.857143,4.714286,4.904762,4,5,5,1,1,4,0,1,2,3,2,2,2,2,2,1,2,1,4,4,4,4,4,4,4,4,3,4,4,1,2,3,2,3,4,4,4,1,3.75,1.833333,2,3.166667,3.8,2.333333,2.666667,4,2.864865,4,5,1,4,4,5,4,4,5,4,5,3,1,2,4,2,3,2,4,4,5,75,4,5,2,5,5,5,5,3,5,4,5,3,1,2,4,4,2,1,3,4,5,4,77,NA,66,Female,White,"Not in paid work (e.g. homemaker', 'retired or disabled)",1091
5fc27b5a13285c0008cc71ab,44908.63725,44908.65221,0,,100,1293,1,44908.65223,R_1f0LCdeYywkcBay,,,anonymous,EN,1,1,5fc27b5a13285c0008cc71ab,6,6,2,3,4,1,6,6,2,3,5,6,6,2,5,1,6,6,2,3,4,6,5,5,1,1,3,4,5,3,1,2,6,5.5,5.67,2,2.67,3.17,2.97,2,2,3,1,0,0,1,2,3,2,1,1,1,1,1,2,2,3,4,1.909091,1,1,1,1,1,1,2,1,2,2,1,1,2,2,1,1,1,1,1,1,1,2,1.181818,1.3,3,4,4,1,4,4,4,1,1,2,1,1,30,6,2,5,6,3,4,5,2,4,6,4,3,6,6,6,5,6,6,5,6,5,4.142857,5.571429,4.714286,4.809524,3,4,3,4,0,2,1,1,2,3,1,2,1,1,2,2,1,3,3,3,2,3,2,3,3,3,3,3,2,4,4,2,2,4,4,3,3,1,3.5,1.5,1.4,2.5,2.8,3.333333,2.666667,3.333333,2.486486,5,5,4,5,4,5,5,4,4,4,5,4,4,4,5,4,5,5,3,2,2,88,2,2,1,2,3,5,4,1,1,1,4,2,3,2,1,3,2,1,4,2,2,4,48,I thought this survey was supposed to have a political element to it.,63,Female,White,Part-Time,1300
5fc46f87f8b6b98b2ae7d8cb,44901.31378,44901.32344,0,,100,834,1,44901.32346,R_3JEtl4msVL4fb1l,,,anonymous,EN,1,1,5fc46f87f8b6b98b2ae7d8cb,6,6,2,3,1,2,6,5,2,1,4,6,6,2,6,1,6,6,2,4,2,6,6,3,2,1,2,4,6,3,1,1,6,5.67,5.33,2.17,2.67,1.83,3.28,2,2,3,0,0,0,1,1,2,1,1,1,1,1,1,2,1,1,1,1.181818,1,1,1,1,1,1,1,1,1,1,2,1,1,1,2,2,2,1,1,1,1,2,1.090909,1.3,3,4,4,4,4,4,4,2,2,3,2,2,38,6,0,3,6,0,3,6,0,0,6,0,4,6,0,4,5,0,3,6,0,0,0,5.857143,2.428571,2.761905,5,5,3,2,2,3,1,0,3,2,1,4,2,3,2,4,3,4,3,3,2,3,5,1,5,4,5,2,5,3,2,3,3,4,4,3,5,1,3.75,1.833333,2.4,3,4,3.333333,3.333333,4,3.081081,4,3,5,4,5,4,5,4,3,4,5,5,4,3,5,5,5,4,5,3,4,89,3,4,2,3,3,3,4,3,2,3,2,4,2,2,3,3,3,3,5,3,3,4,63,NA,45,Male,White,Full-Time,840
5fc6a3c3f7ddee03573bdd6c,44901.40241,44901.41274,0,,100,893,1,44901.41275,R_2ONeRbN7zBeAiFW,,,anonymous,EN,1,1,5fc6a3c3f7ddee03573bdd6c,5,5,6,6,6,1,6,6,5,5,6,6,5,6,6,1,5,5,1,6,5,6,6,5,1,5,5,1,3,3,6,1,6,4.83,4.83,3.67,5.67,4,0.39,5,5,5,1,1,1,0,3,1,1,3,1,1,1,1,2,1,1,3,1.454545,3,4,4,4,4,1,1,2,4,4,4,1,4,2,1,1,3,1,1,4,4,2,2.181818,3.3,5,5,5,5,5,5,5,5,5,5,5,5,60,5,4,1,6,0,1,6,0,5,6,6,5,6,4,6,6,6,6,6,0,1,2.857143,5.857143,3.571429,4.095238,5,2,0,1,0,2,0,0,3,2,3,0,0,3,2,1,1,1,0,0,3,1,5,2,4,1,1,1,0,1,1,2,0,0,3,1,2,1,2,1.166667,1.6,1,2.6,0.6666667,0.6666667,2,1.459459,2,5,4,5,5,5,5,5,5,5,5,5,5,5,5,2,5,1,5,5,2,91,1,5,1,5,5,4,4,4,4,3,1,5,4,4,5,5,5,1,5,3,1,4,75,None,34,Female,White,Unemployed (and job seeking),903
5fc6e3a0040c3f0e7cb45c8a,44900.66455,44900.68059,0,,100,1385,1,44900.6806,R_2qBCrEggGs7CObe,,,anonymous,EN,1,1,5fc6e3a0040c3f0e7cb45c8a,6,6,6,6,6,6,5,6,6,6,5,6,6,6,5,6,5,6,6,6,6,6,6,6,6,5,6,6,5,4,5,6,6,5.67,5.83,5.67,5.5,5.83,0.08,7,7,7,1,1,0,1,3,2,2,5,1,1,5,1,1,1,5,4,2.545455,3,3,3,3,3,1,2,3,3,2,3,3,3,2,3,3,2,3,3,3,3,2,2.636364,2.8,4,2,2,5,5,4,5,5,2,4,2,2,42,6,6,6,6,6,6,5,6,6,6,6,6,6,6,6,4,6,6,6,6,6,6,5.571429,6,5.857143,5,5,5,5,0,0,0,0,0,0,0,0,3,5,0,5,4,5,5,5,5,5,5,5,5,5,5,5,5,5,5,5,5,5,5,5,5,1,5,0,1.6,4.833333,5,5,5,5,3.702703,5,5,5,4,4,4,4,5,4,4,5,3,4,4,4,3,4,4,4,4,4,87,4,4,4,4,4,4,4,4,4,4,4,4,4,4,4,4,4,4,4,4,4,4,84,no comments,32,Female,White,"Not in paid work (e.g. homemaker', 'retired or disabled)",1396
5fd0dc0d8dae67016ed65a54,44900.66554,44900.68858,0,,100,1990,1,44900.68859,R_sY9PgOyG4IN1E5z,,,anonymous,EN,1,1,5fd0dc0d8dae67016ed65a54,3,2,4,4,3,3,3,3,4,4,4,4,4,3,5,3,5,4,3,4,2,2,4,3,3,2,2,3,4,3,3,4,6,3.67,3.33,3.33,3.67,3,0.17,5,5,5,0,1,0,1,2,3,4,3,2,3,3,4,3,3,3,2,3,1,2,2,3,2,3,3,3,3,3,3,2,2,2,3,2,3,2,2,2,3,2,2.363636,2.5,3,3,3,2,3,4,3,3,4,2,3,3,36,2,2,3,3,4,3,2,3,4,2,2,4,2,3,4,3,4,3,3,3,3,3,2.428571,3.428571,2.952381,2,2,1,3,3,2,3,3,4,3,2,2,2,3,3,2,3,2,2,3,3,2,2,2,2,3,2,2,3,3,3,1,3,3,2,1,2,1,2,3,2.4,2.5,2.2,3,2.333333,1.666667,2.405406,4,3,3,2,2,2,3,2,2,3,4,2,3,2,3,3,3,3,3,2,3,57,3,3,3,2,2,4,2,3,2,3,3,3,4,3,3,2,3,2,3,2,2,4,57,NA,31,Male,White,Full-Time,1995
5fd7f08920e71c0f734ee097,44901.56384,44901.57878,0,,100,1290,1,44901.5788,R_2A0BQQ7JGynul5U,,,anonymous,EN,1,1,5fd7f08920e71c0f734ee097,4,5,4,5,5,1,5,5,3,4,4,5,5,4,5,5,4,5,5,6,4,6,5,5,3,5,4,5,3,4,4,5,6,4.67,4.67,3.83,4.83,4.5,0.28,6,6,7,1,0,0,1,2,3,2,3,2,2,2,2,3,2,2,2,2.272727,1,2,1,1,1,2,1,1,1,1,1,1,1,2,1,1,1,1,1,1,1,2,1.272727,1,2,4,4,3,3,2,3,2,2,3,2,2,32,3,4,5,4,4,3,4,5,4,4,5,4,4,5,4,4,5,4,4,4,3,4.571429,3.857143,3.857143,4.095238,3,3,3,3,3,2,2,2,2,2,3,3,3,4,4,3,2,3,3,3,3,3,3,2,3,3,3,3,3,3,3,3,2,2,3,3,3,1,3,2.166667,3.4,2.833333,2.8,3,2.333333,3,2.810811,3,4,3,3,4,4,3,3,3,4,4,4,4,3,4,3,4,2,3,3,3,71,2,2,2,2,2,2,3,2,2,2,2,2,2,2,2,2,2,2,3,2,2,4,44,NA,55,Female,White,DATA_EXPIRED,1296
5fdeb821bbdf7f6a1815d08f,44901.40314,44901.41255,0,,100,812,1,44901.41256,R_3CCxQUvRw1bEcIw,,,anonymous,EN,1,1,5fdeb821bbdf7f6a1815d08f,4,5,4,4,5,1,5,5,4,5,2,5,5,6,6,5,6,5,4,6,5,6,5,4,5,6,6,5,4,4,6,6,6,5,4.67,4.5,5.5,4.83,-0.11,4,5,5,1,1,0,0,2,3,3,3,1,1,1,2,2,1,3,2,2,1,1,1,1,1,1,1,1,2,1,1,1,1,1,1,2,1,1,1,1,1,2,1,1.2,3,4,4,4,3,4,4,1,1,2,2,2,34,5,4,5,6,5,2,4,5,3,5,3,5,5,5,4,5,3,3,5,4,6,4.142857,5,4,4.380952,3,4,4,3,4,3,3,4,1,3,1,3,3,5,5,2,5,3,3,3,3,3,4,3,3,3,5,3,3,2,2,4,3,3,5,4,5,1,3.5,3,3.4,3.333333,3.6,2.333333,3.333333,4.666667,3.324324,4,4,4,5,5,4,4,4,3,4,5,4,4,5,5,3,4,3,3,5,4,86,1,3,1,1,1,1,1,1,1,1,1,1,1,1,1,1,1,1,1,1,1,4,23,NA,43,Male,White,Full-Time,824
5fed41e3e14422f5e308c6e5,44900.67796,44900.69627,0,,100,1581,1,44900.69628,R_1jjo63yGlOQy0FS,,,anonymous,EN,1,1,5fed41e3e14422f5e308c6e5,6,2,3,5,6,1,5,4,1,4,5,6,6,3,5,6,4,5,6,6,6,6,4,4,5,6,6,2,1,2,2,6,6,4.5,3.67,3.33,4.67,5.83,-0.53,6,7,6,1,1,1,1,4,4,2,5,2,2,4,1,4,2,2,5,3,2,2,1,2,1,1,1,1,2,1,2,1,1,1,1,1,1,1,1,1,1,2,1.181818,1.3,2,4,4,2,2,2,4,1,2,2,2,2,29,5,5,5,6,6,2,4,5,2,5,6,1,5,6,1,4,3,3,5,6,5,5.285714,4.857143,2.714286,4.285714,5,4,5,1,1,2,0,2,2,1,2,1,0,3,1,1,4,2,4,1,4,4,5,5,5,0,5,0,0,1,1,4,0,0,5,5,5,1,3.75,1.333333,1.4,3.166667,4,0.6666667,1.333333,5,2.45946,4,5,4,4,4,5,5,5,5,4,5,5,5,4,5,5,5,1,3,5,4,92,2,4,1,4,2,2,5,1,1,1,4,2,2,1,1,2,1,1,1,1,1,4,40,Thank you!,44,Male,White,Full-Time,1587
6009eee6721c400d92d4cd39,44900.81186,44900.82013,0,,100,714,1,44900.82015,R_2TYqyhuzGZNaGCD,,,anonymous,EN,1,1,6009eee6721c400d92d4cd39,5,5,2,3,2,1,2,5,4,2,4,5,5,4,5,1,3,4,4,4,4,5,6,4,4,3,4,3,1,2,5,1,6,4,4,3.33,3.67,2.67,0.78,7,6,7,1,1,0,0,2,3,1,2,2,1,1,2,1,1,2,3,1.727273,1,1,3,3,3,2,1,1,2,2,2,2,1,1,1,3,2,1,1,2,1,2,1.272727,2.2,3,5,3,3,4,2,4,4,4,3,4,2,41,0,3,5,3,1,2,3,0,3,4,1,5,0,1,4,4,2,6,4,3,5,1.571429,2.571429,4.285714,2.809524,4,1,1,0,1,4,2,2,1,4,2,5,2,0,4,0,0,2,0,0,0,0,0,0,0,1,0,0,1,1,0,0,0,0,0,2,1,1,1.5,2.333333,2.6,0.3333333,0.2,0.6666667,0,1,1.108108,3,3,3,4,4,4,5,3,4,4,5,4,3,4,4,2,3,3,5,3,4,77,1,4,1,4,3,2,4,2,2,3,5,3,4,3,3,1,1,3,2,1,2,4,54,NA,23,Female,White,DATA_EXPIRED,721
600f4361d8ad4b1021236a24,44900.8034,44900.81014,0,,100,581,1,44900.81017,R_3mjXJAU97xR03ww,,,anonymous,EN,1,1,600f4361d8ad4b1021236a24,5,5,4,4,5,1,5,4,5,4,5,5,5,5,4,5,4,5,5,5,5,6,6,5,4,6,5,3,2,4,2,3,6,4.67,4.33,4.5,4.17,4.67,0.06,6,7,6,1,1,1,1,4,4,2,4,2,2,2,2,2,2,4,4,2.727273,2,2,2,1,2,1,2,1,2,2,1,2,2,2,2,1,1,2,1,1,2,2,1.727273,1.5,2,4,4,4,4,2,4,2,1,2,4,2,35,4,1,5,5,0,5,4,1,4,4,2,5,4,0,4,4,0,4,4,0,4,0.5714286,4.142857,4.428571,3.047619,3,4,3,3,1,3,1,1,2,4,3,4,3,3,4,3,3,4,3,3,3,3,3,3,3,3,3,3,3,4,3,3,2,3,4,3,3,1,3.25,2,3.4,3.166667,3,3.333333,2.666667,3.333333,2.972973,4,4,4,4,4,4,4,2,4,2,2,2,2,2,4,2,4,2,2,4,4,66,4,2,4,4,4,2,4,2,2,2,5,2,2,2,2,4,2,1,3,2,4,4,59,NA,38,Male,White,Full-Time,586
6010b744db280e455a5250bd,44900.68318,44900.70038,0,,100,1486,1,44900.7004,R_9owvulXorDChczv,,,anonymous,EN,1,1,6010b744db280e455a5250bd,5,5,4,5,2,1,5,3,4,2,2,5,6,4,5,2,5,5,6,6,2,6,6,5,4,6,2,1,1,3,4,2,6,4.5,4.17,4.17,4.67,2,0.72,6,4,7,1,1,0,1,3,2,2,2,2,2,2,1,1,1,2,2,1.727273,1,1,1,1,1,1,1,1,1,1,1,1,1,1,1,2,1,1,2,1,1,2,1,1.2,1,4,2,1,4,1,4,1,1,1,1,1,22,1,1,5,5,1,5,2,0,2,4,2,4,5,0,3,1,2,3,3,1,4,1,3,3.714286,2.571429,4,4,4,4,4,0,2,0,1,1,0,4,4,3,5,4,2,4,3,4,5,4,5,3,5,4,4,4,5,3,4,5,4,4,5,5,4,1,4,1.333333,3.2,3.666667,4.2,4,4.333333,4.666667,3.513514,4,4,4,4,4,4,4,2,4,4,5,4,4,2,4,2,4,5,4,4,2,78,2,2,2,2,1,2,4,2,2,2,2,2,2,1,1,5,2,2,4,2,2,4,46,NA,56,Female,White,Full-Time,1519
60171c9b1a726593103182b3,44900.67324,44900.68706,0,,100,1193,1,44900.68707,R_1ImnPUDQ2uC5nhf,,,anonymous,EN,1,1,60171c9b1a726593103182b3,4,5,1,2,3,1,6,5,2,3,3,5,5,2,3,3,6,6,4,5,4,6,6,4,5,5,4,3,1,4,5,4,6,5,4.33,3,3.83,3.5,1.22,5,3,5,1,1,1,1,4,4,1,2,2,1,3,2,2,1,3,2,2.090909,1,1,1,1,1,1,1,1,1,1,1,1,1,1,1,1,1,1,1,1,1,2,1,1,4,5,5,4,5,4,5,1,2,2,1,4,42,1,0,4,4,1,4,2,0,3,4,4,2,2,1,3,0,4,1,5,2,5,1.714286,2.571429,3.142857,2.476191,3,4,0,0,0,1,1,1,2,5,2,3,4,4,5,5,3,5,2,3,4,4,4,0,1,2,1,4,4,3,4,2,2,3,5,5,5,1,1.75,1.666667,3.6,3.5,1.6,3.666667,2.333333,5,2.864865,4,4,4,4,4,4,4,4,2,2,4,5,4,2,5,1,4,2,3,3,2,71,2,4,2,4,4,4,4,2,2,2,2,3,2,2,2,3,2,2,4,3,2,4,57,none,49,Male,White,Part-Time,1201
6017b65539ce08a28743cce5,44902.52024,44902.52769,0,,100,642,1,44902.52771,R_3lVzvS2CGXbJC2i,,,anonymous,EN,1,1,6017b65539ce08a28743cce5,4,3,2,2,5,1,4,4,3,3,4,5,4,3,6,2,4,6,5,4,5,6,6,6,1,4,5,1,1,1,1,1,6,4,4,2.5,3.33,3.67,0.83,6,6,6,0,0,0,0,0,4,1,2,5,2,3,1,2,2,1,1,2.181818,2,1,3,1,1,2,1,2,4,3,2,2,4,1,1,1,2,1,1,1,1,2,1.363636,2.2,4,5,5,4,4,4,3,4,3,4,2,3,45,4,0,4,4,0,2,2,0,6,4,0,1,1,0,6,5,4,4,2,0,3,0.5714286,3.142857,3.714286,2.476191,2,2,3,3,4,3,2,3,2,4,0,2,1,2,1,4,3,3,3,3,1,3,2,4,0,5,3,3,2,0,1,3,1,3,4,4,4,1,2.5,3,1.2,2.666667,2.8,1,2.333333,4,2.513514,4,4,5,4,5,4,4,4,4,4,4,4,4,2,5,4,4,2,3,3,4,81,2,2,3,4,2,2,4,1,1,1,4,2,1,1,2,5,2,1,2,2,1,4,45,NA,27,Female,White,Full-Time,713
602348484d326a1c5aa80bb7,44901.5625,44901.57436,0,,100,1024,1,44901.57437,R_12AoPlUi7tnNbj2,,,anonymous,EN,1,1,602348484d326a1c5aa80bb7,5,4,1,1,1,1,6,5,2,1,2,6,6,3,3,1,6,5,1,1,2,5,5,5,3,2,2,4,6,2,2,1,6,5.33,5.17,2,1.67,1.5,3.53,1,1,1,0,0,0,1,1,2,2,3,2,2,3,2,3,2,3,2,2.363636,1,1,1,2,2,2,1,2,2,1,2,2,2,2,1,2,2,1,2,1,1,2,1.363636,1.8,2,4,4,3,3,3,4,3,2,3,2,2,35,0,0,5,1,0,2,1,0,1,1,0,3,1,0,1,2,4,5,1,1,4,0.7142857,1,3,1.571429,3,4,3,3,2,2,1,1,2,2,2,0,2,3,2,3,2,1,3,4,4,3,3,3,4,4,3,3,4,4,3,3,3,2,2,2,2,1,3.25,1.666667,1.8,2.833333,3.4,3.666667,2.666667,2,2.621622,4,3,4,4,4,4,4,4,3,4,4,4,4,3,4,2,4,2,2,4,3,74,3,3,2,4,4,2,4,2,2,2,3,2,2,2,2,2,2,4,5,2,3,4,57,I do not,38,Female,White,DATA_EXPIRED,1036
602e3638f2520292bac1d5d9,44905.27535,44905.29426,0,,100,1634,1,44905.29427,R_3j8t7hSpZ2BED0f,,,anonymous,EN,1,1,602e3638f2520292bac1d5d9,2,2,2,2,2,1,2,2,3,4,3,2,2,2,2,3,4,3,5,4,3,6,5,4,3,5,4,2,1,3,4,6,6,2.83,2.33,3,3.5,3.5,-0.75,6,6,7,1,1,1,1,4,3,2,2,3,2,3,3,4,3,5,4,3.090909,4,4,4,4,2,1,3,2,4,4,1,3,4,2,4,3,2,3,3,3,3,2,2.909091,3.1,5,5,5,5,5,5,5,5,4,5,4,5,58,4,2,3,6,1,5,5,2,4,6,3,5,4,2,4,6,2,4,6,6,6,2.571429,5.285714,4.428571,4.095238,3,3,5,3,1,1,1,1,1,1,1,2,2,2,3,3,3,4,3,3,2,3,2,3,1,1,4,0,1,1,1,4,3,3,2,3,4,1,3.5,1,2,3,2.2,1,3.333333,3,2.27027,5,5,5,5,5,5,5,5,5,5,5,5,5,5,5,5,5,2,5,5,4,101,2,1,1,1,1,1,1,1,1,1,2,1,1,1,1,1,1,1,1,1,1,4,23,NA,42,Male,White,Full-Time,1662
603039c84bcf02e81ae8a052,44900.6824,44900.69264,0,,100,884,1,44900.69265,R_pzUm90f5Nix4qnn,,,anonymous,EN,1,1,603039c84bcf02e81ae8a052,3,4,3,3,4,3,3,4,3,3,4,4,5,3,4,3,3,5,5,4,3,5,4,5,3,4,3,2,3,3,4,3,6,3.17,4.33,3.33,3.67,3.33,0.31,6,6,6,1,1,1,1,4,3,3,2,2,2,2,2,3,2,3,2,2.363636,2,2,1,2,2,1,3,1,2,2,2,1,1,3,2,2,3,1,2,2,2,2,1.818182,1.9,3,3,4,4,3,2,4,4,4,3,4,3,41,0,2,4,0,1,4,0,2,3,0,3,3,0,2,3,0,4,3,0,3,4,2.428571,0,3.428571,1.952381,3,2,2,3,1,2,1,1,1,2,4,3,3,3,3,3,2,2,2,2,2,1,2,2,1,3,2,2,2,2,1,2,1,2,3,3,2,1,2.5,1.333333,3.2,1.833333,2,1.666667,1.666667,2.666667,2.108108,4,4,4,4,4,4,4,4,4,4,4,4,4,4,4,3,3,2,3,3,3,77,2,2,2,2,2,2,4,2,2,2,2,2,2,2,2,2,2,2,2,2,2,4,44,NA,39,Male,White,Full-Time,892
6036f9b3b1842f8b659b18c7,44900.68955,44900.70392,0,,100,1241,1,44900.70393,R_Og6BL9QALkIDAhb,,,anonymous,EN,1,1,6036f9b3b1842f8b659b18c7,4,4,5,4,5,5,3,5,3,3,5,5,3,4,4,5,5,4,3,5,5,3,4,5,3,4,5,3,4,5,2,5,6,4,4.17,3.83,3.67,5,-0.08,6,6,5,1,1,0,1,3,4,4,3,2,3,5,2,3,3,4,5,3.454545,1,1,2,2,1,2,2,3,2,3,1,2,2,2,2,1,1,2,3,1,1,2,1.727273,1.8,2,1,2,4,2,2,2,2,3,2,1,2,25,2,1,3,2,2,3,1,1,2,1,1,2,3,3,2,2,2,1,1,1,1,1.571429,1.714286,2,1.761905,3,1,2,1,4,5,2,5,3,5,5,4,3,2,4,1,2,0,1,1,0,3,2,3,0,1,1,1,1,1,0,4,0,3,1,1,2,1,1.75,4,3.6,1.166667,1.4,0.6666667,2.333333,1.333333,2.108108,1,3,3,3,1,2,1,1,3,2,2,2,2,2,2,1,2,2,3,2,2,42,3,2,3,2,3,2,2,4,4,3,3,3,2,2,2,2,2,2,2,3,2,4,53,NA,29,Female,White,DATA_EXPIRED,1246
603d6ae665fbaacb5621ede2,44900.66402,44900.69115,0,,100,2343,1,44900.69117,R_24ucMicm2dphtm7,,,anonymous,EN,1,1,603d6ae665fbaacb5621ede2,4,6,6,4,4,4,6,4,4,4,5,5,4,5,6,6,4,5,6,5,4,5,5,4,4,6,5,3,4,3,2,3,6,4.5,4.5,4.67,4.5,4.5,-0.06,4,4,4,0,1,1,1,3,4,3,5,2,2,5,1,2,2,3,4,3,3,3,4,3,3,2,3,3,2,4,3,2,2,2,4,3,2,2,2,3,4,2,2.818182,2.8,4,4,3,3,4,5,3,5,3,4,4,2,44,4,5,5,3,4,2,4,3,3,3,3,4,4,5,5,6,4,4,4,3,4,3.857143,4,3.857143,3.904762,5,4,3,3,0,1,3,3,1,2,2,2,3,4,1,5,3,3,5,4,4,4,4,4,3,3,3,2,2,3,4,3,3,4,3,4,3,1,3.75,1.666667,2.4,3.833333,3.4,3,3.333333,3.333333,3.054054,4,4,4,4,3,4,4,5,4,3,4,3,3,3,4,4,5,3,4,5,5,82,4,3,4,4,4,5,4,5,3,4,4,4,5,5,5,3,3,3,5,3,3,4,83,NA,25,Male,Black,Full-Time,2349
603e97018512c2f752512f0b,44903.50983,44903.52196,0,,100,1048,1,44903.52197,R_3M58yUtCCcdr8pS,,,anonymous,EN,1,1,603e97018512c2f752512f0b,4,5,4,4,3,1,5,5,5,3,2,5,5,4,5,1,4,5,4,4,3,6,5,5,4,2,3,4,4,5,5,2,6,4.5,4.83,4.33,3.83,2.33,1.17,3,3,3,0,0,0,1,1,2,2,2,1,1,2,2,1,1,2,2,1.636364,1,1,2,2,2,1,1,1,2,1,1,1,1,1,1,1,1,1,1,1,1,2,1,1.4,1,3,3,1,2,1,3,1,2,2,1,1,21,4,1,3,6,0,0,4,0,1,6,0,4,4,1,2,4,5,3,6,0,3,1,4.857143,2.285714,2.714286,3,4,3,4,1,2,1,2,1,2,0,3,2,4,2,5,3,3,4,3,4,4,4,4,4,4,4,3,4,5,4,4,4,4,4,4,5,1,3.5,1.5,2.2,3.5,4,4.333333,4,4.333333,3.27027,3,3,4,4,5,4,4,2,3,2,2,4,3,4,4,4,4,2,4,4,3,72,2,2,2,4,2,2,3,1,2,2,2,2,2,2,4,2,2,2,3,2,2,4,47,"Interesting study, thank you!",44,Male,White,Full-Time,1053
604bfe99dcaa286218d25fca,44901.44185,44901.45068,0,,100,762,1,44901.45071,R_3ISRnDrxONJ8wPr,,,anonymous,EN,1,1,604bfe99dcaa286218d25fca,4,2,1,2,3,1,4,4,2,2,2,5,5,2,3,1,6,6,2,2,2,5,5,2,2,1,2,2,4,2,2,1,6,4.33,3.83,1.83,2,1.83,2.19,1,1,1,0,0,0,1,1,4,1,1,1,1,3,1,1,1,1,2,1.545455,2,3,2,3,2,1,1,1,2,3,3,1,4,1,1,2,3,2,3,1,1,2,1.363636,2.7,3,4,4,3,3,3,3,3,3,3,4,3,39,0,1,2,2,1,2,1,1,0,2,2,2,3,0,3,1,5,1,1,1,2,1.571429,1.428571,1.714286,1.571429,4,3,3,3,4,2,3,3,2,2,2,3,3,2,1,3,3,2,2,2,3,2,4,3,3,3,2,2,2,4,2,4,2,3,3,3,3,1,3.25,2.666667,2.2,2.333333,3,2.666667,3,3,2.702703,4,5,4,5,5,5,4,4,5,5,5,4,5,1,4,4,5,1,5,4,4,88,2,4,2,3,3,1,3,2,1,3,2,1,3,2,3,2,2,1,2,1,3,4,46,NA,27,Female,Mixed,Full-Time,779
604fc38a4de8e6e1e0e0ea7b,44900.74343,44900.76288,0,,100,1680,1,44900.76289,R_2WSEsYZNnDHZKaW,,,anonymous,EN,1,1,604fc38a4de8e6e1e0e0ea7b,4,5,1,2,3,1,6,4,3,1,3,6,5,4,3,1,5,6,1,3,4,6,4,5,2,1,4,1,6,1,3,1,6,4.33,5.17,2,2.17,2.67,2.47,2,1,3,0,0,0,1,1,4,2,2,1,2,1,1,1,1,2,2,1.727273,2,2,3,4,3,2,2,3,2,3,4,2,3,2,1,3,2,2,2,1,1,2,1.818182,2.9,5,5,5,4,5,5,4,4,2,4,4,2,49,0,4,6,6,0,2,3,0,5,3,1,6,3,0,6,6,0,6,5,0,1,0.7142857,3.714286,4.571429,3,3,3,1,5,2,2,0,1,2,2,3,3,2,2,2,2,1,1,1,2,1,1,3,4,5,5,2,1,2,2,3,3,2,5,1,0,1,1,3,1.5,2.4,1.166667,3.8,2.333333,3.333333,0.6666667,2.189189,4,2,1,4,1,2,5,4,4,4,4,4,2,5,4,1,2,2,1,3,4,63,5,2,4,5,5,5,5,4,2,2,5,2,4,1,2,2,2,1,2,4,5,4,69,"Interesting study. I think my emotional and physical reactions to certain stimuli are different from neurotypical people, I'm on the autistic spectrum and have PTSD. I've noticed others seem to react more in a way I would call normal (for lack of a better word).",33,Female,Mixed,"Not in paid work (e.g. homemaker', 'retired or disabled)",1689
6051536b3e81428095504b35,44900.67041,44900.68869,0,,100,1580,1,44900.68871,R_BAq24Xv4a6tGWqd,,,anonymous,EN,1,1,6051536b3e81428095504b35,4,4,4,2,3,1,4,4,2,2,2,5,5,2,5,2,4,4,6,4,3,6,3,5,3,4,4,3,2,3,4,4,6,3.83,4,3.33,3.5,3,0.64,6,5,7,0,0,0,1,1,3,2,3,2,2,2,3,2,2,2,3,2.363636,1,1,1,1,1,1,1,1,2,1,1,1,1,1,1,1,1,1,1,1,1,2,1,1.1,2,3,4,2,3,2,3,1,1,2,1,2,26,3,2,2,4,1,3,3,1,1,3,0,1,3,1,2,2,0,2,2,5,2,1.428571,2.857143,1.857143,2.047619,3,4,3,3,3,2,2,3,3,3,4,4,3,3,3,3,2,3,3,3,2,3,4,4,4,4,4,3,3,4,3,3,3,3,4,4,3,1,3.25,2.666667,3.4,2.666667,4,3.333333,3,3.666667,3.189189,4,5,4,4,4,4,2,5,4,4,5,5,3,3,5,3,5,1,4,4,3,81,2,2,1,2,2,2,4,1,1,1,1,1,2,1,1,3,1,1,4,1,1,4,35,Thank you for the opportunity to participate in this study.,63,Male,White,"Not in paid work (e.g. homemaker', 'retired or disabled)",1587
605220735560745cf0a16a80,44900.81024,44900.83691,0,,100,2304,1,44900.83694,R_AoiiKGPj7XXlb5T,,,anonymous,EN,1,1,605220735560745cf0a16a80,4,3,3,4,3,3,3,5,4,2,3,4,4,5,3,3,3,4,1,2,3,4,3,4,3,3,4,2,3,4,3,2,6,3.17,3.83,3.33,2.83,3,0.44,1,1,1,0,0,0,1,1,3,4,2,3,4,2,3,4,3,2,3,3,2,3,3,3,2,3,3,1,3,2,1,2,2,3,2,2,2,1,2,2,2,2,2.181818,2.2,3,3,2,4,2,1,2,2,3,3,4,3,32,4,3,3,5,2,2,4,2,2,2,3,3,2,3,4,1,4,2,1,3,2,2.857143,2.714286,2.571429,2.714286,3,3,2,3,4,2,2,3,3,2,4,2,1,1,3,3,2,4,2,2,3,2,2,1,3,4,2,4,1,3,2,4,3,4,3,3,2,1,2.75,2.666667,2.2,2.5,2.4,2,3.666667,2.666667,2.621622,3,4,2,2,2,2,2,2,2,2,4,4,3,3,2,2,3,3,3,3,3,56,5,3,2,2,4,3,3,2,4,4,3,3,4,5,5,5,4,3,4,2,5,4,75,NA,43,Female,Mixed,Full-Time,2315
60632b562ed6028c6bb905a6,44900.73377,44900.75247,0,,100,1614,1,44900.75248,R_01eFABOzSvzWuv7,,,anonymous,EN,1,1,60632b562ed6028c6bb905a6,4,4,4,3,4,1,4,5,4,5,5,6,4,3,3,5,5,5,4,5,5,6,6,5,4,4,5,6,4,3,4,3,6,5.17,4.5,3.67,4,4.5,0.78,2,2,2,1,1,0,1,3,4,2,4,2,2,2,2,2,2,3,4,2.636364,1,1,1,2,3,1,1,1,2,1,2,1,2,2,1,1,2,1,1,1,1,2,1.090909,1.7,4,4,4,4,3,4,2,4,4,4,2,3,42,6,0,4,6,0,4,5,1,3,6,0,2,6,0,6,6,2,4,5,1,4,0.5714286,5.714286,3.857143,3.380952,1,3,2,1,2,2,1,2,2,2,0,2,1,1,1,1,2,2,2,2,1,2,1,2,2,2,2,2,2,3,2,2,1,3,2,2,3,1,1.75,1.833333,1,1.833333,1.8,2.333333,2,2.333333,1.783784,3,5,3,4,4,4,5,4,5,5,4,5,4,4,4,3,5,3,4,5,3,86,2,3,2,2,2,2,4,2,2,2,4,3,2,2,2,2,3,2,3,2,3,4,51,NA,64,Male,White,Part-Time,1628
606479c20b621e3a22d6c0d5,44900.82017,44900.83594,0,,100,1361,1,44900.83594,R_3fqHbJgWlfAcpi2,,,anonymous,EN,1,1,606479c20b621e3a22d6c0d5,1,1,2,3,5,1,4,1,2,4,2,2,2,2,5,6,2,1,6,6,5,6,2,5,5,6,6,1,1,3,5,5,6,2,1.83,3.33,4.83,4.83,-2.42,6,7,6,1,1,1,1,4,2,3,4,3,3,2,2,3,3,2,4,2.818182,1,1,1,2,1,1,1,1,2,1,1,1,2,1,1,1,2,1,2,1,1,2,1,1.5,2,4,4,3,3,4,4,2,1,2,1,3,33,6,1,4,6,0,4,3,6,2,3,3,1,1,6,4,3,2,2,4,0,2,2.571429,3.714286,2.714286,3,1,1,2,0,1,1,1,1,1,4,4,4,4,4,4,1,1,2,5,4,4,1,2,1,1,0,1,1,1,1,1,1,0,1,5,5,1,1,1,1.5,4,2.833333,1,1,0.6666667,3.666667,1.972973,2,3,2,3,4,4,3,2,2,2,3,4,3,2,3,3,2,4,4,2,2,59,1,2,1,1,2,2,2,1,1,1,1,3,1,1,1,3,2,2,2,1,2,4,33,NA,57,Male,White,Full-Time,1379
606604f1ca47696cf97529c0,44901.52118,44901.54249,0,,100,1840,1,44901.5425,R_1OpMTfqU2M3UQp2,,,anonymous,EN,1,1,606604f1ca47696cf97529c0,6,4,3,3,5,1,5,5,5,4,4,5,4,4,4,6,5,4,2,4,6,6,6,5,6,5,6,5,1,4,4,6,6,5.33,3.83,4,4,5.5,0.08,7,7,7,1,1,1,0,3,4,4,4,5,4,4,4,4,4,5,4,4.181818,1,2,1,1,2,2,2,1,1,1,2,2,1,2,1,1,2,1,1,1,2,2,1.545455,1.3,4,4,4,4,4,4,5,4,4,4,4,4,49,2,4,4,2,4,5,1,1,4,3,5,5,2,2,4,3,4,6,3,2,6,3.142857,2.285714,4.857143,3.428571,3,3,4,4,1,1,1,1,1,1,2,2,3,3,4,4,4,4,3,3,4,3,3,3,3,5,4,4,3,4,4,4,3,4,5,4,3,1,3.5,1,2.8,3.5,3.6,3.666667,3.666667,4,3.108108,4,4,4,4,5,4,4,4,4,4,4,5,4,4,4,2,5,1,4,4,4,82,1,1,1,1,1,1,5,1,1,1,1,1,1,1,1,1,1,1,1,1,1,4,25,NA,37,Male,White,Full-Time,1850
606609111ba10f35596db018,44902.60381,44902.61154,0,,100,667,1,44902.61155,R_1LHBzkH8Bid9Bpy,,,anonymous,EN,1,1,606609111ba10f35596db018,4,4,4,5,6,1,5,6,4,3,3,6,6,4,4,6,6,6,6,5,3,6,6,6,4,6,6,1,1,2,6,6,6,4.67,4.83,4,4.83,5,0.14,7,7,7,0,0,0,1,1,1,3,4,2,2,1,2,1,1,1,1,1.727273,1,1,1,1,1,1,1,1,1,1,1,1,1,1,1,1,1,1,1,1,1,2,1,1,2,3,2,2,3,2,4,1,1,1,1,1,23,6,6,6,6,5,6,5,6,5,6,6,6,3,6,6,6,6,6,6,6,6,5.857143,5.428571,5.857143,5.714286,5,5,5,5,4,0,0,1,0,0,4,4,5,5,4,4,5,5,5,5,5,4,5,5,5,5,5,5,5,5,5,5,5,4,5,5,5,1,5,0.8333333,4.4,4.833333,5,5,4.666667,5,4.162162,4,5,5,5,5,5,5,5,4,4,5,4,3,5,5,2,5,5,5,5,5,96,1,1,1,1,1,1,5,1,1,1,1,1,1,1,1,1,1,1,1,1,1,4,25,Thank you!,62,Female,White,Other,678
606be72bace337114c3765ba,44901.29538,44901.32138,0,,100,2246,1,44901.32139,R_1FdAQHvwiSFgqlP,,,anonymous,EN,1,1,606be72bace337114c3765ba,6,6,2,4,5,1,5,6,5,1,6,6,6,4,5,1,6,6,2,4,6,6,6,6,2,1,4,5,1,4,1,1,6,5.67,5.17,3.17,2.67,3.83,2.19,2,1,2,0,0,0,1,1,1,1,1,1,1,1,1,1,1,1,2,1.090909,1,1,1,1,1,1,1,1,1,1,1,1,1,1,1,1,1,1,1,1,1,2,1,1,1,2,3,1,1,1,4,1,1,1,1,1,18,6,0,4,6,0,2,6,1,2,6,6,6,6,4,4,4,6,3,6,4,1,3,5.714286,3.142857,3.952381,4,4,4,3,4,2,1,4,3,3,5,1,5,4,3,3,4,4,3,3,3,4,4,3,1,3,4,4,4,4,4,3,4,4,5,5,5,1,3.75,2.833333,3.6,3.5,3,4,3.666667,5,3.54054,4,4,4,5,4,4,5,4,4,4,5,5,4,3,4,2,5,1,5,4,4,84,3,4,3,5,5,4,4,4,1,4,5,4,4,3,4,4,3,1,4,4,3,4,76,NA,57,Female,Black,Full-Time,2256
606e4eb2a56685e5593304cd,44900.67484,44900.68332,0,,100,733,1,44900.68333,R_3Opt4aWKRnT7tAt,,,anonymous,EN,1,1,606e4eb2a56685e5593304cd,3,1,2,3,4,1,2,5,1,4,2,5,4,1,4,3,4,4,6,5,2,5,6,4,1,4,5,2,1,2,2,4,6,3.67,3.17,2.17,3.67,3.33,0.36,6,6,6,0,0,0,1,1,4,2,4,3,1,2,2,3,2,3,3,2.636364,1,3,3,1,2,1,1,1,2,2,2,1,3,1,1,2,1,1,1,1,1,2,1.181818,1.9,3,4,4,2,4,3,4,3,2,4,2,4,39,2,1,4,4,0,3,3,0,3,4,2,2,5,1,5,3,0,3,3,1,6,0.7142857,3.428571,3.714286,2.619048,0,1,1,2,4,2,1,2,1,4,5,3,2,1,4,1,1,2,0,0,0,0,1,1,0,1,0,1,0,2,1,1,0,1,4,2,0,1,1,2.333333,3,0.5,0.6,1,0.6666667,2,1.405405,5,4,4,4,5,5,3,4,4,3,4,5,4,3,4,4,5,4,4,3,4,85,2,5,2,4,3,2,2,2,2,3,3,4,1,1,2,2,3,2,2,1,4,4,52,None,53,Male,White,Full-Time,738
60712d937752fb8780e89951,44900.92802,44900.94932,0,,100,1840,1,44900.94933,R_29189R7ZXgzFoMA,,,anonymous,EN,1,1,60712d937752fb8780e89951,2,4,6,5,6,1,6,6,5,6,5,4,5,6,5,4,5,6,6,5,4,5,6,6,4,6,6,2,1,3,4,3,6,4.17,4.67,5,5.17,4.67,-0.53,6,6,6,1,1,0,1,3,2,3,2,2,2,3,1,2,1,2,3,2.090909,1,1,1,1,2,2,1,2,1,1,1,1,3,2,1,2,1,2,1,2,1,2,1.454545,1.4,4,5,4,3,5,5,5,5,4,4,4,4,52,3,1,5,2,0,3,1,1,4,2,0,4,1,0,5,3,2,5,2,1,5,0.7142857,2,4.428571,2.380952,3,4,4,2,3,2,3,4,3,3,2,2,4,1,2,3,2,3,3,3,4,4,1,3,2,4,4,4,2,1,3,4,3,4,4,3,4,1,3.25,3,2.2,3.166667,2.8,2,3.666667,3.666667,2.972973,4,5,4,5,5,5,4,5,5,5,5,5,4,4,4,3,5,3,4,5,4,93,3,4,3,2,3,2,3,2,2,3,2,4,3,2,2,2,3,3,3,2,3,2,56,It was interesting,34,Male,White,Full-Time,1844
6074b929f753216d88c77e88,44906.50155,44906.51319,0,,100,1006,1,44906.51322,R_25BkIFngrpwSnsY,,,anonymous,EN,1,1,6074b929f753216d88c77e88,5,4,5,3,3,1,4,5,6,3,3,6,6,4,4,6,2,3,5,4,3,6,5,4,4,6,4,1,2,4,4,6,6,3.83,4,4.67,4,4.17,-0.36,6,5,6,0,0,0,1,1,3,1,1,2,2,1,1,2,2,4,2,1.909091,1,1,1,1,1,1,1,1,1,1,1,1,1,1,1,1,1,1,1,1,1,2,1,1,2,4,4,2,4,2,4,1,1,2,1,1,28,1,1,2,5,1,1,2,1,1,4,1,1,2,2,2,3,1,0,4,2,3,1.285714,3,1.428571,1.904762,3,4,3,4,4,1,3,4,3,1,3,4,4,4,3,4,3,4,4,4,3,4,3,3,5,4,3,2,4,3,3,3,2,2,4,4,4,1,3.5,2.666667,3.6,3.666667,3.6,3.333333,2.333333,4,3.324324,5,5,5,5,5,5,5,4,4,4,5,5,5,5,5,2,5,2,5,4,4,94,1,4,1,4,4,4,4,1,1,1,2,3,1,1,2,5,1,1,3,2,2,4,48,NA,31,Male,White,DATA_EXPIRED,1011
607dc630d2d30aa7e8699c23,44900.66583,44900.67257,0,,100,581,1,44900.67259,R_1FJnlaVacUiGKv8,,,anonymous,EN,1,1,607dc630d2d30aa7e8699c23,5,5,2,4,4,1,6,5,3,2,3,6,6,3,4,1,6,6,5,3,4,6,6,3,3,4,4,6,6,4,3,2,6,5.83,5.17,3.33,3.33,3,2.28,1,1,1,0,0,0,0,0,3,2,2,1,1,2,1,1,1,3,2,1.727273,1,1,1,2,1,1,1,1,2,1,1,1,2,1,1,1,1,1,1,2,1,2,1.090909,1.3,5,5,5,4,5,5,5,5,5,5,5,5,59,4,1,4,5,1,3,4,1,5,4,4,5,4,3,5,4,4,5,4,3,6,2.428571,4.142857,4.714286,3.761905,3,4,4,3,3,1,1,1,1,2,2,1,2,3,2,4,4,3,4,4,4,4,4,4,5,5,3,4,3,4,4,4,3,4,4,3,5,1,3.5,1.5,2,3.833333,4.2,3.666667,3.666667,4,3.216216,4,5,4,5,5,5,4,5,5,4,5,4,4,5,5,3,4,3,4,4,4,91,3,4,3,4,3,2,4,2,3,2,4,2,2,2,3,4,4,1,3,3,3,4,61,NA,32,Male,White,Full-Time,594
6080956cb039d0b097c4c595,44900.70951,44900.72715,0,,100,1523,1,44900.72716,R_6Xz62kSq6I89qVj,,,anonymous,EN,1,1,6080956cb039d0b097c4c595,5,4,2,6,5,1,3,6,5,2,5,6,6,5,3,6,5,6,6,6,6,6,6,6,3,5,6,1,1,1,4,5,6,4.33,4.83,3.67,4.33,5.5,0.08,6,4,7,0,1,1,1,3,4,4,1,1,1,4,1,2,1,2,4,2.272727,2,2,2,2,2,2,1,2,1,2,3,2,2,1,2,2,1,2,3,2,1,2,1.727273,2,5,5,5,5,5,4,5,4,3,5,4,5,55,1,4,6,1,6,6,1,4,6,1,2,4,1,0,5,1,4,6,1,6,6,3.714286,1,5.571429,3.428571,4,5,2,4,2,2,0,2,2,1,1,1,2,3,1,4,3,4,4,3,3,3,4,4,5,2,2,2,3,5,4,4,2,4,3,3,4,1,3.75,1.5,1.6,3.333333,3.4,4,3.333333,3.333333,2.891892,5,1,5,5,2,1,4,2,2,4,5,3,5,4,4,5,5,4,3,3,5,77,2,4,2,4,2,2,4,1,1,1,4,1,2,1,1,4,2,1,3,2,2,4,46,NA,20,Female,White,Part-Time,1530
60833ce5197d68cff9df1b83,44900.64719,44900.65921,0,,100,1038,1,44900.65922,R_33xVqSI2PJJwF1v,,,anonymous,EN,1,1,60833ce5197d68cff9df1b83,4,5,1,3,2,1,4,5,2,3,2,5,6,2,3,1,4,6,3,2,1,5,2,3,1,2,1,4,5,1,1,1,6,3.83,5,1.67,2.33,1.33,2.64,2,2,2,0,0,0,1,1,3,2,1,2,1,2,1,2,2,1,2,1.727273,1,1,1,2,1,2,4,2,1,1,1,1,2,1,2,1,2,1,1,1,1,2,1.545455,1.3,2,5,4,2,2,2,3,1,2,1,1,1,26,5,0,5,6,0,1,5,0,1,5,1,3,6,1,5,5,1,3,6,2,2,0.7142857,5.428571,2.857143,3,2,2,1,1,2,2,2,3,2,3,2,2,3,2,4,3,2,2,3,1,2,2,1,2,2,1,2,1,2,4,2,1,1,1,2,1,2,1,1.5,2.333333,2.6,2,1.6,2.666667,1,1.666667,1.972973,1,4,3,5,3,4,4,4,5,5,4,4,4,3,4,2,4,2,3,3,3,74,1,3,2,4,3,4,4,2,2,2,4,4,3,2,3,4,2,2,3,2,2,4,58,NA,67,Male,White,"Not in paid work (e.g. homemaker', 'retired or disabled)",1047
60859f820e5009a67adb3921,44900.69056,44900.71944,0,,100,2496,1,44900.71945,R_2TTpYJMVExBuWs5,,,anonymous,EN,1,1,60859f820e5009a67adb3921,6,1,2,6,6,1,1,6,6,6,6,6,1,6,6,6,4,4,6,5,6,6,4,4,2,6,6,5,1,4,2,4,6,4.33,2.83,4.33,5.17,5.67,-1.47,7,7,7,1,0,1,1,3,3,2,2,2,2,1,1,3,2,2,2,2,1,1,1,1,1,1,1,1,1,1,1,1,1,1,1,1,1,1,1,1,1,2,1,1,1,4,2,1,3,1,3,1,1,2,1,1,21,6,6,4,6,4,4,4,6,4,6,6,3,3,6,4,4,6,5,3,6,6,5.714286,4.571429,4.285714,4.857143,5,5,5,3,3,1,2,3,2,2,3,3,3,4,4,5,4,5,5,3,4,5,5,3,5,5,5,5,3,5,4,4,3,4,5,5,4,1,4.5,2.166667,3.4,4.333333,4.6,4,3.666667,4.666667,3.891892,5,5,4,5,5,5,4,5,2,2,5,4,4,4,4,1,5,1,4,4,4,82,1,4,1,1,3,1,4,1,1,1,2,1,1,1,4,2,3,1,1,1,2,4,37,NA,54,Female,White,Full-Time,2502
608ca27f0fc273d395eb58bd,44900.72218,44900.7414,0,,100,1661,1,44900.74142,R_DenVUExk8ekKqRP,,,anonymous,EN,1,1,608ca27f0fc273d395eb58bd,6,5,3,4,3,1,6,5,2,2,3,6,5,3,4,1,6,6,5,5,4,6,4,5,4,2,3,6,3,3,3,1,6,5.67,4.83,3.33,3.33,2.5,2.19,2,2,2,0,0,0,1,1,2,1,1,2,2,2,2,2,2,2,3,1.909091,1,1,2,3,1,1,1,1,2,2,2,1,1,1,1,1,3,1,1,2,1,2,1.090909,1.8,1,4,5,1,4,3,5,1,1,1,1,2,29,5,2,4,6,6,4,5,3,0,6,4,2,6,6,2,5,6,2,6,6,2,4.714286,5.571429,2.285714,4.190476,0,2,0,0,2,3,2,2,3,3,4,4,4,4,4,0,0,0,1,1,0,1,0,4,2,1,0,2,0,0,0,4,0,1,2,2,4,1,0.5,2.5,4,0.5,1.4,0,1.666667,2.666667,1.675676,2,4,2,4,4,2,4,2,4,4,4,2,2,4,4,2,4,2,2,2,2,62,2,4,2,2,2,2,2,2,2,2,4,2,2,2,2,4,2,2,2,2,2,4,48,NA,65,Male,White,"Not in paid work (e.g. homemaker', 'retired or disabled)",1667
608e2cb9067eb028500433d5,44900.69591,44900.7099,0,,100,1207,1,44900.7099,R_1g0B6rONABOA0y7,,,anonymous,EN,1,1,608e2cb9067eb028500433d5,6,4,5,3,2,1,5,4,4,3,1,5,5,4,4,4,5,6,4,6,1,6,5,5,5,5,1,2,1,4,6,1,6,4.67,4.17,4.33,4.5,1.67,0.92,4,3,5,1,0,0,1,2,2,2,1,2,1,1,2,3,1,3,2,1.818182,1,1,1,1,1,1,1,1,1,1,2,1,1,1,1,1,1,1,1,1,1,2,1,1.1,2,1,1,2,1,1,3,1,1,1,1,1,16,4,3,1,5,0,4,2,1,4,4,4,4,3,5,5,2,4,2,5,6,0,3.285714,3.571429,2.857143,3.238095,3,4,4,4,1,3,1,3,3,4,1,4,4,3,2,4,4,4,4,3,2,2,3,3,2,3,4,1,2,4,4,2,1,4,4,4,4,1,3.75,2.5,2.8,3.166667,3,3.333333,2.333333,4,3.027027,5,3,4,4,5,5,3,4,5,5,5,4,3,2,5,4,4,2,4,5,3,84,5,3,4,3,5,5,4,4,1,2,3,3,2,2,4,4,4,1,2,4,5,4,70,NA,67,Female,White,"Not in paid work (e.g. homemaker', 'retired or disabled)",1215
608ecc26e4c76e93f4e1afe3,44901.61264,44901.62411,0,,100,990,1,44901.62412,R_2wzw3t31IVNT3jn,,,anonymous,EN,1,1,608ecc26e4c76e93f4e1afe3,6,5,1,3,4,1,6,6,4,2,3,6,6,4,4,1,5,5,1,4,3,6,5,5,3,3,2,4,4,3,3,2,6,5.33,5.17,2.67,3.17,2.5,2.47,2,2,2,0,0,0,1,1,3,2,2,1,2,2,2,2,2,3,2,2.090909,2,2,2,3,2,2,2,3,3,1,1,1,3,2,2,2,2,2,2,2,2,2,2,2.1,4,4,4,2,3,4,2,4,4,4,4,2,41,3,1,5,5,0,4,2,0,2,4,3,3,6,1,3,3,6,4,5,2,3,1.857143,4,3.428571,3.095238,2,3,1,3,2,1,2,3,2,1,3,1,1,1,2,3,3,1,3,2,3,2,4,5,4,4,4,2,3,3,3,3,2,4,3,3,2,1,2.25,1.833333,1.6,2.333333,4.2,3,3,2.666667,2.54054,4,4,2,2,2,4,3,2,2,4,5,3,2,2,4,4,4,1,4,2,2,62,2,2,2,2,4,2,2,2,4,4,2,4,2,2,2,5,4,1,4,2,2,4,56,NA,51,Female,White,DATA_EXPIRED,995
6091ab55ea2e97910519f8e7,44900.73845,44900.74678,0,,100,720,1,44900.74679,R_1C8xC5qlsda3LJN,,,anonymous,EN,1,1,6091ab55ea2e97910519f8e7,3,3,2,1,3,1,5,5,4,1,6,6,6,1,2,1,6,2,1,2,1,6,6,5,1,1,5,2,6,3,3,1,6,4.67,4.5,2,1.67,2.83,2.42,1,1,1,0,0,0,1,1,4,4,2,1,1,2,1,2,2,2,3,2.181818,2,3,1,1,1,1,2,2,4,3,1,2,3,2,3,4,2,3,3,3,2,2,2.272727,2.3,5,5,5,5,5,5,5,5,4,4,5,4,57,1,0,5,5,6,0,0,0,3,1,5,3,6,3,6,3,3,6,0,6,2,3.285714,2.285714,3.571429,3.047619,4,4,3,4,0,1,0,0,0,1,1,2,3,5,1,1,3,2,1,2,2,4,3,2,4,3,2,3,4,4,1,0,5,0,0,0,0,1,3.75,0.3333333,2.4,2.333333,2.8,3,1.666667,0,2.027027,4,4,5,2,3,5,3,5,5,5,5,5,2,5,3,1,4,4,1,3,5,79,5,1,5,5,4,2,5,4,3,2,1,1,3,4,2,2,1,4,3,2,4,4,63,no,28,Female,Black,Full-Time,727
6091b418d1cddb4526a44543,44900.67058,44900.68514,0,,100,1258,1,44900.68515,R_73cTZtxlfb70wjn,,,anonymous,EN,1,1,6091b418d1cddb4526a44543,6,6,2,4,5,1,6,6,5,4,4,6,6,5,5,1,6,6,2,4,4,6,6,6,3,2,5,6,3,4,4,2,6,6,5.5,3.5,3.83,3.5,2.14,1,1,2,1,0,0,1,2,3,5,2,1,1,2,1,2,1,2,3,2.090909,1,2,3,2,3,1,1,1,2,2,3,1,2,1,1,2,3,1,2,2,1,2,1.181818,2.4,3,4,4,4,3,3,3,5,4,3,4,3,43,3,0,3,6,0,0,4,0,1,5,1,2,6,1,4,4,6,1,4,5,1,1.857143,4.571429,1.714286,2.714286,5,5,2,3,1,3,1,1,3,3,1,2,4,2,2,1,4,4,2,2,2,2,5,5,4,3,4,1,3,2,1,2,1,2,3,0,4,1,3.75,2,2.2,2.666667,4.2,2,1.666667,2.333333,2.567568,4,5,5,5,5,5,5,5,5,2,5,5,3,4,4,5,5,5,4,4,2,92,2,3,2,4,4,4,5,5,3,2,5,4,5,3,2,2,3,4,3,3,4,4,72,NA,56,Female,White,Full-Time,1265
609a5974625e18ab158c9a3e,44900.66471,44900.67856,0,,100,1197,1,44900.67858,R_1Kx3TZyhiB7GjPu,,,anonymous,EN,1,1,609a5974625e18ab158c9a3e,4,3,4,5,6,1,4,6,5,4,2,5,4,5,4,6,3,3,5,6,2,6,2,4,6,6,6,2,1,3,6,6,6,3.33,3.5,4.67,5.17,4.67,-1.42,7,6,7,1,0,1,1,3,4,3,4,2,2,1,3,4,4,3,4,3.090909,1,1,1,1,1,1,1,1,1,1,1,1,1,1,1,1,1,1,1,1,1,2,1,1,1,2,5,1,3,2,5,1,1,1,1,3,26,6,6,6,6,0,1,6,5,2,6,6,2,6,6,2,6,6,6,6,6,4,5,6,3.285714,4.761905,3,2,2,3,2,2,1,2,2,3,4,4,4,4,4,3,2,3,0,2,3,2,3,4,3,3,3,3,3,4,3,0,1,1,5,4,3,1,2.5,2,4,2,3.2,3.333333,0.6666667,4,2.702703,4,5,3,5,5,4,4,4,5,5,5,5,4,4,5,4,5,1,3,2,3,85,3,5,3,5,5,4,3,4,5,5,5,5,4,4,5,4,3,1,3,4,3,4,83,NA,61,Male,White,Full-Time,1203
609bf492ae7a337617aa386d,44906.8688,44906.88264,0,,100,1195,1,44906.88265,R_Ubx0APDjRBFwW3L,,,anonymous,EN,1,1,609bf492ae7a337617aa386d,6,6,4,4,4,2,6,6,4,4,3,6,6,4,5,6,6,6,5,6,4,6,6,6,6,6,6,6,1,5,5,6,6,6,5.17,4.67,5,4.83,0.75,6,6,5,1,1,1,0,3,2,2,2,2,2,2,2,5,2,2,5,2.545455,1,1,1,1,1,1,2,1,1,1,2,1,1,1,1,1,1,1,1,1,1,2,1.090909,1.1,1,2,1,1,1,1,4,1,1,1,1,1,16,5,2,3,5,4,4,5,5,1,5,5,3,5,0,1,5,1,4,5,0,2,2.428571,5,2.571429,3.333333,4,4,4,4,4,3,1,5,3,4,4,4,4,4,1,4,4,4,4,4,4,4,4,4,4,4,4,4,4,4,4,4,4,4,4,4,4,1,4,3.333333,3.4,4,4,4,4,4,3.810811,4,4,4,4,4,4,4,4,4,4,4,4,4,4,4,4,4,4,4,4,4,84,1,1,1,1,1,1,1,1,1,1,1,1,1,1,1,4,1,1,1,1,1,4,24,None,48,Female,Mixed,Full-Time,1200
609f58e8af0f5f3acedd9806,44900.83461,44900.84831,0,,100,1183,1,44900.84832,R_Cag5q7OYYays0et,,,anonymous,EN,1,1,609f58e8af0f5f3acedd9806,4,5,1,2,4,1,4,5,4,1,3,4,6,2,3,1,6,6,2,3,3,6,4,5,2,1,2,3,5,2,2,2,6,4.17,5.33,2.17,2,2.5,2.53,1,1,1,1,0,0,1,2,3,2,2,1,2,1,2,2,1,2,1,1.727273,1,1,1,1,2,1,1,1,1,1,2,1,1,1,1,1,1,1,1,1,1,2,1,1.2,3,4,4,2,4,4,5,2,2,3,2,2,37,4,0,5,4,0,3,1,0,2,1,2,2,4,0,3,4,5,2,1,0,4,1,2.714286,3,2.238095,4,4,4,4,3,4,3,4,4,4,1,4,2,3,1,3,3,3,3,3,2,4,3,3,2,3,3,2,3,1,2,1,2,2,3,1,4,1,4,3.666667,2.2,3,2.8,2,1.666667,2.666667,2.837838,4,3,4,4,4,4,4,5,2,5,5,4,2,3,4,2,4,3,5,4,2,77,2,4,2,3,2,2,4,2,2,2,4,2,2,2,2,2,2,2,4,2,2,4,51,NA,24,Female,White,Part-Time,1188
60a1d05d28c6acef0f115acf,44900.6702,44900.68439,0,,100,1226,1,44900.6844,R_3fVi3L0lN8ANkqD,,,anonymous,EN,1,1,60a1d05d28c6acef0f115acf,5,4,2,4,3,1,4,4,4,2,3,6,4,4,6,1,4,4,3,4,4,6,6,5,2,3,3,5,2,2,5,1,6,5,3.83,2.83,4,2.5,1.31,2,2,2,0,0,0,1,1,3,2,1,1,1,2,2,2,2,2,3,1.909091,1,2,1,2,1,1,2,1,2,2,3,1,2,1,1,1,2,1,1,1,1,2,1.181818,1.7,4,4,5,4,4,5,5,3,2,2,1,2,41,2,1,2,4,2,5,3,0,3,5,5,1,4,1,4,3,5,1,2,1,5,2.142857,3.285714,3,2.809524,4,4,2,4,2,3,2,2,3,2,2,5,2,1,1,2,1,0,1,3,1,2,4,5,4,4,3,2,2,5,2,4,2,4,3,1,4,1,3.5,2.333333,2.2,1.333333,4,3,3.333333,2.666667,2.648649,5,4,5,4,4,4,4,4,4,4,4,4,4,3,5,5,5,4,4,3,3,86,2,3,1,3,4,1,5,1,1,2,3,2,2,1,2,1,2,2,4,1,3,4,46,Thanks!,64,Female,White,Other,1233
60a2dd0e1d378ad4d982dae3,44901.37256,44901.39286,0,,100,1754,1,44901.39287,R_3JayYXgmmSbBlB4,,,anonymous,EN,1,1,60a2dd0e1d378ad4d982dae3,6,6,4,3,5,1,6,6,5,3,2,6,6,4,6,6,6,6,2,4,5,6,5,6,1,1,2,6,3,4,1,6,6,5.83,5.5,3.33,3,4.33,2.11,1,1,2,0,0,0,1,1,1,1,1,1,1,1,1,1,1,1,1,1,2,3,1,1,1,1,4,1,1,2,1,1,1,3,1,2,1,1,1,2,1,2,1.818182,1.2,4,4,5,1,2,4,4,1,1,2,1,1,30,6,4,6,6,0,4,6,4,0,6,0,6,6,6,6,6,6,6,6,0,6,2.857143,6,4.857143,4.571429,5,5,5,5,0,0,0,0,0,0,5,2,5,4,4,5,4,4,5,4,4,4,5,4,5,5,5,5,5,5,5,5,5,5,5,5,5,1,5,0,4,4.166667,4.8,5,5,5,3.891892,4,5,5,5,5,5,5,5,5,5,5,5,5,5,5,2,5,1,5,5,4,96,1,2,1,4,1,2,5,1,1,1,2,1,1,1,1,1,1,1,4,3,1,4,36,"Some of my answers related to body and muscle ""fatigue"" is related to the fact that I'm a Multiple Sclerosis patient.",71,Male,White,"Not in paid work (e.g. homemaker', 'retired or disabled)",1770
60a6be72ccb15020f04ba501,44906.34725,44906.36003,0,,100,1105,1,44906.36005,R_8piTTTFLENX3ycp,,,anonymous,EN,1,1,60a6be72ccb15020f04ba501,5,4,1,1,1,1,3,2,1,1,2,6,5,1,4,1,4,2,1,1,1,6,6,1,1,1,1,6,1,1,2,1,6,5,2.5,1,1.67,1.17,2.47,6,4,7,0,1,0,1,2,4,1,2,2,1,2,2,1,1,1,1,1.636364,1,3,4,2,1,1,4,3,4,4,1,4,4,2,4,4,4,1,4,3,2,2,2.545455,3.2,5,5,5,5,5,4,5,5,4,5,4,5,57,0,0,1,2,0,0,0,0,4,5,0,6,2,0,6,0,6,3,4,0,2,0.8571429,1.857143,3.142857,1.952381,0,3,0,0,5,1,1,3,3,4,0,4,0,3,1,0,2,2,0,0,0,0,1,3,0,0,0,1,1,0,1,0,0,0,0,0,1,1,0.75,2.833333,1.6,0.6666667,0.8,0.6666667,0,0.3333333,1.081081,5,5,1,5,5,1,5,4,4,4,2,1,1,4,5,5,5,5,1,2,4,74,1,5,1,4,5,1,4,2,1,1,1,1,1,1,2,5,5,1,1,1,1,4,45,NA,28,Male,White,DATA_EXPIRED,1110
60a6c78720fb46c16a21ab1e,44902.27709,44902.3023,0,,100,2177,1,44902.30231,R_1LqhcaGF6JWiQoH,,,anonymous,EN,1,1,60a6c78720fb46c16a21ab1e,5,5,2,2,4,2,4,6,5,2,4,6,5,4,5,1,6,6,1,3,1,5,3,4,3,3,3,3,2,2,4,3,6,4.5,4.67,2.83,3.17,2.67,1.69,1,1,1,0,0,0,1,1,3,1,2,1,1,2,1,2,1,2,2,1.636364,1,3,4,3,3,1,1,3,2,4,2,1,4,1,1,3,2,1,1,1,1,2,1.363636,2.8,4,4,4,4,4,2,4,4,4,4,4,2,44,0,2,5,4,5,2,5,2,4,2,3,4,6,4,3,5,4,5,5,5,3,3.571429,3.857143,3.714286,3.714286,1,1,1,1,0,4,4,1,4,4,4,1,1,0,4,0,1,1,1,1,1,1,1,1,1,1,1,0,0,1,2,1,1,4,1,1,4,1,1,2.833333,2,1,1,1,2,2,1.540541,5,4,5,5,5,5,4,5,5,5,5,5,5,5,5,2,5,1,2,5,5,93,1,4,1,1,1,1,4,5,1,1,1,1,1,1,1,1,1,1,5,1,1,4,35,NA,27,Male,Mixed,Part-Time,2182
60b3e6ad448226548d21fc4d,44900.66795,44900.6865,0,,100,1603,1,44900.68652,R_dmNT3gRvtYoey6R,,,anonymous,EN,1,1,60b3e6ad448226548d21fc4d,4,4,3,3,3,1,4,5,3,2,3,5,3,3,2,1,4,5,5,4,2,5,5,5,4,1,1,4,5,4,4,1,6,4.33,4.5,3.67,2.67,1.83,1.69,2,2,4,1,0,0,1,2,4,3,3,4,4,3,3,3,3,3,3,3.272727,2,1,2,2,1,1,1,1,2,2,1,1,1,1,1,1,1,1,1,1,1,2,1.090909,1.4,2,2,4,2,2,2,4,2,2,3,2,2,29,3,4,4,6,2,4,5,2,3,2,4,3,6,2,4,5,4,4,4,4,3,3.142857,4.428571,3.571429,3.714286,4,3,4,2,2,2,1,3,4,2,1,2,1,2,1,2,3,1,2,2,3,2,3,3,2,2,3,3,3,1,2,3,2,2,3,2,4,1,3.25,2.333333,1.4,2.166667,2.6,2,2.333333,3,2.351351,4,2,4,2,4,4,4,4,4,4,4,4,4,4,3,3,4,2,4,4,4,76,4,3,4,4,4,4,4,4,4,4,5,4,4,4,3,4,4,2,4,4,5,4,82,NA,52,Female,White,Part-Time,1610
60b5141acdfeaaf91d9dc145,44901.32218,44901.33264,0,,100,904,1,44901.33265,R_6GwbLEQIaEHvQ65,,,anonymous,EN,1,1,60b5141acdfeaaf91d9dc145,2,4,2,4,4,1,4,5,4,2,2,5,5,4,4,6,3,6,4,5,4,6,4,6,3,4,3,3,3,4,4,6,6,3.5,4.83,3.5,3.83,4.17,0.33,5,6,5,1,0,1,1,3,3,1,2,2,1,1,1,3,2,3,1,1.818182,1,1,1,1,1,1,1,1,1,1,1,1,1,1,1,2,1,1,1,1,1,2,1,1.1,2,3,4,1,2,2,3,1,1,1,1,1,22,6,4,2,6,2,5,6,6,2,6,6,1,6,6,2,5,5,1,6,6,5,5,5.857143,2.571429,4.476191,3,3,3,1,2,4,2,3,3,4,5,5,4,4,5,2,3,4,1,2,4,2,1,1,3,2,3,3,1,3,1,3,1,2,4,2,1,1,2.5,3,4.6,2.666667,2,1.666667,2,2.333333,2.702703,5,4,5,3,5,5,5,4,5,4,5,5,4,4,5,4,5,3,5,4,4,93,3,3,2,2,4,4,4,4,5,3,2,5,2,2,4,4,2,1,4,2,4,4,66,NA,64,Male,White,"Not in paid work (e.g. homemaker', 'retired or disabled)",909
60b6b4d12a9854d3385bc768,44900.66552,44900.67328,0,,100,670,1,44900.67329,R_dapr9NXG3Y1Z48p,,,anonymous,EN,1,1,60b6b4d12a9854d3385bc768,4,4,3,2,5,1,4,5,4,2,5,5,4,3,4,2,5,4,5,3,5,6,5,5,4,5,4,2,1,3,4,5,6,4.17,3.83,3.67,3.33,4.33,0.22,7,7,7,0,0,0,1,1,3,2,3,2,2,2,2,2,1,2,2,2.090909,1,1,3,3,2,1,1,1,3,2,2,1,2,1,1,2,2,1,3,1,1,2,1,2.4,4,5,2,3,4,4,4,3,2,3,2,3,39,1,2,5,4,1,3,0,2,1,4,3,0,3,4,2,4,1,3,3,1,2,2,2.714286,2.285714,2.333333,2,4,3,4,1,1,1,1,2,2,3,4,3,4,2,2,2,3,1,3,4,3,3,2,2,3,3,2,3,4,2,2,3,2,2,1,3,1,3.25,1.333333,3.2,2.666667,2.6,3,2.333333,2,2.486486,2,4,3,5,5,5,4,4,5,4,4,4,4,4,4,2,5,2,3,4,3,80,2,4,1,3,2,2,3,1,1,1,3,3,1,2,2,2,1,1,4,2,3,4,44,NA,27,Male,White,Full-Time,677
60ba46dc6d46a68f1c0bc952,44900.77944,44900.79013,0,,100,922,1,44900.79014,R_XR2v5tTw4dnxm9P,,,anonymous,EN,1,1,60ba46dc6d46a68f1c0bc952,5,4,4,3,4,1,5,4,4,2,4,6,4,4,5,6,6,5,3,4,3,5,6,4,4,3,3,3,2,4,4,2,6,5.17,3.83,3.83,3.5,3.67,0.83,2,2,2,1,0,0,1,2,3,2,2,2,1,2,2,2,2,1,3,2,1,1,1,2,1,1,1,1,1,1,1,1,1,1,1,1,1,1,1,1,1,2,1,1.1,3,4,4,4,3,3,3,2,2,2,2,2,34,0,1,1,4,5,1,1,1,2,5,2,1,1,3,4,4,2,1,4,1,2,2.142857,2.714286,1.714286,2.190476,4,3,3,1,3,2,2,3,4,4,2,2,2,3,3,3,2,2,3,3,3,3,4,3,3,4,4,3,3,5,4,3,2,4,3,4,3,1,2.75,3,2.4,2.666667,3.6,4,3,3.333333,3.027027,4,3,3,4,5,4,3,3,4,3,4,4,4,2,4,2,4,2,4,3,3,72,2,3,2,3,4,3,2,2,2,2,2,3,2,2,4,3,2,2,3,2,2,4,52,NA,56,Male,White,Full-Time,927
60bc8860d04f4ac80d319a5c,44901.06753,44901.08185,0,,100,1236,1,44901.08186,R_31SKHkmtdFuGUNI,,,anonymous,EN,1,1,60bc8860d04f4ac80d319a5c,5,5,3,2,2,1,5,5,3,3,1,6,6,2,4,4,5,5,2,5,2,6,5,5,4,4,2,4,5,2,6,3,6,5,5.17,2.67,4,2.33,2.08,3,2,5,0,0,0,1,1,3,2,1,1,1,1,1,2,1,2,2,1.545455,2,2,3,1,2,1,2,1,2,2,2,2,2,1,2,1,2,1,1,1,1,2,1.454545,1.8,3,4,3,3,2,3,4,3,2,3,1,1,32,5,1,4,6,0,5,4,0,4,5,3,3,6,0,3,4,1,2,5,0,3,0.7142857,5,3.428571,3.047619,1,4,4,1,3,3,1,1,2,2,2,2,2,0,2,1,1,2,3,2,1,4,2,2,3,2,3,2,4,3,4,1,2,4,5,3,4,1,2.5,2,1.6,2.166667,2.4,3.666667,2.333333,4,2.378378,2,5,3,5,5,4,4,2,4,2,5,5,3,3,4,1,5,1,4,3,2,72,3,4,2,5,4,4,4,3,4,4,2,5,4,3,3,3,4,1,4,2,3,4,71,NA,72,Male,White,"Not in paid work (e.g. homemaker', 'retired or disabled)",1243
60bd28cc95ab27d4f4f6ada3,44900.675,44900.68632,0,,100,977,1,44900.68633,R_2xQ94KyIuGXhURC,,,anonymous,EN,1,1,60bd28cc95ab27d4f4f6ada3,4,6,1,5,1,1,3,5,1,2,1,4,6,2,5,2,6,6,6,6,1,6,6,6,5,5,1,1,1,1,2,2,6,4,5,2.67,4.17,1.33,1.78,7,7,7,1,1,0,1,3,2,2,2,3,1,1,1,1,1,1,1,1.454545,1,1,1,1,1,1,1,1,1,1,1,1,1,1,1,1,1,1,1,1,1,2,1,1,1,1,4,1,4,3,4,1,1,1,1,1,23,1,1,4,1,1,3,1,1,2,1,1,3,1,1,4,1,3,2,1,3,4,1.571429,1,3.142857,1.904762,5,4,4,4,4,4,1,4,2,3,2,4,4,4,4,5,4,4,4,4,4,4,4,4,4,4,4,4,4,5,4,4,4,4,4,4,3,1,4.25,3,3.6,4,4,4.333333,4,3.666667,3.837838,2,4,2,4,5,4,3,5,4,4,3,5,2,4,4,1,5,2,4,2,4,73,1,1,1,1,1,1,4,3,2,2,1,1,1,1,1,4,1,1,3,1,1,4,33,NA,55,Male,White,Full-Time,985
60c056b358621c438c04df78,44900.74124,44900.77101,0,,100,2572,1,44900.77103,R_28VedMtZ5dGbI62,,,anonymous,EN,1,1,60c056b358621c438c04df78,4,3,1,2,4,1,3,4,4,2,3,5,5,2,3,4,5,6,3,4,3,6,6,4,5,5,3,6,2,3,4,2,6,4.83,4,3,3.33,3.17,1.25,2,3,2,1,0,0,1,2,3,2,2,1,1,2,2,2,1,3,2,1.909091,1,1,1,2,1,1,1,1,1,2,3,1,1,1,2,3,2,1,2,2,3,2,1.363636,1.8,2,4,5,2,2,2,2,1,1,2,2,2,27,2,3,5,2,1,1,2,3,2,2,0,4,3,1,5,0,2,3,2,3,4,1.857143,1.857143,3.428571,2.380952,3,4,4,4,3,2,1,2,1,3,3,1,2,4,3,2,4,3,4,3,4,4,1,3,3,3,3,4,3,2,2,3,3,3,4,4,5,1,3.75,2,2.6,3.666667,2.6,2.333333,3,4.333333,2.972973,4,4,3,4,4,5,4,4,3,4,4,4,4,2,4,2,3,3,3,4,3,75,4,2,4,3,2,2,2,2,2,2,2,2,1,2,4,4,4,4,5,3,4,4,60,NA,30,Male,White,Full-Time,2578
60c2670ee246bb9e550f9088,44901.82116,44901.83216,0,,100,951,1,44901.83219,R_bEI1ok4Kfg0Frrj,,,anonymous,EN,1,1,60c2670ee246bb9e550f9088,3,4,2,3,3,2,2,4,4,4,4,3,5,3,4,2,4,5,5,3,3,5,4,4,5,4,2,5,4,4,3,2,6,3.5,4.33,3.83,3.5,2.67,0.58,2,2,2,1,0,0,1,2,3,2,2,2,2,2,2,2,2,2,2,2.090909,1,1,1,1,1,1,2,1,1,1,1,1,1,1,1,1,1,1,1,1,1,2,1.090909,1,1,2,4,4,2,2,2,1,1,1,2,1,23,5,4,4,5,1,4,5,2,3,5,3,3,5,3,4,5,3,4,5,3,4,2.714286,5,3.714286,3.809524,2,2,2,1,2,3,2,3,5,3,4,4,2,3,4,1,2,2,2,1,2,3,3,2,2,3,3,2,2,1,1,1,1,2,4,3,2,1,1.75,3,3.4,2,2.6,1.333333,1.333333,3,2.351351,3,4,4,4,4,4,2,4,4,4,4,4,4,4,4,3,4,3,4,4,4,79,2,3,2,4,4,3,4,2,3,2,4,3,2,3,4,4,4,3,4,2,2,4,64,NA,69,Male,White,"Not in paid work (e.g. homemaker', 'retired or disabled)",960
60c50f3ccf2eebcf270b9488,44901.35656,44901.36745,0,,100,940,1,44901.36747,R_1gztt9DgpwnYBLY,,,anonymous,EN,1,1,60c50f3ccf2eebcf270b9488,6,6,2,3,2,1,6,6,2,1,2,6,6,2,4,1,6,6,1,3,2,6,6,4,1,2,2,5,4,2,3,1,6,5.83,5.33,1.67,2.67,1.67,3.58,2,2,2,0,0,0,1,1,2,1,2,1,1,1,1,2,1,1,2,1.363636,2,2,1,2,1,1,1,1,1,2,1,1,1,1,1,2,1,2,2,1,1,2,1.272727,1.4,2,2,2,4,2,2,2,2,2,2,2,2,26,5,0,1,6,0,1,2,3,4,4,2,0,4,2,4,6,0,4,3,1,5,1.142857,4.285714,2.714286,2.714286,4,2,1,1,4,2,2,1,3,1,2,4,2,2,2,3,1,3,2,3,2,2,4,3,1,4,3,2,3,2,3,2,0,3,1,3,3,1,2,2.166667,2.4,2.166667,3,2.666667,1.666667,2.333333,2.324324,4,2,3,4,4,4,4,4,4,4,4,4,4,3,4,3,2,2,3,2,4,72,2,1,1,1,1,1,3,2,1,1,4,2,1,1,2,3,4,1,2,1,1,4,36,NA,54,Female,White,Part-Time,947
60c75628113cc78734583d3b,44900.7891,44900.80543,0,,100,1410,1,44900.80544,R_3ebfFmBNxjuwzsr,,,anonymous,EN,1,1,60c75628113cc78734583d3b,1,5,1,3,5,1,5,5,1,4,5,5,6,1,4,1,6,6,4,6,6,6,6,6,1,2,5,6,1,1,5,3,6,4.83,4.83,1.5,4,4.17,1.61,4,4,4,1,0,0,1,2,3,1,2,1,1,1,2,1,1,1,2,1.454545,1,1,1,1,1,1,1,1,1,1,2,1,1,1,1,1,1,1,1,1,1,2,1,1.1,1,4,5,1,4,2,4,1,1,1,1,1,26,4,4,1,6,1,1,5,4,1,6,3,1,5,1,2,4,3,4,4,4,2,2.857143,4.857143,1.714286,3.142857,2,3,1,2,3,2,2,4,1,1,1,2,4,4,2,4,3,4,2,2,3,4,2,2,2,3,3,3,2,2,3,3,3,3,5,5,4,1,2,2.166667,2.6,3,2.4,2.333333,3,4.666667,2.72973,5,4,5,5,4,4,3,2,3,1,5,4,2,4,2,1,5,2,4,2,2,69,2,2,2,2,2,1,4,1,1,1,1,2,1,1,1,4,1,2,1,1,3,4,36,NA,62,Male,White,Full-Time,1418
60c7af606ba051b42a91d3ff,44900.72147,44900.7337,0,,100,1056,1,44900.73371,R_1g7wvMf9quHvG86,,,anonymous,EN,1,1,60c7af606ba051b42a91d3ff,5,4,4,6,5,2,5,5,4,4,3,6,6,3,5,6,6,6,6,6,6,6,6,6,6,4,5,6,1,3,6,5,6,5.67,4.67,4.33,5.17,5,0.33,6,6,7,1,1,1,0,3,1,2,3,3,2,1,2,2,2,2,1,1.909091,1,1,1,1,1,1,1,1,1,1,1,1,1,1,1,1,1,1,1,1,1,2,1,1,1,1,1,1,1,1,1,1,1,1,1,1,12,3,4,5,4,4,3,4,4,4,4,4,3,3,4,5,3,4,3,4,4,4,4,3.571429,3.857143,3.809524,2,3,1,3,4,5,3,4,4,3,3,4,1,2,4,1,2,3,3,1,1,2,2,1,3,4,3,2,3,3,2,2,2,2,5,2,5,1,2.25,3.833333,2.8,2,2.6,2.666667,2,4,2.702703,5,5,5,5,5,5,5,5,5,5,5,5,5,5,5,3,5,3,5,5,5,101,1,5,1,5,5,5,5,5,5,1,1,4,1,5,4,5,1,2,5,5,4,4,75,NA,53,Male,White,Full-Time,1095
60c81a232837d9f7d4a641bf,44901.35999,44901.37098,0,,100,949,1,44901.371,R_2VDSpvCoHJ1velN,,,anonymous,EN,1,1,60c81a232837d9f7d4a641bf,5,5,1,2,2,1,6,6,3,2,3,6,6,1,3,1,5,6,2,4,1,6,5,6,2,2,1,5,2,2,3,1,6,5.33,5.17,1.83,2.67,1.5,3.25,2,1,2,0,0,0,1,1,3,2,2,1,2,2,2,2,1,1,5,2.090909,2,2,3,2,2,1,1,1,2,2,2,1,2,1,1,4,3,2,3,2,1,2,1.363636,2.5,3,4,2,3,4,4,3,4,5,5,5,2,44,5,2,4,6,1,2,6,0,4,5,5,3,6,5,5,6,6,5,4,4,6,3.285714,5.428571,4.142857,4.285714,4,4,4,4,1,0,1,1,0,0,3,4,2,3,1,2,3,3,2,3,1,2,3,5,3,5,1,3,4,3,3,5,2,4,2,2,5,1,4,0.5,2.6,2.333333,3.4,3.333333,3.666667,3,2.648649,4,2,5,2,5,5,4,5,5,4,4,4,4,2,5,2,5,2,4,4,2,79,2,5,4,1,2,1,4,1,2,4,4,1,2,1,4,4,2,2,4,1,1,4,52,NA,52,Female,White,Full-Time,956
60ca793758a2501babb08221,44901.41376,44901.4209,0,,100,617,1,44901.42092,R_2wSPzNOStIPdzt0,,,anonymous,EN,1,1,60ca793758a2501babb08221,4,5,4,4,3,1,4,4,3,2,3,5,5,3,4,3,3,4,5,4,3,6,4,4,3,3,3,2,2,3,4,3,6,3.67,4,3.5,3.5,3,0.5,5,4,6,0,0,0,1,1,2,2,3,2,2,3,2,2,2,2,3,2.272727,1,2,1,1,1,1,1,1,1,1,1,1,1,1,1,1,2,1,1,1,1,2,1.090909,1.1,1,3,3,3,4,2,3,1,2,2,2,1,27,2,0,1,4,0,3,3,1,2,5,1,1,5,0,3,3,3,1,4,0,3,0.7142857,3.714286,2,2.142857,4,4,4,4,2,1,0,1,2,4,1,4,3,4,3,4,3,3,4,3,4,4,4,4,4,4,4,4,4,4,4,4,3,4,4,4,4,1,4,1.666667,3,3.5,4,4,3.666667,4,3.378378,4,5,4,4,4,5,4,4,4,3,5,5,4,4,4,2,5,2,3,4,3,82,2,3,2,2,2,2,4,2,2,2,2,3,2,2,2,2,2,2,4,3,2,4,49,NA,45,Male,White,Full-Time,625
60ccd6609de76fdbe08a73ca,44901.07935,44901.10666,0,,100,2358,1,44901.10666,R_sdOuFXSjzqXswSt,,,anonymous,EN,1,1,60ccd6609de76fdbe08a73ca,5,6,4,6,6,1,6,5,4,4,5,6,6,4,6,1,5,6,5,5,5,6,6,6,4,4,2,6,3,3,2,4,6,5.67,5.33,4,4.5,3.83,1.39,4,4,5,1,0,0,1,2,2,1,2,2,1,1,1,1,1,1,4,1.545455,1,1,1,1,1,1,1,1,3,1,1,1,2,1,1,1,1,1,1,1,1,2,1,1.3,2,4,4,3,4,3,5,3,1,2,1,3,35,6,0,6,6,3,2,6,0,0,5,2,6,6,3,5,6,5,2,6,6,0,2.714286,5.857143,3,3.857143,5,4,4,4,1,1,3,2,1,1,4,2,5,4,5,4,5,5,4,4,4,5,4,2,5,5,5,5,5,5,4,4,4,2,5,3,3,1,4.25,1.5,4,4.5,4.2,4.666667,3.333333,3.666667,3.72973,1,4,4,5,5,5,4,4,5,4,2,2,5,2,5,4,4,1,4,1,3,74,1,5,2,2,5,4,4,1,1,1,1,1,1,1,2,2,1,1,4,1,2,4,43,"I haven't had time or a currently active (paid subscription/computer access) method by which I can search literature to find out, but would be interested in knowing how accurate people's self descriptions of things asked in a survey such as this one, (and prior one from the same researcher that I recall too),  match up with real world measurements of the same.  For instance, if a person says they are or are not aware of being ticklish, is there a physical test of sensitivity of their skin areas, how close do they recognize touching in two areas on the arm, lets say, are close to each other?  Does it feel like two separate touches, or one touch?  And at which point do different people perceive the two separated touches to be one touch?   I remember decades ago reading about studies that, before Internet surveys, they did actual testing to find out these qualities, like the ability to breathe and forget something (I think they were shown a box, and box lid was lifted showing in a transparent box a spider or disgusting thing and how well their rating of that being horrific or scared of it in their mind/abstract thought, vs when they actually encountered that, or viewing the cockroach scurrying across the floor.  Also,  you  didn't ask (maybe by zip code?) if people come from environment, or socio-economic area where seeing mice, cockroaches is common vs very uncommon.  I have witnessed very different reactions between myself and neighbors who react differently to both of these factors!",65,Male,White,"Not in paid work (e.g. homemaker', 'retired or disabled)",2366
60ce3aebb97b07a4dc01cd8d,44901.50163,44901.50723,0,,100,483,1,44901.50724,R_8BmyUj0GyXaTXzj,,,anonymous,EN,1,1,60ce3aebb97b07a4dc01cd8d,6,3,1,6,6,1,5,6,6,6,6,6,6,6,6,1,6,6,1,4,6,6,6,5,2,6,6,4,6,4,5,5,6,5.5,5.33,3.33,5.5,5,0.81,4,4,4,0,1,0,1,2,4,1,3,3,1,2,1,1,1,5,1,2.090909,1,2,1,3,4,1,2,2,2,3,3,1,1,1,2,3,3,1,2,2,2,2,1.545455,2.5,3,2,3,3,4,4,3,4,4,4,3,3,40,2,3,6,6,1,4,6,4,5,6,1,6,6,5,6,5,6,3,6,6,5,3.714286,5.285714,5,4.666667,5,5,5,2,0,1,0,2,1,1,1,2,5,4,1,5,5,2,5,3,4,5,4,5,5,4,5,5,4,1,5,4,3,5,5,4,5,1,4.25,0.8333333,2.6,4,4.6,3.333333,4,4.666667,3.45946,4,5,2,5,4,5,4,5,5,5,5,5,4,5,5,3,1,2,3,2,3,82,1,4,1,3,1,2,3,1,1,1,2,2,1,1,5,1,1,1,5,1,3,4,41,NA,22,Male,Mixed,Unemployed (and job seeking),488
60d13c261171b69977e81f9b,44900.69286,44900.70921,0,,100,1412,1,44900.70922,R_af7rfTASwXyeOXv,,,anonymous,EN,1,1,60d13c261171b69977e81f9b,4,5,2,3,5,1,4,5,3,4,5,5,5,2,5,2,5,4,6,5,5,6,6,5,5,6,6,4,4,5,3,1,6,4.67,4.67,3.83,4.33,4,0.61,6,6,5,0,1,0,1,2,3,2,2,2,2,2,2,2,2,3,2,2.181818,1,1,2,1,1,1,1,1,2,1,2,1,1,1,1,1,1,1,1,1,1,2,1,1.3,3,4,5,5,4,4,5,4,4,4,4,3,49,4,1,5,3,0,4,3,0,2,2,3,5,4,3,5,1,5,6,3,0,2,1.714286,2.857143,4.142857,2.904762,3,1,2,0,3,2,3,3,3,5,4,3,2,3,3,2,2,2,2,3,2,2,2,3,3,2,3,2,3,2,2,1,3,4,4,4,2,1,1.5,3.166667,3,2.166667,2.6,2.333333,2.666667,3.333333,2.567568,4,4,4,4,5,5,4,2,2,4,4,5,3,3,3,2,5,2,4,3,2,74,3,5,4,4,5,4,5,4,4,4,5,5,2,2,4,3,3,2,4,4,4,4,80,NA,32,Male,White,Full-Time,1417
60d7558fd3a01169626ae963,44901.28104,44901.29296,0,,100,1030,1,44901.29298,R_1Lopnk8up4Qsn89,,,anonymous,EN,1,1,60d7558fd3a01169626ae963,5,6,1,1,1,1,6,6,1,1,1,5,6,1,1,1,6,6,2,2,2,6,6,6,2,2,1,6,3,1,2,2,6,5.67,5.5,1.33,1.5,1.33,4.19,2,2,1,0,0,0,1,1,2,1,2,1,1,1,1,1,1,1,1,1.181818,1,1,2,1,2,1,1,1,2,1,2,1,2,1,1,1,1,1,1,2,1,2,1.090909,1.5,5,4,4,4,4,5,4,4,4,4,4,4,50,0,0,2,3,0,1,1,0,1,3,0,0,1,0,2,0,2,1,3,0,3,0.2857143,1.571429,1.428571,1.095238,4,4,3,3,1,3,1,1,3,3,4,4,4,4,3,3,3,2,2,3,4,4,4,4,3,3,2,2,3,3,3,3,3,3,3,3,3,1,3.5,2,3.8,3,3.2,3,3,3,3,5,4,5,4,4,4,4,5,4,2,4,4,2,1,5,1,4,2,4,1,1,70,4,4,4,2,5,5,1,4,4,1,2,1,4,2,4,4,1,2,2,1,1,4,58,NA,57,Female,White,Full-Time,1036
60d7b3469a65ac7408cb9dd3,44907.59213,44907.60235,0,,100,883,1,44907.60238,R_1DNA2SbOIlpNhyl,,,anonymous,EN,1,1,60d7b3469a65ac7408cb9dd3,5,5,2,4,2,1,2,6,5,2,2,6,6,3,5,2,5,5,4,4,3,5,6,2,3,2,2,3,2,3,5,1,6,4.5,4.33,3.33,3.67,2,1.42,4,3,4,0,0,0,1,1,3,2,1,2,1,2,1,1,2,2,2,1.727273,1,1,1,1,1,1,1,1,1,1,1,1,1,2,1,1,1,1,1,1,1,2,1.090909,1,1,2,2,1,2,1,4,1,1,1,1,1,18,6,3,4,6,0,6,5,2,5,5,3,2,6,3,4,6,5,1,6,3,1,2.714286,5.714286,3.285714,3.904762,2,2,4,3,2,2,1,2,1,4,4,4,4,4,4,4,3,2,4,4,4,4,3,2,1,3,3,4,3,4,3,2,1,3,5,3,4,1,2.75,2,4,3.5,2.4,3.333333,2,4,3.027027,5,4,5,4,5,5,4,5,4,3,5,5,4,3,4,3,5,4,5,4,5,91,1,1,1,1,1,1,4,1,1,1,1,1,1,1,1,1,1,1,4,1,1,4,27,NA,58,Male,White,Full-Time,889
60d9e7e76cf2ab6d21eb5f99,44900.77809,44900.78866,0,,100,912,1,44900.78866,R_1pX49MqlX5jcjWW,,,anonymous,EN,1,1,60d9e7e76cf2ab6d21eb5f99,5,5,4,4,5,1,6,5,3,3,6,6,3,3,4,6,6,5,5,6,6,6,5,4,4,5,5,4,1,4,3,6,6,5.33,3.83,3.83,4.17,5.67,0.03,7,7,6,1,1,0,1,3,3,2,2,2,2,2,2,4,2,3,3,2.454545,1,1,2,2,1,1,1,1,2,2,1,1,2,1,1,3,1,1,2,1,1,2,1,1.8,3,4,4,4,4,4,4,2,2,3,3,2,39,1,5,4,0,0,2,0,3,2,0,4,2,1,3,4,0,4,2,1,2,3,3,0.4285714,2.714286,2.047619,2,3,4,1,2,2,1,1,2,1,1,3,3,1,3,3,3,1,3,2,4,2,3,3,2,1,3,2,0,1,1,2,2,3,5,2,3,1,2.5,1.5,2.2,2.5,2.4,0.6666667,2.333333,3.333333,2.189189,3,5,4,5,5,5,4,5,5,3,5,5,2,3,4,3,5,1,5,4,4,85,1,3,1,1,5,5,3,5,5,2,5,2,2,2,3,5,4,1,4,3,2,4,64,NA,60,Female,White,"Not in paid work (e.g. homemaker', 'retired or disabled)",924
60db6617784d3d618d4cfb07,44901.33117,44901.35854,0,,100,2365,1,44901.35856,R_3MF1qjAknaJPeJY,,,anonymous,EN,1,1,60db6617784d3d618d4cfb07,5,6,1,3,2,1,4,6,6,1,2,6,6,4,5,1,5,6,1,4,1,6,6,6,1,2,1,2,4,5,1,1,6,4.67,5.67,3,2.67,1.33,2.83,1,1,2,1,0,0,1,2,4,2,1,1,1,3,1,1,2,2,2,1.818182,2,4,4,2,3,2,2,4,4,2,4,2,4,4,3,2,1,2,3,3,1,2,2.636364,2.9,2,5,5,4,2,4,4,2,2,5,3,3,41,0,6,2,6,6,0,2,6,5,6,6,6,4,6,6,4,6,6,4,6,6,6,3.714286,4.428571,4.714286,4,5,1,2,0,2,1,2,1,2,2,4,1,5,3,4,0,2,2,2,1,1,5,4,4,4,1,2,3,4,4,4,3,3,0,3,2,1,3,1.333333,3,1.333333,3.6,3.666667,3.333333,1.666667,2.513514,2,2,4,4,4,5,5,5,5,4,5,4,5,4,4,2,5,2,2,4,5,82,2,3,2,2,4,4,5,4,4,4,4,4,4,4,4,5,5,2,4,4,4,4,78,NA,29,Female,White,Full-Time,2372
60dfd857e293a99dd577f4c8,44900.67399,44900.68895,0,,100,1292,1,44900.68896,R_2VkmhhQmzzkIQmW,,,anonymous,EN,1,1,60dfd857e293a99dd577f4c8,3,5,2,4,5,1,4,4,2,2,2,4,4,2,3,6,5,6,5,5,4,6,5,5,5,4,5,5,3,3,4,6,6,4.33,4.5,3.17,3.67,4.67,0.58,7,7,7,1,1,0,1,3,3,4,2,2,2,2,2,3,4,2,4,2.727273,1,1,1,1,1,1,1,1,1,1,2,1,1,1,1,1,1,1,1,1,1,2,1,1.1,4,2,4,2,3,3,4,2,2,2,2,2,32,3,6,3,4,6,0,3,6,1,4,6,1,3,6,2,2,6,3,4,2,2,5.428571,3.285714,1.714286,3.476191,3,3,3,1,4,3,2,2,1,1,1,4,4,3,2,3,2,2,3,4,0,4,3,3,4,4,4,4,4,2,1,2,1,1,4,4,3,1,2.5,2.166667,2.8,2.5,3.6,2.333333,1.333333,3.666667,2.675676,4,5,4,4,4,4,2,4,4,4,4,4,4,4,4,4,5,4,4,3,2,81,2,4,2,2,4,2,4,2,2,2,2,2,2,2,2,4,2,2,2,2,2,4,50,NA,65,Female,White,"Not in paid work (e.g. homemaker', 'retired or disabled)",1299
60e2492cefd43293dfa7d74a,44900.64722,44900.67728,0,,100,2596,1,44900.6773,R_7X1OpZPlmroQ2Fb,,,anonymous,EN,1,1,60e2492cefd43293dfa7d74a,6,5,3,5,2,1,6,6,1,4,2,6,6,2,5,6,5,6,4,5,1,6,5,5,4,4,1,3,1,6,5,5,6,5.17,4.83,3.33,4.67,2.83,1.39,4,3,4,1,1,1,0,3,1,2,2,1,2,1,1,2,1,4,2,1.727273,1,1,1,1,1,1,1,1,1,1,1,1,1,2,1,1,1,1,1,1,1,2,1.090909,1,2,5,4,4,4,4,5,1,1,2,2,2,36,4,0,5,5,0,4,3,0,3,4,0,0,6,0,5,6,0,0,3,0,0,0,4.428571,2.428571,2.285714,5,5,3,4,1,2,0,0,2,2,4,4,5,4,4,4,3,3,4,3,3,4,5,3,5,5,5,5,3,5,4,4,3,3,4,4,5,1,4.25,1.166667,4.2,3.333333,4.6,4,3.333333,4.333333,3.567568,5,4,5,5,5,4,4,3,4,4,5,5,5,3,5,3,4,5,4,4,4,90,2,2,1,2,2,2,5,2,1,1,3,2,2,1,2,4,2,2,4,2,1,4,45,NA,52,Male,Black,"Not in paid work (e.g. homemaker', 'retired or disabled)",2608
60e9fd8a2f52070be49cf317,44901.33235,44901.3398,0,,100,643,1,44901.33982,R_a2UYNymLHZEYuw9,,,anonymous,EN,1,1,60e9fd8a2f52070be49cf317,6,6,4,5,6,1,5,6,4,1,6,6,6,6,6,4,1,6,4,6,6,6,1,4,5,6,6,6,1,3,6,4,6,4.17,4.83,4.33,5,5.33,-0.39,5,5,5,1,1,1,0,3,1,3,2,1,1,1,1,1,1,1,1,1.272727,1,1,1,1,1,1,1,1,1,1,1,1,1,1,1,1,1,1,1,1,1,2,1,1,1,1,4,1,5,1,4,1,1,1,2,1,23,1,2,2,5,0,1,4,0,1,3,0,3,4,0,2,4,1,1,4,0,2,0.4285714,3.571429,1.714286,1.904762,5,4,5,5,2,3,2,5,5,0,0,0,5,5,5,5,5,4,5,5,5,5,5,5,5,5,5,5,5,5,4,5,5,5,5,5,5,1,4.75,2.833333,3,4.833333,5,4.666667,5,5,4.297297,5,4,5,5,5,5,4,3,4,4,5,5,4,4,5,3,5,3,4,5,4,91,4,5,2,4,4,4,4,2,2,3,4,4,3,2,3,4,2,1,4,2,3,4,66,none,23,Male,White,Full-Time,650
60ea33a0aa4adc67c2299f20,44900.73662,44900.74859,0,,100,1034,1,44900.74861,R_2D5krCfJLayFDJj,,,anonymous,EN,1,1,60ea33a0aa4adc67c2299f20,6,5,5,6,5,1,6,5,2,2,6,6,6,4,5,3,6,6,6,6,6,6,6,5,2,4,4,6,2,2,6,6,6,6,4.83,3.5,4.83,5,0.97,6,6,6,1,1,0,1,3,2,2,2,3,2,1,1,2,2,2,2,1.909091,1,1,1,2,1,1,1,1,1,2,1,1,1,1,1,1,1,1,1,1,1,2,1,1.2,1,3,3,1,3,2,4,1,2,3,1,1,25,5,5,6,6,5,4,5,5,5,6,5,1,6,5,5,6,6,4,6,6,5,5.285714,5.714286,4.285714,5.095238,4,4,4,4,1,0,0,1,2,5,2,4,2,1,1,5,4,5,3,4,3,4,5,5,3,5,5,5,5,5,5,5,5,5,5,5,5,1,4,1.5,2,3.833333,4.6,5,5,5,3.675676,4,5,5,5,4,5,5,3,3,3,5,5,3,2,4,1,5,1,5,2,2,77,1,4,1,2,1,1,5,1,1,1,2,1,2,1,1,2,1,1,4,3,1,4,37,NA,70,Female,White,"Not in paid work (e.g. homemaker', 'retired or disabled)",1040
60ef2700e476748689a999f7,44900.71617,44900.72249,0,,100,546,1,44900.72251,R_3HFSEPCGDMJ432P,,,anonymous,EN,1,1,60ef2700e476748689a999f7,6,6,1,2,2,1,6,6,3,1,2,6,6,2,4,1,6,6,1,4,1,6,6,2,3,1,2,6,4,2,2,1,6,6,5,2,2.33,1.5,3.56,1,1,1,0,0,0,1,1,3,1,1,1,1,1,1,1,1,1,2,1.272727,1,1,1,1,1,1,1,1,1,1,1,1,1,1,1,1,1,1,1,1,1,2,1,1,1,4,3,1,2,1,2,1,1,1,1,2,20,0,0,3,0,0,0,0,0,0,0,0,1,0,0,1,0,0,0,0,0,5,0,0,1.428571,0.4761905,2,5,5,1,4,4,3,3,4,3,4,5,4,4,4,4,4,4,5,5,4,5,1,1,1,4,1,5,2,4,4,5,3,2,5,5,5,1,3.25,3.5,4.2,4.5,1.6,3.333333,3.333333,5,3.621622,5,5,5,5,5,5,5,5,5,5,5,5,5,5,5,5,5,4,5,5,5,104,2,4,2,4,4,4,2,2,2,2,4,4,2,2,2,2,2,2,2,2,3,4,55,NA,30,Female,White,Unemployed (and job seeking),552
60f3875c0ffbd69c03e0337f,44907.54245,44907.57395,0,,100,2720,1,44907.57395,R_1DTQpI0LSI5LBPi,,,anonymous,EN,1,1,60f3875c0ffbd69c03e0337f,4,4,3,4,5,4,4,3,4,3,2,4,3,4,3,5,5,4,1,6,5,4,4,5,5,5,5,4,3,3,4,3,6,4.17,3.67,3.33,4.17,4.17,0.03,3,4,3,0,1,0,0,1,3,2,4,3,1,2,3,1,3,1,3,2.363636,3,1,2,3,3,1,1,2,2,2,1,1,2,1,1,3,1,1,1,1,1,2,1.272727,2,3,2,4,2,2,2,3,3,3,1,2,2,29,3,3,5,5,0,4,3,5,4,4,5,3,6,0,3,5,4,5,6,4,6,3,4.571429,4.285714,3.952381,3,3,3,4,2,2,3,1,2,3,3,2,2,3,2,4,4,2,3,4,3,3,3,4,4,5,4,4,1,4,2,2,4,2,3,4,3,1,3.25,2.166667,2.4,3.166667,4,2.333333,2.666667,3.333333,2.972973,4,3,3,4,3,3,3,4,3,3,4,3,2,4,2,2,2,4,4,3,3,66,2,1,1,1,2,1,1,1,1,2,2,1,1,1,1,1,2,1,2,3,2,4,30,NA,43,Female,Black,Part-Time,2725
60f6e261d3ae19349059a473,44905.38747,44905.41087,0,,100,2021,1,44905.41089,R_W1Wl5yksKPKL2AV,,,anonymous,EN,1,1,60f6e261d3ae19349059a473,4,3,4,3,3,1,5,5,4,3,4,5,3,4,4,3,5,6,5,5,5,6,6,5,6,5,5,6,3,4,6,4,5,5.17,4.17,4.5,4.33,4,0.39,6,6,6,1,0,1,1,3,2,2,4,2,2,2,2,2,2,4,3,2.454545,1,1,1,1,1,1,1,1,1,1,1,1,1,1,1,2,1,1,1,1,1,2,1,1.1,2,5,3,2,3,1,4,2,1,2,2,3,30,1,3,4,1,3,5,1,3,4,1,5,3,1,3,5,1,3,2,1,3,3,3.285714,1,3.714286,2.666667,4,4,4,4,1,1,1,1,1,1,2,1,4,4,1,4,4,4,4,4,4,4,4,4,4,4,4,4,4,4,4,4,4,4,4,4,4,1,4,1,2.4,4,4,4,4,4,3.297297,4,4,4,4,4,4,4,4,4,4,4,4,4,4,4,4,4,4,4,4,4,84,4,4,4,4,4,4,4,4,4,4,4,4,4,4,4,4,4,4,4,4,4,4,84,NA,40,Male,White,Full-Time,2037
60fc2ec58ad0da367daee3c1,44901.31997,44901.32868,0,,100,752,1,44901.3287,R_3jfaX3xN5z0DT9q,,,anonymous,EN,1,1,60fc2ec58ad0da367daee3c1,6,6,1,1,1,1,4,1,1,1,1,6,6,1,4,1,6,6,1,1,1,6,6,1,1,1,1,1,6,1,1,1,6,4.83,4.33,1,1.5,1,3.42,1,1,1,0,0,0,1,1,2,1,1,1,1,4,1,1,1,1,4,1.636364,4,4,3,4,2,2,4,3,4,3,3,2,4,4,3,3,3,2,3,2,2,2,2.909091,3.2,5,5,5,5,5,5,5,5,5,5,5,5,60,1,3,5,2,6,0,1,0,3,5,3,6,1,2,3,1,5,6,0,6,6,3.571429,1.571429,4.142857,3.095238,5,5,4,4,4,4,3,4,4,4,2,1,0,2,2,2,1,0,1,5,1,1,3,5,3,2,0,0,1,1,1,3,4,3,1,1,3,1,4.5,3.833333,1.4,1.5,2.6,1,3.333333,1.666667,2.432432,5,5,5,5,5,5,5,5,5,5,5,4,5,5,5,5,5,4,5,5,5,103,4,4,4,4,4,4,4,4,4,4,4,3,4,4,4,4,4,4,3,4,4,4,82,I remember completing a study similar to this one in the past. If this is the same study let me know and I will return it.,33,Female,White,Full-Time,760
60fc65faaad08e9c5457b082,44900.6805,44900.68722,0,,100,581,1,44900.68724,R_7QVNDTvTZOuL1U5,,,anonymous,EN,1,1,60fc65faaad08e9c5457b082,4,3,1,2,2,1,5,4,2,2,3,5,4,3,3,1,4,5,1,2,1,6,3,5,4,4,4,2,3,2,1,1,6,3.83,4,2.17,2.33,2,1.75,1,1,2,0,0,0,1,1,3,2,2,2,2,2,2,2,2,2,4,2.272727,1,1,1,2,1,1,1,1,1,1,2,1,1,1,1,3,1,1,1,1,1,2,1,1.4,4,4,2,2,4,2,4,4,2,3,2,3,36,1,3,2,3,2,4,2,2,1,3,2,4,2,1,2,3,5,3,3,4,4,2.714286,2.428571,2.857143,2.666667,4,3,3,4,3,4,2,3,2,3,4,3,3,2,3,3,3,4,3,3,3,3,1,2,3,4,4,2,3,3,3,2,3,3,4,4,4,1,3.5,2.833333,3,3.166667,2.8,3,2.666667,4,3.054054,4,3,5,2,4,4,4,4,4,4,4,3,2,4,3,4,3,1,3,2,2,69,3,4,2,2,3,2,3,2,2,1,3,2,1,1,2,3,2,1,3,1,1,4,44,NA,20,Female,White,Part-Time,589
60fcd0f990314dce9c243fef,44901.58442,44901.59006,0,,100,486,1,44901.59006,R_2c61B3Jsh0MYDr0,,,anonymous,EN,1,1,60fcd0f990314dce9c243fef,5,3,5,5,5,5,5,5,5,4,5,6,5,5,5,5,5,5,4,5,5,5,5,4,5,4,5,5,5,6,5,5,6,5.17,4.5,5,4.67,5,-0.06,6,4,6,0,0,0,0,0,5,1,4,2,2,3,2,2,2,4,4,2.818182,2,1,1,1,1,1,1,1,1,1,1,1,2,1,1,1,1,1,1,2,2,2,1.272727,1.1,4,4,3,4,5,4,3,4,2,3,4,4,44,2,4,3,3,2,5,2,1,4,6,0,4,4,1,6,2,1,5,5,1,4,1.428571,3.428571,4.428571,3.095238,3,5,4,4,1,1,2,2,1,3,1,1,4,4,1,4,4,4,4,2,4,4,4,4,4,3,3,4,3,4,3,4,4,4,5,5,4,1,4,1.666667,2.2,3.666667,3.6,3.333333,4,4.666667,3.27027,5,5,5,5,5,5,5,4,5,5,5,5,5,5,5,5,5,3,5,4,5,101,2,2,2,1,2,2,4,2,2,2,2,4,4,3,3,3,4,2,2,2,4,4,54,NA,21,Female,Mixed,Unemployed (and job seeking),493
60fd080d5476f4a77211bafb,44903.60359,44903.61321,0,,100,830,1,44903.61321,R_2xFg4SvRcHqeq0V,,,anonymous,EN,1,1,60fd080d5476f4a77211bafb,5,6,1,2,1,1,5,5,2,1,2,5,6,1,5,1,6,6,1,3,2,6,4,6,1,1,1,6,4,3,1,1,6,5.17,5.5,1.5,2.17,1.33,3.67,1,1,1,0,0,0,1,1,4,2,2,3,2,2,2,3,3,2,3,2.545455,3,3,4,4,3,2,3,2,4,4,1,3,4,2,3,3,2,3,4,2,3,2,2.636364,3.3,5,5,5,5,5,5,5,5,5,5,5,4,59,0,0,5,5,0,3,1,0,3,5,3,4,4,0,3,3,6,3,5,0,6,1.285714,3.285714,3.857143,2.809524,4,4,3,5,2,2,1,2,2,3,1,2,1,2,1,2,2,3,3,2,2,2,4,5,2,4,3,1,0,1,1,3,3,4,0,0,3,1,4,2,1.4,2.333333,3.6,0.6666667,3.333333,1,2.297297,5,4,4,5,5,5,5,5,5,5,5,4,5,5,4,3,5,4,3,4,4,94,4,4,3,4,4,3,5,3,2,2,4,2,2,2,2,4,2,2,3,2,3,4,62,NA,34,Female,White,Full-Time,836
60fd8be40b4150653bf996d5,44900.89065,44900.90341,0,,100,1102,1,44900.90344,R_3KJw1Yp5kFDGC9v,,,anonymous,EN,1,1,60fd8be40b4150653bf996d5,6,6,1,1,1,1,4,6,4,1,2,6,6,3,5,1,6,6,1,1,2,6,6,5,1,1,1,4,6,2,1,1,6,5.33,5.83,2,1.67,1.33,3.92,1,1,1,1,0,0,1,2,2,1,2,1,1,2,1,1,1,3,2,1.545455,2,2,4,4,4,1,2,1,3,3,4,1,3,2,1,3,4,1,3,2,1,2,1.454545,3.5,5,5,5,5,5,5,5,4,4,4,4,4,55,0,1,5,5,1,1,0,0,4,4,3,2,4,0,2,4,6,3,4,5,1,2.285714,3,2.571429,2.619048,1,3,0,1,3,2,3,2,3,2,1,2,1,1,2,3,1,1,2,2,1,0,0,0,0,4,0,0,0,0,0,1,0,1,0,1,3,1,1.25,2.5,1.4,1.166667,0.8,0,0.6666667,1.333333,1.27027,4,2,5,2,3,4,5,5,5,4,3,3,5,4,3,1,5,1,3,4,4,75,1,3,1,1,1,1,5,2,1,1,2,1,1,1,1,2,1,1,5,1,1,4,34,NA,23,Female,White,"Not in paid work (e.g. homemaker', 'retired or disabled)",1121
60fd97d86c2495cd7188ec41,44902.37009,44902.38248,0,,100,1070,1,44902.38249,R_r3Ift09Q881unVT,,,anonymous,EN,1,1,60fd97d86c2495cd7188ec41,4,4,3,4,5,1,4,4,4,2,4,4,5,4,4,4,5,4,3,5,5,5,4,5,3,4,5,5,2,1,2,5,6,4.33,4,3,3.5,4.67,0.44,6,6,6,1,0,1,1,3,2,3,2,2,2,2,2,3,2,3,2,2.272727,1,1,1,1,1,1,1,1,1,2,2,1,2,1,1,1,2,1,1,1,1,2,1,1.4,2,4,3,1,4,2,3,2,2,2,2,1,28,1,5,6,2,3,2,1,5,2,3,5,6,1,2,5,2,5,3,2,5,6,4.285714,1.714286,4.285714,3.428571,2,3,2,2,3,3,1,3,3,2,3,1,2,2,1,3,3,3,3,3,3,3,3,3,2,4,2,3,4,3,2,3,2,2,4,3,3,1,2.25,2.5,1.8,3,2.8,3,2.333333,3.333333,2.621622,4,4,4,4,4,4,4,4,4,4,4,4,3,4,4,3,4,2,3,3,4,78,2,3,2,3,2,2,2,2,2,2,3,2,2,2,2,2,2,2,2,2,2,4,45,NA,20,Female,White,Part-Time,1075
60fdee22273f69b19ee4b8fb,44901.52053,44901.53834,0,,100,1539,1,44901.53836,R_3j27E1lmUSC0yrm,,,anonymous,EN,1,1,60fdee22273f69b19ee4b8fb,5,5,5,3,4,1,5,5,4,1,4,5,5,3,5,6,6,6,3,4,4,6,4,4,2,4,5,6,5,3,4,5,6,5.17,5,3.33,3.5,4.67,1.25,6,6,6,0,0,0,1,1,2,2,2,1,1,1,1,2,1,1,3,1.545455,1,4,2,3,2,3,3,3,1,1,4,1,1,1,1,4,2,1,1,1,1,2,1.818182,2.1,1,4,4,2,4,4,3,4,2,4,5,2,39,6,6,6,5,6,0,6,6,0,4,3,6,6,6,0,5,6,6,6,6,6,5.571429,5.428571,3.428571,4.809524,3,4,1,2,0,0,1,0,0,0,3,2,1,3,1,1,1,3,2,2,1,0,2,4,3,2,1,1,0,2,1,1,0,0,0,0,3,1,2.5,0.1666667,2,1.5,2.4,1,0.3333333,1,1.378378,3,1,3,4,2,2,4,3,4,2,4,2,2,2,4,1,4,1,3,1,1,53,2,4,1,4,4,2,4,1,1,1,4,1,2,1,3,1,5,1,2,4,3,4,51,NA,56,Female,White,Full-Time,1550
60fe250b3984cfdf32c05860,44900.6728,44900.69051,0,,100,1529,1,44900.69052,R_3Ma0hAUpmerR9m8,,,anonymous,EN,1,1,60fe250b3984cfdf32c05860,5,4,2,3,3,1,4,3,2,2,3,5,6,3,4,1,5,6,1,4,3,5,5,4,1,4,4,2,6,2,4,1,6,4.33,4.83,1.83,3.5,2.5,1.97,1,1,1,0,0,0,1,1,3,2,1,1,1,2,2,1,1,1,2,1.545455,1,1,1,1,1,1,1,1,1,2,2,1,1,1,1,1,1,1,1,1,1,2,1,1.2,4,5,4,4,4,4,4,1,1,4,2,4,41,1,2,5,4,0,4,3,1,3,5,3,4,6,0,4,3,6,4,6,3,5,2.142857,4,4.142857,3.428571,4,4,4,4,4,2,1,3,3,2,0,3,3,2,0,4,3,3,3,4,4,4,4,4,3,3,4,3,4,3,3,3,3,4,4,3,4,1,4,2.5,1.6,3.5,3.6,3.333333,3.333333,3.666667,3.135135,4,4,4,4,4,4,4,3,4,4,4,4,3,3,4,3,4,3,4,3,4,78,4,3,2,3,2,2,4,1,1,2,4,3,2,1,2,2,2,3,4,1,1,4,49,NA,52,Female,White,Full-Time,1538
60ff33eea57872b7188f12e2,44901.37196,44901.3842,0,,100,1057,1,44901.38421,R_31Htp1yWtccYhKr,,,anonymous,EN,1,1,60ff33eea57872b7188f12e2,4,4,2,5,6,1,4,5,3,3,6,6,4,4,4,6,5,3,3,6,6,6,3,5,2,6,6,2,1,4,5,6,6,4,3.67,3,4.83,6,-0.78,7,7,7,1,1,1,0,3,5,2,2,3,3,2,2,4,4,3,5,3.181818,2,3,3,4,1,4,3,4,3,3,1,3,2,2,2,1,4,4,2,2,1,2,2.727273,2.4,3,4,4,3,3,3,4,2,2,3,4,2,37,5,4,3,6,6,3,5,5,3,4,2,3,5,6,3,4,5,2,4,6,4,4.857143,4.714286,3,4.190476,4,5,5,5,4,5,2,4,4,4,1,0,3,1,0,1,4,3,2,3,3,5,4,5,4,5,4,3,1,3,1,5,2,4,2,2,5,1,4.75,3.833333,1,3.333333,4.4,1.666667,3.666667,3,3.189189,5,4,4,2,4,5,5,4,4,4,5,5,5,4,5,2,5,3,4,1,1,81,3,5,4,1,2,4,5,5,3,2,5,1,3,2,2,5,3,1,3,1,2,4,62,NA,30,Female,White,Full-Time,1062
60ff4387de3f14b5f8d5aa0d,44900.88694,44900.90017,0,,100,1143,1,44900.90019,R_2fjiMAvySOZpVtP,,,anonymous,EN,1,1,60ff4387de3f14b5f8d5aa0d,4,5,6,6,5,1,6,5,4,4,5,5,6,4,5,5,6,6,5,6,5,6,6,5,1,4,4,5,5,2,5,3,6,5.33,5.33,3.67,5,4.5,0.94,7,6,7,0,0,0,1,1,3,2,2,2,1,1,1,1,1,1,2,1.545455,1,1,1,1,1,1,1,1,1,2,1,1,1,1,1,1,2,1,1,1,1,2,1,1.2,2,2,2,1,4,2,2,4,4,1,4,2,30,3,2,4,4,0,2,2,3,2,2,0,0,1,4,2,4,5,6,2,3,3,2.428571,2.571429,2.714286,2.571429,4,4,2,4,1,4,0,1,1,5,2,4,4,4,4,3,4,3,3,4,4,4,3,5,5,5,4,3,3,3,4,4,3,2,5,5,5,1,3.5,2,3.6,3.666667,4.4,3.333333,3,5,3.45946,5,5,4,5,5,4,5,5,2,4,5,4,4,4,4,2,5,4,4,4,3,87,1,3,1,2,1,1,4,1,2,1,3,1,2,2,2,1,1,2,2,2,1,4,36,NA,33,Female,White,Unemployed (and job seeking),1150
60ff5b9ae8095935c35ea618,44900.83426,44900.84308,0,,100,762,1,44900.8431,R_e8RFlVGzXna05Xz,,,anonymous,EN,1,1,60ff5b9ae8095935c35ea618,2,4,4,2,1,1,4,5,1,2,1,5,5,3,2,1,5,5,4,2,1,6,5,5,2,2,1,2,2,3,4,1,1,3.83,4.33,2.83,2.33,1,2.03,5,1,6,1,0,0,1,2,3,1,2,2,2,1,1,2,2,2,2,1.818182,1,1,3,1,3,1,1,1,1,2,2,1,1,1,1,1,2,1,1,2,1,2,1.090909,1.7,2,3,5,1,2,2,4,1,4,1,4,2,31,4,4,4,5,1,4,4,0,2,4,4,5,6,0,4,3,6,4,5,0,2,2.142857,4.428571,3.571429,3.380952,2,3,2,4,2,2,1,2,2,1,2,2,1,3,3,2,1,2,2,2,2,2,4,1,1,3,3,3,4,3,4,3,2,4,1,2,3,1,2.75,1.666667,2.2,1.833333,2.4,3.666667,3,2,2.324324,4,2,3,4,4,5,5,4,3,4,5,5,4,2,5,1,4,3,3,3,4,77,5,4,5,5,5,5,4,5,4,5,5,5,1,4,5,5,5,4,5,4,1,4,91,NA,37,Male,White,Full-Time,767
60ff8ef5687d522fc499537b,44903.50834,44903.51633,0,,100,690,1,44903.51636,R_33j19vjEHWAmotV,,,anonymous,EN,1,1,60ff8ef5687d522fc499537b,6,5,4,5,3,1,6,5,4,3,3,5,5,6,5,2,6,6,4,6,4,6,5,4,4,5,6,2,1,2,5,3,6,5,4.33,4,4.83,3.5,0.56,5,5,5,1,1,0,1,3,2,2,2,2,1,1,2,1,1,2,1,1.545455,1,1,1,1,1,1,1,1,1,1,1,1,1,1,1,1,1,1,1,1,1,2,1,1,1,2,2,1,2,1,3,1,1,1,1,1,17,0,2,2,4,0,1,4,1,1,4,0,5,1,0,5,1,6,4,1,6,5,2.142857,2.142857,3.285714,2.523809,5,5,5,5,5,1,1,4,1,0,1,1,4,5,2,5,5,5,5,5,5,5,5,5,5,5,5,5,5,5,5,4,5,4,5,5,5,1,5,2,2.6,5,5,5,4.333333,5,4.135135,5,5,5,5,5,5,5,5,5,5,5,5,4,5,5,5,5,4,4,4,5,101,4,4,2,4,2,2,4,2,2,2,4,2,2,2,2,4,4,2,4,2,2,4,58,NA,23,Female,White,Due to start a new job within the next month,696
6102c1985bc0272a6ac32793,44901.31124,44901.32491,0,,100,1181,1,44901.32492,R_PG3c9dezMC3Kmf7,,,anonymous,EN,1,1,6102c1985bc0272a6ac32793,6,6,6,6,6,1,6,6,6,6,6,6,6,6,6,5,6,6,6,6,6,6,6,4,4,5,6,4,1,1,1,4,6,5.67,4.83,4.83,5,5.5,0.14,5,5,5,1,1,0,1,3,1,3,1,1,1,1,1,1,1,1,2,1.272727,1,1,1,1,1,1,1,1,1,1,1,1,1,1,1,2,1,1,1,1,1,2,1,1.1,2,1,4,1,4,2,4,5,1,1,1,1,27,1,1,1,6,0,1,3,1,1,5,4,1,5,1,1,4,6,1,5,0,0,1.857143,4.142857,0.8571429,2.285714,5,5,4,4,4,5,3,5,4,4,3,1,2,2,3,5,5,4,4,3,3,5,4,3,5,5,5,5,4,4,5,5,5,5,3,4,5,1,4.5,4.166667,2.2,4,4.4,4.333333,5,4,4.054054,5,5,5,5,5,5,5,5,5,5,5,5,5,5,5,5,5,3,5,5,5,103,5,5,5,4,4,5,4,4,4,4,4,5,4,4,4,5,5,3,4,4,5,4,91,NA,28,Female,White,Full-Time,1186
610329975d39376c37360d3c,44901.32615,44901.33887,0,,100,1099,1,44901.33888,R_3jciDJDIYGuTDJs,,,anonymous,EN,1,1,610329975d39376c37360d3c,5,4,2,3,2,1,5,5,3,2,4,5,6,4,4,1,5,5,2,4,4,6,4,4,2,2,2,4,3,3,4,2,6,4.67,4.5,2.67,3.17,2.5,1.81,1,1,2,0,0,0,1,1,3,2,2,1,1,3,2,2,1,2,3,2,2,2,2,1,2,2,1,2,2,2,2,2,2,1,1,2,1,1,2,2,1,2,1.545455,1.8,4,4,4,4,3,4,4,4,4,4,4,4,47,2,0,4,3,0,2,3,0,2,3,1,2,2,0,2,2,3,1,3,3,4,1,2.571429,2.428571,2,3,4,3,4,4,3,2,4,2,4,1,1,1,1,1,3,3,2,3,2,2,2,4,4,2,2,3,2,3,3,3,4,4,4,2,2,1,1,3.5,3.166667,1,2.333333,3,3,4,1.666667,2.648649,3,4,4,4,3,4,4,2,4,4,4,4,3,2,4,2,4,4,4,3,3,73,4,4,3,4,2,2,2,4,2,2,3,2,2,1,3,2,4,4,2,2,2,4,56,NA,28,Female,White,Full-Time,1104
610455c1ee6fdb0b18a4bcf2,44900.67023,44900.70412,0,,100,2927,1,44900.70413,R_2pYvH4XDhrpo1Mt,,,anonymous,EN,1,1,610455c1ee6fdb0b18a4bcf2,5,4,2,2,3,1,6,4,2,4,5,5,6,2,6,1,6,6,1,3,4,6,4,4,2,2,3,6,5,2,3,3,6,5.33,4.83,1.83,3.33,3.17,2.31,2,2,2,0,0,0,1,1,2,1,2,1,1,2,1,2,1,2,2,1.545455,1,1,1,3,4,1,1,1,1,2,3,1,2,1,1,1,2,1,2,1,1,2,1,2.1,4,4,4,4,5,4,4,5,4,4,4,4,50,0,4,6,4,1,0,0,2,4,4,4,6,4,0,2,1,6,5,4,2,5,2.714286,2.428571,4,3.047619,4,4,0,1,5,5,3,4,4,5,1,1,1,1,2,2,1,2,3,3,0,1,3,0,3,0,0,1,4,2,3,3,2,1,3,1,3,1,2.25,4.333333,1.2,1.666667,1.2,3,2,2.333333,2.216216,4,5,4,2,4,5,3,4,4,3,5,4,4,4,4,2,5,1,2,4,1,74,2,5,2,2,4,5,2,1,3,2,5,5,2,4,4,5,2,1,2,4,4,4,66,NA,20,Female,Black,Unemployed (and job seeking),2937
6106dff95e2948f146c25d10,44907.55321,44907.57236,0,,100,1654,1,44907.57238,R_2QGoXu75Ueu9Kv0,,,anonymous,EN,1,1,6106dff95e2948f146c25d10,5,5,3,3,2,1,5,5,4,2,4,5,5,5,4,4,5,4,1,4,3,5,5,5,1,4,4,2,2,3,4,4,6,4.5,4.33,2.83,3.5,3.5,1.14,6,5,7,0,0,0,1,1,2,4,1,2,1,2,1,3,1,2,2,1.909091,2,1,3,3,1,1,1,2,2,2,4,2,1,1,1,2,2,1,1,2,2,2,1.454545,2.1,3,5,4,2,4,2,4,2,2,4,4,3,39,3,5,1,4,0,1,2,0,1,3,3,5,4,1,3,6,1,6,4,3,0,1.857143,3.714286,2.428571,2.666667,1,2,4,2,5,3,1,3,3,3,1,4,2,2,2,1,0,2,1,1,0,1,3,2,4,3,4,2,4,2,3,1,2,1,4,4,2,1,2.25,3,2.2,0.8333333,3.2,3,1.333333,3.333333,2.297297,4,3,4,4,5,5,3,2,4,4,5,5,2,4,4,2,4,1,4,2,2,73,1,5,1,4,4,4,4,2,1,2,4,4,1,2,2,2,1,1,5,4,2,4,56,NA,22,Female,White,Part-Time,1659
6108553abbf7a922fb6cfa3a,44903.53031,44903.53992,0,,100,830,1,44903.53994,R_1fdThmxWv2M8Vxy,,,anonymous,EN,1,1,6108553abbf7a922fb6cfa3a,5,4,4,4,4,2,5,5,4,4,5,6,6,5,6,1,5,5,4,6,5,6,6,5,3,4,3,2,2,2,4,3,6,4.83,4.5,3.67,4.67,3.5,0.72,6,4,6,0,1,0,1,2,2,3,4,2,2,2,3,2,2,2,3,2.454545,2,2,1,1,1,1,1,1,1,1,1,1,1,1,1,1,1,1,1,1,1,2,1.181818,1,4,3,3,3,4,4,4,2,2,3,4,1,37,2,4,3,6,0,2,3,0,3,5,5,3,6,1,3,5,6,3,6,1,4,2.428571,4.714286,3,3.380952,4,3,3,4,2,3,2,4,3,3,2,2,3,3,3,3,2,3,2,3,4,3,2,2,1,4,3,3,4,2,2,3,2,2,4,3,3,1,3.5,2.833333,2.6,2.833333,2.4,2.666667,2.333333,3.333333,2.810811,4,5,5,5,5,5,5,5,4,5,5,5,5,5,5,4,5,3,4,5,5,99,1,2,1,3,2,1,1,1,1,1,1,2,1,1,1,1,1,1,2,1,1,4,27,NA,24,Female,White,Part-Time,837
610866803c5edfd35f59cd0c,44902.66994,44902.67933,0,,100,810,1,44902.67934,R_2fCndMxtmbgk9Rg,,,anonymous,EN,1,1,610866803c5edfd35f59cd0c,6,5,5,5,3,1,6,6,4,3,3,5,6,3,4,2,6,6,2,5,4,6,5,5,4,6,1,5,1,3,4,6,6,5.5,4.83,3.5,4.5,3.17,1.44,5,3,2,0,0,0,1,1,1,2,2,1,1,1,1,2,1,1,2,1.363636,1,1,2,3,1,1,1,1,1,1,1,1,2,1,1,3,1,1,1,1,1,2,1,1.6,2,4,4,1,3,1,4,1,1,1,1,1,24,5,0,3,6,0,1,6,0,1,6,3,4,6,1,1,6,6,2,6,1,0,1.571429,5.857143,1.714286,3.047619,4,5,5,5,1,3,1,1,0,5,4,4,3,4,5,4,5,4,3,4,4,5,5,4,5,5,5,2,5,4,4,4,5,2,5,5,5,1,4.75,1.833333,4,4.166667,4.8,4.333333,3.666667,5,3.891892,4,5,5,4,3,5,4,2,3,4,5,5,3,4,4,2,5,1,2,1,2,73,2,3,2,2,1,1,4,1,2,2,3,2,2,2,4,1,1,1,4,2,1,4,43,NA,61,Male,White,Full-Time,816
61087e4fc006ee7d6be38641,44907.4855,44907.51778,0,,100,2788,1,44907.51778,R_3P7TcEnZ8MKHGAy,,,anonymous,EN,1,1,61087e4fc006ee7d6be38641,4,5,4,4,4,1,4,6,4,4,5,6,4,3,4,4,5,5,5,5,6,6,3,4,4,4,5,5,1,5,4,5,6,4.5,4.17,4.17,4.17,4.83,-0.06,5,5,5,1,1,0,1,3,2,2,3,2,2,1,2,2,2,3,1,2,2,2,3,4,3,2,2,2,4,3,3,2,3,2,2,2,3,2,3,3,1,2,2,3.1,4,4,4,4,4,4,4,4,4,4,4,4,48,2,1,6,4,2,4,2,3,4,4,1,3,2,2,4,4,3,5,3,1,5,1.857143,3,4.428571,3.095238,3,4,3,3,4,4,3,4,4,2,2,2,3,1,1,2,2,1,3,3,2,1,3,3,3,3,2,2,2,4,2,4,3,3,4,4,3,1,3.25,3.5,1.8,2,2.8,2.666667,3.333333,3.666667,2.756757,4,4,4,4,4,4,2,3,3,3,4,5,4,4,4,2,4,2,3,3,4,74,2,2,2,3,2,2,2,2,2,2,2,2,2,2,2,2,2,2,3,2,2,4,44,NA,28,Male,White,Full-Time,2799
61089a35dbc0aaf020ab264d,44900.72315,44900.73215,0,,100,777,1,44900.73217,R_11ZpaOu8yh4RZdF,,,anonymous,EN,1,1,61089a35dbc0aaf020ab264d,5,4,4,5,5,1,3,5,5,5,5,5,4,4,4,5,5,6,6,5,5,6,5,5,4,5,4,5,3,5,5,4,6,4.67,4.5,4.67,4.83,4.67,-0.14,6,6,6,1,1,0,1,3,3,2,4,2,1,2,2,2,2,3,4,2.454545,1,1,1,2,2,1,1,1,1,1,1,1,2,1,1,1,1,1,1,1,1,2,1,1.3,4,4,4,4,4,5,4,2,3,4,3,4,45,4,3,5,6,2,4,5,2,4,6,6,5,6,2,4,4,5,4,5,5,5,3.571429,5.142857,4.428571,4.380952,4,4,4,4,3,2,2,4,3,3,1,1,2,2,1,3,3,2,3,3,3,4,3,4,3,4,3,3,3,2,3,4,3,4,4,4,4,1,4,2.833333,1.4,3,3.4,2.666667,3.666667,4,3.027027,5,4,5,5,5,4,4,5,4,4,5,5,4,4,4,4,5,3,5,4,4,92,3,3,3,3,2,1,4,1,1,1,3,2,2,1,2,3,3,1,4,2,3,4,48,best of luck in your research,47,Female,White,Full-Time,785
6109e6596c52fa1f853b16c2,44900.73207,44900.7506,0,,100,1600,1,44900.75062,R_bPlJuPFQRDBgmch,,,anonymous,EN,1,1,6109e6596c52fa1f853b16c2,6,4,1,4,3,1,2,5,5,3,4,6,6,1,6,1,4,3,1,3,1,6,6,5,1,4,1,3,2,1,2,1,6,4.5,4.17,1.67,3.67,1.83,1.94,1,1,1,1,1,0,1,3,3,1,2,1,1,1,1,1,1,3,2,1.545455,3,3,2,3,1,1,2,1,1,3,2,1,2,2,2,4,3,2,1,1,1,2,1.727273,2.2,4,5,3,2,3,3,3,2,1,1,4,1,32,1,3,6,5,2,6,2,1,3,3,4,6,3,2,5,1,6,5,0,6,6,3.428571,2.142857,5.285714,3.619048,4,5,2,4,5,2,3,1,4,2,0,0,0,1,0,2,2,1,3,2,1,2,4,2,2,1,3,1,1,3,3,2,1,4,2,2,2,1,3.75,2.833333,0.2,1.833333,2.4,2.333333,2.333333,2,2.135135,4,4,3,4,5,4,4,4,5,5,5,5,4,3,4,5,4,2,4,4,2,84,4,4,1,2,1,1,2,2,1,1,2,1,1,1,2,1,2,1,1,1,1,4,33,NA,32,Female,White,Full-Time,1607
6109fd04b3a86f5e129717ad,44907.58894,44907.59722,0,,100,715,1,44907.59723,R_VIssJEZBX0Zc6YN,,,anonymous,EN,1,1,6109fd04b3a86f5e129717ad,6,5,3,3,3,2,6,6,4,4,5,6,6,5,6,1,4,5,2,4,1,6,4,3,2,2,2,1,3,3,4,1,6,4.5,4.67,3.17,3.83,2.17,1.53,2,1,3,1,0,0,1,2,2,1,2,1,1,2,1,1,1,4,2,1.636364,2,2,3,3,3,1,2,2,2,2,2,1,3,1,1,3,2,2,3,2,2,2,1.636364,2.6,4,5,5,4,4,2,2,2,1,1,2,1,33,2,1,3,5,0,2,3,0,2,3,1,4,2,0,3,4,6,3,4,0,3,1.142857,3.285714,2.857143,2.428571,3,4,3,0,1,1,1,2,1,0,2,5,4,3,3,3,3,4,4,3,3,5,4,5,4,4,4,3,3,4,2,4,1,4,4,1,4,1,2.5,1,3.4,3.666667,4.2,3,3,3,2.945946,5,1,5,5,5,5,5,5,2,5,4,5,4,5,5,1,5,1,4,2,5,84,1,4,1,5,5,2,4,1,1,1,1,1,1,1,4,1,4,1,4,1,1,4,45,NA,23,Female,White,Full-Time,721
610c54c190d4d2399972b294,44900.7472,44900.75674,0,,100,824,1,44900.75675,R_2OOugnSUM2JKyVo,,,anonymous,EN,1,1,610c54c190d4d2399972b294,6,6,5,6,3,1,1,6,6,3,3,6,6,6,6,1,6,6,5,6,3,6,6,5,6,5,5,5,1,4,6,1,6,5,5,5.33,5.33,2.67,0.56,6,6,6,1,1,1,1,4,3,1,3,1,1,1,1,1,1,1,1,1.363636,2,4,4,1,4,1,3,1,3,2,2,1,2,1,1,4,2,1,1,1,1,2,1.545455,2.5,3,5,5,4,2,5,5,5,1,4,3,3,45,6,6,6,6,3,6,3,3,3,6,0,6,6,0,6,6,6,3,6,6,3,3.428571,5.571429,4.714286,4.571429,5,5,5,5,0,0,0,0,0,0,1,0,4,5,4,2,5,2,5,4,5,5,3,0,5,3,5,4,5,5,2,5,4,5,5,5,5,1,5,0,2.8,4.333333,3.2,4,4.666667,5,3.324324,5,5,4,5,4,4,4,4,4,4,5,5,4,4,5,3,4,1,4,5,4,87,3,4,5,5,5,1,3,5,1,3,3,5,5,3,5,5,5,1,5,1,1,4,74,NA,57,Male,White,Unemployed (and job seeking),832
610db6b12735af982d96b12d,44901.62444,44901.64058,0,,100,1393,1,44901.64059,R_Zg8p85QptOZfvOh,,,anonymous,EN,1,1,610db6b12735af982d96b12d,5,4,1,2,3,1,5,6,1,3,4,6,6,2,5,1,5,6,3,4,1,6,2,5,2,2,1,2,3,3,2,1,6,4.17,5,2,3,1.83,2.31,2,2,2,0,0,0,1,1,3,3,2,2,2,2,1,2,3,2,1,2.090909,2,1,2,2,2,1,1,1,2,2,1,1,2,1,1,1,1,1,1,2,2,2,1.272727,1.6,2,2,4,2,2,3,2,2,3,3,1,1,27,0,0,2,0,0,3,0,0,1,0,0,3,0,0,3,0,2,4,0,0,1,0.2857143,0,2.428571,0.9047619,0,3,0,1,3,3,4,2,4,3,3,3,1,3,4,3,2,1,3,0,1,2,1,0,0,0,0,0,0,0,0,0,0,3,3,2,3,1,1,3.166667,2.8,1.5,0.2,0,1,2.666667,1.648649,5,5,5,5,5,5,5,4,4,4,5,5,4,4,5,2,5,2,5,2,2,88,4,5,4,5,5,5,4,5,4,4,4,5,5,4,3,5,5,1,4,2,4,4,87,NA,27,Male,White,Unemployed (and job seeking),1399
610e6880f784d836a872a9a5,44900.67471,44900.6876,0,,100,1113,1,44900.68762,R_1mQQ93o5uam8KIk,,,anonymous,EN,1,1,610e6880f784d836a872a9a5,5,6,1,1,1,1,3,5,4,1,4,5,6,3,4,1,3,6,1,1,1,6,5,4,1,6,1,6,3,1,3,1,6,4.5,5,1.83,2.67,1.5,2.75,2,1,5,0,0,0,1,1,1,1,1,1,1,1,2,2,1,1,3,1.363636,3,2,2,4,2,2,3,2,3,4,4,1,4,2,1,4,4,1,4,2,3,2,2,3.5,5,5,5,5,5,5,4,5,5,5,5,4,58,1,2,6,2,1,1,0,0,4,0,2,6,0,0,3,0,6,6,3,0,2,1.571429,0.8571429,4,2.142857,0,3,2,4,3,0,1,0,2,4,1,2,1,2,1,5,1,0,3,3,1,1,4,4,1,0,0,0,0,0,0,0,0,1,0,0,3,1,2.25,1.666667,1.4,1.5,1.8,0,0.3333333,1,1.432432,4,1,5,4,2,1,5,4,2,2,4,5,1,4,5,1,5,4,1,1,4,65,4,2,1,1,4,4,1,1,2,1,1,1,1,2,1,5,4,1,5,1,1,4,44,NA,37,Female,White,"Not in paid work (e.g. homemaker', 'retired or disabled)",1124
610f326ceebada4236a67080,44900.75831,44900.77517,0,,100,1457,1,44900.77521,R_1jPRIrdI4Sg4qP7,,,anonymous,EN,1,1,610f326ceebada4236a67080,4,4,5,4,4,1,5,4,4,4,2,3,4,3,2,2,4,4,5,4,4,6,5,3,3,4,4,2,2,3,6,4,6,3.83,3.5,3.83,4,3.33,-0.06,6,6,7,1,0,0,1,2,3,2,2,2,2,3,2,3,2,2,4,2.454545,2,1,1,1,2,1,1,1,2,1,2,1,2,1,1,2,1,1,2,1,1,2,1.090909,1.6,4,4,5,4,4,5,4,3,4,4,4,4,49,3,3,5,4,2,3,3,1,5,4,2,4,3,1,5,2,2,4,4,2,5,1.857143,3.285714,4.428571,3.190476,4,4,3,3,2,4,2,3,2,4,2,3,2,3,2,3,2,5,3,3,3,2,4,3,3,1,4,3,4,2,3,3,2,4,3,4,4,1,3.5,2.833333,2.4,3,3,3,3,3.666667,3,4,4,4,4,4,3,5,4,5,3,4,4,4,3,4,2,4,2,4,2,3,76,3,3,2,4,4,4,3,4,4,4,4,2,3,3,3,4,3,2,5,4,2,4,70,i liked it,57,Male,White,Full-Time,1464
610fcc83d807d9888854f0a8,44907.82807,44907.83532,0,,100,626,1,44907.83533,R_1pnbeyg7qdGToT3,,,anonymous,EN,1,1,610fcc83d807d9888854f0a8,4,5,2,3,3,2,5,5,6,3,4,5,6,5,5,2,5,5,1,4,1,6,6,4,4,2,3,3,4,3,5,1,6,4.67,4.83,3.5,3.67,2.33,1.58,1,1,1,1,0,1,1,3,5,3,2,2,2,3,2,2,2,1,3,2.454545,1,2,2,2,2,1,2,1,3,2,4,1,2,3,1,3,3,1,2,1,1,2,1.363636,2.5,2,4,5,4,4,4,5,3,2,4,2,3,42,0,1,6,4,0,3,0,0,3,1,0,4,3,0,6,6,1,5,2,0,5,0.2857143,2.285714,4.571429,2.380952,1,1,1,1,2,5,2,2,5,5,2,2,0,0,2,1,0,0,0,0,0,0,3,0,0,1,0,2,0,0,1,0,0,1,1,1,1,1,1,3.5,1.2,0,0.8,0.3333333,0.3333333,1,1.162162,3,3,4,5,5,4,4,3,5,4,4,5,4,4,4,3,4,1,5,5,4,83,1,5,1,3,3,3,5,3,1,1,1,2,4,1,2,4,2,1,1,1,3,4,48,NA,37,Male,White,Full-Time,633
6111d3aa2e12fb09c474a445,44900.66683,44900.67234,0,,100,475,1,44900.67235,R_A7fFwFdnfQ9jz57,,,anonymous,EN,1,1,6111d3aa2e12fb09c474a445,3,5,2,4,5,1,3,5,3,3,3,5,5,3,4,4,4,4,2,5,5,6,4,4,4,3,4,5,4,4,4,5,6,4,4.5,3,3.83,4.33,0.53,5,5,4,1,1,0,1,3,3,2,2,2,2,2,2,3,2,2,3,2.272727,2,2,1,2,2,1,1,1,2,2,2,1,2,1,1,1,2,1,1,1,2,2,1.272727,1.7,3,4,3,3,4,3,3,2,2,3,3,2,35,4,4,5,4,2,4,3,4,5,5,4,3,2,3,4,4,5,6,4,3,4,3.571429,3.714286,4.428571,3.904762,2,2,3,2,2,2,2,1,3,3,1,2,2,2,4,2,3,1,3,1,1,1,2,1,2,3,2,2,2,2,2,2,2,3,3,3,3,1,2.25,2.166667,2.2,1.666667,2,2,2.333333,3,2.135135,5,4,4,5,4,4,4,3,3,3,4,4,3,3,4,2,5,2,4,3,3,76,4,5,4,5,5,4,4,4,4,3,4,4,3,3,3,5,4,2,3,3,3,4,79,NA,36,Female,Asian,Part-Time,482
6112f31f34628c8bc50e3aa7,44901.44899,44901.45965,0,,100,921,1,44901.45966,R_3ps417hR5B5TE18,,,anonymous,EN,1,1,6112f31f34628c8bc50e3aa7,6,6,1,1,2,1,6,6,1,1,1,6,6,2,4,1,6,6,1,1,1,6,4,4,2,1,1,3,6,2,1,1,6,5.17,5.67,1.5,1.5,1.17,4.03,2,2,2,0,0,0,1,1,3,2,2,1,1,3,2,2,2,1,2,1.909091,1,1,2,2,1,1,1,1,2,2,2,1,1,1,1,3,1,1,1,1,1,2,1,1.7,4,4,4,4,4,3,5,5,2,4,2,4,45,3,6,6,6,0,6,2,0,6,4,6,6,6,0,6,6,6,6,6,0,6,2.571429,4.714286,6,4.428571,1,0,0,0,5,2,5,2,5,5,5,5,0,0,5,0,0,0,0,0,0,0,0,0,0,0,0,0,0,0,0,0,0,0,1,2,2,1,0.25,4,3,0,0,0,0,1.666667,1.216216,3,3,2,4,4,4,3,4,3,3,3,3,4,3,4,3,3,2,3,3,3,67,1,1,1,1,2,1,3,1,1,1,3,1,1,1,1,1,1,1,1,1,1,4,26,NA,23,Female,White,Full-Time,926
611830fe665c7b68723910b3,44900.74429,44900.75975,0,,100,1335,1,44900.75976,R_1FE5byaKQUKMd8a,,,anonymous,EN,1,1,611830fe665c7b68723910b3,6,6,1,1,1,1,6,6,1,1,1,6,6,1,1,1,6,6,1,1,1,6,6,1,1,1,1,6,6,1,1,1,6,6,5.17,1,1,1,4.58,1,1,1,0,0,0,1,1,1,1,1,1,1,1,1,1,1,1,1,1,1,1,1,1,1,1,1,1,1,1,1,1,1,1,1,1,1,1,1,1,1,2,1,1,1,2,4,2,1,1,1,1,1,1,1,1,17,1,0,6,3,0,4,1,0,2,4,0,2,3,0,4,1,0,4,1,0,2,0,2,3.428571,1.809524,2,2,3,5,0,5,0,5,5,5,4,0,3,0,0,5,5,3,5,0,1,2,0,5,3,5,2,0,0,2,0,2,0,2,5,3,5,1,3,3.333333,1.4,2.666667,3,0.6666667,1.333333,4.333333,2.54054,5,5,5,4,5,5,5,5,4,4,5,5,4,4,5,4,5,2,5,4,5,95,1,2,1,4,2,1,5,1,1,2,2,1,1,1,1,5,2,1,5,1,1,4,41,NA,46,Male,Mixed,Full-Time,1341
61206e8d3e6a6ccdd064637c,44900.67644,44900.69477,0,,100,1584,1,44900.69478,R_1H1tr46qE55NKPP,,,anonymous,EN,1,1,61206e8d3e6a6ccdd064637c,4,5,4,4,3,1,3,4,2,4,3,4,4,3,4,4,5,4,4,5,4,5,4,5,3,4,4,2,4,4,3,4,6,3.67,4.33,3.33,4,3.67,0.33,5,3,7,0,0,0,1,1,4,3,2,3,2,2,2,2,4,4,4,2.909091,1,1,3,1,1,1,1,2,3,2,1,2,3,1,1,2,2,1,1,1,1,2,1.181818,1.9,4,4,5,4,4,3,3,4,3,4,3,4,45,4,3,5,5,3,5,4,3,4,4,1,4,5,2,4,4,3,4,4,6,5,3,4.285714,4.428571,3.904762,4,3,2,4,5,3,2,5,3,4,2,2,2,2,1,2,3,3,3,2,2,2,3,2,2,2,3,0,1,0,0,1,2,3,3,0,3,1,3.25,3.666667,1.8,2.5,2.4,0.3333333,2,2,2.324324,3,3,4,3,3,3,5,3,3,2,5,4,4,4,5,1,5,1,3,4,3,71,1,4,2,4,4,4,4,2,2,3,4,2,2,2,3,4,4,1,3,2,2,4,59,NA,61,Male,White,Unemployed (and job seeking),1598
6121be9a77c602b1d877d7f0,44902.31581,44902.32245,0,,100,573,1,44902.32247,R_Uu4YJGIYexb6ANP,,,anonymous,EN,1,1,6121be9a77c602b1d877d7f0,4,6,4,4,5,1,4,5,6,4,5,5,5,5,6,1,6,6,2,5,5,5,6,5,1,1,6,6,5,2,3,1,6,5.17,5.33,3.33,3.83,3.83,1.58,1,1,1,0,0,0,0,0,4,3,5,1,2,2,1,1,2,1,4,2.363636,2,1,1,1,2,1,3,2,1,3,3,3,1,1,2,3,1,1,2,1,1,2,1.636364,1.8,1,1,4,1,3,1,4,1,1,1,3,1,22,1,5,6,6,0,3,5,0,1,5,4,6,5,0,5,0,6,5,3,3,6,2.571429,3.571429,4.571429,3.571429,3,5,4,3,2,1,2,1,1,0,1,0,0,4,2,3,4,4,4,3,4,4,4,4,4,3,4,4,4,4,3,3,4,4,1,4,4,1,3.75,1.166667,1.4,3.833333,3.8,3.666667,3.666667,3,2.945946,1,3,4,4,4,4,4,3,1,2,5,3,4,1,3,1,4,4,2,4,4,65,2,4,2,4,4,2,3,2,2,2,5,2,1,1,3,2,2,5,2,1,1,4,52,NA,29,Female,White,Full-Time,583
612517df29cd32c6632b4a44,44900.4545,44900.46844,0,,100,1204,1,44900.46845,R_1Qt5KD4OpqOH1J5,,,anonymous,EN,1,1,612517df29cd32c6632b4a44,5,5,1,2,2,1,5,4,1,1,2,5,6,2,4,1,5,6,1,2,2,5,4,4,2,1,1,6,3,1,3,1,6,5,4.67,1.33,2.17,1.5,3.17,2,1,2,0,0,0,1,1,3,2,2,1,2,2,2,2,2,2,2,2,1,2,1,1,1,1,1,1,2,2,1,1,2,1,1,2,2,1,2,1,1,2,1.090909,1.6,2,4,2,2,2,2,4,4,2,4,4,4,36,0,0,6,0,0,2,0,0,1,0,3,2,0,0,2,0,5,4,0,0,1,1.142857,0,2.571429,1.238095,3,3,2,3,2,5,3,3,4,5,0,2,0,0,0,2,0,1,2,1,0,1,1,5,4,5,2,3,3,4,4,3,1,0,2,3,3,1,2.75,3.666667,0.4,0.8333333,3.4,3.666667,1.333333,2.666667,2.297297,4,4,5,4,5,5,5,4,5,4,4,4,4,4,4,4,4,4,4,4,4,89,1,2,1,2,1,1,4,1,1,1,2,1,1,1,2,4,4,1,4,2,2,4,39,NA,55,Female,White,"Not in paid work (e.g. homemaker', 'retired or disabled)",1212
612547f89bad5437aaecfa66,44900.80236,44900.81198,0,,100,831,1,44900.812,R_1Q0dNjB1KBcrCfR,,,anonymous,EN,1,1,612547f89bad5437aaecfa66,4,3,2,4,6,1,5,4,5,3,3,5,6,4,5,4,5,6,6,5,2,5,6,6,2,6,5,2,2,1,3,5,6,4.5,4.5,3.33,4.33,4.17,0.56,6,4,6,0,0,0,0,0,4,1,2,1,1,2,2,2,2,4,3,2.181818,1,1,3,2,3,1,1,1,3,2,3,1,3,2,1,4,2,1,2,1,1,2,1.090909,2.7,4,5,5,3,4,2,4,4,2,4,4,2,43,2,1,3,4,1,2,3,1,4,2,1,5,2,1,4,3,1,2,3,4,4,1.428571,2.714286,3.428571,2.523809,3,4,4,1,2,1,1,1,2,1,4,1,3,4,3,1,4,3,3,4,4,5,2,1,0,4,0,4,1,2,3,3,1,4,3,4,4,1,3,1.333333,3,3.833333,1.4,2,2.666667,3.666667,2.567568,4,4,4,3,5,4,3,4,5,4,5,5,4,2,4,2,3,1,4,3,3,76,2,4,1,3,4,2,4,3,2,3,4,3,1,2,2,4,2,1,2,1,4,4,54,NA,30,Male,White,Full-Time,840
61255c5cd3dc2cfd8fbc101d,44900.73505,44900.74878,0,,100,1187,1,44900.7488,R_3DkBmVYMvtI2t00,,,anonymous,EN,1,1,61255c5cd3dc2cfd8fbc101d,6,5,3,4,2,1,4,4,3,2,4,5,5,3,5,1,5,5,3,4,2,6,5,4,4,4,3,5,4,3,3,4,6,5,4.5,3.17,3.67,2.67,1.58,2,2,2,0,0,0,1,1,4,2,3,3,2,2,2,2,1,2,4,2.454545,1,2,1,2,2,1,3,1,3,1,2,1,2,3,3,1,2,1,1,1,1,2,1.636364,1.7,4,3,4,4,4,4,4,3,3,4,4,3,44,5,2,5,6,1,5,4,1,3,5,1,3,5,1,2,4,1,2,5,1,5,1.142857,4.857143,3.571429,3.190476,3,4,1,4,4,4,3,2,3,4,1,1,1,3,2,2,2,3,1,2,1,1,3,4,2,1,3,3,2,2,3,2,2,1,3,1,3,1,3,3.333333,1.6,1.666667,2.6,2.333333,1.666667,2.333333,2.351351,3,3,3,4,5,4,3,2,4,4,4,5,4,4,5,4,5,3,3,3,3,78,2,2,2,3,4,3,4,2,2,3,3,2,3,2,4,4,5,3,2,1,2,4,58,NA,72,Male,White,"Not in paid work (e.g. homemaker', 'retired or disabled)",1198
612b86da38f96808af7bb1da,44900.68353,44900.70667,0,,100,1998,1,44900.70667,R_ctERbx8jNbxeiKl,,,anonymous,EN,1,1,612b86da38f96808af7bb1da,5,4,4,4,5,1,4,4,4,5,4,5,5,4,4,5,4,4,5,4,4,5,5,5,2,3,4,6,2,3,3,4,6,4.83,4,3.67,3.83,4.33,0.47,5,5,5,1,0,0,1,2,1,2,2,2,2,2,2,2,2,2,2,1.909091,1,1,1,1,1,1,1,1,1,1,1,1,1,1,1,1,1,1,1,1,1,2,1,1,2,2,3,2,4,4,4,2,1,2,2,2,30,4,5,4,4,6,3,3,4,4,5,5,4,4,6,4,4,6,5,4,6,4,5.428571,4,4,4.476191,3,3,4,3,3,4,1,3,1,1,1,4,3,4,4,4,4,3,3,1,3,3,3,3,3,4,3,4,3,4,3,4,3,4,4,2,3,1,3.25,2.166667,3.2,2.833333,3.2,3.333333,3.666667,3,3.054054,4,4,4,4,4,4,2,3,4,4,4,4,3,4,4,4,4,2,4,4,3,77,1,1,1,1,1,2,1,1,2,1,2,1,1,2,1,4,2,1,1,1,1,4,29,NA,58,Female,White,Full-Time,2012
612bb0204ad8e7e8bed041eb,44900.69387,44900.7228,0,,100,2499,1,44900.72281,R_2bZUIpUXdP19CdZ,,,anonymous,EN,1,1,612bb0204ad8e7e8bed041eb,3,4,6,5,6,3,4,4,4,6,6,5,1,5,5,6,1,6,6,6,6,5,6,6,4,2,1,1,1,4,6,5,6,3.33,3.67,4.83,5,5,-1.44,6,6,6,1,1,1,0,3,3,2,2,2,1,4,1,1,2,3,5,2.363636,3,1,1,1,1,1,2,1,1,4,1,2,1,3,1,4,2,2,1,2,1,2,1.727273,1.7,1,5,2,4,5,4,4,1,1,1,1,3,32,3,5,6,4,5,6,3,6,6,4,4,6,4,5,6,3,5,6,4,5,6,5,3.571429,6,4.857143,4,3,5,3,4,2,3,5,2,5,2,0,3,4,5,0,4,3,3,3,3,5,3,3,2,4,5,0,3,1,4,3,4,4,3,5,5,1,3.75,3.5,2.8,3.5,3.4,2.666667,3.666667,4.333333,3.243243,4,5,3,5,5,4,5,2,5,5,5,5,4,4,5,5,3,3,4,3,4,88,3,4,3,2,4,2,2,1,2,3,3,2,3,3,4,3,4,3,4,2,4,4,61,thanks,38,Male,White,Full-Time,2507
612d890c774262d7afe06380,44901.3073,44901.31787,0,,100,912,1,44901.31788,R_2EgB70TrHat0hou,,,anonymous,EN,1,1,612d890c774262d7afe06380,5,4,1,1,1,1,4,4,3,2,4,5,4,2,5,1,6,5,1,1,3,6,6,4,1,2,2,2,5,3,4,1,6,4.67,4.33,1.83,2.5,2,2.39,1,1,1,0,0,0,1,1,3,1,2,1,1,2,1,1,1,2,3,1.636364,1,1,1,2,2,1,1,1,2,2,1,1,2,1,1,2,2,1,1,1,1,2,1,1.7,3,4,4,2,4,2,4,2,2,3,2,3,35,0,5,4,2,0,4,1,0,3,3,1,2,3,4,3,1,6,4,3,0,5,2.285714,1.857143,3.571429,2.571429,3,3,3,3,2,4,2,3,3,4,3,2,3,1,3,3,1,2,3,2,1,2,3,1,3,2,3,4,2,2,2,2,2,2,3,4,2,1,3,3,2.4,1.833333,2.4,2,2,3,2.513514,3,4,3,4,4,4,4,4,4,3,4,4,4,4,4,2,4,4,4,2,2,75,2,4,2,4,2,2,4,2,2,2,2,2,2,2,4,4,3,4,3,2,2,4,56,NA,27,Female,White,Full-Time,918
612fa6644526903f736cf925,44901.29942,44901.31635,0,,100,1463,1,44901.31637,R_3Q8Dj6ne2kJmAo1,,,anonymous,EN,1,1,612fa6644526903f736cf925,5,4,3,5,4,1,6,4,4,4,3,4,5,3,6,4,6,6,5,5,2,5,6,6,4,4,3,4,2,4,6,4,6,5.17,4.5,3.83,5,3.33,0.78,4,5,5,1,1,0,1,3,3,2,2,2,2,2,2,2,2,2,3,2.181818,1,1,1,1,1,1,1,1,1,1,2,1,1,1,1,1,1,1,1,1,1,2,1,1.1,2,2,4,1,3,1,3,1,1,1,1,2,22,5,1,6,6,0,1,3,0,3,5,0,6,6,2,2,3,0,3,5,0,1,0.4285714,4.714286,3.142857,2.761905,3,0,4,3,4,2,1,3,2,2,4,3,3,3,2,3,3,3,4,3,3,3,2,3,1,4,3,4,3,3,4,3,3,3,4,3,4,1,2.5,2.333333,3,3.166667,2.6,3.333333,3,3.666667,2.918919,4,5,4,4,5,5,3,4,4,3,5,5,4,3,4,2,5,3,4,3,4,83,1,3,2,2,2,1,3,1,1,1,3,2,1,1,2,2,2,2,3,1,1,4,37,NA,58,Male,White,Full-Time,1485
6130cdbb53f773b3125576a7,44901.25388,44901.27078,0,,100,1459,1,44901.27078,R_1li1wSnZLmyw4A5,,,anonymous,EN,1,1,6130cdbb53f773b3125576a7,6,6,4,5,3,1,4,5,3,1,4,5,6,2,6,1,5,6,4,5,5,6,5,6,2,2,2,1,1,2,6,2,6,4.33,5,2.83,4.17,2.83,1.39,5,4,5,0,1,0,1,2,2,3,4,2,1,2,1,3,3,1,4,2.363636,1,1,3,4,1,1,1,1,1,4,2,1,1,2,2,3,4,1,3,1,1,2,1.181818,2.6,5,4,5,5,4,5,5,1,2,5,4,4,49,5,3,6,6,0,6,5,0,3,6,2,4,6,3,6,5,6,6,6,5,4,2.714286,5.571429,5,4.428571,0,3,5,0,0,1,0,0,0,0,4,5,4,3,4,0,0,1,3,2,1,2,5,1,5,5,4,4,2,3,4,3,2,4,2,3,2,1,2,0.1666667,4,1.5,4,3,3,2.333333,2.351351,4,5,3,4,5,5,5,5,4,3,5,5,5,5,5,1,5,1,5,1,1,82,1,3,1,3,5,3,5,1,1,1,1,4,3,1,5,3,4,1,4,1,1,4,52,NA,67,Male,White,Other,1465
6132542039ead71f30971bd6,44900.713,44900.72701,0,,100,1210,1,44900.72704,R_3gO5qBzvvUHObj5,,,anonymous,EN,1,1,6132542039ead71f30971bd6,3,5,5,6,6,1,4,6,6,3,6,5,6,5,5,3,5,5,4,6,5,6,6,5,6,5,4,6,4,4,6,5,6,4.83,5.17,5,5.17,4.83,0,7,7,7,1,1,1,0,3,3,2,4,4,2,2,2,2,2,2,4,2.636364,1,1,1,1,1,1,1,1,1,1,1,1,1,1,1,1,1,1,1,1,1,2,1,1,3,5,5,1,4,4,5,1,1,4,1,2,36,6,2,6,5,0,4,6,1,2,5,3,6,6,2,5,5,3,6,5,0,5,1.571429,5.428571,4.857143,3.952381,5,4,4,4,4,3,1,5,0,2,1,1,1,3,0,3,4,4,3,3,3,4,5,4,4,5,4,1,5,4,4,3,4,4,4,3,5,1,4.25,2.5,1.2,3.5,4.4,4.333333,3.666667,4,3.27027,5,4,4,5,5,5,4,5,2,4,5,5,5,1,1,4,5,1,5,4,4,83,2,2,2,2,3,2,2,1,1,1,1,2,1,2,2,5,1,1,5,1,1,4,40,Enjoyed the study!,42,Male,White,Full-Time,1219
6132cc931d18eb3ce734accf,44901.85606,44901.87568,0,,100,1695,1,44901.8757,R_29mJxR0XaVBEzwF,,,anonymous,EN,1,1,6132cc931d18eb3ce734accf,5,3,2,6,5,2,5,4,2,2,3,6,4,2,6,6,4,4,6,6,3,6,1,4,1,6,4,3,1,2,6,6,6,4,3.33,2.5,5.33,4.5,-0.44,7,7,7,1,0,0,0,1,4,2,1,1,1,2,1,4,1,2,4,2.090909,2,1,2,2,3,1,1,2,1,4,2,2,2,2,2,1,4,1,4,2,1,2,1.545455,2.5,4,5,5,4,2,4,5,5,4,4,5,5,52,1,2,6,3,0,4,1,0,5,2,0,6,1,4,0,1,0,2,1,0,6,0.8571429,1.428571,4.142857,2.142857,1,1,0,1,1,2,2,2,4,5,2,5,1,1,3,1,1,0,0,2,0,0,3,1,3,1,2,3,3,1,0,0,0,3,3,4,1,1,0.75,2.666667,2.4,0.5,2,1.333333,1,2.666667,1.702703,4,5,2,4,4,4,4,4,4,4,5,4,5,5,5,4,4,4,4,5,4,88,2,4,2,4,2,2,2,2,2,2,4,4,1,1,2,2,1,1,4,1,2,4,47,NA,56,Male,White,DATA_EXPIRED,1709
613461a8b9035cf9b29ad84d,44909.22559,44909.23347,0,,100,681,1,44909.2335,R_3iIq295WADGvujr,,,anonymous,EN,1,1,613461a8b9035cf9b29ad84d,6,5,1,2,1,1,4,6,3,1,1,6,6,3,3,1,6,6,1,3,1,6,6,6,1,1,1,1,6,3,2,1,6,4.83,5.83,2,2,1,3.67,1,1,2,0,0,0,1,1,3,2,2,1,1,1,1,2,2,1,1,1.545455,3,2,2,4,4,1,3,1,3,3,2,2,2,2,1,2,2,1,2,2,1,2,1.727273,2.6,3,4,5,4,4,3,3,4,4,5,5,2,46,5,1,5,6,0,0,3,0,1,6,1,4,6,0,4,6,6,6,4,0,5,1.142857,5.142857,3.571429,3.285714,3,4,1,4,3,2,1,2,2,1,1,2,2,1,3,3,3,2,2,1,2,3,3,4,4,4,3,2,4,3,1,4,3,2,0,0,3,1,3,1.833333,1.8,2.166667,3.6,2.666667,3,1,2.378378,4,5,2,5,5,5,4,2,5,5,5,5,5,4,4,1,4,1,5,2,4,82,4,1,4,5,2,1,5,2,1,1,5,5,1,1,1,1,1,1,4,1,2,4,49,NA,20,Male,White,Unemployed (and job seeking),686
61363ce02e6022a741d63a6e,44900.66645,44900.68067,0,,100,1228,1,44900.68068,R_3st7tqcEhJEqCXX,,,anonymous,EN,1,1,61363ce02e6022a741d63a6e,5,3,5,4,4,1,5,5,5,4,3,5,2,4,6,4,5,6,6,6,3,6,3,5,4,6,5,6,4,5,4,5,6,4.83,4.17,4.83,5,4,-0.11,7,7,7,1,0,0,0,1,1,1,3,2,1,4,2,1,1,2,4,2,1,4,1,1,1,1,1,1,1,1,3,1,2,1,1,1,2,1,1,1,2,2,1.363636,1.4,2,4,5,4,5,3,3,4,2,4,4,4,44,0,1,6,0,0,1,0,0,3,6,2,5,5,0,5,5,0,5,0,0,1,0.4285714,2.285714,3.714286,2.142857,4,5,4,2,1,3,0,1,1,2,0,1,3,2,0,4,4,3,3,3,4,3,3,5,5,4,5,3,4,3,4,3,3,5,5,5,5,1,3.75,1.333333,1.2,3.333333,4.4,3.666667,3.666667,5,3.108108,3,4,3,5,5,5,4,3,4,3,5,5,5,5,5,4,5,1,4,4,4,86,1,5,1,3,3,4,4,4,2,1,4,5,2,1,2,5,5,1,4,2,4,4,63,NA,26,Male,White,Full-Time,1441
61366a0250ad37452b08b9a3,44901.37715,44901.39679,0,,100,1696,1,44901.39681,R_2dLr98hQfkfMNxZ,,,anonymous,EN,1,1,61366a0250ad37452b08b9a3,6,5,1,1,5,1,3,5,4,1,3,6,6,4,6,1,5,6,1,1,4,5,5,4,3,5,5,6,2,1,2,5,6,5.17,4.67,2.33,2.67,3.83,1.97,5,4,6,0,0,0,1,1,4,1,1,2,2,3,2,2,1,2,2,2,1,1,2,1,2,1,1,1,1,3,1,1,1,1,1,1,3,1,2,1,1,2,1,1.7,4,4,2,3,4,4,5,1,2,2,2,2,35,0,1,2,3,0,1,1,0,1,3,3,2,2,0,4,2,5,6,2,0,5,1.285714,1.857143,3,2.047619,3,3,1,2,3,4,1,3,4,2,3,3,1,0,3,2,1,2,1,1,3,3,3,2,3,4,4,0,3,3,3,1,1,2,4,3,0,1,2.25,2.833333,2,1.833333,3.2,3,1.333333,2.333333,2.297297,4,4,4,4,4,3,4,4,4,4,4,2,2,4,4,2,4,2,2,4,2,71,4,5,4,4,4,2,2,2,2,2,4,1,1,2,3,4,3,1,2,2,2,4,56,NA,19,Female,Black,Part-Time,1701
61372727e083e6cd1c827f81,44900.67034,44900.68462,0,,100,1233,1,44900.68463,R_2xVMVF7BgVk8moe,,,anonymous,EN,1,1,61372727e083e6cd1c827f81,5,1,4,1,1,1,1,1,4,5,5,4,4,4,1,1,2,1,6,6,6,6,6,6,6,6,6,1,1,1,6,5,6,3.17,2.33,4.17,4.17,4,-1.36,7,7,7,1,1,1,0,3,5,5,5,5,5,5,4,5,5,5,5,4.909091,1,3,4,1,1,1,1,1,1,4,1,1,1,1,1,1,1,1,3,1,1,2,1.181818,1.8,5,5,5,5,5,5,5,5,2,5,2,4,53,5,6,6,6,0,6,5,0,5,6,0,6,6,1,6,4,6,6,4,1,5,2,5.142857,5.714286,4.285714,4,4,4,4,1,2,0,2,1,1,1,1,4,4,2,3,4,4,4,3,4,4,4,5,4,4,4,1,4,1,4,4,3,4,1,4,1,1,4,1.166667,2.4,3.833333,4.2,3,3.666667,2,2.945946,4,5,4,5,5,5,5,5,5,5,5,5,5,4,5,4,5,4,5,4,4,98,1,1,1,2,1,1,3,1,1,1,3,2,1,1,1,3,3,1,4,1,1,4,34,Thank you so much and be well. Happy Holidays!,40,Male,White,Full-Time,1240
61378a5182550ada765ffa19,44904.47017,44904.51458,0,,100,3836,1,44904.51461,R_Zlat6FceERCfWhP,,,anonymous,EN,1,1,61378a5182550ada765ffa19,6,5,3,2,3,1,5,5,4,2,6,6,6,4,4,2,6,6,2,2,2,5,5,5,2,2,3,3,5,2,4,2,6,5.17,5.33,2.83,2.67,3,2.42,2,2,2,0,1,0,1,2,2,2,2,1,1,2,1,1,1,2,2,1.545455,3,3,1,3,2,2,2,2,3,3,3,2,3,2,1,3,3,1,3,2,1,2,1.909091,2.7,2,4,4,3,3,2,2,2,2,2,2,2,30,2,2,4,5,2,5,2,1,3,4,2,4,6,3,2,2,5,2,2,4,4,2.714286,3.285714,3.428571,3.142857,3,3,3,3,3,1,1,2,2,2,1,2,2,3,3,2,3,3,3,3,2,3,4,4,4,2,4,4,2,4,2,3,3,3,1,2,3,1,3,1.833333,2.2,2.833333,3.6,2.666667,3,2,2.648649,4,4,4,3,3,4,4,4,3,4,4,4,4,4,4,3,4,2,4,3,3,76,4,4,4,3,4,3,4,3,3,3,4,4,3,3,3,4,3,2,4,4,4,4,73,N/a,32,Female,White,Full-Time,3850
6143af8721d1445864c4f6c8,44900.64675,44900.65874,0,,100,1035,1,44900.65875,R_ZxiazCFcdpfDFBf,,,anonymous,EN,1,1,6143af8721d1445864c4f6c8,4,4,1,3,4,1,4,4,1,4,4,5,6,3,5,2,4,5,5,5,5,5,5,5,5,6,6,5,1,1,6,4,6,4.5,4.17,2.67,4.83,4.17,0.44,5,5,5,1,1,1,1,4,3,3,3,3,3,3,2,2,3,3,3,2.818182,1,1,1,1,1,1,1,1,2,2,1,1,1,1,1,1,1,1,2,1,1,2,1,1.3,3,4,3,3,3,3,4,3,3,3,3,3,38,3,1,1,6,0,0,6,0,3,6,0,0,6,5,3,3,0,3,5,0,0,0.8571429,5,1.428571,2.428571,5,2,3,5,1,2,1,2,1,2,3,5,5,3,4,5,5,4,5,5,5,5,3,2,1,5,3,3,3,1,1,2,1,2,5,5,5,1,3.75,1.5,4,4.833333,2.8,1.666667,1.666667,5,3.243243,5,5,5,5,5,4,5,5,3,3,5,5,3,3,5,3,5,4,5,3,5,91,3,3,3,3,3,3,3,3,3,3,3,3,3,3,3,3,3,3,3,3,3,4,63,Have a good day.,50,Male,White,Unemployed (and job seeking),1041
6143e022ec8dfbce17b7e211,44900.77323,44900.78519,0,,100,1032,1,44900.7852,R_3D7nFU3lVpxZnbY,,,anonymous,EN,1,1,6143e022ec8dfbce17b7e211,5,3,4,4,4,1,4,5,4,4,4,4,5,5,4,5,5,6,6,5,4,4,4,5,4,5,4,5,2,4,5,3,6,4.5,4.33,4.5,4.5,4,0.08,7,7,7,1,1,1,1,4,3,2,2,3,2,2,3,2,2,2,3,2.363636,1,1,1,1,1,2,1,1,1,1,1,1,1,1,1,1,1,1,1,1,1,2,1.090909,1,3,4,4,4,3,4,3,3,1,3,2,2,36,3,2,4,4,1,3,1,1,3,4,1,3,2,3,3,2,3,2,4,2,3,1.857143,2.857143,3,2.571429,3,3,3,3,2,3,2,2,3,2,3,2,2,3,2,3,3,4,3,3,2,3,2,3,3,3,3,2,3,3,4,4,3,4,4,4,3,1,3,2.333333,2.4,3,2.8,3.333333,3.666667,3.666667,2.891892,5,5,4,5,5,5,4,4,5,4,5,4,3,4,5,5,5,5,4,4,4,94,2,2,2,2,2,2,2,2,2,2,2,2,2,2,2,2,2,2,2,2,2,4,42,NA,68,Male,White,"Not in paid work (e.g. homemaker', 'retired or disabled)",1041
614662c1c31697525616534f,44900.68733,44900.69648,0,,100,791,1,44900.6965,R_29oeApw6YiXn2Dq,,,anonymous,EN,1,1,614662c1c31697525616534f,5,5,5,5,5,5,6,5,5,5,5,5,6,4,5,4,6,5,6,5,5,6,5,5,5,5,5,2,3,4,4,2,6,4.83,4.83,4.83,4.83,4.33,0.17,5,5,5,1,0,0,1,2,2,2,2,1,2,2,1,1,2,1,1,1.545455,1,1,1,1,1,1,1,1,1,1,1,1,1,1,1,1,1,1,1,1,1,2,1,1,4,4,4,4,4,4,3,4,4,4,3,4,46,5,4,6,6,6,5,5,4,4,6,5,5,5,1,6,5,5,5,5,5,6,4.285714,5.285714,5.285714,4.952381,3,4,4,4,1,2,1,4,1,1,1,1,5,4,1,4,4,4,4,3,5,4,4,4,3,3,4,4,4,4,4,5,5,3,4,4,4,1,3.75,1.666667,2.4,4,3.6,4,4.333333,4,3.351351,4,4,4,4,4,4,4,4,4,4,4,4,4,4,4,4,4,4,4,4,4,84,3,4,4,3,3,3,4,3,2,4,2,3,3,2,3,4,3,2,3,4,4,4,66,NA,60,Male,White,Full-Time,798
614883be7760a61950c9009c,44901.71314,44901.72186,0,,100,753,1,44901.72189,R_2RW8Kfafq7FtK0u,,,anonymous,EN,1,1,614883be7760a61950c9009c,5,5,5,5,5,2,5,5,5,4,5,5,5,4,5,5,5,5,5,5,4,5,5,5,4,4,4,4,3,2,4,3,6,4.83,4.67,4.17,4.5,4.33,0.42,5,5,5,1,1,0,1,3,2,2,3,2,2,2,2,2,2,2,2,2.090909,1,1,1,1,1,1,1,1,2,1,1,1,1,1,2,1,1,1,1,1,1,2,1.090909,1.1,2,3,4,2,3,3,3,2,1,2,2,2,29,2,3,5,4,0,2,3,1,2,4,2,5,5,3,1,3,4,5,2,0,2,1.857143,3.285714,3.142857,2.761905,4,4,4,4,4,3,4,3,3,2,2,3,2,3,4,4,4,3,2,3,4,4,4,4,4,3,4,3,4,4,4,3,3,3,4,4,4,1,4,3.166667,2.8,3.333333,3.8,4,3,4,3.45946,3,4,3,4,4,5,4,4,5,5,5,5,4,4,4,2,4,2,5,3,2,81,2,2,2,2,2,2,2,2,2,2,2,2,2,2,2,2,2,2,2,2,2,4,42,NA,62,Male,White,"Not in paid work (e.g. homemaker', 'retired or disabled)",758
6148f3d1074988c7852c1774,44900.80189,44900.80965,0,,100,671,1,44900.80967,R_2y3jc2NMxKGqPRN,,,anonymous,EN,1,1,6148f3d1074988c7852c1774,3,4,3,4,4,1,4,5,5,3,4,5,6,5,5,2,4,5,4,6,5,6,6,6,5,2,4,5,1,3,5,4,6,4.5,4.5,4.17,4.17,3.83,0.44,5,4,6,1,1,1,1,4,2,2,2,2,1,3,2,3,2,2,3,2.181818,2,2,3,3,2,1,1,2,3,3,2,2,4,1,1,3,2,2,3,2,2,2,1.636364,2.8,4,5,5,4,4,4,5,5,3,4,5,4,52,4,3,5,4,1,3,3,4,5,4,5,5,4,1,5,4,3,4,4,2,6,2.714286,3.857143,4.714286,3.761905,1,2,1,1,2,2,1,1,1,1,3,0,1,1,2,2,1,2,2,1,1,2,1,1,1,2,1,1,1,1,1,1,1,1,2,2,2,1,1.25,1.333333,1.4,1.5,1.2,1,1,2,1.351351,2,3,2,4,4,4,4,2,4,3,5,3,4,2,4,1,4,2,3,3,3,66,2,4,2,4,5,5,3,5,5,2,5,3,4,2,3,4,4,2,3,3,3,4,73,none,19,Female,White,Part-Time,678
614bbf1e7de43dee7386fe3f,44900.72432,44900.76593,0,,100,3595,1,44900.76594,R_tXJpPdtuI5JNnz3,,,anonymous,EN,1,1,614bbf1e7de43dee7386fe3f,5,6,3,4,4,1,6,5,5,5,2,6,5,3,4,6,5,6,4,5,3,6,4,6,4,6,3,6,4,4,5,6,6,5.33,5.33,3.83,4.83,4,1.11,2,4,3,0,1,1,0,2,2,2,5,2,1,4,1,2,2,2,4,2.454545,1,1,1,2,2,1,1,1,1,3,1,1,1,1,1,3,2,1,2,1,1,2,1,1.8,2,3,5,3,4,2,4,1,1,2,2,2,31,4,6,6,4,0,4,2,1,1,4,2,3,5,0,6,2,2,3,2,3,5,2,3.285714,4,3.095238,4,2,5,3,2,2,0,0,1,1,4,3,4,4,4,2,2,3,3,4,3,2,3,3,4,5,4,3,4,2,3,4,4,4,5,4,4,1,3.5,1,3.8,2.833333,3.8,3,4,4.333333,3.081081,3,5,5,5,5,5,4,5,4,4,5,5,4,5,5,1,5,3,5,4,2,89,3,5,3,4,3,2,2,2,1,2,3,4,2,2,3,4,3,2,5,2,2,4,59,NA,27,Male,White,Full-Time,3615
614df4fe66306d872bf6b288,44905.61575,44905.62818,0,,100,1074,1,44905.62821,R_1lh5okcZV6jK09s,,,anonymous,EN,1,1,614df4fe66306d872bf6b288,2,2,2,2,6,1,6,5,1,4,2,5,5,3,6,6,5,5,6,6,2,6,2,6,5,6,6,1,1,4,6,6,6,3.5,4,3.5,5,4.67,-0.64,7,7,5,1,1,0,1,3,3,1,3,2,1,2,2,2,2,3,4,2.272727,1,1,2,2,1,1,2,1,1,2,1,1,1,1,1,2,1,1,2,1,1,2,1.090909,1.5,4,5,5,4,5,5,5,1,1,5,2,2,44,6,6,6,6,6,0,5,2,0,5,6,5,6,6,4,6,5,1,5,6,0,5.285714,5.571429,2.285714,4.380952,1,2,4,0,4,0,3,4,1,1,1,5,5,1,3,0,0,1,1,2,1,3,3,2,5,4,5,3,3,5,3,5,1,3,3,3,2,1,1.75,2.166667,3,1.333333,3.8,3.666667,3,2.666667,2.513514,3,5,2,5,5,5,5,5,4,4,5,5,5,5,3,1,5,5,5,3,3,88,1,2,1,2,3,2,4,3,1,1,3,2,1,1,1,1,1,2,5,1,1,4,39,NA,50,Male,White,Full-Time,1080
614e2446523bb49af662fb62,44903.40275,44903.40868,0,,100,511,1,44903.40871,R_6ECby9jhwyUZX7b,,,anonymous,EN,1,1,614e2446523bb49af662fb62,3,4,3,2,3,1,4,5,5,3,3,5,5,3,4,1,4,5,5,3,4,5,4,3,3,5,4,2,2,2,2,3,6,3.67,4,3.5,3.17,3,0.61,6,3,7,0,0,0,1,1,3,2,3,4,3,2,2,3,3,4,4,3,1,1,1,2,1,1,1,1,1,1,1,1,3,1,1,3,2,1,1,1,1,2,1,1.6,2,2,4,2,4,2,2,2,2,1,1,3,27,1,1,4,2,1,4,0,0,2,3,3,3,2,0,2,1,1,3,1,1,5,1,1.428571,3.285714,1.904762,3,2,3,2,3,1,2,2,2,3,4,2,1,4,4,4,1,2,4,3,3,3,4,1,4,3,1,3,4,4,3,1,2,2,3,2,3,1,2.5,2.166667,3,2.666667,2.6,3.666667,1.666667,2.666667,2.648649,4,4,4,4,4,4,4,4,5,4,4,5,4,3,5,3,5,2,4,3,3,82,2,3,2,5,5,4,3,2,3,2,5,4,2,2,5,2,2,2,2,2,2,4,61,NA,29,Male,White,Full-Time,517
614e5da8098985493c989460,44901.4462,44901.47662,0,,100,2628,1,44901.47664,R_12KnRWLIOL0R0Ye,,,anonymous,EN,1,1,614e5da8098985493c989460,5,5,3,5,3,1,4,5,4,5,5,6,6,4,5,4,5,6,6,6,5,6,6,5,2,4,4,5,1,5,6,4,6,5.17,4.67,4,5.17,4.17,0.47,3,3,4,0,1,0,0,1,3,2,3,1,1,2,2,2,1,2,2,1.909091,1,1,1,1,1,1,1,1,1,1,1,1,1,1,1,1,1,1,1,1,1,2,1,1,1,4,4,1,3,1,5,1,1,2,1,2,26,5,0,6,6,0,4,5,1,4,6,0,6,6,0,6,6,2,5,6,0,5,0.4285714,5.714286,5.142857,3.761905,4,5,4,4,1,1,0,1,1,1,3,3,5,4,2,4,5,5,4,3,3,5,3,3,4,5,4,4,4,4,4,3,2,5,5,5,4,1,4.25,0.8333333,3.4,4.166667,3.8,4,3.333333,4.666667,3.432432,5,5,5,5,5,5,5,4,1,2,5,5,5,2,5,1,5,2,5,4,1,82,1,4,1,3,1,1,4,1,1,1,2,2,1,1,3,4,1,1,4,1,1,4,39,NA,63,Male,White,DATA_EXPIRED,2635
614e7ad7ff5a0d785d5e550a,44901.24231,44901.26271,0,,100,1762,1,44901.26272,R_UJvjmun7aB5DCil,,,anonymous,EN,1,1,614e7ad7ff5a0d785d5e550a,5,5,4,4,4,1,6,5,4,4,4,6,6,4,6,4,5,6,5,5,4,6,5,6,4,4,4,5,4,3,5,3,6,5.33,5.33,4,4.67,3.83,1.17,3,3,3,0,0,0,1,1,4,1,3,1,1,2,1,1,1,1,2,1.636364,3,2,3,2,3,2,3,2,4,2,2,1,4,3,2,2,3,2,2,2,1,2,2.090909,2.7,4,5,5,4,4,4,5,3,5,5,5,5,54,4,3,4,6,1,4,6,3,4,6,4,4,6,3,4,4,3,5,5,5,5,3.142857,5.285714,4.285714,4.238095,3,5,4,3,2,3,2,5,3,4,0,0,0,3,0,3,3,3,4,2,3,4,4,2,3,4,3,3,3,3,1,2,2,5,4,1,5,1,3.75,3.166667,0.6,3.166667,3.2,2.333333,3,3.333333,2.810811,5,4,5,5,3,4,5,4,4,3,5,4,3,3,4,3,5,1,4,4,4,82,3,3,1,4,2,1,5,2,1,1,1,1,1,1,1,5,2,1,3,1,2,4,42,NA,66,Male,White,"Not in paid work (e.g. homemaker', 'retired or disabled)",1771
614ead1e38ca4b390b860c23,44900.65133,44900.66635,0,,100,1298,1,44900.66637,R_BSv5kuSKKk6ocjn,,,anonymous,EN,1,1,614ead1e38ca4b390b860c23,6,6,4,4,2,1,6,6,4,2,2,6,6,5,6,1,6,6,4,4,2,6,5,6,4,2,1,5,2,2,5,1,6,5.67,5.33,3.83,3.83,1.5,2.44,1,1,1,0,0,0,1,1,3,2,3,1,1,3,2,1,1,1,3,1.909091,1,1,2,2,1,1,1,1,1,1,1,1,1,1,1,1,1,1,1,1,1,2,1,1.2,4,4,5,3,5,4,5,2,1,2,1,3,39,6,0,4,6,0,0,6,0,1,6,1,4,6,0,4,6,1,4,6,3,0,0.7142857,6,2.428571,3.047619,5,4,3,5,3,2,1,3,1,2,2,4,4,4,3,5,5,5,5,4,5,5,4,4,4,4,4,3,3,4,4,4,4,4,5,5,5,1,4.25,2,3.4,4.833333,4,3.666667,4,5,3.810811,5,5,5,5,5,5,5,5,5,5,5,5,5,5,5,4,5,3,5,5,4,101,1,1,1,1,1,1,1,1,1,1,3,1,1,1,1,1,1,2,3,1,1,4,26,NA,57,Male,White,"Not in paid work (e.g. homemaker', 'retired or disabled)",1380
614f297777d0d8f5e2a5b354,44900.64737,44900.66652,0,,100,1654,1,44900.66653,R_1dz7R9NcNdJHxzK,,,anonymous,EN,1,1,614f297777d0d8f5e2a5b354,4,6,3,2,2,1,3,4,3,1,2,4,6,3,4,1,5,6,3,4,2,6,5,3,4,3,2,3,4,2,4,1,6,4,4.83,3,3,1.67,1.86,1,1,1,0,0,0,1,1,4,2,2,2,2,5,2,1,3,3,4,2.727273,4,4,4,2,3,2,4,4,4,2,4,1,4,2,1,1,2,2,3,1,1,2,2.363636,2.9,3,5,5,2,4,2,4,2,2,2,1,2,34,2,0,2,6,0,1,5,0,2,5,0,1,6,2,3,1,1,2,4,2,1,0.7142857,4.142857,1.714286,2.190476,5,5,2,5,3,4,4,2,2,5,0,0,0,0,0,3,3,2,5,5,2,3,5,3,1,2,1,0,1,3,3,1,5,2,0,1,3,1,4.25,3.333333,0,3.333333,2.4,2.333333,2.666667,1.333333,2.45946,5,2,4,4,4,2,4,2,2,4,4,5,2,2,5,2,5,3,3,4,4,72,5,4,5,3,4,2,2,2,2,2,5,2,2,2,5,5,5,3,3,1,4,4,68,NA,65,Male,White,"Not in paid work (e.g. homemaker', 'retired or disabled)",1666
614f3e97778b4788ee17e8e7,44900.70355,44900.716,0,,100,1075,1,44900.71601,R_2feZuD7OUt1KOhZ,,,anonymous,EN,1,1,614f3e97778b4788ee17e8e7,2,1,6,5,4,1,2,4,5,5,3,2,4,6,5,2,1,3,6,6,2,5,6,5,6,5,6,1,1,3,6,5,6,2.33,3,5.33,5.33,3.67,-2.11,7,7,7,1,1,0,0,2,4,3,3,4,3,3,2,4,4,4,4,3.454545,1,1,1,1,1,1,1,1,2,1,1,1,2,1,1,1,1,1,1,1,1,2,1,1.2,4,2,5,1,5,5,5,1,1,2,1,4,36,0,2,4,1,0,4,1,0,1,1,0,1,2,0,4,2,1,3,0,3,1,0.8571429,1,2.571429,1.47619,3,0,1,0,1,5,3,2,5,3,3,5,3,4,5,0,1,4,0,1,1,2,2,0,0,0,0,2,2,0,0,0,0,0,3,2,2,1,1,3.166667,4,1.5,0.4,0.6666667,0,2.333333,1.756757,4,5,4,4,5,4,5,4,4,4,5,5,2,3,5,2,5,3,4,1,2,80,1,3,1,2,4,3,4,2,1,1,3,2,2,1,3,5,4,2,4,1,3,4,52,NA,54,Male,White,Full-Time,1081
614f6bad672ef7cf5ecfd965,44900.67168,44900.68365,0,,100,1033,1,44900.68366,R_1mzuVuSwcw3Plto,,,anonymous,EN,1,1,614f6bad672ef7cf5ecfd965,4,4,2,4,3,1,4,4,3,3,3,4,4,3,5,3,5,4,3,4,4,6,5,5,4,3,3,5,3,3,4,2,6,4.5,4,3,3.83,3,0.97,4,4,4,0,0,0,1,1,3,2,2,2,2,2,2,2,2,2,3,2.181818,1,1,1,1,1,1,1,1,2,1,2,1,1,1,1,2,1,1,1,1,1,2,1,1.3,3,4,4,2,3,2,4,2,2,2,1,2,31,4,3,3,4,2,3,4,2,2,4,3,4,5,2,3,2,1,4,4,3,2,2.285714,3.857143,3,3.047619,1,2,2,2,1,2,1,1,2,2,4,4,3,3,4,1,2,3,2,2,1,2,1,1,2,3,2,3,1,2,2,1,1,1,3,4,2,1,1.75,1.5,3.6,2,1.8,1.666667,1,3,2.054054,2,4,4,4,4,4,4,3,4,4,4,4,4,4,4,2,4,3,4,3,3,76,2,2,2,2,2,2,3,2,2,2,2,2,2,2,2,3,2,2,3,2,2,4,45,NA,65,Male,White,Full-Time,1049
614fb5f505179343600daf54,44903.65051,44903.67122,0,,100,1788,1,44903.67122,R_12kUIO5Y87lHnXq,,,anonymous,EN,1,1,614fb5f505179343600daf54,5,5,1,2,1,1,5,5,2,2,1,6,5,2,5,1,4,4,5,5,1,6,6,4,1,3,1,1,2,2,4,5,6,4.5,4.17,2.17,3.5,1.67,1.89,5,1,7,1,0,0,1,2,2,1,1,1,1,1,1,1,1,1,1,1.090909,1,1,1,1,1,1,1,1,1,1,3,1,1,1,1,1,2,1,1,1,1,2,1,1.3,1,1,4,1,1,1,2,1,1,1,4,1,19,0,0,4,0,0,0,0,0,1,0,0,4,0,1,3,0,0,2,0,0,2,0.1428571,0,2.285714,0.8095238,2,0,0,0,5,4,2,3,5,5,5,5,2,4,5,0,0,0,0,0,0,0,0,0,0,0,0,4,1,4,0,0,0,0,4,3,3,1,0.5,4,4.2,0,0,1.666667,0,3.333333,1.783784,1,2,1,1,3,3,1,3,3,3,1,5,3,1,4,1,4,1,1,4,1,47,1,1,1,1,1,1,1,1,1,1,1,1,1,1,1,1,1,1,1,1,1,4,21,NA,45,Male,White,Full-Time,1797
614fd56753386a7c522d5feb,44900.67225,44900.67616,0,,100,337,1,44900.67616,R_2UhFX9D5IMzwkht,,,anonymous,EN,1,1,614fd56753386a7c522d5feb,5,5,4,6,5,1,5,5,5,5,5,6,5,5,5,6,5,6,4,6,5,5,6,6,5,6,6,2,6,6,5,5,6,4.83,5.5,4.83,5.5,5.33,-0.06,7,7,7,1,1,1,0,3,2,4,2,2,2,2,2,2,2,4,4,2.545455,1,1,1,3,1,1,1,1,1,1,3,1,1,1,1,1,1,1,2,1,1,2,1,1.5,1,1,1,1,2,1,4,1,1,1,1,1,16,1,3,6,0,3,3,2,4,5,1,1,4,1,2,4,2,0,1,4,1,6,2,1.571429,4.142857,2.571429,3,3,2,3,3,2,3,3,3,4,3,3,3,1,2,3,1,1,3,3,3,3,3,2,3,3,3,2,1,2,2,2,4,1,3,2,3,1,2.75,3,2.4,2.333333,2.8,1.666667,2.333333,2.666667,2.54054,4,4,4,4,4,4,4,4,4,4,4,4,4,4,4,4,4,4,3,4,4,83,2,2,2,2,2,2,2,2,2,3,2,2,2,2,2,2,2,2,2,2,2,4,43,NA,48,Male,White,Part-Time,344
6151fbe0c6b5a6b6af706100,44901.27978,44901.28852,0,,100,754,1,44901.28853,R_2agJetKerrbskwR,,,anonymous,EN,1,1,6151fbe0c6b5a6b6af706100,6,6,1,1,4,1,6,6,4,2,2,6,6,2,6,1,6,6,1,2,1,6,6,6,2,2,1,1,6,1,2,1,6,5.17,6,1.83,2.5,1.67,3.58,1,1,1,1,0,0,1,2,1,3,3,1,1,1,3,1,1,1,1,1.545455,1,1,1,1,3,1,1,1,2,4,1,1,3,1,1,2,3,1,4,1,1,2,1,2.4,1,4,1,4,2,3,1,1,1,1,2,1,22,0,1,2,5,2,1,2,0,2,6,1,2,3,0,2,6,1,0,3,3,4,1.142857,3.571429,1.857143,2.190476,4,4,1,2,1,2,1,4,4,4,2,3,2,5,4,4,4,2,3,2,4,3,2,4,1,3,2,1,2,3,1,1,2,3,5,2,4,1,2.75,2.666667,3.2,3,2.4,2,2,3.666667,2.72973,5,4,4,4,5,4,4,4,5,2,4,5,4,4,4,2,5,4,5,5,4,87,2,1,2,3,3,2,3,1,1,1,3,3,1,1,1,1,1,1,3,1,1,4,36,N/A,32,Male,White,Part-Time,759
615200800c7a074171c4968d,44901.49343,44901.50444,0,,100,952,1,44901.50447,R_25QsM9UVoq4LoKz,,,anonymous,EN,1,1,615200800c7a074171c4968d,5,5,2,2,3,1,6,5,2,3,4,6,6,2,5,1,5,6,1,4,3,6,6,5,3,3,4,3,4,1,3,1,6,5.17,5.17,1.83,3.33,2.67,2.56,1,1,1,0,0,0,1,1,3,2,1,1,1,2,1,1,1,1,3,1.545455,1,2,1,1,1,1,2,1,2,1,1,1,1,2,1,1,1,1,1,1,1,2,1.272727,1.1,1,4,3,1,2,1,1,1,1,1,1,1,18,3,1,1,6,1,2,5,1,4,6,1,1,6,1,2,5,5,2,6,1,1,1.571429,5.285714,1.857143,2.904762,4,4,3,3,0,1,1,1,1,2,4,3,3,3,4,3,3,4,4,4,3,3,4,3,4,3,3,4,3,4,4,4,4,3,3,4,3,1,3.5,1,3.4,3.5,3.4,3.666667,3.666667,3.333333,3.081081,4,3,5,5,2,4,4,4,4,4,4,4,5,4,4,2,4,2,4,3,4,79,2,2,2,4,2,2,4,2,2,2,4,1,2,2,2,3,3,2,3,2,3,4,51,none,56,Female,White,Full-Time,958
61522d0491dd847aa72155ed,44902.4334,44902.44311,0,,100,839,1,44902.44313,R_3HnmXb0Ron3fsE5,,,anonymous,EN,1,1,61522d0491dd847aa72155ed,6,4,2,2,4,1,6,5,4,3,3,6,5,4,5,1,4,5,1,3,2,6,4,4,3,3,2,5,5,2,4,1,6,5.17,4.67,2.67,3.33,2.17,2.19,1,1,1,0,0,0,1,1,3,2,2,1,1,2,2,2,2,2,3,2,2,2,2,1,1,1,1,1,1,1,2,1,1,1,1,1,2,1,1,1,1,2,1.181818,1.3,2,4,4,1,3,1,4,1,2,2,2,2,28,1,1,2,5,0,1,1,0,1,5,1,1,4,0,1,3,0,2,3,0,1,0.2857143,3.142857,1.285714,1.571429,2,2,2,2,3,2,1,2,2,1,2,2,3,3,3,3,3,2,3,3,2,1,3,0,1,1,2,2,3,2,2,3,2,2,5,4,3,1,2,1.833333,2.6,2.333333,1.4,2.333333,2.333333,4,2.27027,2,2,4,2,4,3,5,2,4,4,5,5,4,3,5,1,5,2,4,4,2,72,2,4,2,4,3,3,4,1,1,3,3,3,3,2,2,1,1,2,1,2,2,4,49,NA,32,Male,White,Full-Time,847
615252fe3ac6a44f68bdc779,44901.31847,44901.33464,0,,100,1396,1,44901.33466,R_2S5XPjvAQgjRh2J,,,anonymous,EN,1,1,615252fe3ac6a44f68bdc779,6,6,3,2,2,1,2,6,3,3,6,6,6,4,5,1,5,6,1,4,4,6,6,6,1,1,4,6,4,2,3,1,6,5.17,5.67,2.33,3,3,2.64,2,2,2,0,0,0,1,1,2,3,3,2,2,3,2,2,2,1,2,2.181818,1,1,2,3,3,1,1,2,2,3,1,1,1,2,1,1,1,1,1,2,1,2,1.272727,1.8,2,3,4,4,4,3,4,3,2,3,2,3,37,0,3,5,4,2,3,3,5,4,5,0,6,3,6,5,3,6,3,4,3,4,3.571429,3.142857,4.285714,3.666667,4,5,4,3,4,4,2,5,4,4,4,3,4,3,3,4,3,3,4,4,4,4,5,4,4,4,4,3,1,4,4,4,3,4,3,4,4,1,4,3.833333,3.4,3.666667,4.2,3,3.666667,3.666667,3.702703,4,3,4,3,4,4,4,4,4,4,4,3,3,4,4,3,4,1,5,3,3,75,2,2,2,2,2,2,2,2,2,2,2,2,2,2,2,4,2,2,2,2,2,4,44,NA,27,Female,Black,Part-Time,1431
6152be1021c9ab590015a3e3,44903.24992,44903.25973,0,,100,847,1,44903.25974,R_DcMCmEY86vcm3MB,,,anonymous,EN,1,1,6152be1021c9ab590015a3e3,6,4,1,5,5,1,5,5,2,1,4,6,4,2,4,4,6,6,4,6,4,6,6,5,2,3,4,6,3,4,5,5,6,5.83,4.5,2.5,4,4.33,1.56,6,6,6,1,1,0,1,3,1,2,1,1,1,1,1,1,1,1,2,1.181818,1,1,1,1,2,1,1,1,1,1,2,1,1,1,1,2,1,1,1,1,1,2,1,1.3,2,4,4,3,3,3,4,3,2,4,2,3,37,5,3,3,6,3,0,6,2,2,6,3,2,6,5,5,6,5,5,6,2,3,3.285714,5.857143,2.857143,4,5,5,4,4,3,2,1,2,1,2,3,2,1,3,2,4,3,2,3,3,3,4,4,4,5,4,4,3,4,4,4,4,4,5,5,4,5,1,4.5,1.833333,2.2,3,4.2,4,4.333333,4.666667,3.378378,4,5,4,5,4,4,4,4,3,3,5,4,3,3,5,2,4,1,4,3,3,77,4,4,3,5,3,3,4,2,2,2,4,3,2,2,5,4,3,1,2,2,2,4,62,NA,32,Female,White,Full-Time,856
615327ab3d238b032366a545,44900.771890000000,44900.78429,0,,100,1071,1,44900.78432,R_1QikmqRtFcO4Mdu,,,anonymous,EN,1,1,615327ab3d238b032366a545,4,5,2,5,2,1,2,5,2,2,2,6,5,2,4,4,5,5,4,6,3,6,4,5,3,4,3,2,2,2,4,5,6,3.83,4.5,2.5,4.17,3.17,0.89,6,6,5,0,0,0,1,1,4,2,2,2,2,2,2,4,2,4,2,2.545455,1,2,1,1,1,1,1,1,1,2,1,1,1,1,1,1,2,1,1,1,1,2,1.090909,1.2,2,4,4,4,2,3,4,2,1,2,2,2,32,3,3,5,4,1,3,2,3,4,4,6,3,4,3,4,4,6,5,4,4,5,3.714286,3.571429,4.142857,3.809524,2,3,1,2,2,4,1,3,4,4,3,4,2,3,3,1,2,2,2,3,2,3,4,1,1,1,3,2,2,3,3,1,2,3,4,4,4,1,2,3,3,2.333333,2,2.666667,2,4,2.54054,2,4,4,4,4,4,4,4,5,4,4,4,2,2,4,2,4,2,5,2,2,72,2,4,2,2,3,1,4,2,1,2,2,2,2,1,4,2,2,1,4,1,2,4,46,NA,32,Female,White,Part-Time,1103
615374d9fd9b41728babd974,44901.249,44901.25694,0,,100,685,1,44901.25695,R_psiH0rEwzkrUEMh,,,anonymous,EN,1,1,615374d9fd9b41728babd974,4,6,2,2,1,1,5,5,1,1,2,5,6,2,3,1,5,6,4,4,2,4,5,6,4,1,1,6,2,3,4,1,6,5,5.17,2.67,2.5,1.33,2.92,2,1,4,0,0,0,1,1,3,2,5,2,2,1,2,2,2,1,3,2.272727,1,1,1,1,1,1,1,1,1,1,1,1,1,1,1,2,1,1,1,1,1,2,1,1.1,3,4,4,1,3,4,3,1,1,3,1,1,29,5,5,5,5,5,5,4,3,5,5,6,5,6,5,5,5,5,5,3,5,6,4.857143,4.714286,5.142857,4.904762,5,4,4,4,4,3,3,4,3,1,1,3,4,4,3,4,4,4,4,4,4,4,4,4,5,4,4,5,5,4,4,4,4,4,5,4,5,1,4.25,3,3,4,4.2,4.333333,4,4.666667,3.864865,4,4,4,4,4,4,4,4,4,4,4,4,4,4,4,4,4,4,4,4,4,84,2,2,2,2,2,2,4,2,2,2,3,2,2,2,2,2,2,2,4,2,2,4,47,NA,58,Female,White,Full-Time,692
615628f39024e679836b778b,44901.53066,44901.53649,0,,100,504,1,44901.53651,R_1LnDirShS7aBg9k,,,anonymous,EN,1,1,615628f39024e679836b778b,4,3,3,4,2,1,3,3,4,2,3,5,3,3,4,2,4,4,4,5,5,6,6,4,4,5,2,4,1,4,6,1,6,4.33,3,3.67,4.33,2.5,0.17,5,4,7,1,1,0,1,3,3,2,3,2,2,2,2,2,3,2,2,2.272727,3,3,3,4,3,2,3,3,3,3,3,4,3,3,3,3,3,3,4,3,3,2,3,3.2,5,4,4,5,4,5,4,5,4,5,5,5,55,3,3,2,4,0,2,3,0,4,4,2,5,3,4,3,3,0,4,5,2,3,1.571429,3.571429,3.285714,2.809524,5,5,1,5,4,4,2,2,3,2,1,0,0,2,2,2,2,1,3,2,3,1,2,4,3,5,1,1,3,1,2,3,3,1,2,1,1,1,4,2.833333,1,2,3,2,2.333333,1.333333,2.297297,5,4,4,4,5,4,5,4,5,4,5,4,2,4,4,4,5,4,4,4,4,88,5,5,3,4,2,4,4,5,2,3,5,4,3,3,3,2,3,2,3,3,2,4,70,NA,27,Female,White,Full-Time,509
6157c14b90d4bd353a34edc7,44901.74171,44901.75296,0,,100,972,1,44901.753,R_3G6RC7svh4uRHD0,,,anonymous,EN,1,1,6157c14b90d4bd353a34edc7,6,6,3,4,4,1,3,6,3,4,2,5,6,4,4,5,6,6,5,6,1,6,5,6,2,3,2,3,2,1,3,1,6,4.67,5.33,3,4,2.5,1.83,5,5,5,1,1,1,1,4,2,3,2,2,1,2,1,2,1,1,3,1.818182,1,3,4,3,1,2,2,2,2,4,3,2,4,1,2,4,3,1,4,2,2,2,1.818182,3.2,3,5,2,5,2,3,5,4,4,4,4,4,45,2,0,4,6,0,0,6,0,1,6,0,5,6,2,2,6,6,6,5,0,3,1.142857,5.285714,3,3.142857,3,2,0,1,5,5,5,5,2,5,0,1,0,0,0,0,0,3,0,0,0,2,4,5,2,1,1,0,0,1,0,2,0,1,5,1,1,1,1.5,4.5,0.2,0.8333333,2.6,0.3333333,1,2.333333,1.702703,4,4,5,4,5,4,5,5,4,3,5,5,4,2,5,2,4,3,5,4,2,84,1,2,1,3,2,1,3,1,1,1,2,2,3,1,2,4,1,1,2,1,1,4,36,NA,46,Female,White,Full-Time,978
6157d22b9998f96a77f41567,44900.78249,44900.7911,0,,100,743,1,44900.79111,R_1LqEPTSbJCW4bR4,,,anonymous,EN,1,1,6157d22b9998f96a77f41567,5,5,2,3,2,1,5,5,4,3,3,5,5,5,3,1,6,5,2,4,2,5,6,5,3,1,1,4,5,2,4,2,6,5.17,5,3,3,1.83,2.47,2,1,3,0,1,0,1,2,3,2,1,1,2,4,2,2,2,2,4,2.272727,1,4,4,4,4,1,3,1,4,3,2,1,4,2,2,2,4,1,4,1,1,2,1.636364,3.5,4,5,4,4,5,5,3,5,4,4,4,4,51,5,5,5,5,2,5,6,3,4,4,6,2,5,3,5,4,6,6,6,3,3,4,5,4.285714,4.428571,3,5,2,2,3,4,1,2,2,3,1,1,0,1,1,1,1,2,2,1,0,2,3,5,4,2,1,0,3,3,1,2,3,3,2,3,4,1,3,2.5,0.8,1.333333,3,2.333333,2.666667,3,2.135135,4,3,3,3,3,5,4,5,4,4,3,4,4,3,4,3,5,2,5,5,3,79,1,2,2,2,1,1,2,1,1,1,3,1,1,1,5,4,5,1,4,2,2,4,43,no comments,53,Female,White,Other,750
615880a66bc32302998866d9,44907.57072,44907.57725,0,,100,564,1,44907.57726,R_3HAJ3fp8B0TWpKy,,,anonymous,EN,1,1,615880a66bc32302998866d9,3,4,3,3,3,1,2,3,4,3,2,3,4,3,2,2,4,4,4,4,3,5,5,4,3,4,3,4,1,4,4,3,6,3.5,3.33,3.5,3.33,2.67,0.25,4,4,5,1,0,0,1,2,2,2,3,2,2,2,2,2,3,3,2,2.272727,1,2,1,2,1,1,1,1,1,2,1,1,1,1,1,2,1,1,1,1,1,2,1.090909,1.3,2,4,4,2,2,2,3,2,1,3,2,2,29,4,5,5,4,5,4,3,3,5,3,3,3,4,4,5,2,5,4,5,5,4,4.285714,3.571429,4.285714,4.047619,3,3,2,2,3,3,2,4,2,3,3,2,1,2,2,1,2,2,2,2,2,2,2,2,2,3,2,2,2,3,3,2,2,3,2,2,3,1,2.5,2.833333,2,2,2.2,2.666667,2.333333,2.333333,2.297297,4,4,4,4,4,4,4,4,4,4,4,4,4,3,4,3,4,3,3,3,4,79,3,3,2,3,3,2,3,2,2,3,3,2,2,2,3,2,2,2,3,2,2,4,51,NA,55,Female,Asian,DATA_EXPIRED,569
615bb35e52d50aa9a2ae6747,44903.48052,44903.5023,0,,100,1881,1,44903.50232,R_bdN71D5T1PUE0Rb,,,anonymous,EN,1,1,615bb35e52d50aa9a2ae6747,3,3,3,2,5,1,5,3,4,2,3,6,5,5,3,1,5,5,2,5,4,6,6,6,4,5,3,1,2,2,5,6,6,4.33,4,3.33,3.67,3.67,0.61,3,3,3,1,0,0,1,2,3,2,2,2,2,3,2,2,2,3,3,2.363636,1,2,2,1,2,1,2,1,2,4,2,2,2,2,2,3,3,1,4,2,1,2,1.545455,2.5,3,4,3,3,2,3,2,2,1,2,2,2,29,1,2,4,3,1,3,0,0,3,4,4,2,2,5,5,1,5,5,3,1,6,2.571429,2,4,2.857143,2,3,2,4,2,4,2,3,2,4,0,3,2,1,3,3,3,2,2,1,2,2,3,2,1,3,1,2,3,2,2,1,1,3,4,3,3,1,2.75,2.833333,1.8,2,2,2.333333,1.666667,3.333333,2.324324,5,5,5,5,5,5,5,5,4,4,5,4,5,4,4,3,5,2,5,4,4,93,2,2,2,2,2,2,2,2,2,2,2,2,2,2,2,2,2,2,2,2,2,4,42,NA,44,Female,White,Part-Time,1948
615ddab1e4f013092538b6c5,44900.66703,44900.68347,0,,100,1421,1,44900.68349,R_1gBC9onuEq08MxL,,,anonymous,EN,1,1,615ddab1e4f013092538b6c5,4,3,5,3,4,2,5,4,5,3,4,4,3,5,4,5,5,2,4,5,3,5,6,4,5,5,4,3,1,4,5,5,6,4.5,2.83,4.67,4.17,4.17,-0.67,6,6,6,1,0,0,1,2,4,2,2,3,3,3,2,3,3,4,3,2.909091,3,2,2,3,2,2,2,1,2,2,3,1,1,2,2,3,2,2,2,2,2,2,1.909091,2.2,3,4,4,3,3,3,4,2,2,3,2,3,36,2,0,2,3,1,2,1,0,3,4,0,5,3,0,4,3,0,4,2,1,4,0.2857143,2.571429,3.428571,2.095238,3,1,1,3,2,2,2,2,1,3,3,2,2,2,2,3,1,1,1,1,2,1,3,4,3,2,2,1,1,3,4,1,1,1,4,2,3,1,2,2,2.2,1.166667,2.8,2.666667,1,3,2.054054,4,3,3,4,3,3,4,3,3,3,4,4,2,2,3,2,4,2,4,3,3,66,3,4,3,3,4,2,3,2,2,2,3,3,2,2,3,4,3,2,3,2,3,4,58,interesting study,59,Male,White,"Not in paid work (e.g. homemaker', 'retired or disabled)",1430
6165a91cfe487d469c4242fd,44901.34078,44901.3584,0,,100,1523,1,44901.35842,R_3snxQc1hG6a8LKe,,,anonymous,EN,1,1,6165a91cfe487d469c4242fd,5,5,2,2,3,1,5,5,2,2,2,5,5,3,3,1,6,6,5,6,2,6,6,6,2,1,3,2,4,2,1,2,6,4.83,5.17,2.67,2.5,2.17,2.56,2,2,2,1,0,1,1,3,2,1,1,1,1,2,2,2,2,2,1,1.545455,1,1,1,1,1,1,1,1,1,1,1,1,1,1,1,1,1,1,1,1,1,2,1,1,2,2,4,2,4,2,4,2,2,2,2,1,29,5,1,4,5,1,3,5,1,2,5,2,4,5,3,3,5,3,5,5,1,4,1.714286,5,3.571429,3.428571,4,1,2,4,4,2,1,4,5,5,2,3,3,3,2,4,4,4,4,3,4,4,4,1,4,4,4,4,4,4,4,3,3,1,5,4,3,1,2.75,3.5,2.6,3.833333,3.4,4,2.333333,4,3.351351,4,3,4,4,4,4,4,4,4,4,4,4,4,4,4,2,4,4,3,2,2,76,2,2,2,2,2,2,4,2,2,2,2,2,2,2,2,2,2,2,2,2,2,4,44,Thanks! Have a great day.,43,Male,White,Other,1533
61672728d4ad3f70cc6a0199,44900.73516,44900.76414,0,,100,2503,1,44900.76416,R_5msrO37OeQ2XTqh,,,anonymous,EN,1,1,61672728d4ad3f70cc6a0199,3,4,1,4,1,2,5,3,2,5,5,5,4,1,2,1,4,4,2,4,2,5,2,4,1,3,2,3,4,2,4,2,6,3.67,3.83,1.5,3.67,2.17,1.31,1,1,1,1,0,1,1,3,3,2,1,2,2,3,1,3,1,2,3,2.090909,2,3,2,1,2,2,1,2,3,3,2,1,3,1,2,2,3,2,2,2,1,2,1.727273,2.3,3,4,4,3,3,4,3,1,3,3,4,2,37,2,5,5,3,6,0,1,4,3,3,4,6,2,3,5,3,5,5,3,6,4,4.714286,2.428571,4,3.714286,4,4,4,2,2,1,1,1,1,1,2,2,1,1,2,1,2,0,2,1,1,1,3,4,1,3,1,1,2,2,1,3,1,1,3,1,2,1,3.5,1.166667,1.6,1.166667,2.4,1.666667,1.666667,2,1.783784,4,4,4,2,4,5,4,4,4,4,4,3,4,4,4,2,4,2,3,4,3,76,3,4,4,4,2,4,4,4,2,2,4,3,1,1,2,4,4,2,2,4,5,4,65,NA,21,Female,Asian,Part-Time,2508
6168b61ad8c0d63b37a92109,44900.695,44900.70517,0,,100,878,1,44900.70518,R_2YtyijYmyJUXJgn,,,anonymous,EN,1,1,6168b61ad8c0d63b37a92109,4,3,2,2,2,1,2,4,2,2,2,3,3,2,2,1,3,4,3,4,2,4,3,3,3,3,3,3,3,3,4,3,6,3,3.33,2.5,2.83,2.17,0.67,3,3,3,0,1,0,1,2,3,2,3,3,2,2,2,2,2,3,3,2.454545,2,3,4,3,2,2,2,1,3,2,2,1,3,2,2,2,2,1,3,2,2,2,1.818182,2.6,4,4,3,4,4,3,3,4,3,4,3,3,42,1,2,2,1,2,2,1,1,2,1,1,2,1,2,2,1,2,2,1,2,2,1.714286,1,2,1.571429,3,3,1,2,4,4,3,4,4,4,4,3,2,2,4,2,2,2,2,2,2,2,2,2,2,3,2,1,2,2,2,2,2,2,2,1,2,1,2.25,3.833333,3,2,2.2,2,2,1.666667,2.432432,3,4,4,4,4,4,4,4,4,4,4,4,4,4,4,3,4,2,3,3,3,77,2,2,2,3,3,2,3,2,2,2,2,2,2,2,2,2,2,2,2,2,2,4,45,NA,28,Male,Asian,DATA_EXPIRED,886
616f47684ddc73c437a74a6c,44902.48756,44902.4961,0,,100,737,1,44902.49611,R_3oAVUdgEcd7kT1P,,,anonymous,EN,1,1,616f47684ddc73c437a74a6c,5,4,6,6,4,1,5,5,5,3,4,5,6,4,6,3,6,6,6,6,6,6,5,6,4,6,5,3,1,3,6,2,6,4.83,4.67,4.67,5.5,4,0.03,5,5,6,0,1,0,1,2,2,2,3,1,1,1,1,2,1,1,2,1.545455,1,1,1,1,1,1,1,1,1,1,1,1,1,1,1,1,1,1,1,1,1,2,1,1,1,4,4,2,4,1,4,1,1,1,1,1,25,4,1,5,4,1,4,2,2,4,4,0,6,6,1,6,1,5,3,5,4,4,2,3.714286,4.571429,3.428571,3,3,2,4,5,4,3,5,4,2,5,5,4,4,5,4,3,5,3,3,3,2,4,1,5,4,5,5,3,4,4,2,1,2,5,5,4,1,3,3.833333,4.6,3.166667,3.8,3.666667,1.666667,4.666667,3.648649,5,5,5,5,5,5,5,5,5,5,5,5,5,5,5,4,5,4,5,4,5,102,1,1,1,1,1,1,1,1,1,1,1,1,1,1,1,1,1,1,1,1,1,4,21,NA,47,Female,White,Full-Time,750
620296d3ef1cb18a1337bfdd,44900.6867,44900.69436,0,,100,662,1,44900.69438,R_2xyeRiALDH2CF7C,,,anonymous,EN,1,1,620296d3ef1cb18a1337bfdd,6,6,1,1,1,1,1,1,2,1,1,6,6,1,5,1,4,6,1,1,1,6,6,1,1,1,1,3,6,1,4,1,6,4.33,4.33,1.17,2.17,1,2.89,1,1,1,1,1,1,1,4,2,1,1,1,1,1,1,1,1,1,3,1.272727,1,3,4,4,4,1,3,1,4,4,3,3,4,2,1,4,3,2,4,2,1,2,1.818182,3.8,5,5,5,5,5,5,5,5,4,5,5,5,59,0,0,6,5,4,0,0,0,1,4,0,4,0,0,0,5,6,2,5,6,2,2.285714,2.714286,2.142857,2.380952,4,4,0,3,0,1,0,1,2,0,5,0,1,4,2,4,0,1,0,0,0,0,3,4,4,0,0,0,0,3,0,0,0,0,0,0,0,1,2.75,0.6666667,2.4,0.1666667,2.2,1,0,0,1.243243,4,1,2,3,5,5,2,2,3,2,5,4,3,2,2,3,4,2,4,4,4,66,2,1,2,1,4,3,4,2,1,1,4,3,1,1,3,4,2,1,5,3,2,4,50,NA,29,Female,White,Part-Time,668
62029a55ef1cb18a1337c61a,44900.69052,44900.70992,0,,100,1675,1,44900.70993,R_1KdPOMpgUCJYOTz,,,anonymous,EN,1,1,62029a55ef1cb18a1337c61a,2,3,1,4,6,1,2,5,2,1,4,6,6,3,4,3,1,3,6,4,6,6,4,6,2,6,6,1,1,1,6,1,6,2.67,4,2.5,4.17,4.33,-0.33,5,2,7,0,0,0,0,0,3,1,4,1,1,1,3,1,1,1,1,1.636364,1,1,1,1,1,1,1,1,1,1,1,1,1,1,1,1,1,1,1,1,1,2,1,1,4,5,4,1,4,2,4,1,1,1,1,1,29,6,0,3,2,0,1,2,0,2,3,0,3,1,0,3,1,6,0,1,2,1,1.142857,2.285714,1.857143,1.761905,5,5,4,5,5,5,0,5,5,5,5,5,2,5,5,5,4,5,5,5,4,4,3,5,5,5,5,5,5,5,5,5,5,5,4,5,5,1,4.75,4.166667,4.4,4.5,4.6,5,5,4.666667,4.594594,3,4,5,5,5,4,4,5,5,5,2,5,5,4,5,2,4,4,2,2,3,83,1,1,1,1,1,1,1,1,1,1,1,1,1,1,5,1,1,1,1,1,1,4,25,NA,24,Male,White,Full-Time,1706
622a11c552b2b35bab72a39c,44901.35587,44901.37042,0,,100,1257,1,44901.37043,R_bxvY9DLX3O7RnKV,,,anonymous,EN,1,1,622a11c552b2b35bab72a39c,4,5,2,2,3,1,3,2,2,2,2,4,6,3,5,3,3,6,5,5,3,6,5,5,6,5,2,2,1,2,6,4,6,3.5,4.17,3.33,4.17,2.83,0.39,5,5,5,0,0,0,1,1,3,2,3,2,2,2,3,1,1,3,4,2.363636,1,1,1,1,2,1,1,1,1,1,1,1,1,1,1,2,1,1,2,1,1,2,1,1.3,2,4,5,3,4,4,4,2,2,2,2,4,38,1,0,2,3,0,2,3,0,1,3,3,3,4,0,3,3,0,1,3,0,3,0.4285714,2.857143,2.142857,1.809524,2,3,1,1,3,2,3,3,3,3,3,4,1,2,3,1,1,3,2,1,1,2,2,2,1,1,1,3,2,3,3,1,2,2,4,3,3,1,1.75,2.833333,2.6,1.666667,1.4,2.666667,1.666667,3.333333,2.189189,3,5,4,4,5,5,4,4,3,4,4,5,4,4,4,2,4,2,4,4,3,81,2,3,2,2,2,2,4,2,2,2,2,2,2,2,2,4,2,2,2,2,2,4,47,NA,62,Male,White,Part-Time,1266
622a4d6cf143081ed1887ee5,44900.68244,44900.69777,0,,100,1323,1,44900.69778,R_2tDPC3hXR3C40Lg,,,anonymous,EN,1,1,622a4d6cf143081ed1887ee5,5,5,1,2,1,1,4,6,5,2,4,6,6,3,5,1,5,6,2,4,2,6,5,5,3,1,1,5,5,2,4,1,6,5,5.5,2.67,3,1.67,2.81,1,1,2,0,0,0,1,1,1,1,2,1,1,1,1,1,1,1,1,1.090909,1,1,1,1,1,1,1,1,1,1,1,1,1,1,1,1,1,1,1,1,1,2,1,1,2,3,3,2,3,2,2,1,1,2,1,1,23,6,1,2,6,2,0,6,2,3,6,0,1,6,0,4,6,6,5,6,4,4,2.142857,6,2.714286,3.619048,5,5,4,4,2,2,1,1,2,3,4,3,2,2,3,2,2,4,4,5,2,5,3,4,4,4,4,2,3,3,2,4,2,3,4,4,3,1,4.5,1.833333,2.8,3.666667,3.8,2.666667,3,3.666667,3.135135,4,5,5,5,5,5,5,5,5,5,5,5,5,5,5,3,5,2,4,5,3,96,1,3,1,3,2,1,4,1,1,2,2,1,1,1,2,3,3,1,1,1,1,4,36,NA,72,Female,White,"Not in paid work (e.g. homemaker', 'retired or disabled)",1331
622a515acf90b4740f8bfefa,44900.74089,44900.75344,0,,100,1083,1,44900.75345,R_yl8MRKsos9szZkJ,,,anonymous,EN,1,1,622a515acf90b4740f8bfefa,5,4,2,4,4,2,4,4,2,2,3,5,4,3,5,3,5,5,3,4,2,6,6,4,3,3,3,2,3,3,5,2,6,4.5,4,2.67,3.83,2.83,1.14,2,1,5,0,0,0,1,1,4,3,4,2,2,2,2,1,2,2,3,2.454545,1,1,2,1,1,1,1,1,2,1,2,1,1,1,1,2,2,1,2,1,1,2,1,1.6,3,3,5,2,4,4,4,2,2,2,2,2,35,3,0,5,4,0,3,4,0,0,4,4,4,4,0,4,3,5,4,3,6,4,2.142857,3.571429,3.428571,3.047619,3,3,3,3,1,2,2,2,2,2,2,3,3,3,2,2,2,3,3,2,2,3,4,3,3,4,3,2,2,4,3,3,2,3,4,3,4,1,3,1.833333,2.6,2.5,3.4,3,2.666667,3.666667,2.702703,4,5,4,5,5,5,5,5,5,4,4,5,5,5,5,5,4,3,4,5,4,96,2,3,2,3,2,2,3,2,1,1,2,2,1,1,3,1,2,1,2,1,1,4,38,NA,57,Male,White,Part-Time,1089
622a943b60f2ad1efe55d25b,44900.67855,44900.69831,0,,100,1706,1,44900.69832,R_1ezXnS625yvW4h6,,,anonymous,EN,1,1,622a943b60f2ad1efe55d25b,6,6,1,3,3,1,6,6,6,1,6,6,6,6,6,1,6,6,3,3,6,6,6,4,4,4,6,6,4,1,3,4,6,6,5.33,3.5,3.33,4.33,1.94,3,3,5,1,1,1,0,3,3,1,4,1,1,1,1,1,1,3,2,1.727273,1,2,3,3,2,1,1,1,2,3,1,1,2,1,1,3,2,1,2,1,1,2,1.090909,2.3,5,5,5,5,5,5,5,4,4,5,2,5,55,6,6,6,6,0,6,6,4,6,6,3,6,6,3,6,6,6,2,6,0,6,3.142857,6,5.428571,4.857143,5,5,5,5,0,0,0,0,0,0,0,5,5,5,2,5,5,5,5,5,5,5,5,5,5,5,5,5,5,5,5,5,5,5,5,5,5,1,5,0,3.4,5,5,5,5,5,3.972973,5,5,5,5,5,5,5,5,5,5,5,5,5,5,5,5,5,5,5,5,5,105,2,5,4,4,4,4,5,1,2,2,5,4,1,2,4,2,3,3,1,2,1,4,61,NA,57,Male,Mixed,Full-Time,1719
6234866ad5f13fac2a5cf725,44901.34488,44901.37811,0,,100,2871,1,44901.37813,R_R3w6I4gvUR6nvHj,,,anonymous,EN,1,1,6234866ad5f13fac2a5cf725,4,2,4,5,3,1,4,3,4,3,4,4,5,4,5,1,4,4,5,5,5,5,6,4,1,4,4,1,1,5,5,3,6,3.83,3.17,3.83,4.5,3.33,-0.39,6,7,6,1,1,0,1,3,1,3,3,2,2,1,2,2,2,1,1,1.818182,1,1,2,3,1,1,1,1,1,1,2,1,3,1,1,3,1,1,1,2,1,2,1.090909,1.8,1,4,3,1,3,1,3,1,1,1,2,2,23,3,4,5,5,3,5,4,4,3,5,5,2,6,6,5,5,5,4,5,5,4,4.571429,4.714286,4,4.428571,1,2,3,2,5,3,2,4,2,4,4,5,3,1,5,3,3,4,1,3,0,2,1,3,2,3,3,2,4,4,4,1,1,2,4,4,4,1,2,3.333333,3.6,2.166667,2.4,4,1.333333,4,2.810811,3,4,4,4,5,3,4,4,4,4,4,3,4,4,4,4,4,4,2,3,5,80,3,4,4,4,3,2,3,2,3,3,4,5,3,4,4,5,4,2,4,3,4,4,73,NA,50,Female,White,Full-Time,2878
623a852297e9f3cf18936579,44904.39336,44904.40235,0,,100,776,1,44904.40236,R_6RU9eAplIcm2nfP,,,anonymous,EN,1,1,623a852297e9f3cf18936579,4,4,4,5,4,2,5,5,2,4,4,5,5,4,5,5,5,3,6,6,4,6,6,6,2,5,6,3,1,3,5,5,6,4.67,4,3.5,5,4.67,-0.06,7,7,7,1,1,1,0,3,3,2,2,2,2,3,2,2,2,2,4,2.363636,1,1,1,2,1,1,1,1,1,1,1,1,1,1,1,1,2,1,1,1,1,2,1,1.2,4,4,5,4,4,3,4,1,1,2,2,1,35,4,4,3,5,0,0,5,4,3,5,4,5,5,4,4,3,6,5,5,3,5,3.571429,4.571429,3.571429,3.904762,4,2,2,1,1,1,1,1,1,3,2,2,3,1,2,2,2,2,2,3,2,2,4,4,2,3,2,3,3,3,3,3,1,3,2,3,4,1,2.25,1.333333,2,2.166667,3,3,2.333333,3,2.297297,3,5,2,3,5,5,4,5,5,4,4,5,5,4,4,4,4,5,5,5,4,90,1,4,1,1,4,1,1,1,1,1,4,1,1,1,1,1,1,1,5,1,1,4,34,NA,57,Male,White,"Not in paid work (e.g. homemaker', 'retired or disabled)",784
6267c3d17f88988d0d787c7f,44900.70197,44900.72282,0,,100,1802,1,44900.72284,R_BQwu9Mg0F04reeZ,,,anonymous,EN,1,1,6267c3d17f88988d0d787c7f,5,6,4,5,5,4,6,5,5,5,5,5,5,5,5,6,6,5,5,5,5,5,5,5,4,4,4,6,6,4,4,4,6,5.5,5.33,4.5,4.67,4.83,0.75,4,4,4,0,1,0,0,1,3,2,4,2,2,4,2,2,2,4,4,2.818182,1,1,1,1,1,1,2,1,1,1,1,1,1,1,2,2,2,1,1,2,1,2,1.272727,1.2,1,1,5,1,5,1,5,2,1,1,5,2,30,6,6,6,6,6,6,6,6,6,6,6,6,6,6,6,6,6,6,6,6,6,6,6,6,6,3,5,5,3,1,0,1,1,0,1,1,1,4,4,2,4,3,4,5,5,4,4,3,4,5,5,4,4,5,4,4,4,4,5,5,3,4,1,4,0.6666667,2.4,4.166667,4.2,4.333333,4.333333,4,3.351351,4,5,4,4,4,4,4,3,4,3,5,4,4,3,4,3,5,3,4,4,4,82,2,2,2,2,2,2,2,2,2,2,2,2,2,2,2,4,3,2,4,2,2,4,47,none,50,Male,Asian,Full-Time,1816
626810ad271afa9ad1c19e33,44901.78086,44901.79912,0,,100,1577,1,44901.79914,R_2zpZMJUVFUoBucC,,,anonymous,EN,1,1,626810ad271afa9ad1c19e33,6,5,6,6,5,1,6,5,5,5,5,6,6,5,5,6,5,6,6,6,6,6,6,6,6,4,5,3,1,3,5,6,6,5.33,4.83,5.17,5.17,5.5,-0.19,7,7,7,1,1,0,1,3,2,3,2,2,2,1,2,2,2,3,2,2.090909,1,1,3,1,3,1,2,1,3,1,1,2,3,1,1,1,1,1,1,1,1,2,1.181818,1.8,4,5,5,2,5,4,5,4,3,3,4,4,48,0,5,6,4,6,1,2,6,5,3,3,2,0,6,5,1,6,5,2,6,5,5.428571,1.714286,4.142857,3.761905,2,1,3,3,0,1,0,0,3,3,5,3,3,3,4,3,3,4,2,2,3,3,1,1,2,3,3,2,2,2,2,2,3,2,4,3,3,1,2.25,1.166667,3.6,2.833333,2,2,2.333333,3.333333,2.405406,5,4,4,5,5,5,4,5,4,5,5,4,5,4,5,3,5,1,5,4,4,91,1,3,1,3,1,1,5,1,1,1,4,1,1,1,3,2,3,1,1,1,1,4,37,NA,52,Female,White,DATA_EXPIRED,1587
62686c6e90a0f6fe0a6c646a,44900.73512,44900.7578,0,,100,1959,1,44900.75781,R_2QsVCKxw3mrMhHr,,,anonymous,EN,1,1,62686c6e90a0f6fe0a6c646a,4,5,3,4,3,1,5,6,3,3,2,6,6,3,5,1,5,6,2,5,3,6,5,5,4,3,2,5,3,3,4,3,6,5,5.17,3,4,2.33,1.97,3,3,3,1,0,1,1,3,3,2,2,2,2,2,2,2,2,2,3,2.181818,1,2,1,1,1,1,2,1,2,2,2,1,1,1,1,1,1,1,1,1,1,2,1.181818,1.3,1,2,4,1,3,2,4,1,1,1,1,2,23,5,0,5,5,0,4,4,0,3,5,3,4,6,0,4,4,6,3,6,6,2,2.142857,5,3.571429,3.571429,4,3,3,3,3,3,1,3,1,2,3,2,2,4,2,3,3,3,3,3,3,3,3,3,4,3,3,3,3,2,3,3,3,3,4,4,3,1,3.25,2.166667,2.6,3,3.2,2.666667,3,3.666667,2.891892,3,4,3,3,3,3,4,2,2,2,4,4,2,2,3,2,4,3,4,3,3,63,2,3,2,2,2,2,3,2,2,2,3,2,2,2,2,3,2,2,3,3,2,4,48,NA,53,Male,White,DATA_EXPIRED,1964
62728d9afbb36631896f3bcb,44900.66436,44900.68027,0,,100,1374,1,44900.68028,R_3iJw2ZT2HhHqDny,,,anonymous,EN,1,1,62728d9afbb36631896f3bcb,3,4,4,4,4,1,2,6,5,2,3,6,4,3,2,1,5,4,5,5,4,3,4,5,3,3,4,5,4,3,5,4,6,4.17,4.5,3.83,3.5,3.33,0.78,5,2,7,1,1,1,1,4,3,3,3,4,3,2,3,2,2,2,2,2.636364,2,2,2,2,3,3,3,3,2,3,3,4,3,2,2,3,3,2,3,2,2,2,2.454545,2.7,3,4,2,2,4,3,2,3,4,4,3,3,37,3,0,4,4,0,4,4,0,3,4,0,1,1,1,3,4,0,2,2,0,4,0.1428571,3.142857,3,2.095238,1,2,2,1,4,4,3,2,4,2,1,2,2,2,4,4,2,2,3,2,3,2,2,4,3,3,1,2,3,2,3,1,1,2,1,3,2,1,1.5,3.166667,2.2,2.333333,2.6,2.666667,1.333333,2,2.351351,5,4,3,4,4,4,2,4,4,3,4,4,4,3,3,4,4,3,4,2,4,76,4,5,3,3,3,3,4,4,5,3,3,4,4,3,2,3,5,4,4,4,3,4,76,NA,41,Male,White,DATA_EXPIRED,1384
62728e9f272ecd43323af13b,44900.81622,44900.83495,0,,100,1619,1,44900.83497,R_42sSyQSVQ3hC3Lj,,,anonymous,EN,1,1,62728e9f272ecd43323af13b,2,6,1,2,2,3,6,5,6,3,4,6,6,4,5,1,6,6,1,4,2,6,6,4,1,2,1,4,3,1,1,1,6,5,5,2.33,2.83,1.83,2.67,1,1,2,0,0,0,1,1,3,1,2,1,1,1,1,2,1,3,1,1.545455,1,1,2,4,2,2,1,1,3,1,2,1,3,1,2,1,2,1,3,1,1,2,1.181818,2.3,1,4,5,1,4,2,4,5,3,4,3,3,39,4,0,4,6,0,0,6,0,0,6,0,0,6,0,1,6,6,3,6,0,4,0.8571429,5.714286,1.714286,2.761905,5,4,5,3,3,1,1,2,1,3,4,1,3,3,2,2,1,2,4,3,4,4,5,5,5,4,4,5,4,5,5,4,5,4,1,2,4,1,4.25,1.833333,2.6,3,4.6,4.666667,4.333333,2.333333,3.324324,5,4,4,4,4,4,3,4,5,3,5,5,3,4,5,1,4,1,3,4,3,78,2,3,2,3,1,1,3,1,1,1,4,1,1,1,2,3,3,1,2,1,2,4,39,"Best wishes on your study, and Happy Holidays!",42,Male,White,"Not in paid work (e.g. homemaker', 'retired or disabled)",1626
6272923eedb5716b8b254954,44901.283,44901.29432,0,,100,978,1,44901.29433,R_1MLHDxYXbcQXTlh,,,anonymous,EN,1,1,6272923eedb5716b8b254954,5,4,4,4,3,1,4,5,4,4,3,5,4,3,4,5,5,6,4,5,4,6,6,4,2,4,5,1,1,3,5,4,6,4.33,4,3.33,4.33,4,0.28,6,6,6,1,1,1,1,4,4,2,4,3,2,2,2,2,2,2,2,2.454545,1,1,2,2,2,1,1,1,1,2,2,1,2,1,1,2,3,1,2,2,1,2,1.090909,2,4,4,2,4,4,2,4,4,4,4,5,2,43,5,1,4,3,0,1,1,0,2,1,1,3,1,0,1,2,3,1,3,0,3,0.7142857,2.285714,2.142857,1.714286,3,2,2,3,4,3,3,4,4,4,3,1,2,0,3,2,2,3,1,2,3,3,3,3,1,5,3,2,4,0,2,3,4,3,3,3,4,1,2.5,3.666667,1.8,2.333333,3,2,3.333333,3.333333,2.702703,5,5,5,5,5,5,5,5,5,5,5,5,4,5,5,3,5,4,4,3,4,97,2,5,4,4,4,2,4,2,4,4,2,2,4,4,4,4,4,2,2,2,3,4,68,NA,41,Female,White,Part-Time,988
62750db531a7db5b711ed514,44903.55181,44903.56355,0,,100,1015,1,44903.56357,R_Q0MkXDRBTGIpDRn,,,anonymous,EN,1,1,62750db531a7db5b711ed514,5,5,4,5,4,1,6,5,4,3,2,5,5,2,5,6,5,5,6,6,4,6,6,5,4,5,3,5,2,5,5,6,6,5.33,4.5,4.17,4.83,4.17,0.53,7,7,7,1,0,1,1,3,2,3,3,2,2,1,2,3,2,2,4,2.363636,1,1,1,1,1,1,1,1,1,1,1,1,1,1,1,1,1,1,1,1,1,2,1,1,1,3,4,1,3,2,4,1,1,1,2,2,25,5,6,6,6,6,3,5,6,5,6,4,2,5,6,5,5,5,4,6,6,2,5.571429,5.428571,3.857143,4.952381,4,3,3,3,2,2,1,2,2,3,3,4,4,4,3,3,3,4,3,2,3,3,3,3,4,4,4,4,4,4,3,4,2,4,5,4,4,1,3.25,2,3.6,3,3.6,3.666667,3.333333,4.333333,3.243243,5,5,5,5,5,5,5,5,5,5,5,5,5,5,5,3,5,4,5,5,5,102,2,4,2,4,3,2,4,1,2,2,4,1,2,2,2,3,2,2,4,1,2,4,51,NA,50,Female,White,DATA_EXPIRED,1021
6276d97e209059496d37bf74,44900.70499,44900.7188,0,,100,1193,1,44900.71881,R_2q42ni98E2tKlcO,,,anonymous,EN,1,1,6276d97e209059496d37bf74,6,5,4,4,4,1,5,5,4,4,4,6,6,4,4,3,4,4,5,5,4,6,4,4,5,3,4,4,1,4,5,2,6,4.83,4.17,4.33,4.17,3.5,0.5,4,3,5,1,0,1,1,3,2,3,1,2,1,2,2,3,2,2,5,2.272727,1,1,1,1,2,1,1,1,2,1,1,1,1,1,1,1,1,1,1,1,1,2,1,1.2,4,4,5,4,5,5,5,2,1,4,3,4,46,4,2,4,6,1,4,4,0,2,6,1,3,5,2,3,4,3,4,5,0,4,1.285714,4.857143,3.428571,3.190476,3,4,3,4,3,3,1,3,2,3,2,4,3,4,3,4,4,3,3,3,4,4,2,3,4,1,4,4,3,4,3,3,3,3,3,4,4,1,3.5,2.5,3.2,3.5,2.8,3.333333,3,3.666667,3.189189,5,5,4,5,5,5,4,5,4,4,5,5,5,4,5,2,5,2,5,4,4,92,2,5,2,3,2,1,5,3,1,3,4,4,1,1,4,5,3,1,4,1,1,4,56,NA,55,Female,White,"Not in paid work (e.g. homemaker', 'retired or disabled)",1199
62792b036e44afa1c88af1e8,44907.52785,44907.53708,0,,100,798,1,44907.5371,R_vMtOaLXIWBb778t,,,anonymous,EN,1,1,62792b036e44afa1c88af1e8,5,4,4,5,5,1,5,6,4,4,5,6,5,4,6,4,5,4,5,6,4,6,6,5,2,6,3,4,1,4,6,6,6,5.17,4.17,3.83,5.5,4.5,0.06,5,5,5,1,1,0,1,3,3,1,2,2,1,2,2,2,2,2,3,2,2,1,1,1,1,1,1,1,2,1,1,1,2,1,1,2,1,1,1,1,1,2,1.090909,1.3,2,4,5,2,4,3,5,1,1,2,2,2,33,4,1,1,5,0,0,3,1,3,4,2,1,5,1,1,4,1,1,4,1,5,1,4.142857,1.714286,2.285714,5,3,4,4,4,2,1,2,2,2,4,3,3,3,4,4,3,5,3,3,3,3,5,3,5,4,5,3,4,3,3,3,2,3,5,4,4,1,4,2.166667,3.4,3.333333,4.4,3.333333,2.666667,4.333333,3.405406,5,5,5,5,5,5,5,5,5,5,5,5,5,5,5,5,5,4,5,5,5,104,1,1,1,2,1,1,5,1,1,1,2,2,1,1,2,1,1,1,5,1,1,4,33,NA,37,Female,White,DATA_EXPIRED,815
627935c4e5d7e70b502e206e,44900.68931,44900.72003,0,,100,2654,1,44900.72004,R_3maSmQFtSiflpXP,,,anonymous,EN,1,1,627935c4e5d7e70b502e206e,6,5,3,5,5,1,5,6,4,4,4,6,6,5,5,3,6,5,5,6,4,6,5,6,5,5,4,3,2,3,5,5,6,5.17,5,4.17,5,4.17,0.64,5,5,5,1,0,1,0,2,2,2,2,2,2,2,2,2,2,3,2,2.090909,1,1,1,1,1,1,1,1,2,1,2,1,1,1,1,2,1,1,1,1,1,2,1,1.3,2,4,4,3,4,4,4,2,2,2,2,2,35,3,1,4,4,1,4,3,1,4,5,2,3,4,1,4,3,3,2,4,2,4,1.571429,3.714286,3.571429,2.952381,4,4,4,3,2,2,2,3,1,2,2,1,3,3,2,3,3,4,3,4,2,4,4,3,3,4,3,4,4,4,4,4,3,3,4,4,4,1,3.75,2,2.2,3.333333,3.4,4,3.333333,4,3.135135,4,5,4,5,5,4,4,4,5,3,4,4,4,4,4,3,5,2,4,4,4,85,2,4,2,4,2,2,2,2,2,2,2,2,2,2,2,2,2,1,2,2,2,4,45,NA,27,Male,White,Full-Time,2660
627a65a2439f59544115d476,44901.23627,44901.23991,0,,100,313,1,44901.23992,R_1LqAD60o31MBvKI,,,anonymous,EN,1,1,627a65a2439f59544115d476,4,5,4,4,3,4,4,4,5,4,4,5,3,4,4,5,4,5,2,4,4,3,4,5,4,4,5,6,5,5,4,5,6,4.5,4.5,4,4,4.33,0.39,1,1,1,1,0,0,1,2,3,2,3,4,3,4,3,4,3,3,4,3.272727,2,3,3,3,3,2,2,3,2,3,3,2,2,3,3,4,2,3,3,3,3,2,2.636364,2.8,4,3,3,2,3,2,3,3,4,3,4,3,37,2,2,4,2,0,1,1,0,3,1,2,1,1,0,2,5,4,1,1,0,1,1.142857,1.857143,1.857143,1.619048,3,3,3,2,3,4,3,4,3,2,2,4,3,3,2,3,3,4,4,2,2,3,2,1,3,3,1,3,2,3,3,2,2,1,2,4,1,1,2.75,3.166667,2.8,3,2,2.666667,1.666667,2.333333,2.648649,3,3,4,4,2,4,3,2,4,3,3,3,4,4,3,3,2,3,2,3,4,66,3,3,4,3,2,3,4,4,4,4,3,4,2,3,4,2,2,3,3,4,4,4,68,NA,27,Female,White,Full-Time,322
627a9c07dd6b4cb9de3a9222,44900.67549,44900.71067,0,,100,3040,1,44900.71069,R_2uL3gvfybm723Tq,,,anonymous,EN,1,1,627a9c07dd6b4cb9de3a9222,3,4,6,1,1,1,1,1,1,2,1,1,1,5,2,5,3,2,5,5,4,6,2,2,3,4,5,6,6,4,4,3,6,2.67,2.67,4,3,3.17,-0.72,7,7,7,1,1,1,0,3,3,3,3,3,2,3,3,3,3,3,4,3,1,1,1,1,1,1,1,1,1,1,1,1,1,1,1,1,2,1,1,1,1,2,1,1.1,1,1,3,2,3,1,1,1,2,1,1,1,18,6,6,6,6,6,6,6,6,6,6,6,6,6,6,6,6,6,6,6,6,6,6,6,6,6,5,2,3,4,4,3,0,3,4,5,1,2,3,2,2,4,4,4,0,1,5,5,0,1,3,5,2,3,5,4,4,5,3,4,5,5,4,1,3.5,3.166667,2,3.166667,2.2,4.333333,4,4.666667,3.216216,5,4,5,5,5,4,4,4,5,5,4,3,4,4,4,3,5,4,3,3,4,87,3,5,2,4,5,3,5,3,2,3,3,2,2,2,4,4,2,2,2,2,2,4,62,NA,27,Female,White,"Not in paid work (e.g. homemaker', 'retired or disabled)",3051
6282486284f992485dcdf4ea,44900.71648,44900.72899,0,,100,1080,1,44900.729,R_2PuK8xUYSAUekGH,,,anonymous,EN,1,1,6282486284f992485dcdf4ea,5,3,5,4,4,2,4,4,5,3,5,5,6,5,5,6,3,4,3,5,5,6,4,5,2,4,5,1,2,3,5,6,6,3.67,4,3.83,4.33,5.17,-0.61,7,7,6,1,1,1,0,3,4,2,3,2,2,3,2,4,3,3,4,2.909091,3,2,2,2,1,1,3,2,3,2,2,1,2,1,2,2,2,2,2,1,1,2,1.727273,2,4,5,4,4,4,3,4,3,2,3,4,4,44,3,5,4,6,3,4,4,6,4,5,6,4,5,6,4,5,5,4,5,6,4,5.285714,4.714286,4,4.666667,3,3,3,3,3,3,2,2,2,2,2,1,1,3,1,1,1,2,2,2,3,3,1,3,4,5,3,2,2,4,2,1,1,2,4,3,3,1,3,2.333333,1.6,2.166667,3.2,2.666667,1.333333,3.333333,2.378378,5,5,5,5,5,5,5,1,4,5,5,5,4,4,5,4,5,5,4,4,4,94,4,4,4,4,4,4,5,2,3,3,4,4,4,3,4,4,4,4,4,3,3,4,78,NA,27,Female,White,Full-Time,1088
62827896d034545333f4610c,44901.50447,44901.53183,0,,100,2363,1,44901.53184,R_3Lka329gPHrDU1R,,,anonymous,EN,1,1,62827896d034545333f4610c,4,5,1,4,3,1,3,5,4,3,5,4,5,2,5,1,4,5,3,4,3,6,6,3,1,3,4,3,3,3,4,4,6,4,4.33,2.33,3.83,3.33,1,1,1,2,1,0,1,1,3,3,2,3,2,2,3,2,1,2,3,3,2.363636,1,1,1,1,1,1,1,1,1,1,2,1,1,1,1,2,1,1,1,1,1,2,1,1.2,2,4,4,4,3,4,5,3,2,4,3,3,41,3,3,3,3,0,4,3,0,2,4,3,3,3,3,4,3,5,5,4,3,3,2.428571,3.285714,3.428571,3.047619,3,5,3,3,3,3,3,3,1,2,4,2,3,3,4,2,2,2,2,3,2,2,2,4,2,2,2,2,2,3,3,4,2,3,2,2,4,1,3.5,2.5,3.2,2.166667,2.4,2.666667,3,2.666667,2.675676,4,5,4,4,4,4,4,5,4,4,4,4,4,4,4,3,4,3,4,4,3,83,2,3,3,3,3,3,3,2,2,2,3,2,2,2,2,3,2,2,2,2,2,4,50,NA,56,Female,White,Part-Time,2368
6282abf0be2e9e2a65af807e,44900.81897,44900.83134,0,,100,1068,1,44900.83135,R_T5cNFEzjvOBTDX3,,,anonymous,EN,1,1,6282abf0be2e9e2a65af807e,5,5,1,2,5,1,5,5,4,1,5,6,5,5,5,1,5,5,1,2,5,5,4,6,3,5,5,2,5,5,3,2,6,4.5,5.17,3.17,3,3.83,1.5,1,1,1,0,1,0,1,2,1,2,2,2,2,4,2,2,2,2,4,2.272727,1,1,1,2,3,1,1,1,2,2,1,1,2,1,1,2,3,1,3,2,1,2,1.090909,2.1,4,4,4,4,3,2,4,4,4,4,3,4,44,0,1,2,3,0,5,0,1,1,5,0,1,1,0,1,1,0,1,1,4,2,0.8571429,1.571429,1.857143,1.428571,1,3,3,4,2,2,2,1,2,2,2,2,1,0,1,3,1,0,3,3,3,3,0,1,4,3,0,1,3,2,4,2,3,1,3,3,3,1,2.75,1.833333,1.2,2.166667,1.6,3,2,3,2.081081,4,4,4,4,4,4,4,3,4,4,1,5,5,4,4,2,1,1,3,4,1,70,1,1,1,1,1,1,4,1,1,1,1,2,2,1,1,1,1,1,4,1,1,4,29,NA,21,Male,White,Due to start a new job within the next month,1074
628555bb109cc99491b8f04b,44900.71641,44900.7259,0,,100,820,1,44900.72593,R_sTKuiXCWxFH1hmx,,,anonymous,EN,1,1,628555bb109cc99491b8f04b,6,6,5,5,5,1,6,5,5,5,5,6,6,5,5,6,6,6,6,6,5,6,6,6,6,3,4,2,1,4,6,5,6,5.33,5,5.17,5,5,0.11,6,6,6,1,1,1,0,3,2,3,1,1,1,1,2,2,1,1,3,1.636364,2,1,2,1,1,1,1,1,3,1,3,1,1,1,2,2,2,2,1,2,1,2,1.363636,1.7,3,4,4,4,4,4,4,2,4,3,3,4,43,3,0,5,6,0,1,3,0,4,6,6,0,4,0,4,2,0,0,2,0,5,0.8571429,3.714286,2.714286,2.428571,4,4,4,2,0,2,0,0,1,2,0,2,3,2,2,3,4,2,3,4,3,4,0,3,0,4,2,3,2,3,2,3,0,4,5,5,4,1,3.5,0.8333333,1.8,3.333333,1.8,2.333333,2.333333,4.666667,2.45946,5,5,5,5,5,5,5,5,5,5,5,5,5,5,5,5,5,1,5,5,5,101,5,4,4,5,2,4,4,4,4,4,4,5,4,4,3,5,4,1,3,4,4,4,81,ty,67,Male,White,"Not in paid work (e.g. homemaker', 'retired or disabled)",827
628690801339eca9c44143cd,44907.49258,44907.50749,0,,100,1288,1,44907.5075,R_2CEuVymFnM3jxkk,,,anonymous,EN,1,1,628690801339eca9c44143cd,5,6,2,4,4,1,6,5,5,4,6,6,5,4,4,1,6,5,2,4,3,6,5,5,3,4,3,4,1,3,2,4,6,5.33,4.5,3.17,3.67,3.5,1.47,3,4,2,1,0,0,0,1,3,2,3,1,2,3,2,3,1,2,2,2.181818,1,1,3,3,4,1,1,1,3,2,2,1,2,1,1,3,2,1,1,2,1,2,1.090909,2.5,3,4,4,4,4,3,5,5,3,5,4,3,47,2,0,4,4,0,2,1,0,4,1,4,2,3,3,3,2,6,5,2,6,2,2.714286,2.142857,3.142857,2.666667,5,5,3,5,1,0,0,1,0,1,3,4,1,3,4,4,3,5,4,5,1,3,3,4,5,5,3,3,3,4,2,4,2,4,4,5,5,1,4.5,0.5,3,3.5,4,3,3.333333,4.666667,3.162162,5,3,5,4,5,5,4,4,5,4,5,5,4,4,3,2,5,2,3,2,3,82,1,4,2,3,3,2,4,2,4,4,4,3,4,2,3,3,2,2,4,2,3,4,61,NA,29,Female,Mixed,Full-Time,1300
628778b9bd0dbcd8fa2eeb3a,44900.66603,44900.6769,0,,100,938,1,44900.67691,R_1joYIIU8AFdT346,,,anonymous,EN,1,1,628778b9bd0dbcd8fa2eeb3a,4,4,1,1,2,1,3,5,2,1,2,4,6,1,3,1,6,6,4,3,1,6,6,6,3,3,1,6,2,3,4,1,6,4.83,4.83,2.33,2.5,1.33,2.78,2,2,2,0,0,0,1,1,3,2,2,1,1,1,2,1,2,2,2,1.727273,1,1,1,1,1,1,1,1,2,1,1,1,1,1,1,1,1,1,1,1,1,2,1,1.1,3,2,4,2,4,4,4,1,1,2,1,2,30,3,0,5,4,0,2,2,0,2,3,0,4,3,0,2,3,2,4,3,1,4,0.4285714,3,3.285714,2.238095,4,4,4,4,3,3,1,3,1,3,1,0,3,4,2,3,3,3,4,4,4,4,3,3,3,4,3,4,4,4,4,4,3,4,5,5,4,1,4,2.333333,2,3.666667,3.2,4,3.666667,4.666667,3.297297,4,4,4,4,4,4,4,4,4,3,4,4,3,3,4,2,4,2,3,3,3,74,2,3,2,2,3,2,2,2,2,2,2,2,2,2,2,2,2,2,2,2,2,4,44,NA,64,Male,White,Full-Time,946
62877b4de7d00a56585025e7,44902.55081,44902.56747,0,,100,1438,1,44902.56748,R_PXngVoSnLe3Wy4x,,,anonymous,EN,1,1,62877b4de7d00a56585025e7,6,6,1,2,4,1,2,6,5,3,2,6,6,1,5,1,6,6,5,5,1,6,5,4,2,4,2,1,1,5,3,4,6,4.33,4.83,3.17,3.67,2.33,1.53,3,3,3,1,1,0,0,2,2,1,2,2,2,2,2,1,2,3,3,2,2,1,1,2,2,1,1,1,3,1,2,1,1,1,2,1,1,1,1,1,1,2,1.181818,1.5,3,4,3,5,3,3,3,4,4,4,3,3,42,3,4,3,3,1,2,2,0,2,4,1,2,2,3,4,1,1,5,3,1,2,1.571429,2.571429,2.857143,2.333333,3,3,3,2,3,3,2,3,2,2,4,2,4,2,3,4,4,4,2,3,2,3,5,3,3,3,2,4,2,2,4,4,2,3,5,5,4,1,2.75,2.5,3,3,3.2,2.666667,3,4.666667,3.081081,4,5,3,5,5,5,4,5,5,4,5,5,5,3,5,3,5,3,5,3,4,91,2,3,1,4,3,2,2,1,3,2,4,3,1,1,2,1,1,1,2,1,3,4,43,NA,21,Male,Black,DATA_EXPIRED,1444
628baa5c09f46c1d7a6bb293,44901.33961,44901.34584,0,,100,539,1,44901.34586,R_1OlENIS63Imf3Pg,,,anonymous,EN,1,1,628baa5c09f46c1d7a6bb293,5,5,1,1,2,1,5,4,3,2,2,6,5,2,5,1,5,6,2,2,2,6,4,5,2,1,1,5,6,1,1,1,6,5,5.17,1.83,2,1.5,3.31,1,1,1,0,0,0,1,1,3,1,2,1,1,2,2,1,1,1,2,1.545455,2,1,1,2,1,1,1,1,1,2,3,2,1,1,1,2,3,1,2,1,1,2,1.181818,1.8,3,4,4,3,3,2,3,2,2,3,2,2,33,0,1,3,3,0,2,0,0,1,4,0,1,1,1,2,2,2,2,0,0,5,0.5714286,1.428571,2.285714,1.428571,3,3,3,3,1,3,1,1,2,3,2,4,4,2,4,2,2,3,2,2,2,1,3,1,4,2,4,2,2,3,2,2,2,3,2,2,2,1,3,1.833333,3.2,2,2.8,2.333333,2.333333,2,2.405406,3,5,4,5,5,4,5,3,4,4,5,5,2,3,5,4,5,2,4,4,4,85,2,4,3,4,3,3,5,2,3,2,4,3,2,2,2,3,3,1,4,2,3,4,60,"None, thank you!",28,Male,White,Full-Time,545
628c2454c8c66010dd87391d,44900.82046,44900.83645,0,,100,1380,1,44900.83646,R_302ilX7NfrG1U8k,,,anonymous,EN,1,1,628c2454c8c66010dd87391d,5,5,2,4,1,1,6,5,3,2,3,6,6,4,5,1,6,6,2,2,1,6,4,6,2,3,1,2,6,3,2,1,6,4.83,5.67,2.67,3,1.33,2.92,2,2,2,1,1,0,1,3,3,1,2,1,2,3,1,2,1,3,3,2,1,2,1,2,2,1,1,1,1,2,2,1,2,1,2,1,3,1,1,1,1,2,1.181818,1.7,3,5,4,4,5,5,4,3,1,4,2,2,42,5,0,3,5,0,0,4,0,0,1,0,1,5,1,2,3,0,2,2,1,3,0.2857143,3.571429,1.571429,1.809524,5,5,1,5,2,2,0,0,2,3,2,1,1,3,1,1,5,4,2,4,3,1,5,2,4,5,2,1,2,4,4,3,1,5,2,1,4,1,4,1.5,1.6,3.166667,3.6,3.333333,3,2.333333,2.648649,5,3,5,4,4,4,5,2,5,5,3,4,5,5,5,4,4,5,2,4,4,87,5,5,5,5,4,4,4,1,4,4,3,3,5,4,4,5,5,4,3,2,3,4,82,NA,32,Male,White,Unemployed (and job seeking),1384
628e0063fa56e316da2a71cb,44900.66596,44900.71194,0,,100,3973,1,44900.71196,R_3dLLdWMcfCwGDWS,,,anonymous,EN,1,1,628e0063fa56e316da2a71cb,4,5,2,3,3,1,4,5,3,2,2,4,5,2,4,3,5,3,5,5,2,6,3,3,4,4,4,4,2,4,4,5,6,4,3.83,3.33,3.67,3.17,0.53,3,3,3,1,0,1,1,3,2,2,1,2,2,1,2,2,3,3,1,1.909091,1,2,2,2,3,2,2,2,2,2,3,2,1,2,1,3,1,2,2,3,1,2,1.818182,2.1,2,4,4,2,1,2,2,2,2,2,2,2,27,2,2,4,2,2,1,2,3,1,4,2,0,2,5,1,3,2,3,2,4,2,2.857143,2.428571,1.714286,2.333333,3,4,2,2,1,4,3,4,4,4,4,5,5,4,3,2,2,1,2,1,2,2,3,1,4,3,4,3,4,3,2,1,2,2,1,3,1,1,2.75,3.333333,4.2,1.666667,3,3,1.666667,1.666667,2.72973,1,1,2,2,2,2,1,4,3,3,1,2,3,2,2,2,2,1,2,2,2,42,1,1,1,2,1,1,3,1,1,1,2,1,1,1,1,2,1,2,1,1,2,4,28,NA,47,Male,White,Other,3997
628e565e37a823270e7c996e,44902.41992,44902.43586,0,,100,1376,1,44902.43587,R_2vl9doVEDaDGhZu,,,anonymous,EN,1,1,628e565e37a823270e7c996e,3,1,3,5,6,1,5,4,4,2,6,6,4,5,5,3,5,4,5,6,6,6,6,5,2,2,4,4,1,4,3,2,6,4.83,3.17,3.83,3.83,4.5,-0.06,6,6,6,1,0,1,1,3,1,2,2,2,1,1,1,1,2,1,2,1.454545,1,1,1,1,1,1,2,1,1,3,3,1,1,1,1,3,1,1,1,1,1,2,1.090909,1.6,1,2,4,1,3,1,3,1,1,1,1,2,21,4,6,1,5,0,3,5,4,1,4,1,4,5,3,3,5,4,5,3,6,5,3.428571,4.428571,3.142857,3.666667,4,2,3,1,1,1,0,1,1,3,5,5,1,4,5,4,4,4,4,4,5,4,3,3,1,1,3,4,4,4,5,4,2,3,4,4,4,1,2.5,1.166667,4,4.166667,2.2,4.333333,3,4,3.108108,5,5,5,5,5,5,4,5,5,1,5,5,4,2,4,1,4,3,4,1,2,80,1,1,1,2,1,1,1,1,1,2,3,1,1,1,1,2,1,1,1,1,1,4,26,NA,28,Female,White,DATA_EXPIRED,1388
628e5f283594e1a48a04886f,44900.68662,44900.69898,0,,100,1068,1,44900.69899,R_1EjpX4MeDprNaHj,,,anonymous,EN,1,1,628e5f283594e1a48a04886f,6,6,2,3,5,1,6,6,6,2,2,6,6,4,5,4,6,6,2,4,4,6,6,5,4,1,2,5,6,4,2,3,6,5.83,5.83,3.67,2.83,3.33,2.56,2,2,2,1,0,1,1,3,3,1,2,1,1,1,1,1,1,3,2,1.545455,1,1,1,2,1,1,1,1,1,1,1,1,1,1,1,1,1,1,1,1,1,2,1,1.1,1,3,4,1,4,2,4,1,1,1,2,3,27,2,1,3,6,0,0,1,0,0,6,0,6,5,1,3,6,2,3,5,2,5,0.8571429,4.428571,2.857143,2.714286,3,5,5,5,1,0,0,0,0,0,4,3,5,5,5,5,5,5,5,3,5,4,5,4,5,3,3,5,3,5,5,2,4,4,5,5,2,1,4.5,0.1666667,4.4,4.5,4,4.333333,3.333333,4,3.594594,5,5,5,5,5,5,5,3,4,4,5,5,4,4,5,4,5,3,4,4,4,93,2,4,1,4,4,2,4,1,1,1,1,2,1,1,1,2,1,1,1,1,1,4,37,I experienced no technical difficulties and sincerely thank you for the opportunity to participate!,31,Male,White,Part-Time,1074
628f700669d5f6e4e33c8d8e,44908.3575,44908.37289,0,,100,1329,1,44908.37291,R_RqqcOo3yrdPrTSp,,,anonymous,EN,1,1,628f700669d5f6e4e33c8d8e,4,5,4,4,5,4,4,4,4,4,4,4,5,5,4,5,5,5,5,5,4,4,5,5,5,5,5,5,5,4,5,5,6,4.5,4.83,4.5,4.5,4.67,0.11,2,2,2,1,0,1,0,2,4,2,3,3,2,2,2,2,2,2,3,2.454545,1,1,1,1,1,1,1,1,1,1,1,1,1,1,1,1,1,1,1,1,1,2,1,1,1,4,1,1,1,3,1,1,1,1,1,1,17,5,4,1,5,4,5,5,1,1,5,5,1,5,3,4,4,5,1,5,2,4,3.428571,4.857143,2.428571,3.571429,0,0,0,0,5,5,1,2,5,5,5,5,0,0,5,0,0,0,0,0,0,1,0,0,0,0,0,0,0,0,0,0,0,0,4,3,3,1,0,3.833333,3,0.1666667,0,0,0,3.333333,1.324324,3,3,3,3,3,3,2,1,2,2,2,4,1,3,2,1,3,4,4,2,3,54,2,2,1,2,2,2,3,1,2,2,2,2,1,4,2,2,1,1,2,2,3,4,41,Way too many questions per category,70,Male,White,DATA_EXPIRED,1335
628fb69f72e574bb9a8c1a47,44900.6787,44900.69603,0,,100,1496,1,44900.69604,R_2PnhrXza87Nwo1z,,,anonymous,EN,1,1,628fb69f72e574bb9a8c1a47,3,5,2,4,5,1,3,5,4,4,4,5,5,5,5,6,5,6,5,6,5,6,3,5,6,5,5,5,4,4,3,6,6,4,5,4.33,4.5,5.17,-0.17,5,5,5,1,1,0,0,2,3,2,3,2,2,3,2,3,2,3,2,2.454545,1,1,2,2,1,1,1,1,2,2,1,1,2,1,1,2,1,1,1,1,1,2,1,1.6,2,4,5,4,4,3,4,3,3,2,3,4,41,3,1,2,3,0,2,3,0,1,5,1,4,4,2,1,2,2,3,2,1,2,1,3.142857,2.142857,2.095238,2,3,3,3,1,2,2,1,1,1,4,4,3,4,5,3,3,4,4,3,3,3,2,0,3,3,3,4,4,3,3,2,3,4,4,4,3,1,2.75,1.333333,4,3.333333,2.2,3.333333,3,3.666667,2.891892,4,4,4,4,5,5,4,4,4,4,5,5,5,4,3,3,4,2,4,3,4,84,2,3,2,3,2,1,3,1,1,1,3,3,1,1,2,3,3,1,2,1,3,4,42,NA,37,Male,White,Full-Time,1502
6291861f8937c6bd60637cf8,44900.86546,44900.87797,0,,100,1080,1,44900.87799,R_7QElZAV2Xi2FZpD,,,anonymous,EN,1,1,6291861f8937c6bd60637cf8,3,5,3,3,5,1,4,5,5,2,4,2,5,5,4,6,3,4,4,5,6,6,3,5,4,5,4,1,1,4,5,6,6,2.67,4.17,4.17,4,5.17,-1.03,7,7,7,1,0,0,1,2,3,3,2,2,1,2,2,2,2,4,2,2.272727,1,1,1,2,1,1,1,1,1,1,1,1,1,1,1,1,1,1,1,1,1,2,1,1.1,3,1,3,4,2,2,1,1,2,2,3,1,25,5,5,4,6,3,1,4,2,3,4,0,5,5,5,3,5,5,2,5,6,2,3.714286,4.857143,2.857143,3.809524,2,3,1,0,5,4,2,3,3,4,2,2,4,1,4,1,0,1,0,0,1,0,0,0,0,0,0,0,0,0,1,0,0,2,5,3,4,1,1.5,3.5,2.6,0.3333333,0,0.3333333,0.6666667,4,1.567568,4,5,2,5,5,5,4,3,5,4,5,4,4,4,5,3,4,3,4,4,4,86,2,3,2,2,3,4,1,5,3,3,3,4,3,2,3,4,5,4,4,4,4,4,68,NA,35,Male,Asian,DATA_EXPIRED,1101
62926b2bba027005e0a84475,44900.66522,44900.67823,0,,100,1124,1,44900.67825,R_ZIx6QAGfc7A6hzj,,,anonymous,EN,1,1,62926b2bba027005e0a84475,6,6,1,3,1,1,6,5,2,2,1,6,6,2,6,2,6,6,3,5,1,6,6,6,5,2,1,6,3,3,3,2,6,6,5.33,2.67,3.5,1.33,3.17,2,2,4,0,0,0,1,1,3,1,2,1,1,1,2,1,1,2,1,1.454545,1,1,1,1,1,1,1,1,2,1,2,1,1,1,1,1,1,1,1,1,1,2,1,1.2,1,2,4,1,3,2,2,2,1,2,1,1,22,4,1,4,5,0,2,3,1,1,5,5,5,3,1,4,6,4,1,3,4,3,2.285714,4.142857,2.857143,3.095238,4,5,5,4,5,1,3,1,1,4,1,2,4,4,3,4,4,3,4,4,4,5,4,1,4,2,4,4,4,4,4,4,4,4,5,5,4,1,4.5,2.5,2.8,4,3,4,4,4.666667,3.567568,4,5,5,5,5,3,4,4,5,4,5,4,3,5,4,2,5,4,4,4,4,88,2,3,2,3,2,2,4,1,2,2,3,3,1,2,2,4,3,4,5,1,1,4,52,NA,69,Male,White,Full-Time,1135
62950797c66ad6f3715bb6e6,44900.66601,44900.68113,0,,100,1307,1,44900.68115,R_25yDzzLfar82Zeu,,,anonymous,EN,1,1,62950797c66ad6f3715bb6e6,3,3,5,4,5,1,4,5,5,4,2,3,3,5,4,4,5,5,6,5,3,6,5,6,5,5,3,4,1,3,6,5,6,4,3.83,4.83,4.67,3.67,-0.47,7,7,7,1,1,1,0,3,4,2,4,4,2,4,2,4,2,4,4,3.272727,1,1,1,1,1,1,1,1,1,1,2,1,1,1,1,1,1,1,1,1,1,2,1,1.1,2,2,5,2,4,4,5,1,1,2,2,2,32,1,4,5,3,2,5,4,2,5,4,4,4,3,2,5,1,1,5,2,3,5,2.571429,2.571429,4.857143,3.333333,4,4,4,4,3,1,2,2,1,2,2,4,4,4,2,3,3,4,3,4,3,3,4,2,3,4,3,3,4,3,4,1,2,4,4,4,4,1,4,1.833333,3.2,3.333333,3.2,3.666667,2.333333,4,3.108108,4,4,4,4,4,4,4,4,2,2,4,4,4,4,4,2,4,2,4,4,4,76,2,2,2,2,2,2,4,2,2,2,2,2,2,2,2,2,2,2,4,2,2,4,46,Have a great day!,57,Male,White,DATA_EXPIRED,1325
62952c60095ebfbdca7ec2ac,44901.50745,44901.54089,0,,100,2889,1,44901.5409,R_2bI77kR6doEkKUd,,,anonymous,EN,1,1,62952c60095ebfbdca7ec2ac,5,5,1,3,5,1,5,5,4,3,4,6,5,3,5,3,5,5,3,5,3,6,6,5,2,5,2,2,4,4,4,4,6,4.83,4.83,2.83,4.17,3.5,1.33,5,4,5,1,1,0,1,3,4,1,3,2,2,2,2,1,2,3,2,2.181818,1,2,2,2,3,2,1,2,2,3,2,2,2,2,1,3,2,2,3,2,2,2,1.727273,2.4,3,4,4,3,4,3,4,3,2,4,4,3,41,0,1,3,4,0,3,1,0,2,5,2,3,3,1,4,4,1,4,2,1,4,0.8571429,2.714286,3.285714,2.285714,4,5,4,4,2,1,0,2,1,1,0,1,4,4,1,4,4,4,4,4,4,4,4,4,4,4,4,4,4,5,4,4,4,4,4,4,4,1,4.25,1.166667,2,4,4,4.333333,4,4,3.324324,5,5,5,5,5,5,5,5,5,5,5,5,5,5,5,5,5,3,5,5,5,103,1,2,1,3,2,2,4,1,1,1,3,4,1,1,3,5,1,1,4,1,1,4,43,NA,29,Male,Mixed,Full-Time,2893
62976e7114308ee7c69d10ae,44900.92403,44900.93186,0,,100,677,1,44900.93188,R_3p5dvfQpGJ8eTwn,,,anonymous,EN,1,1,62976e7114308ee7c69d10ae,4,4,1,1,1,1,5,4,3,1,1,4,4,3,4,1,4,6,2,1,1,5,5,5,2,3,1,1,6,2,1,1,6,3.83,4.83,2.17,1.83,1,2.67,1,1,1,0,0,0,1,1,4,3,3,1,2,2,2,2,2,4,3,2.545455,1,1,4,1,1,1,1,1,1,1,1,1,1,1,1,1,1,1,1,1,1,2,1,1.3,1,3,5,1,2,1,5,1,1,1,1,1,23,1,0,1,1,0,1,1,0,1,1,0,0,1,0,1,1,2,0,1,0,0,0.2857143,1,0.5714286,0.6190476,3,2,2,2,4,3,3,4,5,5,5,5,4,3,5,2,2,2,2,2,2,2,2,2,2,2,2,2,2,2,2,2,2,2,3,2,3,1,2.25,4,4.4,2,2,2,2,2.666667,2.72973,4,5,5,5,5,5,5,5,5,5,5,5,4,5,5,4,5,3,4,5,5,99,1,2,1,3,2,1,3,1,1,1,3,2,1,1,3,2,2,2,2,1,1,4,36,NA,40,Male,White,"Not in paid work (e.g. homemaker', 'retired or disabled)",692
6297d4ad03a1830f21d22cb1,44901.44056,44901.45449,0,,100,1204,1,44901.45451,R_3mld4AwzRyNdZfq,,,anonymous,EN,1,1,6297d4ad03a1830f21d22cb1,5,5,1,2,2,1,6,5,2,2,2,5,5,2,3,1,5,5,2,2,2,6,5,5,2,1,1,2,5,4,3,1,6,4.67,5,2.17,2.17,1.5,2.89,1,1,1,0,0,0,1,1,2,2,2,1,2,1,2,2,2,1,2,1.727273,2,3,3,3,3,2,2,2,2,3,3,1,2,2,2,3,3,2,3,2,1,2,1.909091,2.8,1,2,4,1,2,2,2,1,2,2,4,1,24,2,1,2,5,0,1,5,1,1,6,1,1,4,1,1,5,4,2,5,0,1,1.142857,4.571429,1.285714,2.333333,4,3,3,3,3,3,2,2,3,3,3,4,3,4,3,1,2,3,3,4,3,3,3,4,4,4,3,3,2,3,4,3,3,2,3,4,4,1,3.25,2.666667,3.4,3,3.6,3,2.666667,3.666667,3.081081,2,4,4,4,4,4,4,2,4,4,4,5,2,2,4,1,4,2,4,2,2,68,2,2,2,4,2,2,4,2,2,2,2,2,2,2,2,4,2,2,4,1,4,4,51,NA,41,Female,White,DATA_EXPIRED,1212
6298df7da7b45df1b730d3aa,44900.66983,44900.67752,0,,100,665,1,44900.67754,R_3CIA89R4MZwlEQq,,,anonymous,EN,1,1,6298df7da7b45df1b730d3aa,6,5,6,4,5,1,5,6,6,5,6,5,5,5,6,6,5,5,6,5,5,5,5,6,5,5,5,6,6,6,6,4,6,5.33,5.5,5.67,5.17,5.17,0.08,7,7,6,1,1,1,0,3,3,2,4,3,2,4,1,2,2,4,2,2.636364,1,2,2,2,1,1,1,1,1,2,1,3,1,3,4,2,2,1,2,3,3,2,2.090909,1.6,4,4,3,3,3,4,5,2,4,4,4,5,45,5,4,4,6,0,0,5,0,4,5,0,6,1,0,6,3,0,5,4,0,2,0.5714286,4.142857,3.857143,2.857143,4,3,3,4,2,2,1,1,4,0,1,1,4,5,1,4,4,4,3,4,3,3,4,4,4,4,4,5,5,3,4,4,4,4,3,5,4,5,3.5,1.666667,2.4,3.5,4,4,4,4,3.297297,5,5,5,5,5,5,4,5,4,4,5,5,5,5,5,4,5,3,4,5,4,97,4,4,3,4,2,3,4,4,4,3,4,2,4,4,4,3,2,1,4,1,5,4,69,NA,21,Male,White,Part-Time,672
629a4709039b1725f3a0727a,44900.73314,44900.74891,0,,100,1362,1,44900.74892,R_11i8Gu2rz5C0Qdk,,,anonymous,EN,1,1,629a4709039b1725f3a0727a,4,4,4,3,3,1,4,5,2,4,3,6,5,4,5,2,2,3,3,4,3,6,6,4,1,2,4,1,3,3,3,3,6,3.83,4,2.83,3.5,3,0.81,5,3,6,1,1,0,1,3,3,2,2,2,2,3,1,3,1,4,3,2.363636,1,1,1,1,1,1,1,1,1,1,1,1,1,1,1,2,1,1,1,1,1,2,1,1.1,3,4,4,4,4,4,1,2,1,1,1,1,30,0,6,6,0,5,6,0,4,6,0,4,4,0,3,6,0,4,1,0,6,6,4.571429,0,5,3.190476,5,5,0,3,2,2,0,0,3,5,1,2,1,3,0,3,3,3,5,3,2,3,5,5,5,0,5,2,1,2,1,3,0,4,5,4,4,1,3.25,2,1.4,3.166667,4,1.333333,2.333333,4.333333,2.702703,5,5,5,5,5,5,5,5,5,5,5,5,5,5,5,5,5,1,5,5,5,101,1,4,1,1,1,1,4,1,1,1,1,1,1,1,4,5,4,1,4,1,1,4,40,NA,42,Female,White,Full-Time,1374
629e2781136f152f6592f171,44900.69396,44900.70409,0,,100,875,1,44900.7041,R_R9UgWWtMzed18zv,,,anonymous,EN,1,1,629e2781136f152f6592f171,5,4,3,4,3,1,3,4,4,4,3,5,5,5,3,4,4,5,3,4,5,6,6,5,5,6,5,5,1,2,5,1,6,4.67,4,3.67,4.33,3.5,0.5,2,2,3,0,0,0,1,1,5,4,5,2,3,5,4,5,4,5,5,4.272727,2,3,2,4,1,2,2,2,3,2,1,1,3,1,2,1,3,2,4,2,1,2,1.818182,2.4,4,4,4,5,5,5,4,4,5,5,5,5,55,1,2,5,2,0,4,4,0,5,3,6,6,1,0,4,3,2,4,4,0,6,1.428571,2.571429,4.857143,2.952381,3,5,2,4,4,3,2,4,1,1,1,2,2,3,1,5,4,3,3,3,3,3,2,3,2,5,2,3,3,3,2,3,3,3,3,2,3,1,3.5,2.5,1.8,3.166667,2.8,2.666667,3,2.666667,2.810811,5,5,4,4,5,5,4,5,4,5,4,5,4,4,4,3,4,4,4,3,4,89,2,4,2,4,2,2,2,4,5,1,2,4,1,2,4,2,3,2,4,1,2,4,55,Some of the questions were quite repetitive especially in the last few pages and were pretty much asking about the same idea.,28,Male,White,DATA_EXPIRED,881
629f635b502fb63b91605574,44907.59162,44907.60697,0,,100,1326,1,44907.60698,R_3g0jU5YvXH6YJ7e,,,anonymous,EN,1,1,629f635b502fb63b91605574,5,1,2,6,6,1,2,5,3,1,5,6,6,6,5,6,5,6,5,6,6,6,6,2,1,6,6,1,1,1,5,6,6,4.17,3.5,3,4.83,5.83,-0.72,7,7,6,1,0,0,1,2,4,4,2,1,2,1,1,1,2,1,4,2.090909,1,1,1,3,1,1,1,1,1,1,1,1,1,1,1,3,1,1,1,1,1,2,1,1.4,1,5,2,1,2,1,4,1,1,3,1,1,23,6,4,6,6,0,4,4,6,1,6,5,4,5,6,4,1,6,3,5,6,5,4.714286,4.714286,3.857143,4.428571,5,5,5,5,1,1,0,1,3,3,5,5,5,5,4,5,5,5,5,1,5,5,5,5,3,0,4,2,2,1,1,0,1,3,5,5,4,1,5,1.5,4.8,4.333333,3.4,1.333333,1.333333,4.666667,3.378378,5,5,5,5,5,4,4,5,5,5,5,5,5,5,5,2,5,1,4,5,1,91,1,3,1,3,1,1,4,1,1,1,1,1,1,1,1,4,1,1,4,1,1,4,34,NA,39,Female,White,DATA_EXPIRED,1338
62a1e0fa590f6a0427492e41,44902.91734,44902.93291,0,,100,1345,1,44902.93294,R_u2grYUbjDzTm8jD,,,anonymous,EN,1,1,62a1e0fa590f6a0427492e41,2,1,2,2,5,1,4,1,2,2,2,2,2,2,3,6,3,3,5,5,5,6,4,3,3,6,6,3,1,3,4,6,6,3,1.83,2.83,3.67,5,-1.42,7,7,7,1,1,1,1,4,3,1,3,2,2,2,2,3,3,3,3,2.454545,2,3,3,1,4,2,2,3,2,2,2,3,2,2,2,2,3,2,2,2,2,2,2.272727,2.3,4,5,4,3,4,4,3,4,5,4,5,3,48,1,3,3,5,1,3,4,3,1,5,1,3,4,6,3,2,5,3,5,3,2,3.142857,3.714286,2.571429,3.142857,3,3,2,3,3,2,2,2,2,2,2,3,2,2,2,1,1,4,2,3,1,3,4,2,3,3,3,2,3,3,3,2,1,2,4,3,2,1,2.75,2.166667,2.2,2.333333,3,3,1.666667,3,2.432432,4,3,5,3,3,4,3,3,3,3,4,5,3,4,4,2,4,3,4,4,3,74,2,4,3,3,3,3,2,2,2,3,3,3,3,3,3,3,3,2,3,3,2,4,58,NA,44,Male,White,DATA_EXPIRED,1372
62a4b2a2831b53dc1beeaab3,44907.68845,44907.69804,0,,100,828,1,44907.69806,R_3kpGeGuUJLiIL94,,,anonymous,EN,1,1,62a4b2a2831b53dc1beeaab3,4,5,4,4,5,1,5,5,4,4,5,5,4,4,5,6,6,6,6,6,6,6,3,6,2,6,6,6,1,3,5,6,6,4.83,4.5,3.83,5,5.67,-0.17,6,6,6,1,1,1,0,3,3,3,3,2,2,2,2,3,2,1,2,2.272727,1,1,1,1,1,1,2,1,1,1,1,1,1,1,1,2,1,1,1,1,2,2,1.181818,1.1,2,4,4,3,4,4,4,2,2,2,2,3,36,5,5,5,6,5,2,4,4,1,4,5,1,5,6,3,4,5,2,4,5,1,5,4.571429,2.142857,3.904762,4,3,3,4,1,2,1,1,1,1,2,2,4,4,2,3,3,4,4,4,3,3,2,2,3,4,3,4,3,3,2,2,2,4,3,4,4,1,3.5,1.166667,2.8,3.5,2.8,2.666667,2.666667,3.666667,2.810811,4,4,4,4,4,4,4,4,4,4,4,4,4,4,4,4,4,3,4,4,3,82,3,3,3,3,3,3,4,3,3,3,3,3,3,3,3,3,3,2,3,3,3,4,63,NA,43,Female,White,DATA_EXPIRED,836
62a720d11331233ff4d813d5,44901.14427,44901.1587,0,,100,1246,1,44901.15872,R_1Iv0qCeGQwAwx7w,,,anonymous,EN,1,1,62a720d11331233ff4d813d5,6,6,1,2,6,1,6,6,2,2,5,6,6,2,4,1,6,6,2,4,3,6,2,5,2,2,3,2,2,1,4,1,6,4.67,5.17,1.67,3,3.17,2.31,2,2,6,0,0,0,1,1,1,1,1,1,1,1,1,2,1,1,2,1.181818,2,1,4,3,4,1,2,2,4,3,2,1,3,2,1,1,3,2,3,4,1,2,1.727273,3,2,4,2,1,1,4,1,2,2,4,4,1,28,0,0,3,3,1,4,1,0,3,0,0,4,1,0,3,1,1,4,3,1,3,0.4285714,1.285714,3.428571,1.714286,4,4,4,4,3,4,1,4,3,3,4,3,3,3,2,3,1,5,3,2,3,5,4,4,5,5,4,2,2,2,3,4,3,2,5,5,4,1,4,3,3,3.166667,4.4,2.333333,3,4.666667,3.378378,5,4,5,5,4,5,5,5,5,5,5,5,5,5,3,1,4,1,5,4,5,91,1,1,1,2,1,1,3,1,1,1,1,1,1,1,1,1,1,1,3,1,1,4,26,NA,50,Male,White,Full-Time,1252
62a733deec84f43ab19f7cca,44900.66486,44900.6816,0,,100,1446,1,44900.68161,R_1QiozwAAxYvWxzr,,,anonymous,EN,1,1,62a733deec84f43ab19f7cca,6,5,2,3,1,2,5,5,5,3,3,6,6,5,3,1,6,3,4,2,1,6,2,2,2,1,1,1,6,5,4,1,6,4.33,4.5,3.83,2.67,1.33,1.81,1,1,1,1,0,0,1,2,4,2,4,2,2,2,2,2,2,4,4,2.727273,3,2,4,4,2,2,2,1,4,2,2,2,3,2,3,2,2,2,2,2,2,2,2.090909,2.7,4,4,4,2,2,2,2,4,4,4,4,4,40,1,1,5,4,1,5,1,1,1,2,0,5,1,1,4,5,2,5,5,1,1,1,2.714286,3.714286,2.476191,2,3,3,2,2,1,2,2,2,2,0,3,3,3,3,3,3,3,3,3,3,2,2,3,3,3,3,2,2,3,3,1,1,1,0,0,2,1,2.5,1.833333,2.4,2.833333,2.8,2.666667,1,0.6666667,2.216216,2,4,4,4,2,4,4,4,4,4,4,4,4,4,4,4,4,2,4,4,4,78,4,4,2,4,4,2,2,1,2,2,4,2,4,2,4,4,4,1,1,2,2,4,57,NA,25,Female,Asian,Unemployed (and job seeking),1452
62b0b4aa5eabb603ddf7bb58,44902.33971,44902.3615,0,,100,1882,1,44902.36152,R_eqCu62EFm97Mk5H,,,anonymous,EN,1,1,62b0b4aa5eabb603ddf7bb58,6,6,4,6,6,1,6,6,4,4,5,6,6,6,6,4,6,6,2,5,5,6,6,6,5,2,2,3,5,3,4,1,6,5.5,5.83,4,4.5,3.83,1.56,1,1,1,1,0,0,1,2,3,2,1,1,1,1,1,1,1,1,1,1.272727,2,3,2,2,2,2,2,1,2,1,2,2,2,3,2,1,2,1,1,2,1,2,1.909091,1.7,5,5,4,4,5,5,5,5,2,5,4,4,53,6,6,6,6,3,6,6,6,6,6,6,6,6,6,6,6,6,6,6,6,6,5.571429,6,6,5.857143,5,5,5,3,4,3,3,4,4,3,2,1,1,2,1,3,1,1,1,1,1,2,3,3,4,4,3,2,1,2,3,1,1,3,1,5,5,1,4.5,3.5,1.4,1.166667,3.4,2,1.666667,3.666667,2.621622,5,5,5,5,5,5,5,5,5,5,5,5,5,5,5,5,5,5,5,5,5,105,2,5,2,5,5,5,5,2,2,2,5,2,2,2,5,2,2,3,4,2,5,4,69,Very interesting study!,62,Female,White,Full-Time,1889
62b0ff84054c6ca32f481c65,44900.69281,44900.71385,0,,100,1817,1,44900.71388,R_33qWfwNVPPN1smZ,,,anonymous,EN,1,1,62b0ff84054c6ca32f481c65,6,6,6,6,6,1,6,6,6,6,6,6,6,6,6,6,6,6,6,6,6,6,6,6,6,6,6,6,6,6,6,6,6,6,6,6,6,6,0,4,4,4,1,1,0,1,3,1,5,1,5,2,1,2,2,2,1,1,2.090909,1,1,1,1,1,1,1,1,1,1,1,1,1,1,1,1,1,1,1,1,1,2,1,1,1,1,1,1,1,1,1,1,1,1,1,1,12,6,6,6,6,0,4,6,0,6,6,6,1,6,6,6,6,6,6,6,6,6,4.285714,6,5,5.095238,0,0,5,0,5,0,0,5,0,5,5,5,5,5,5,0,0,5,5,5,0,5,0,5,0,2,0,2,5,2,0,2,5,0,5,0,5,1,1.25,2.5,5,3.333333,1.4,2.333333,2.333333,3.333333,2.648649,5,5,5,5,5,5,5,5,5,5,5,5,5,5,5,5,5,5,5,5,5,105,3,3,3,3,3,3,3,3,3,3,3,3,3,3,3,3,3,3,3,3,3,4,63,"the last page is very confusing i still don’t fully understand alot of the questions but did my best i could, just felt like i was answering wrong with the questions  even with the explanation",44,Female,White,Full-Time,1823
62b10d376cda94ec0cd6c1e3,44900.79132,44900.80207,0,,100,928,1,44900.80208,R_3oBG15E7uI2qvbJ,,,anonymous,EN,1,1,62b10d376cda94ec0cd6c1e3,6,5,2,4,3,1,5,6,6,3,5,6,6,5,6,4,5,6,1,5,3,6,5,3,2,6,4,1,4,3,4,5,6,4.67,5,3.17,4.67,4,0.89,2,2,2,1,0,1,0,2,3,1,2,1,1,2,1,2,1,2,3,1.727273,2,2,3,4,1,1,2,2,4,2,2,1,4,2,1,2,3,1,3,1,1,2,1.454545,2.8,4,5,4,5,5,3,5,4,3,3,3,2,46,4,0,6,6,0,5,5,1,3,4,6,5,5,0,4,5,0,5,5,2,5,1.285714,4.857143,4.714286,3.619048,4,3,1,4,2,5,1,3,5,5,4,5,0,1,2,1,2,5,3,1,1,0,1,1,2,0,0,0,0,3,1,0,0,1,3,0,5,1,3,3.5,2.4,2,0.8,1.333333,0.3333333,2.666667,2.027027,5,5,4,5,5,5,4,5,5,5,4,5,5,5,5,3,4,2,4,5,5,95,2,4,3,5,4,4,3,1,3,4,1,4,4,3,4,5,3,1,1,1,4,4,64,NA,27,Male,Asian,Other,934
62b1124d6586a24a48ffe1d5,44901.62656,44901.6434,0,,100,1455,1,44901.64343,R_2xW57XaqAQGHLhu,,,anonymous,EN,1,1,62b1124d6586a24a48ffe1d5,6,5,3,3,3,1,6,5,4,3,3,6,6,4,5,1,5,6,4,4,2,6,6,5,4,3,2,3,2,2,4,1,6,5.33,4.83,3.5,3.67,2,2.03,2,2,2,1,0,0,1,2,3,2,2,1,2,2,1,2,1,2,3,1.909091,2,1,1,2,2,1,1,1,3,2,2,1,2,1,2,3,2,1,3,1,1,2,1.181818,2.2,3,4,5,2,5,4,5,2,2,2,2,2,38,6,3,6,6,2,4,6,4,3,5,6,2,6,6,4,6,6,6,5,6,6,4.714286,5.714286,4.428571,4.952381,4,4,3,4,2,1,1,3,3,2,2,3,3,2,3,3,3,4,3,3,3,3,4,4,4,4,4,3,4,4,2,4,3,2,3,4,2,1,3.75,2,2.6,3.166667,4,3.333333,3,3,3.054054,4,4,4,5,5,3,3,3,4,3,5,4,4,4,4,2,4,3,4,4,4,80,2,4,2,4,3,1,5,1,1,1,4,2,1,1,3,2,2,3,4,1,3,4,50,Very interesting. Thank you.,66,Female,White,Part-Time,1463
62b1ed31eaaaa61b18c69032,44901.34345,44901.35473,0,,100,974,1,44901.35475,R_2WSG5OZwLmtlgDU,,,anonymous,EN,1,1,62b1ed31eaaaa61b18c69032,6,6,2,6,6,1,6,6,6,1,6,6,6,6,4,4,6,6,3,6,6,6,6,4,4,6,6,5,1,3,5,3,6,5.83,4.83,4,4.67,5.17,0.72,6,6,6,1,1,0,1,3,3,2,2,2,1,2,2,1,2,2,4,2.090909,1,2,1,3,1,2,1,1,2,1,2,1,2,1,2,3,1,1,1,1,1,2,1.272727,1.7,3,4,4,5,4,2,5,1,1,1,2,3,35,6,6,6,6,6,0,5,6,3,4,1,6,6,6,3,3,6,6,3,6,4,5.285714,4.714286,4,4.666667,5,4,4,5,1,1,0,2,3,4,3,2,1,1,4,2,4,0,2,2,3,4,3,5,0,4,4,4,1,1,3,3,2,4,3,1,1,1,4.5,1.833333,2.2,2.5,3.2,1.666667,3,1.666667,2.594594,4,5,5,5,5,5,5,5,5,3,5,5,5,3,5,3,5,5,5,3,3,94,1,4,1,4,2,1,1,1,1,1,4,1,1,1,1,4,1,1,1,1,1,4,34,NA,35,Female,White,Full-Time,991
62b22b4268ca4781051b13a3,44900.7698,44900.77601,0,,100,535,1,44900.77602,R_e3uNcUZ1KnL59Hb,,,anonymous,EN,1,1,62b22b4268ca4781051b13a3,5,5,1,5,2,4,4,6,4,4,3,5,5,4,6,1,4,5,1,5,2,5,3,5,1,2,2,1,2,1,4,1,6,3.67,4.67,2,4.33,1.83,1.44,2,2,2,0,1,0,0,1,4,2,4,1,2,3,2,4,4,2,4,2.909091,1,1,1,2,1,1,1,1,1,1,1,1,1,1,1,2,2,1,2,1,1,2,1,1.4,4,5,4,4,4,4,5,1,1,2,1,2,37,0,0,5,1,0,2,0,0,1,1,1,6,1,0,3,1,5,3,0,0,4,0.8571429,0.5714286,3.428571,1.619048,3,4,3,3,1,3,2,4,1,2,2,2,3,3,3,3,3,1,3,1,3,2,4,2,3,3,3,3,3,3,3,3,1,3,3,2,4,1,3.25,2.166667,2.6,2.166667,3,3,2.333333,3,2.648649,5,4,5,5,5,5,5,4,4,5,5,5,5,5,5,4,5,4,5,5,5,100,3,2,2,3,1,1,5,1,1,1,3,1,1,1,3,1,2,1,1,1,1,4,36,NA,20,Female,Asian,Part-Time,540
62b35a7d9d9cd966ebcf3ef8,44900.76734,44900.78139,0,,100,1214,1,44900.78141,R_2E1az50NTsaYtiS,,,anonymous,EN,1,1,62b35a7d9d9cd966ebcf3ef8,4,3,4,6,5,1,4,5,4,4,6,6,6,3,6,5,4,5,5,6,6,6,6,6,3,5,5,6,2,5,6,5,6,5,4.5,4,5.5,5.33,-0.19,2,2,1,1,1,1,0,3,3,1,4,1,1,2,2,1,2,3,3,2.090909,2,1,2,3,1,1,1,1,2,3,1,1,2,1,1,2,1,1,1,2,1,2,1.181818,1.8,5,5,5,5,5,5,5,4,4,5,4,4,56,1,3,6,4,2,6,3,2,5,5,5,5,6,6,3,6,5,6,4,5,5,4,4.142857,5.142857,4.428571,5,5,5,5,1,0,0,1,0,2,1,3,4,3,3,5,5,4,4,4,4,5,5,5,5,5,5,2,4,5,5,3,5,3,5,5,5,1,5,0.6666667,2.8,4.333333,5,4.666667,3.666667,5,3.675676,5,5,5,5,5,5,5,4,3,4,5,5,4,4,5,1,5,2,5,2,3,87,1,3,2,3,3,2,5,1,1,2,2,1,1,1,2,4,2,2,4,1,1,4,44,NA,60,Female,White,Part-Time,1221
62b36e13ea035314c9270646,44900.67447,44900.70102,0,,100,2294,1,44900.70103,R_A4ctyPilksFiUzD,,,anonymous,EN,1,1,62b36e13ea035314c9270646,5,5,3,4,4,1,6,5,5,4,4,6,6,5,4,2,6,5,4,4,2,6,6,5,4,3,2,6,4,3,1,2,6,5.83,5,4,3.33,2.67,2.08,1,1,1,0,0,0,1,1,2,2,2,1,1,1,2,2,2,1,2,1.636364,4,3,4,3,2,2,1,2,3,3,1,2,3,1,2,3,3,2,2,3,1,2,2.090909,2.7,4,5,4,2,5,4,4,2,2,2,2,2,38,2,1,1,2,0,2,3,0,1,6,5,1,3,4,2,4,6,1,2,4,0,2.857143,3.142857,1.142857,2.380952,3,3,4,4,3,2,3,3,2,3,2,4,4,3,3,4,3,3,4,4,3,4,2,3,5,5,4,4,5,5,4,4,4,4,3,3,4,1,3.5,2.666667,3.2,3.5,3.8,4.666667,4,3.333333,3.513514,5,4,5,4,4,4,4,4,4,4,4,4,3,3,4,2,4,3,5,4,4,82,5,4,5,4,4,1,4,1,2,4,4,2,2,2,5,4,4,4,4,1,4,4,70,NA,27,Male,Asian,Full-Time,2299
62b601e089d3d1134aed066b,44900.70713,44900.71418,0,,100,608,1,44900.71419,R_zfkkihRVrpqEETf,,,anonymous,EN,1,1,62b601e089d3d1134aed066b,5,5,1,1,1,1,6,5,2,1,1,6,6,1,6,1,6,6,4,4,1,6,6,6,3,1,1,3,1,1,4,1,6,5.33,4.83,2,2.83,1,3.14,1,1,1,0,0,0,1,1,2,1,1,1,1,1,1,1,1,1,1,1.090909,1,1,1,1,1,1,1,1,1,1,1,1,1,1,1,1,1,1,1,1,1,2,1,1,1,4,5,1,4,4,4,1,1,1,1,1,28,4,0,2,6,0,0,6,0,1,6,0,1,6,0,2,5,6,2,5,0,0,0.8571429,5.428571,1.142857,2.476191,5,5,5,5,1,0,1,2,2,5,5,5,5,5,5,5,5,5,5,4,5,5,5,4,4,5,5,5,5,5,5,5,4,5,5,5,5,1,5,1.833333,5,4.833333,4.6,5,4.666667,5,4.378378,5,5,5,5,5,5,5,5,5,5,5,5,5,5,5,4,5,3,5,4,5,101,5,4,4,4,5,4,4,5,3,4,4,4,4,4,4,5,4,2,5,3,4,4,85,NA,70,Female,White,"Not in paid work (e.g. homemaker', 'retired or disabled)",617
62b9f3589e8d599c11a2f9fc,44900.73579,44900.75912,0,,100,2016,1,44900.75915,R_2XmrBk69T76LQUf,,,anonymous,EN,1,1,62b9f3589e8d599c11a2f9fc,6,5,4,4,5,3,6,5,6,3,5,5,5,3,5,5,4,6,5,6,6,5,2,6,5,6,5,4,2,5,6,5,6,4.5,4.83,4.67,5,5.17,-0.28,4,5,5,1,1,1,0,3,2,4,3,1,4,3,2,3,4,2,3,2.818182,1,1,1,1,1,1,1,1,1,2,1,1,2,1,1,1,1,1,1,1,1,2,1,1.2,3,3,4,3,4,4,3,3,4,3,3,4,41,6,6,1,6,6,1,4,4,3,4,6,5,6,6,4,3,6,0,6,3,3,5.285714,5,2.428571,4.238095,4,5,3,5,1,3,2,2,1,2,4,3,0,4,5,3,3,1,1,3,5,5,2,3,1,5,5,3,5,3,2,2,2,3,5,5,4,1,4.25,1.833333,3.2,3,3.2,3.333333,2.333333,4.666667,3.108108,5,5,5,5,5,5,5,5,5,5,5,5,5,5,4,5,5,5,5,5,5,104,1,3,1,2,1,4,2,1,1,1,1,1,1,1,1,1,2,1,1,2,1,4,30,It was great.,58,Male,Asian,Full-Time,2026
62bb6a26ba959335811bad0c,44902.26828,44902.27604,0,,100,670,1,44902.27606,R_3q9WicOixXPmWPu,,,anonymous,EN,1,1,62bb6a26ba959335811bad0c,4,4,1,1,2,1,4,6,4,2,1,5,6,4,4,1,3,4,5,2,1,3,5,5,1,6,1,1,1,1,1,1,6,3.67,4.33,2.67,2.67,1.17,1.83,5,6,6,0,1,0,1,2,4,1,3,5,1,3,4,2,1,2,4,2.727273,1,2,2,2,2,2,1,2,2,4,2,1,2,1,1,2,3,1,3,2,1,2,1.363636,2.4,5,4,4,4,4,4,4,4,2,4,2,4,45,1,0,1,2,0,0,0,1,1,4,2,1,0,0,1,2,0,1,1,0,3,0.4285714,1.428571,1.142857,1,3,3,3,2,4,3,2,0,1,2,4,2,2,4,2,4,3,4,3,4,3,2,3,3,4,3,3,2,3,4,4,4,2,4,4,3,4,1,2.75,2,2.8,3.166667,3.2,3.666667,3.333333,3.666667,2.972973,4,4,4,5,3,3,5,4,5,4,5,5,5,5,5,4,4,1,5,5,5,90,1,1,1,1,1,1,4,1,1,1,1,1,1,1,1,1,1,1,5,1,1,4,28,NA,23,Male,Black,Part-Time,677
62bef458a8a3337e49ea7ccd,44900.6951,44900.71957,0,,100,2113,1,44900.71958,R_cHBq7LvmymlAoxP,,,anonymous,EN,1,1,62bef458a8a3337e49ea7ccd,4,3,5,5,4,1,4,4,2,2,4,6,4,2,4,3,5,5,5,6,6,6,6,6,3,5,5,6,4,4,5,5,6,5.17,4.33,3.5,4.5,4.5,0.58,5,5,6,1,1,0,1,3,4,3,2,2,1,2,2,2,2,3,2,2.272727,1,1,3,1,1,1,1,1,1,2,1,1,1,1,1,3,1,1,1,1,1,2,1,1.5,2,2,3,1,4,3,4,2,1,3,2,4,31,5,5,6,6,2,4,4,2,5,6,5,6,6,1,2,6,6,4,3,5,6,3.714286,5.142857,4.714286,4.523809,3,4,4,3,1,1,1,1,2,2,3,2,3,3,1,3,3,3,4,4,3,4,3,3,3,4,2,4,4,3,3,4,1,3,5,3,4,1,3.5,1.333333,2.4,3.5,3,3.333333,2.666667,4,2.891892,4,4,4,4,4,4,4,4,4,3,4,4,4,4,4,3,4,2,4,4,4,80,3,4,3,3,5,3,3,4,2,2,4,3,3,2,3,4,4,2,4,4,4,4,69,NA,34,Female,Asian,Part-Time,2119
62c08fa6cab36e3a08790b49,44901.36913,44901.37794,0,,100,761,1,44901.37797,R_1Nq7sgIGruN369D,,,anonymous,EN,1,1,62c08fa6cab36e3a08790b49,5,5,1,5,4,1,1,5,3,3,5,5,4,4,5,2,6,6,4,4,4,6,5,6,5,5,4,6,1,3,2,2,6,4.67,4.5,3.33,4,3.5,0.97,2,2,5,1,0,0,1,2,2,2,3,2,2,2,2,1,1,1,2,1.818182,2,1,2,1,1,1,1,1,1,2,1,1,1,2,1,1,1,1,1,2,1,2,1.272727,1.2,4,3,2,2,3,4,4,4,4,4,3,2,39,2,1,1,5,1,1,5,1,1,5,1,4,5,1,1,5,6,1,4,1,1,1.714286,4.428571,1.428571,2.523809,4,4,3,3,2,2,2,2,2,2,1,1,3,3,3,3,4,4,3,3,3,3,4,4,4,4,4,3,3,4,3,3,4,3,4,3,4,1,3.5,2,2.2,3.333333,4,3.333333,3.333333,3.666667,3.081081,4,4,4,4,5,4,4,4,4,4,5,4,4,4,4,2,4,2,4,3,4,81,3,4,3,4,3,2,2,2,2,3,2,2,2,2,3,2,2,2,4,2,2,4,53,NA,67,Male,White,"Not in paid work (e.g. homemaker', 'retired or disabled)",778
62c30d738badf86bc0875490,44900.72391,44900.73551,0,,100,1002,1,44900.73552,R_1P0hHpP6qbl2Eey,,,anonymous,EN,1,1,62c30d738badf86bc0875490,4,3,4,3,5,1,4,4,4,3,5,5,4,3,5,4,3,3,4,4,5,6,5,5,3,6,4,3,1,2,2,6,6,4,3.33,3.33,3.83,4.83,-0.33,7,7,6,1,1,0,1,3,2,3,4,3,2,1,2,2,2,2,5,2.545455,1,2,2,3,3,1,1,1,3,3,2,2,3,1,1,3,2,1,2,2,1,2,1.272727,2.6,4,5,3,4,3,3,5,5,4,3,5,4,48,3,5,4,5,2,2,5,4,4,4,5,5,5,5,4,4,6,5,3,6,5,4.714286,4.142857,4.142857,4.333333,3,5,2,3,2,2,2,2,3,2,2,2,1,2,2,2,2,4,2,2,2,2,4,3,4,4,4,2,1,3,2,3,3,3,1,2,4,1,3.25,2.166667,1.8,2.333333,3.8,2,3,2.333333,2.54054,4,5,4,5,4,4,4,3,4,4,5,4,4,4,4,3,5,3,3,3,4,83,2,3,2,3,1,1,4,1,1,1,3,1,1,1,3,4,2,2,4,2,2,4,44,NA,40,Female,Other,Full-Time,1006
62c31fe0e178fc305009b718,44900.78905,44900.80531,0,,100,1404,1,44900.80532,R_1P0hPhKvGEo29lT,,,anonymous,EN,1,1,62c31fe0e178fc305009b718,5,6,4,1,5,1,5,6,4,1,6,4,5,5,5,1,4,2,1,1,5,6,6,1,2,5,1,1,4,4,1,1,6,4.17,4,3.33,2.33,3.17,1.14,7,7,7,0,1,0,0,1,3,5,1,3,5,5,1,5,5,5,5,3.909091,3,3,3,1,1,1,3,2,3,3,1,3,4,2,3,4,2,2,3,1,2,2,2.272727,2.5,4,3,3,5,3,3,4,2,3,3,3,3,39,4,1,6,6,0,5,4,0,4,6,3,3,4,4,3,2,6,3,3,0,4,2,4.142857,4,3.380952,3,2,1,3,3,2,2,0,3,3,3,2,4,3,2,2,3,4,2,2,2,2,2,2,3,2,2,3,2,3,2,2,1,3,2,0,2,1,2.25,2.166667,2.8,2.5,2.2,2.333333,2,1.333333,2.27027,4,4,4,5,3,5,4,5,4,5,4,4,4,5,1,2,1,5,5,5,5,84,3,4,2,1,2,2,3,2,3,3,2,4,2,3,2,3,4,2,2,3,2,4,54,NA,32,Male,White,Full-Time,1410
62c345831d3aed7142af2c6f,44905.28034,44905.29383,0,,100,1165,1,44905.29384,R_10CxaHH90z5wWqj,,,anonymous,EN,1,1,62c345831d3aed7142af2c6f,3,3,5,4,4,1,6,4,5,4,3,5,4,4,4,6,5,5,5,5,4,6,5,5,5,5,5,2,3,3,4,5,6,4.33,4,4.5,4.33,4.5,-0.28,6,6,6,1,0,0,1,2,2,2,2,2,2,1,2,2,2,2,3,2,1,1,2,2,1,1,1,1,1,3,2,1,1,1,1,2,1,1,1,1,1,2,1,1.6,2,2,4,2,4,2,2,2,2,2,1,2,27,4,3,5,4,2,3,4,2,2,5,1,3,4,3,4,3,4,3,4,2,3,2.428571,4,3.285714,3.238095,4,3,4,3,3,3,2,3,2,1,1,2,2,3,3,3,3,3,3,3,3,4,3,3,4,5,4,3,3,3,4,4,3,3,4,3,3,1,3.5,2.333333,2.2,3.166667,3.8,3.333333,3.333333,3.333333,3.054054,2,5,4,3,4,4,4,4,4,4,5,5,4,4,4,2,3,3,5,2,2,77,2,3,2,2,2,2,2,1,2,2,2,3,2,1,2,4,2,2,4,1,1,4,44,NA,53,Male,White,Full-Time,1177
62c5804990baf1280e99df36,44902.36929,44902.38316,0,,100,1197,1,44902.38317,R_1Dqm5VugKeAagnc,,,anonymous,EN,1,1,62c5804990baf1280e99df36,5,6,6,6,3,1,6,6,4,2,3,6,6,4,6,3,6,6,6,6,3,6,6,6,3,4,4,1,1,2,6,2,6,5,5.17,4.17,5,3,1.03,5,4,5,1,1,1,1,4,3,2,2,1,1,1,1,2,1,2,2,1.636364,1,1,1,1,1,1,1,1,1,1,1,1,1,1,1,1,1,1,1,1,1,2,1,1,1,3,1,1,1,1,1,2,1,2,1,1,16,3,3,6,3,0,6,3,0,3,3,3,6,3,2,6,3,6,6,3,0,5,2,3,5.428571,3.476191,5,5,5,4,0,0,0,0,1,0,1,5,5,3,1,4,3,5,4,4,4,5,5,4,5,5,5,4,5,5,4,4,2,5,5,5,5,1,4.75,0.1666667,3,4.166667,4.8,4.666667,3.666667,5,3.567568,5,5,5,5,5,5,5,5,5,5,5,5,5,5,5,2,5,2,5,5,5,99,2,2,2,2,2,2,5,2,2,2,2,2,2,2,2,2,2,2,5,2,2,4,48,NA,58,Female,White,Full-Time,1205
62c71e41af2bc57590b548e8,44900.85417,44900.86605,0,,100,1026,1,44900.86606,R_2uDmrhbahnC13mz,,,anonymous,EN,1,1,62c71e41af2bc57590b548e8,5,3,1,2,3,1,3,4,2,2,1,4,5,3,4,1,3,5,2,4,2,6,5,4,2,3,1,5,3,1,3,2,6,4.17,4,1.83,3,1.67,1.92,2,2,3,0,0,0,1,1,2,3,2,2,2,2,2,2,2,2,3,2.181818,1,2,1,2,2,1,1,1,2,1,2,1,1,1,2,1,2,1,1,1,1,2,1.181818,1.5,3,3,3,3,2,2,2,2,2,2,2,1,27,2,0,1,4,0,1,2,0,1,3,1,1,4,0,2,1,0,1,2,2,3,0.4285714,2.571429,1.428571,1.47619,1,2,2,1,1,2,2,2,2,2,4,3,3,2,4,1,1,2,1,2,1,1,1,1,1,2,3,2,2,1,1,1,2,3,4,3,2,1,1.5,1.833333,3.2,1.333333,1.6,1.333333,2,3,1.918919,4,5,2,4,3,5,3,4,3,3,4,3,4,4,4,2,2,1,3,2,3,68,2,3,2,3,2,1,2,2,3,3,3,2,2,2,2,2,2,1,2,2,1,4,44,NA,41,Male,White,Full-Time,1037
62c79dafb9222348d5e5a90c,44901.22954,44901.23597,0,,100,555,1,44901.23598,R_2c6nOTFfihRxg84,,,anonymous,EN,1,1,62c79dafb9222348d5e5a90c,5,4,2,3,6,1,5,5,3,3,4,6,5,3,5,3,4,4,3,4,4,6,4,3,3,4,1,6,1,3,4,4,6,5,3.67,2.83,3.83,3.67,0.89,2,2,3,0,0,0,1,1,1,2,1,1,1,1,1,1,1,2,1,1.181818,1,1,1,1,1,1,1,1,1,1,1,1,1,1,1,1,1,1,1,1,1,2,1,1,2,4,5,2,4,4,5,1,1,2,2,3,35,0,0,5,6,0,6,1,0,2,4,0,3,4,0,3,0,0,6,3,0,6,0,2.571429,4.428571,2.333333,3,4,4,4,4,4,1,4,4,1,4,3,4,4,4,3,4,4,4,4,4,4,4,3,4,4,4,4,4,5,4,4,4,4,4,3,3,1,3.75,3,3.8,4,3.8,4.333333,4,3.333333,3.702703,3,5,4,5,5,4,5,4,4,5,4,5,4,3,3,3,3,3,4,2,2,80,2,4,2,4,4,4,2,2,2,2,4,2,4,3,2,3,2,2,2,2,2,4,56,NA,32,Male,Black,Full-Time,561
62c9bf590412b579266d4477,44900.69375,44900.72203,0,,100,2442,1,44900.72204,R_3q99qlMaqsXtQNg,,,anonymous,EN,1,1,62c9bf590412b579266d4477,5,5,5,4,5,2,5,4,5,4,4,5,5,4,5,5,5,6,5,5,5,6,4,4,4,5,5,5,2,3,4,6,6,4.83,4.33,4.33,4.5,5,-0.03,6,7,5,1,1,1,1,4,3,2,3,3,2,2,3,2,2,3,3,2.545455,2,3,3,4,3,4,3,2,2,3,3,3,3,3,2,2,3,2,3,3,1,2,2.545455,2.9,3,4,4,4,4,3,4,3,4,5,3,4,45,5,4,6,4,6,4,3,4,4,6,0,5,5,5,4,4,2,6,6,3,4,3.428571,4.714286,4.714286,4.285714,2,1,1,3,1,2,2,1,3,3,3,1,1,2,3,1,2,2,3,2,3,3,2,4,3,2,3,2,2,2,2,3,2,5,1,1,2,1,1.75,2,2,2.5,2.8,2,3.333333,1.333333,2.189189,2,3,4,4,4,3,4,3,2,4,3,4,2,2,4,3,3,3,2,3,3,65,4,3,4,4,4,3,3,3,3,3,3,5,2,2,5,3,4,2,2,4,3,4,69,Thanks for the study and wish you a wonderful weekend.,27,Male,White,Unemployed (and job seeking),2458
62cba72839d35cbf953cdd6f,44900.84766,44900.85769,0,,100,865,1,44900.8577,R_1dLU0wMahouQuap,,,anonymous,EN,1,1,62cba72839d35cbf953cdd6f,6,4,4,5,6,1,6,5,6,5,6,6,5,4,6,6,6,6,6,6,6,6,6,5,4,4,6,4,3,4,6,6,6,5.67,4.67,4.67,5.33,6,-0.17,5,5,5,1,1,1,0,3,3,2,2,3,2,2,2,3,2,3,4,2.545455,1,1,3,3,3,1,2,1,3,3,2,1,3,1,1,1,3,1,2,2,1,2,1.181818,2.6,5,5,4,5,5,5,5,4,5,5,4,4,56,4,6,6,5,6,6,4,6,6,4,5,5,4,6,6,4,6,4,5,6,6,5.857143,4.285714,5.571429,5.238095,5,4,4,3,2,5,4,4,5,1,0,1,1,0,0,0,3,2,3,2,1,3,4,4,4,3,4,0,3,0,0,3,1,1,3,4,3,1,4,3.5,0.4,2.333333,3.8,1,1.666667,3.333333,2.432432,5,5,4,5,5,5,4,5,4,5,5,5,3,2,5,4,5,2,5,4,2,89,4,5,3,5,5,5,3,5,2,5,5,3,3,2,5,5,5,3,3,2,4,4,82,NA,62,Female,White,Unemployed (and job seeking),872
62cc29c588d2f7282c384ab9,44901.26909,44901.28146,0,,100,1068,1,44901.28147,R_28NCVGJAaKvtP8a,,,anonymous,EN,1,1,62cc29c588d2f7282c384ab9,4,4,5,6,5,1,6,4,4,2,5,5,5,5,5,6,6,6,6,6,6,6,6,6,6,2,5,4,1,4,6,6,6,5.17,4.33,5,4.5,5.5,-0.25,6,6,6,1,1,0,0,2,1,3,2,2,1,1,1,1,1,3,4,1.818182,1,1,1,1,1,1,1,1,1,1,1,1,1,1,1,1,1,1,1,1,1,2,1,1,1,1,1,1,1,1,4,1,1,1,1,1,15,6,4,3,6,0,4,6,0,3,6,6,0,6,0,2,6,6,0,6,6,4,3.142857,6,2.285714,3.809524,0,0,2,0,2,1,1,1,5,5,5,5,0,3,5,4,0,0,0,4,4,3,0,0,2,0,0,4,0,0,0,0,0,0,4,4,4,1,0.5,2.5,3.6,1.833333,0.4,0,0,4,1.837838,1,5,3,5,5,5,4,5,5,4,5,5,5,5,4,1,5,1,2,4,4,83,1,1,1,1,1,1,4,1,1,1,1,1,1,1,1,1,1,1,1,1,1,4,24,NA,50,Male,White,Full-Time,1075
62cc4627b5f80e3f1419b735,44901.40485,44901.42299,0,,100,1566,1,44901.423,R_3ph9XDL8sCqF02U,,,anonymous,EN,1,1,62cc4627b5f80e3f1419b735,6,6,1,1,1,1,6,6,4,1,3,6,6,3,3,1,6,6,1,1,1,6,6,1,1,1,1,2,6,2,1,1,6,5.33,5.17,2,1.33,1.33,3.69,2,2,2,0,0,0,1,1,2,1,1,1,1,1,1,1,1,1,1,1.090909,1,2,2,4,4,1,1,1,2,2,2,1,3,1,1,1,3,1,2,1,1,2,1.090909,2.5,3,3,3,5,2,3,3,5,3,3,3,1,37,0,0,6,6,0,0,0,1,0,6,1,6,3,0,0,4,6,2,1,0,6,1.142857,2.857143,2.857143,2.285714,0,1,0,0,4,5,1,4,4,5,2,5,0,0,2,1,0,3,0,0,0,0,0,1,0,0,0,0,1,1,1,0,0,0,0,0,2,1,0.25,3.833333,1.8,0.5,0.2,1,0,0.6666667,1.162162,1,4,1,1,4,4,4,2,4,4,3,3,1,4,1,1,3,1,4,4,3,57,1,4,1,1,3,3,5,1,1,1,1,1,2,1,1,1,1,1,1,1,1,4,33,NA,27,Male,Black,Full-Time,1577
62ccc441a118b06a27cd5cdc,44901.23769,44901.24828,0,,100,914,1,44901.24829,R_6FHdsIp0ae9ebLj,,,anonymous,EN,1,1,62ccc441a118b06a27cd5cdc,4,4,4,4,3,2,4,4,3,3,5,5,4,4,3,4,5,6,5,5,4,5,5,6,4,5,4,6,2,4,4,4,6,4.83,4.33,4,4,4,0.58,3,3,3,0,0,0,1,1,2,2,2,1,2,2,2,2,2,1,2,1.818182,1,2,1,1,2,1,1,1,1,2,1,1,1,1,1,2,1,1,1,2,1,2,1.181818,1.3,2,2,2,2,2,2,2,2,2,2,2,2,24,2,2,3,6,3,2,3,2,2,5,1,1,6,2,3,5,2,1,4,2,4,2,4.428571,2.285714,2.904762,3,4,4,4,2,1,2,3,2,2,3,4,4,3,3,3,4,4,4,3,3,3,3,2,4,4,4,4,4,4,3,3,4,4,3,4,3,1,3.75,2,3.4,3.5,3.4,3.666667,3.666667,3.333333,3.27027,4,4,4,4,4,3,4,4,4,4,4,4,4,4,4,2,4,2,4,4,4,79,4,4,4,4,4,2,4,4,4,4,4,4,3,4,4,4,4,2,4,4,4,4,79,NA,30,Male,White,Full-Time,923
62cf8b6eac8db5ea98343fbe,44901.18738,44901.19899,0,,100,1002,1,44901.199,R_2lRhe8CcMOXNNEB,,,anonymous,EN,1,1,62cf8b6eac8db5ea98343fbe,5,5,5,5,5,2,5,5,5,5,5,5,5,5,5,5,5,6,5,5,4,6,5,5,2,4,4,3,4,3,2,4,6,4.67,5,4.17,4.33,4.5,0.5,6,6,6,1,1,1,0,3,2,2,2,2,2,2,2,2,2,2,2,2,1,1,2,1,1,1,1,1,1,2,1,1,1,1,1,1,1,1,1,1,1,2,1,1.2,2,1,4,1,3,1,1,1,1,2,1,1,19,1,1,1,1,1,1,1,1,1,1,1,1,1,1,1,1,1,1,1,1,1,1,1,1,1,4,4,4,4,1,1,1,1,1,1,1,1,4,4,2,4,4,4,4,4,4,4,4,4,4,4,4,4,4,4,4,4,4,4,4,4,4,1,4,1,2.4,4,4,4,4,4,3.297297,4,4,4,4,4,4,4,4,4,4,4,4,4,4,4,4,4,4,4,4,4,84,4,4,4,4,4,4,4,4,4,4,4,4,4,2,4,4,4,4,4,4,4,4,82,NA,39,Male,White,"Not in paid work (e.g. homemaker', 'retired or disabled)",1033
62d2aee15e1dc6709bdcace0,44900.66922,44900.67935,0,,100,875,1,44900.67937,R_1LOQXSEEUcfNDJA,,,anonymous,EN,1,1,62d2aee15e1dc6709bdcace0,5,6,4,2,3,1,6,4,6,1,1,5,6,5,5,5,5,6,4,6,1,6,6,5,5,6,5,1,1,4,6,2,6,4.67,4.67,4.67,4.33,2.83,0.72,2,2,2,1,0,0,1,2,2,2,2,2,1,2,1,2,1,2,1,1.636364,2,2,2,3,1,2,1,1,1,1,3,1,2,1,2,1,1,1,1,1,1,2,1.363636,1.6,3,4,4,4,4,2,1,3,3,5,2,2,37,5,3,6,6,0,1,5,0,1,6,3,6,6,1,3,6,5,5,5,6,6,2.571429,5.571429,4,4.047619,4,3,0,0,1,4,5,2,2,3,5,4,1,3,4,1,1,0,0,3,1,0,3,1,0,0,3,1,0,3,4,0,0,3,2,1,0,1,1.75,2.833333,3.4,0.8333333,1.4,2.333333,1,1,1.837838,3,5,3,5,2,2,4,4,4,2,5,5,3,2,4,4,5,2,4,3,3,74,1,4,1,4,4,3,3,4,3,1,4,5,2,2,4,5,4,2,5,3,5,4,69,no,53,Female,White,"Not in paid work (e.g. homemaker', 'retired or disabled)",901
62d339830187bd729161be3a,44900.67508,44900.6855,0,,100,899,1,44900.6855,R_1FJ1oSUTfQ0z88o,,,anonymous,EN,1,1,62d339830187bd729161be3a,5,5,5,5,5,1,5,5,5,5,5,5,5,5,5,5,5,5,5,5,5,5,5,5,5,5,5,1,5,5,5,5,6,4.33,5,5,5,5,-0.33,7,7,7,1,1,1,0,3,3,3,2,2,2,4,2,2,2,4,4,2.727273,1,1,4,1,1,1,1,1,1,1,2,1,1,1,1,1,1,1,1,1,1,2,1,1.4,3,1,1,1,1,1,4,1,1,1,1,1,17,6,0,6,6,0,0,6,3,0,6,0,2,6,3,3,4,0,3,6,0,2,0.8571429,5.714286,2.285714,2.952381,3,0,3,3,2,5,2,2,5,4,2,2,1,0,3,2,2,0,0,3,2,2,0,1,3,2,2,0,2,0,0,3,0,2,2,3,3,1,2.25,3.333333,1.6,1.5,1.6,0.6666667,1.666667,2.666667,1.918919,4,4,4,4,4,4,4,4,4,4,4,4,4,4,4,4,4,4,4,4,4,84,3,3,3,3,3,3,3,3,3,3,3,3,3,3,3,3,3,3,3,3,3,4,63,NA,63,Male,White,"Not in paid work (e.g. homemaker', 'retired or disabled)",910
62d43bf9cb693bf6980c5ea9,44900.68206,44900.68854,0,,100,560,1,44900.68855,R_ukqg5R7TygjVueZ,,,anonymous,EN,1,1,62d43bf9cb693bf6980c5ea9,5,6,1,1,1,1,5,6,2,1,1,6,6,1,4,1,6,6,1,1,1,5,4,3,2,1,1,5,6,4,2,1,6,5.17,5.5,1.83,1.67,1,3.83,1,1,1,1,0,0,1,2,5,2,2,2,2,1,2,1,2,2,4,2.272727,1,1,1,1,1,1,1,1,1,1,1,2,1,1,1,1,1,1,1,1,1,2,1.090909,1,1,1,4,5,2,2,1,1,1,1,1,1,21,5,6,1,5,6,1,5,6,0,5,6,0,5,0,1,5,6,0,5,6,1,5.142857,5,0.5714286,3.571429,0,2,4,3,4,3,3,1,4,4,5,5,5,5,5,5,5,4,5,5,5,4,1,1,2,2,2,5,0,5,5,1,1,2,5,5,5,1,2.25,3.166667,5,4.666667,1.6,3.333333,1.333333,5,3.45946,4,5,5,5,5,5,5,5,5,5,5,5,5,5,5,5,5,4,5,5,5,103,1,1,1,1,1,1,1,1,1,1,1,1,1,1,1,1,1,1,1,1,1,4,21,where are the politics?,59,Female,White,Part-Time,566
62d59a066ee263bb659aa445,44900.66538,44900.67544,0,,100,869,1,44900.67545,R_aWgc4w8IaLWNvdD,,,anonymous,EN,1,1,62d59a066ee263bb659aa445,5,5,5,6,6,1,5,6,4,5,6,6,6,2,6,6,5,6,6,6,6,6,6,5,5,5,6,1,1,3,5,4,6,4.67,4.83,4.17,5.5,5.67,-0.36,7,6,7,1,1,0,1,3,2,2,2,2,1,1,1,2,2,3,2,1.818182,2,1,1,2,1,1,1,1,2,2,2,1,1,1,1,2,2,1,2,1,1,2,1.090909,1.7,4,4,4,2,4,4,4,2,1,4,2,2,37,5,5,5,6,0,5,6,5,2,6,5,4,6,6,6,6,6,6,5,5,5,4.571429,5.714286,4.714286,5,5,4,4,3,3,1,1,2,1,3,5,1,2,2,2,4,4,5,4,4,4,4,4,1,5,4,1,2,5,4,4,3,3,3,4,4,3,1,4,1.833333,2.4,4.166667,3,4.333333,3,3.666667,3.189189,4,5,4,5,4,4,4,5,5,4,5,4,4,4,5,4,5,1,5,2,2,85,2,2,2,4,4,1,4,1,1,1,4,1,1,1,4,4,1,1,4,1,1,4,45,I hope my answers are helpful to you in your work.  It was a very thought provoking study.,69,Female,White,"Not in paid work (e.g. homemaker', 'retired or disabled)",877
62d6d903bfa2edd3d7f58d82,44900.79992,44900.83163,0,,100,2739,1,44900.83164,R_12KZ7tGgTKmL6We,,,anonymous,EN,1,1,62d6d903bfa2edd3d7f58d82,5,5,2,2,3,1,5,5,5,2,3,5,6,2,4,1,6,6,2,2,2,6,5,5,3,3,1,2,3,1,4,2,6,4.67,5,2.5,2.83,2,2.39,1,1,1,0,0,0,1,1,3,2,4,1,1,1,1,1,1,1,3,1.727273,1,3,2,2,2,1,1,1,1,1,4,1,1,2,1,1,1,1,1,1,1,2,1.272727,1.6,2,4,4,1,3,3,1,2,4,3,2,4,33,1,4,6,5,0,3,4,0,5,3,3,4,4,2,4,6,5,6,3,2,6,2.285714,3.714286,4.857143,3.619048,5,3,1,1,2,3,0,1,2,1,2,2,2,2,2,3,2,2,2,5,2,3,3,1,1,3,2,2,0,1,1,3,4,4,3,2,2,1,2.5,1.5,2,2.666667,2,0.6666667,3.666667,2.333333,2.162162,2,5,3,3,5,4,5,1,4,2,3,2,4,4,3,1,5,1,4,4,3,68,1,2,1,3,2,2,2,1,2,1,1,2,2,2,3,1,1,1,4,2,2,4,38,NA,49,Female,White,Full-Time,2746
62d9782b0a0018523c64bb1c,44900.85174,44900.86352,0,,100,1017,1,44900.86353,R_1DIiUOWEUKSgkqk,,,anonymous,EN,1,1,62d9782b0a0018523c64bb1c,2,2,4,4,4,3,4,1,2,4,2,4,3,2,3,2,2,4,2,4,4,3,3,4,4,2,4,2,3,4,2,4,2,2.83,2.83,3,3.17,3.33,-0.33,3,3,3,1,1,1,1,4,2,3,2,2,3,2,3,3,2,3,4,2.636364,2,2,2,3,3,3,3,3,3,2,2,3,2,3,3,3,2,2,3,3,1,2,2.545455,2.5,3,2,4,2,2,2,3,4,3,2,4,2,33,4,2,4,2,3,4,1,2,4,4,2,1,2,3,3,2,5,3,2,1,1,2.571429,2.428571,2.857143,2.619048,3,1,3,1,3,5,4,3,4,2,2,2,3,2,4,3,3,1,1,2,2,2,1,1,2,3,3,2,2,1,2,3,3,1,2,2,3,1,2,3.5,2.6,1.833333,2,1.666667,2.333333,2.333333,2.351351,3,2,3,2,4,4,3,2,3,2,2,3,4,3,2,3,3,2,3,4,3,60,3,4,4,4,4,4,2,3,2,2,3,3,3,3,3,2,2,3,2,4,2,4,62,NA,43,Male,Black,"Not in paid work (e.g. homemaker', 'retired or disabled)",1073
62dc09e57b86423c053dbd8a,44904.3202,44904.33387,0,,100,1180,1,44904.33388,R_6FiOLAx7bn0pKG5,,,anonymous,EN,1,1,62dc09e57b86423c053dbd8a,6,6,2,3,3,2,6,6,3,3,6,6,6,5,3,5,6,6,1,4,6,6,6,5,1,1,2,1,6,2,2,1,6,5.17,5.83,2.33,2.67,3.83,2.56,1,1,1,0,0,0,1,1,4,3,4,2,3,4,3,2,3,2,4,3.090909,2,1,2,2,1,1,1,1,2,2,2,1,2,1,1,1,1,1,2,1,1,2,1.090909,1.7,2,5,5,4,5,2,5,1,1,2,2,4,38,3,1,6,6,0,5,3,0,5,5,3,3,6,0,6,6,6,4,6,0,5,1.428571,5,4.857143,3.761905,4,5,4,5,1,1,0,0,0,1,0,0,4,4,1,3,3,3,4,3,5,3,4,4,5,4,5,4,5,4,3,4,3,5,3,4,4,1,4.5,0.5,1.8,3.5,4.4,4,4,3.666667,3.108108,5,2,5,5,5,5,5,4,4,4,5,5,4,4,5,2,5,3,5,5,3,90,1,4,1,4,2,2,4,1,1,1,1,2,1,1,1,1,1,1,2,1,1,4,34,NA,43,Male,White,Full-Time,1187
62dc177e02f82aabb20aebc2,44900.66837,44900.68229,0,,100,1203,1,44900.68231,R_2A1fEfyccidF8Iz,,,anonymous,EN,1,1,62dc177e02f82aabb20aebc2,6,6,4,4,6,1,5,5,4,4,6,6,6,4,6,6,4,5,5,6,5,6,3,5,3,5,3,4,1,4,4,5,6,4.67,4.67,4,4.83,5.17,0,6,6,6,1,0,1,1,3,3,2,3,2,2,2,1,2,2,2,4,2.272727,1,1,2,1,1,1,1,1,2,1,1,1,1,1,1,2,1,1,1,1,1,2,1,1.3,3,4,4,1,2,4,4,1,1,2,1,4,31,3,4,1,4,3,1,4,6,0,3,4,2,1,4,1,2,5,1,3,6,1,4.571429,2.857143,1,2.809524,4,4,3,1,4,2,3,3,2,2,4,4,4,4,3,2,4,3,4,4,3,4,1,3,1,1,1,3,2,3,2,3,1,4,5,5,5,1,3,2.666667,3.8,3.666667,1.4,2.333333,2.666667,5,3,4,5,5,5,5,5,5,4,4,5,5,5,3,4,5,3,5,1,4,4,3,89,1,1,1,1,1,1,4,1,1,1,1,1,1,1,1,1,1,1,4,1,1,4,27,NA,62,Female,White,"Not in paid work (e.g. homemaker', 'retired or disabled)",1211
62ddbd7eb3e9431e49b46ec1,44901.66552,44901.67064,0,,100,442,1,44901.67065,R_2E6wKxcSGf6YFCi,,,anonymous,EN,1,1,62ddbd7eb3e9431e49b46ec1,5,4,3,4,4,4,3,5,3,6,5,6,6,5,4,6,5,3,6,4,4,6,6,4,5,6,3,5,4,4,3,5,6,5,4.33,4.33,4.5,4.5,0.22,7,6,7,1,1,0,1,3,5,3,4,3,1,4,1,1,3,4,4,3,3,2,3,3,3,2,2,2,3,4,3,3,1,4,1,2,1,2,3,2,4,2,2.454545,2.6,3,3,3,3,4,2,5,2,3,5,5,4,42,5,4,6,3,3,5,4,3,5,4,3,5,3,4,6,5,3,4,6,4,5,3.428571,4.285714,5.142857,4.285714,3,1,5,3,3,3,0,2,1,3,1,1,4,2,1,3,2,3,2,4,4,5,1,4,5,2,3,3,4,5,4,5,2,2,4,2,4,1,3,2,1.8,3.333333,3,4.333333,3,3.333333,2.864865,5,4,2,4,2,4,3,4,4,3,5,2,5,4,5,3,5,5,4,3,4,80,4,5,3,5,3,3,3,5,4,4,2,3,3,5,4,4,4,5,3,5,3,4,80,NA,72,Male,White,Full-Time,461
62deb433e1af0e60ea5dea05,44900.74322,44900.76278,0,,100,1690,1,44900.7628,R_2QW0WZdu5q1gfCP,,,anonymous,EN,1,1,62deb433e1af0e60ea5dea05,2,5,4,5,5,1,4,5,2,5,5,6,4,1,5,5,3,4,4,4,3,6,4,5,3,2,2,4,2,1,5,1,6,3.83,4.17,2.5,4.33,3.5,0.56,5,5,5,0,0,0,1,1,2,2,2,2,2,1,1,2,2,2,3,1.909091,2,1,2,1,1,1,2,1,1,1,1,1,1,2,1,1,1,1,1,1,1,2,1.272727,1.1,1,1,4,2,1,2,4,2,1,1,1,1,21,5,5,6,6,5,5,4,5,4,6,5,3,6,5,6,5,6,6,6,6,5,5.285714,5.428571,5,5.238095,3,3,4,2,1,2,1,1,3,2,1,1,1,4,2,4,2,2,2,2,3,2,3,2,2,3,3,2,2,1,5,2,2,2,3,4,5,1,3,1.666667,1.8,2.166667,2.6,2.666667,2,4,2.405406,5,3,4,4,5,4,5,5,5,4,5,5,5,4,5,4,5,2,3,4,3,89,3,1,1,1,3,3,1,1,1,1,3,1,3,1,1,1,3,1,1,1,2,4,34,no comments,64,Female,White,"Not in paid work (e.g. homemaker', 'retired or disabled)",1697
62df06687ffc916ae47759ee,44902.38652,44902.41322,0,,100,2306,1,44902.41323,R_12zHvQQFTBQakp3,,,anonymous,EN,1,1,62df06687ffc916ae47759ee,6,6,6,6,5,1,6,6,6,4,6,6,6,5,4,6,6,6,6,5,5,6,6,6,4,5,4,5,2,3,4,4,6,5.83,5.33,5,4.67,5,0.69,6,6,6,0,0,0,1,1,3,2,2,2,1,2,2,2,2,2,4,2.181818,1,1,1,2,2,2,1,1,1,1,2,1,1,2,1,1,1,1,1,1,1,2,1.181818,1.3,3,4,4,2,3,4,4,3,1,4,2,2,36,6,6,6,6,6,1,6,6,5,5,3,2,6,3,6,5,6,6,6,6,6,5.142857,5.714286,4.571429,5.142857,3,3,3,5,1,1,0,0,0,4,3,3,4,4,4,4,3,4,3,3,3,3,5,1,5,5,4,4,4,5,5,4,1,4,5,4,4,1,3.5,1,3.6,3.166667,4,4.666667,3,4.333333,3.27027,4,3,3,4,3,4,4,4,3,3,4,4,3,2,4,3,3,3,4,4,3,72,3,3,3,3,3,1,2,1,1,2,1,1,3,1,3,4,1,1,2,1,2,4,42,NA,73,Female,White,"Not in paid work (e.g. homemaker', 'retired or disabled)",2319
62df4f5f6812864868e9ea66,44901.36853,44901.38527,0,,100,1445,1,44901.38528,R_21pSJut0oJggQnP,,,anonymous,EN,1,1,62df4f5f6812864868e9ea66,5,4,1,5,6,1,4,5,4,1,5,5,6,4,5,1,4,4,4,4,5,6,5,5,4,5,4,3,3,3,4,1,6,4.33,4.5,3.33,4,3.67,0.75,6,6,5,1,0,1,1,3,3,2,3,2,1,2,2,2,2,3,2,2.181818,1,1,2,3,1,1,1,1,2,2,1,1,2,1,1,1,3,1,2,2,1,2,1.090909,1.9,4,2,4,4,4,2,3,3,2,3,2,3,36,4,4,6,6,1,6,5,4,3,6,4,4,5,2,5,5,5,4,5,4,6,3.428571,5.142857,4.857143,4.476191,3,3,3,1,1,2,1,1,3,2,3,4,3,3,2,3,3,4,3,3,3,3,2,3,3,4,4,3,3,3,4,3,3,3,2,3,3,1,2.5,1.666667,3,3.166667,3.2,3.333333,3,2.666667,2.783784,4,4,4,4,4,4,4,4,4,4,4,4,4,4,4,3,4,2,2,4,4,79,2,4,2,4,4,2,2,2,3,2,4,3,2,2,4,3,3,2,2,2,3,4,57,NA,21,Male,White,Part-Time,1451
62e023e0f3538d45d41bfaaf,44901.57633,44901.59514,0,,100,1624,1,44901.59515,R_2amlpqTVtRdbtlW,,,anonymous,EN,1,1,62e023e0f3538d45d41bfaaf,4,3,4,5,4,1,4,3,4,4,3,5,5,3,5,2,5,5,5,5,2,6,6,4,3,4,3,6,1,2,5,3,6,5,3.5,3.5,4.67,2.83,0.58,6,6,6,1,1,0,1,3,2,2,4,2,1,1,2,1,2,1,2,1.818182,1,2,1,1,1,1,2,1,1,1,2,1,1,2,1,1,1,1,1,1,1,2,1.272727,1.1,2,3,3,2,4,1,4,1,1,1,1,2,25,3,2,5,4,1,4,4,2,5,4,2,3,4,5,4,3,6,3,4,0,4,2.571429,3.714286,4,3.428571,4,3,3,3,2,3,2,2,1,3,4,4,2,2,2,1,2,1,3,3,2,3,2,3,3,4,3,2,3,3,3,2,2,3,4,4,4,1,3.25,2.166667,2.8,2.333333,3,3,2.333333,4,2.702703,3,4,3,4,4,4,3,3,2,2,4,4,4,3,4,2,2,1,4,2,2,64,1,4,1,4,5,4,5,3,2,2,4,1,3,4,4,3,3,1,4,2,4,5,64,NA,58,Female,White,"Not in paid work (e.g. homemaker', 'retired or disabled)",1660
62e02660c3ef175825ab7655,44900.7306,44900.73957,0,,100,774,1,44900.73958,R_6RRrWccS6wD1eXn,,,anonymous,EN,1,1,62e02660c3ef175825ab7655,1,5,1,1,1,1,1,3,3,1,1,5,6,1,3,3,6,6,5,5,3,5,1,6,4,4,5,4,1,2,1,5,6,3,4.5,2.67,2.5,3,1.03,5,5,5,0,0,0,1,1,3,2,3,2,4,2,3,4,4,5,3,3.181818,1,2,1,2,3,1,2,1,3,1,1,1,3,1,1,1,1,1,1,2,1,2,1.272727,1.7,3,3,5,4,2,2,1,4,2,2,3,2,33,0,5,4,0,3,2,0,1,3,0,5,0,0,6,5,0,6,1,0,6,2,4.571429,0,2.428571,2.333333,4,5,0,2,2,5,2,5,4,5,1,4,3,3,2,3,4,2,3,2,2,3,1,0,0,1,1,4,0,3,1,0,0,2,2,1,1,1,2.75,3.833333,2.6,2.666667,0.6,1.333333,0.6666667,1.333333,2.243243,5,2,3,3,5,5,3,5,4,3,5,5,3,2,5,2,5,5,4,2,2,78,3,3,1,2,2,4,3,2,2,2,4,1,1,2,3,5,1,2,2,2,4,4,51,NA,31,Female,White,Full-Time,779
62e0538d0e9c0e4d57e852d2,44901.52723,44901.55808,0,,100,2665,1,44901.5581,R_3CTuMwt9C6MGNuq,,,anonymous,EN,1,1,62e0538d0e9c0e4d57e852d2,5,5,1,3,2,1,5,6,3,2,5,6,5,1,5,1,5,6,2,3,4,6,6,4,2,3,3,3,5,2,2,2,6,5,5.17,1.83,3,2.83,2.53,1,1,1,0,0,0,1,1,4,2,2,2,2,3,2,2,2,2,2,2.272727,2,2,1,1,1,1,1,1,1,3,3,1,1,1,1,1,2,1,2,1,1,2,1.181818,1.6,4,4,4,4,4,4,4,2,1,3,4,2,40,1,1,3,5,1,2,2,1,1,4,1,1,3,2,5,4,6,3,1,1,1,1.857143,2.857143,2.285714,2.333333,3,2,2,1,4,4,2,3,2,5,4,4,2,3,2,3,2,1,1,2,1,3,3,3,3,3,2,2,2,2,1,1,0,1,2,3,1,1,2,3.333333,3,1.666667,2.8,1.666667,0.6666667,2,2.297297,5,5,5,5,5,5,5,5,5,5,4,4,5,5,5,5,5,3,5,5,5,101,2,4,2,4,4,3,4,4,4,3,4,4,4,4,4,3,4,2,4,4,4,4,75,NA,36,Female,Asian,Full-Time,2673
62e151e072a7512b2a596883,44900.66612,44900.68016,0,,100,1213,1,44900.68019,R_3EXcc6LZqkqfcVO,,,anonymous,EN,1,1,62e151e072a7512b2a596883,5,5,2,2,6,1,5,5,4,3,5,5,5,4,4,4,5,5,1,4,4,4,6,5,2,2,5,4,1,2,4,4,6,5,4.33,2.5,3.17,4.67,1.22,1,1,1,0,0,0,1,1,3,2,2,2,2,2,2,2,2,2,2,2.090909,1,1,1,1,1,1,1,1,1,1,1,1,1,1,1,1,1,1,1,1,1,2,1,1,2,4,4,2,4,4,4,4,2,2,4,4,40,0,0,5,4,0,6,3,0,5,6,5,3,3,0,4,6,6,4,4,0,4,1.571429,3.714286,4.428571,3.238095,3,3,3,3,3,2,1,5,2,2,5,2,3,4,2,2,3,2,3,3,4,3,3,3,4,3,3,2,3,4,3,4,3,4,3,4,3,1,3,2.5,3.2,3,3.2,3.333333,3.666667,3.333333,3.027027,4,4,4,4,4,4,4,4,4,4,4,5,5,4,4,2,4,4,4,4,3,83,2,2,2,2,2,2,4,2,2,2,2,2,2,2,2,4,2,2,4,2,2,4,48,NA,42,Female,Black,Full-Time,1225
62e1f3f870894e12168113c5,44900.72984,44900.75036,0,,100,1772,1,44900.75037,R_XMo0AdbAVpzqfUR,,,anonymous,EN,1,1,62e1f3f870894e12168113c5,6,5,6,6,6,6,6,5,6,6,6,5,6,6,6,6,6,6,4,5,6,6,6,6,6,6,5,5,4,4,5,6,6,5.67,5.33,5.33,5.67,5.83,-0.11,2,2,3,1,1,1,0,3,4,1,2,2,2,2,2,1,1,2,4,2.090909,1,2,1,1,1,1,1,1,1,1,2,1,1,2,1,2,1,1,2,1,1,2,1.181818,1.3,4,2,5,4,4,2,4,4,4,4,2,4,43,3,5,5,5,0,5,5,1,5,6,0,6,6,6,6,5,4,5,5,0,6,2.285714,5,5.428571,4.238095,5,3,4,3,0,1,0,0,1,1,0,4,4,4,1,4,4,4,5,4,4,3,4,4,4,5,4,2,4,4,5,4,4,4,4,4,4,1,3.75,0.5,2.6,4,4.2,4.333333,4,4,3.216216,4,3,4,4,3,5,4,5,4,5,5,5,5,5,5,4,4,5,5,4,5,93,2,2,2,2,2,2,2,2,2,2,2,2,2,2,2,2,2,2,2,2,2,4,42,I have none,32,Male,Black,Other,1785
62e2deadd18974300540f870,44900.68566,44900.69304,0,,100,638,1,44900.69306,R_273ATP7d2LLUWXJ,,,anonymous,EN,1,1,62e2deadd18974300540f870,4,6,5,4,5,1,5,6,5,4,4,5,6,6,5,5,5,6,5,6,5,6,6,6,5,6,4,3,2,4,5,4,6,4.67,5.33,5,5,4.5,0.17,6,7,5,0,1,0,1,2,3,1,2,1,1,2,2,1,1,1,2,1.545455,1,1,1,1,1,1,1,1,1,1,1,1,1,1,1,1,1,1,1,1,1,2,1,1,1,4,4,2,4,2,5,1,1,1,1,1,27,6,3,4,6,0,4,6,0,4,4,0,6,3,2,6,4,4,6,4,2,6,1.571429,4.714286,5.142857,3.809524,4,4,4,4,3,2,1,2,1,1,4,4,1,4,4,3,4,3,5,4,3,4,4,4,3,4,4,4,3,2,4,3,5,4,5,4,4,1,4,1.666667,3.4,3.833333,3.8,3,4,4.333333,3.405406,5,5,5,5,5,5,5,3,3,4,5,5,4,3,5,2,5,2,5,3,3,87,2,4,2,4,4,2,4,1,2,1,4,3,2,1,4,2,2,1,4,2,2,4,53,NA,37,Male,White,Full-Time,643
62e7c7dfe2d1a825e4e88dec,44901.27,44901.29728,0,,100,2357,1,44901.29729,R_3OkxcjYPRaC1lbr,,,anonymous,EN,1,1,62e7c7dfe2d1a825e4e88dec,3,3,2,4,4,1,3,3,2,2,2,3,4,3,3,1,4,4,4,6,5,6,4,4,3,3,4,5,3,2,6,3,6,3.67,3.5,2.67,4,3.17,0.31,7,7,7,1,1,0,1,3,1,2,2,3,2,1,2,2,2,2,3,2,1,2,1,1,1,1,1,1,1,1,2,1,1,1,1,1,1,1,1,1,1,2,1.090909,1.1,2,2,2,4,3,2,2,2,2,2,4,2,29,3,3,4,3,1,1,1,3,2,2,2,1,5,6,3,4,6,4,2,3,3,3.428571,2.857143,2.571429,2.952381,0,1,1,0,4,5,2,2,2,4,5,5,0,1,4,0,0,1,1,0,0,0,1,1,1,0,1,0,0,0,0,0,0,0,0,1,1,1,0.5,3.166667,3,0.3333333,0.8,0,0,0.6666667,1.189189,4,3,4,4,4,3,4,4,4,4,4,4,3,4,3,2,4,2,4,2,3,73,2,4,2,3,4,2,3,2,2,2,4,2,2,2,2,3,2,2,2,2,2,4,51,NA,32,Female,White,"Not in paid work (e.g. homemaker', 'retired or disabled)",2362
62e97dfea1a1ef00cb9f0b10,44900.70328,44900.71142,0,,100,703,1,44900.71144,R_3JtkzLCu6q5Loit,,,anonymous,EN,1,1,62e97dfea1a1ef00cb9f0b10,6,6,6,6,6,1,6,6,6,5,6,5,6,5,5,6,6,6,6,6,6,6,6,6,5,5,5,2,5,4,5,5,6,5.17,5.83,5.33,5.33,5.67,0.06,7,7,7,1,1,0,1,3,1,1,2,2,1,2,2,1,1,2,2,1.545455,1,1,1,1,1,1,1,1,2,1,1,2,1,1,1,1,1,1,1,1,1,2,1.090909,1.1,1,1,4,1,4,1,4,1,1,1,1,1,21,5,1,1,6,0,1,0,0,1,0,0,3,6,0,2,4,0,2,3,0,3,0.1428571,3.428571,1.857143,1.809524,5,3,4,0,5,5,0,3,2,3,3,1,3,5,3,4,4,5,4,4,4,4,3,4,3,5,4,5,4,4,4,5,0,5,5,4,5,1,3,3,3,4.166667,3.8,4,3.333333,4.666667,3.621622,5,5,4,4,5,4,5,5,4,4,5,5,4,3,4,4,4,2,4,4,3,87,1,1,1,1,2,1,1,1,1,1,1,1,1,1,1,1,2,1,1,1,1,4,23,NA,39,Male,White,Full-Time,710
62e9c91168f8d1ff048964e9,44901.33596,44901.35135,0,,100,1329,1,44901.35136,R_3e8eLDSNBnfYL9v,,,anonymous,EN,1,1,62e9c91168f8d1ff048964e9,1,4,6,4,2,1,2,4,4,3,5,3,6,2,6,3,3,4,6,6,6,4,5,6,2,5,3,5,1,3,6,3,6,3.17,4.17,3.83,5,3.67,-0.5,5,5,6,1,1,0,1,3,3,2,3,3,2,2,2,2,3,3,4,2.636364,3,2,3,3,2,1,3,1,1,2,2,1,1,2,1,1,1,1,1,1,1,2,1.545455,1.7,2,4,4,1,4,3,3,3,2,2,1,2,31,5,3,6,5,0,5,6,4,4,5,2,6,6,2,5,4,2,5,6,4,4,2.428571,5.285714,5,4.238095,1,0,1,1,4,1,4,3,4,4,3,5,1,4,4,2,0,4,1,1,0,2,3,0,3,3,2,0,4,4,3,1,0,3,2,5,3,1,0.75,3.333333,3.4,1.333333,2.2,3.666667,1.333333,3.333333,2.324324,2,2,4,2,3,4,4,4,4,4,4,4,4,3,3,1,2,1,2,1,2,60,3,4,1,3,3,3,4,3,2,3,4,1,2,2,2,4,1,1,2,2,1,4,51,NA,61,Male,White,"Not in paid work (e.g. homemaker', 'retired or disabled)",1338
62ea66128e0806710fb41dcc,44900.72228,44900.73565,0,,100,1155,1,44900.73566,R_3foP3PCrFwX6NOA,,,anonymous,EN,1,1,62ea66128e0806710fb41dcc,4,5,1,5,5,1,4,4,2,4,5,5,5,2,5,1,3,5,4,5,3,4,4,3,1,1,1,3,3,2,4,1,6,3.83,4.17,2,4,2.67,1.11,3,3,4,1,0,0,1,2,2,2,1,1,1,1,1,1,1,1,1,1.181818,1,1,1,1,1,1,1,1,1,1,2,1,1,1,1,1,1,1,1,1,1,2,1,1.1,1,2,1,1,1,2,1,1,1,2,1,1,15,3,2,6,5,0,4,3,0,5,2,0,2,5,0,6,5,6,6,5,0,3,1.142857,4,4.571429,3.238095,4,3,1,1,1,1,1,1,1,1,4,4,4,3,5,1,1,1,2,2,3,3,3,3,2,1,1,3,3,4,3,4,4,4,4,4,4,1,2.25,1,4,2,2,3.333333,4,4,2.567568,4,2,4,4,4,4,4,4,4,4,4,4,4,4,4,4,4,2,4,3,3,78,2,2,1,4,4,2,4,1,2,2,4,3,2,2,4,4,2,1,1,1,1,4,49,NA,64,Female,White,Other,1165
62eab7b53494af2a6cb73504,44900.67458,44900.68656,0,,100,1035,1,44900.68657,R_2SJmBlo1XlEAn48,,,anonymous,EN,1,1,62eab7b53494af2a6cb73504,5,5,2,5,4,1,5,5,6,2,5,6,5,4,6,2,6,6,2,6,3,6,6,6,1,4,2,4,5,1,5,1,6,5.33,5.33,2.67,4.67,2.83,1.94,3,3,3,1,0,0,1,2,1,1,1,1,1,1,1,1,1,1,1,1,1,1,1,3,1,1,1,1,2,3,2,1,1,1,1,3,2,1,4,1,1,2,1,2.2,2,5,5,4,4,1,5,4,2,4,4,2,42,3,0,4,4,0,3,2,0,2,4,0,3,3,0,5,2,1,3,1,1,6,0.2857143,2.714286,3.714286,2.238095,5,5,5,4,1,2,3,3,2,2,2,0,3,1,0,2,2,3,5,2,2,3,5,4,5,5,5,5,4,5,5,5,5,3,5,5,5,1,4.75,2.166667,1.2,2.833333,4.8,4.666667,4.333333,5,3.45946,5,4,4,5,4,4,5,5,2,1,5,5,2,4,2,1,5,1,4,4,1,73,1,4,1,1,1,1,4,1,1,1,1,1,1,1,2,4,1,2,1,1,2,4,33,NA,32,Male,Other,DATA_EXPIRED,1045
62ed458d61ebd1930833e95a,44900.66563,44900.67634,0,,100,925,1,44900.67635,R_1r22LzA4WxcBGMc,,,anonymous,EN,1,1,62ed458d61ebd1930833e95a,4,6,1,1,1,1,5,5,4,1,1,5,5,4,1,1,1,6,3,2,1,6,3,6,5,2,2,2,6,5,4,1,6,3.33,5.67,3.67,1.83,1.17,2.28,1,1,1,0,0,0,1,1,3,1,2,2,2,2,2,3,2,3,3,2.272727,1,1,2,3,1,1,1,1,3,2,1,1,4,1,1,1,2,1,1,1,1,2,1,2,4,4,4,4,3,4,2,2,4,4,3,2,40,0,0,3,3,0,3,0,0,3,5,0,1,0,0,1,5,1,1,1,5,2,0.8571429,2,2,1.619048,0,1,1,3,4,4,3,3,2,4,3,4,0,2,2,3,1,4,1,1,0,1,2,1,2,4,1,1,2,2,2,0,0,0,1,1,1,1,1.25,3.333333,2.2,1.333333,2,2,0,1,1.810811,4,3,5,4,4,4,4,4,5,4,5,4,4,4,4,1,5,1,1,2,4,76,4,4,4,4,2,2,4,4,4,4,3,2,4,4,4,4,4,2,2,3,3,4,71,NA,58,Male,White,Part-Time,934
62ef104b5e9352c2ead31fde,44900.45426,44900.4767,0,,100,1938,1,44900.47671,R_30xhkG58uCcQBUL,,,anonymous,EN,1,1,62ef104b5e9352c2ead31fde,4,3,3,3,1,1,5,5,4,1,1,6,5,4,4,1,5,5,6,4,2,6,5,5,2,3,4,3,3,2,2,1,6,4.67,4.33,3.5,2.83,1.67,1.83,4,3,5,1,0,1,0,2,3,2,1,2,2,2,1,2,2,2,3,2,1,1,1,1,1,1,1,1,2,1,1,1,1,1,1,1,1,1,1,1,1,2,1,1.1,1,2,2,1,1,1,1,1,1,1,1,1,14,4,1,5,5,2,5,3,0,3,4,1,3,4,1,3,2,2,5,1,3,4,1.428571,3.285714,4,2.904762,1,2,1,2,2,4,1,1,3,4,4,3,2,4,2,1,1,1,2,3,2,1,1,1,0,0,1,1,0,1,1,0,1,2,3,4,2,1,1.5,2.5,3,1.666667,0.6,0.6666667,1,3,1.756757,5,4,5,4,4,4,4,4,4,4,5,5,4,4,4,2,4,2,4,3,2,81,3,4,2,1,4,4,2,2,2,1,2,4,2,2,2,4,1,3,5,2,2,4,54,NA,58,Male,White,Full-Time,1968
62f15a6bb44b71fa2124f45a,44900.73037,44900.7423,0,,100,1031,1,44900.74231,R_1jVbrosgXMvJ4fo,,,anonymous,EN,1,1,62f15a6bb44b71fa2124f45a,5,4,4,6,3,1,4,4,3,2,4,5,5,3,5,2,5,6,5,6,4,6,5,5,3,2,4,5,2,4,4,1,6,4.83,4.33,3.67,4.17,3,0.97,4,4,4,1,0,1,0,2,2,3,3,2,2,1,2,1,1,1,2,1.818182,3,2,2,2,2,1,3,1,1,3,3,1,1,1,1,2,1,1,1,2,1,1,1.545455,1.8,1,3,3,4,2,3,3,3,1,2,2,1,28,3,0,5,6,0,5,5,0,3,5,1,5,6,1,5,6,0,5,3,1,2,0.4285714,4.857143,4.285714,3.190476,3,3,4,4,2,3,2,2,2,4,2,4,1,2,3,4,2,3,2,3,2,2,3,3,4,4,4,2,3,5,4,4,2,2,2,2,3,1,3.5,2.5,2.4,2.333333,3.6,4,2.666667,2.333333,2.864865,4,3,4,3,4,4,4,2,3,2,4,5,3,2,4,3,5,1,5,3,2,70,4,3,3,3,2,2,3,1,2,1,3,4,2,2,2,4,2,1,4,2,2,4,52,NA,DATA_EXPIRED,Male,White,Unemployed (and job seeking),1041
62f30de9370374008b3868b2,44902.14238,44902.15823,0,,100,1368,1,44902.15824,R_2PdM6LQkvvJ6rUP,,,anonymous,EN,1,1,62f30de9370374008b3868b2,4,5,4,3,1,1,4,5,5,1,1,6,6,1,5,1,4,6,5,4,1,6,6,6,1,1,1,4,1,1,5,1,6,4.67,4.83,2.83,3.17,1,2.42,1,1,2,1,1,0,0,2,3,2,2,2,2,1,2,1,3,2,1,1.909091,1,2,1,1,1,2,1,1,1,2,2,1,1,1,1,2,1,1,1,1,2,2,1.272727,1.3,2,1,3,1,4,3,4,1,1,1,1,1,23,6,0,4,6,0,6,6,0,0,6,0,0,6,0,6,6,6,0,6,0,6,0.8571429,6,3.142857,3.333333,4,4,5,4,5,2,3,4,2,2,2,2,2,3,3,2,3,4,5,3,3,3,4,4,5,5,5,3,3,5,4,4,2,3,5,4,5,1,4.25,3,2.4,3.5,4.6,4,3,4.666667,3.54054,3,2,3,4,4,4,1,2,2,1,4,5,3,3,5,1,4,1,3,2,5,62,1,2,1,3,4,2,3,1,1,2,1,4,2,2,3,4,1,1,2,2,5,4,47,NA,50,Male,Other,DATA_EXPIRED,1377
62f716849a6ee6e7e2f5a948,44900.78539,44900.8042,0,,100,1624,1,44900.80421,R_3P6nqLeqty3LBFi,,,anonymous,EN,1,1,62f716849a6ee6e7e2f5a948,1,5,2,1,5,4,1,3,1,3,1,3,2,4,2,6,2,5,6,5,4,2,1,5,1,6,4,1,1,2,6,5,6,1.5,3.5,2.67,3.83,4.17,-1.06,7,7,7,1,0,0,1,2,3,3,2,4,2,1,1,1,1,2,1,1.909091,1,1,1,1,1,1,1,1,1,1,1,1,1,1,1,1,1,1,1,1,1,2,1,1,1,4,5,1,4,4,4,1,1,1,2,2,30,5,1,1,6,0,1,4,5,0,6,0,2,6,0,1,4,2,5,4,0,0,1.142857,5,1.428571,2.523809,4,4,3,5,1,4,0,0,1,2,4,4,4,4,0,4,4,4,4,4,3,3,3,4,4,5,4,5,5,5,4,4,2,3,4,5,5,1,4,1.333333,3.2,3.666667,4,4.666667,3,4.666667,3.45946,5,3,5,5,5,5,4,3,5,5,5,5,5,5,5,4,4,5,5,5,4,97,5,4,4,2,4,4,2,4,5,2,2,4,2,1,1,2,1,5,1,4,1,4,60,Thank you for allowing me to participate!,34,Male,White,Full-Time,1632
62f7a739f21a1669968bae73,44901.38418,44901.39957,0,,100,1330,1,44901.39959,R_3QRjfIk4qU5TXjh,,,anonymous,EN,1,1,62f7a739f21a1669968bae73,6,6,5,5,5,1,5,6,5,4,5,6,6,5,5,5,6,6,6,6,6,6,6,6,3,3,6,3,3,3,5,4,6,5.33,5.5,4.5,4.67,5.17,0.64,6,5,6,1,1,0,1,3,3,2,2,1,1,1,1,2,1,3,3,1.818182,1,1,1,1,1,1,1,1,1,1,2,1,1,1,2,1,1,1,1,1,1,2,1.090909,1.1,5,5,4,5,4,5,5,1,1,2,4,4,45,6,5,6,6,0,4,6,4,5,6,3,6,6,6,6,6,4,6,6,0,5,3.142857,6,5.428571,4.857143,1,4,4,4,2,1,0,1,2,1,3,4,5,4,4,4,5,5,5,4,4,4,5,4,4,5,4,3,3,4,4,4,3,5,5,1,4,1,3.25,1.166667,4,4.5,4.4,3.666667,4,3.333333,3.486486,5,5,5,5,5,5,5,5,5,5,5,5,5,5,5,3,5,5,5,4,4,101,1,3,1,3,3,2,4,1,1,1,3,4,3,1,1,4,3,4,4,1,1,4,49,"Great study, I am now focusing on all different things lol",59,Male,White,Other,1340
62f91b7367c06a4a0a84e589,44900.71919,44900.73154,0,,100,1066,1,44900.73155,R_so3N3U7Otm29eAV,,,anonymous,EN,1,1,62f91b7367c06a4a0a84e589,5,5,5,5,5,4,5,5,5,5,5,5,5,5,5,5,4,5,4,5,5,5,5,5,4,5,5,4,4,4,4,5,6,4.67,4.83,4.5,4.83,5,-0.03,6,6,6,0,0,0,1,1,4,2,4,2,2,3,2,2,2,3,3,2.636364,2,2,2,3,2,2,2,1,3,2,2,2,2,2,2,2,2,2,2,2,1,2,1.818182,2.2,3,3,2,2,3,3,2,2,2,2,2,2,28,2,1,1,4,1,3,2,4,1,5,2,1,5,5,2,3,5,1,2,4,5,3.142857,3.285714,2,2.809524,1,1,1,1,2,4,3,4,4,4,3,4,3,3,3,1,3,3,2,1,1,3,2,2,2,2,1,3,1,1,2,1,2,3,3,3,3,1,1,3.5,3.2,2.166667,1.8,1.333333,2,3,2.324324,4,4,5,4,4,4,3,4,4,3,4,4,4,3,4,4,5,2,4,4,2,79,1,2,1,2,2,2,3,1,2,1,2,2,2,2,2,4,2,2,2,1,2,4,40,NA,64,Male,White,"Not in paid work (e.g. homemaker', 'retired or disabled)",1072
62fb84322433c8d7e890a145,44901.30703,44901.31941,0,,100,1070,1,44901.31943,R_1eKW4rA2tGnmErM,,,anonymous,EN,1,1,62fb84322433c8d7e890a145,5,3,4,5,5,1,4,5,5,5,5,4,4,5,5,4,5,5,5,6,6,6,6,5,3,3,5,6,3,2,6,5,6,5,4.17,4,5,5,-0.08,6,5,5,1,1,0,1,3,3,2,3,2,2,2,3,2,3,3,2,2.454545,1,3,3,3,3,1,3,2,4,4,3,1,4,1,1,3,3,1,3,2,1,2,1.545455,3.3,4,3,3,5,5,3,3,4,3,4,3,5,45,6,5,5,6,4,3,5,4,6,6,5,6,6,6,6,6,5,5,6,3,6,4.571429,5.857143,5.285714,5.238095,3,4,3,3,1,1,2,1,2,2,0,1,2,2,2,3,2,1,2,2,3,2,4,5,4,4,4,3,4,4,2,3,3,4,2,2,3,1,3.25,1.5,1.4,2,4.2,3.333333,3.333333,2.333333,2.567568,3,4,3,4,4,4,3,3,3,4,4,4,3,3,4,3,4,1,3,3,3,70,2,4,2,4,3,2,3,3,3,3,4,4,2,3,4,3,3,1,4,3,3,4,63,NA,21,Female,White,Unemployed (and job seeking),1082
62fba37f3560a85b4eb94aac,44901.31361,44901.32728,0,,100,1181,1,44901.3273,R_XiIYzH9GbS0UFzz,,,anonymous,EN,1,1,62fba37f3560a85b4eb94aac,6,6,4,3,4,1,6,4,4,3,4,6,6,4,6,1,6,6,4,4,4,6,4,5,4,3,3,5,3,4,3,1,6,5.5,5,4,3.67,2.83,1.75,3,1,4,0,0,0,1,1,3,1,1,1,1,1,1,1,1,1,1,1.181818,1,2,1,1,1,1,1,1,1,1,1,1,1,2,1,1,1,1,1,1,1,2,1.181818,1,3,4,5,3,4,3,5,1,1,1,1,4,35,4,0,4,6,0,3,4,0,3,6,1,3,6,0,4,4,0,3,6,0,4,0.1428571,5.142857,3.428571,2.904762,4,4,4,3,3,3,1,3,3,3,4,4,2,3,5,0,4,4,4,4,4,4,4,4,2,4,4,5,3,5,4,4,4,5,4,4,4,1,3.75,2.666667,3.6,4,3.6,4,4.333333,4,3.594594,4,5,5,5,5,5,4,4,5,4,5,5,4,4,5,3,5,4,5,5,5,96,2,4,2,4,4,3,2,1,2,2,3,4,2,1,4,2,2,2,5,2,2,4,55,Thank you,45,Male,White,Full-Time,1194
62fd0bc538d70b87550691f7,44900.67149,44900.6915,0,,100,1728,1,44900.69151,R_w1aXWAXxVATy6UV,,,anonymous,EN,1,1,62fd0bc538d70b87550691f7,6,6,6,6,6,2,6,6,6,6,6,6,6,6,6,6,6,6,6,6,6,6,6,6,6,3,5,6,5,5,6,6,6,6,5.83,5.83,5.5,5.83,0.19,1,1,1,1,1,0,0,2,3,2,2,2,2,3,2,1,1,5,4,2.454545,1,1,4,1,4,1,1,1,1,1,2,1,1,1,1,1,1,1,1,2,1,1,1.090909,1.7,5,1,5,5,4,4,5,2,1,1,5,4,42,6,5,5,6,6,6,6,5,0,6,1,4,6,5,5,0,5,5,5,5,2,4.571429,5,3.857143,4.476191,4,5,4,2,5,0,0,1,0,0,1,1,1,5,3,5,4,4,4,5,5,5,4,4,4,5,5,5,5,4,5,5,5,5,2,2,5,1,3.75,1,2.2,4.5,4.4,4.666667,5,3,3.486486,4,5,5,5,5,5,5,4,5,4,4,5,5,4,4,4,4,5,4,4,4,94,4,3,4,4,4,4,4,4,4,4,4,4,4,4,3,4,4,2,4,4,4,4,80,No,59,Male,Black,Full-Time,1774
62fdcda607c1d770ba1c6da8,44900.81265,44900.8236,0,,100,946,1,44900.82361,R_33DUy7ZS5Z5wopM,,,anonymous,EN,1,1,62fdcda607c1d770ba1c6da8,4,2,2,4,2,3,3,3,5,1,2,5,5,3,4,1,3,3,5,4,2,6,5,3,4,4,2,2,1,3,4,2,6,3.67,2.83,3.67,3.5,1.83,0.25,5,2,7,0,0,0,1,1,3,1,2,3,1,2,1,2,2,3,2,2,2,2,1,1,1,2,1,2,1,1,2,1,1,1,1,2,1,1,1,1,1,2,1.363636,1.2,2,4,3,2,4,2,2,1,1,2,1,1,25,5,2,5,6,0,2,5,0,1,6,1,4,6,0,5,4,2,4,4,1,2,0.8571429,5.142857,3.285714,3.095238,2,5,3,4,3,2,1,1,2,2,1,2,2,5,2,4,5,5,3,3,3,3,1,2,1,2,2,3,2,3,2,2,1,4,4,3,4,1,3.5,1.833333,2.4,3.666667,1.6,2.333333,2.333333,3.666667,2.675676,4,3,3,4,3,1,4,5,4,4,4,5,4,3,4,2,5,2,4,2,3,73,1,3,2,5,4,4,4,3,2,2,3,3,3,3,2,4,4,1,2,3,2,4,60,"Some of the gradient option responses do not correspond to the description of the questions (the description says rate low to high, but the choices are agree/disagree)",37,Male,White,Part-Time,950
6303fb5b692c378ba1d010f9,44901.55128,44901.56328,0,,100,1036,1,44901.56329,R_20SDs9B3DyDX8H9,,,anonymous,EN,1,1,6303fb5b692c378ba1d010f9,3,4,5,4,5,1,2,5,5,2,3,5,5,4,6,4,4,2,6,6,4,5,6,6,3,6,5,3,3,3,5,4,6,3.83,4.17,4.33,4.83,4.17,-0.44,6,6,6,1,1,0,1,3,3,1,2,2,1,2,1,2,2,2,3,1.909091,1,1,1,1,2,1,1,1,1,1,1,1,1,1,2,1,1,1,1,1,1,2,1.090909,1.1,2,4,4,2,3,4,3,4,2,2,2,2,34,1,2,3,4,0,0,1,3,1,4,3,1,2,1,4,5,2,4,5,1,3,1.714286,3.142857,2.285714,2.380952,1,1,1,1,1,2,2,1,4,1,4,4,1,4,4,4,3,1,4,3,3,4,1,1,4,5,5,3,4,3,3,2,0,3,5,4,3,1,1,1.833333,3.4,3,3.2,3.333333,1.666667,4,2.702703,4,4,2,4,5,4,3,2,2,2,4,4,4,3,4,2,3,2,3,4,2,67,2,2,2,2,2,2,2,2,2,2,2,2,2,2,2,3,2,2,2,2,2,4,43,NA,32,Male,White,Full-Time,1044
63069f585b35a5ec752fcd30,44907.12079,44907.12394,0,,100,272,1,44907.12395,R_1PTZ1Jn3XbM21ZW,,,anonymous,EN,1,1,63069f585b35a5ec752fcd30,6,5,5,5,4,5,5,5,5,5,4,5,4,4,4,5,5,5,6,4,4,5,4,5,5,5,6,5,5,6,2,6,6,5,4.83,5.17,4.17,4.83,0.19,7,7,7,0,1,1,0,2,2,4,1,3,4,4,3,2,2,4,4,3,2,3,3,3,3,3,3,3,3,4,3,4,4,4,2,3,3,3,3,3,3,2,3,3.2,4,5,4,5,5,4,5,4,4,4,4,5,53,2,1,1,2,1,3,2,3,3,2,2,2,2,3,2,6,2,1,2,2,1,2,2.571429,1.857143,2.142857,4,4,4,4,1,2,0,1,2,0,0,2,5,4,1,4,5,4,4,5,5,4,3,4,5,3,4,5,4,4,5,5,4,5,4,4,4,1,4,1,2.4,4.5,3.8,4.333333,4.666667,4,3.45946,4,4,4,4,4,4,4,5,3,4,4,4,4,5,4,4,5,4,3,4,4,85,4,4,4,5,5,4,4,4,4,5,4,4,5,4,4,4,4,5,4,4,4,4,89,NA,34,Male,Black,Full-Time,284
6306d4da805f2e38a841c3ad,44900.93924,44900.9511,0,,100,1025,1,44900.95111,R_Q6YbGbu095Yf6PD,,,anonymous,EN,1,1,6306d4da805f2e38a841c3ad,5,2,5,3,6,4,4,3,6,5,5,6,3,4,5,6,2,2,6,3,6,6,6,5,4,6,6,1,4,2,5,6,6,4,3.17,4.5,4.5,5.83,-1.36,6,6,6,1,0,0,1,2,5,1,3,4,2,3,2,1,2,5,3,2.818182,1,2,2,1,1,1,1,1,2,2,1,1,2,1,2,1,1,1,1,1,1,2,1.181818,1.4,4,5,4,4,4,3,5,2,2,3,2,4,42,2,2,4,6,1,5,2,6,4,6,5,4,3,5,5,4,6,2,6,2,5,3.857143,4.142857,4.142857,4.047619,5,5,5,4,0,2,0,0,2,2,3,1,2,3,1,3,5,4,4,4,4,5,3,4,5,5,4,5,4,5,4,4,4,4,5,5,4,1,4.75,1,2,4.333333,4.2,4.333333,4,4.666667,3.486486,5,5,5,5,5,5,5,5,5,5,5,5,5,5,5,3,5,3,5,5,5,101,3,3,2,3,3,1,3,2,2,1,4,2,2,2,4,4,2,2,4,2,1,4,52,NA,26,Male,White,Other,1033
630a8feaa8eef385f72dc1a5,44900.66801,44900.68991,0,,100,1891,1,44900.68992,R_3s4F4zUM2Pypydu,,,anonymous,EN,1,1,630a8feaa8eef385f72dc1a5,6,6,6,6,6,5,5,6,6,5,6,6,5,6,6,6,6,6,6,5,6,6,6,6,6,6,6,5,5,6,6,6,6,5.67,5.67,6,5.67,6,-0.22,2,1,2,1,1,1,0,3,3,2,2,2,1,5,1,1,2,4,4,2.454545,1,3,3,2,3,2,2,4,3,3,3,1,2,4,1,4,1,3,4,3,2,2,2.363636,2.8,5,5,5,4,4,5,5,4,4,4,4,4,53,5,6,6,6,5,5,6,6,5,6,5,6,6,6,6,6,6,5,5,6,6,5.714286,5.714286,5.571429,5.666667,5,5,4,5,1,1,1,3,0,1,1,1,4,5,0,5,5,4,4,3,5,4,5,4,5,4,4,5,3,4,4,3,4,5,4,3,5,1,4.75,1.166667,2.2,4.166667,4.4,3.666667,4,4,3.486486,4,4,5,4,5,5,3,4,4,4,5,4,4,4,4,5,5,3,5,5,4,90,5,5,4,4,5,5,5,5,4,5,5,4,5,4,4,5,4,4,5,4,4,4,95,It's a tremendous study.,34,Male,Asian,Full-Time,1904
630cc9747cb664e8a03c29f0,44900.68738,44900.70105,0,,100,1181,1,44900.70107,R_2Qf85qK8wXhor2x,,,anonymous,EN,1,1,630cc9747cb664e8a03c29f0,4,4,1,1,1,1,4,4,3,1,1,6,6,1,3,1,5,5,4,3,2,6,5,4,2,4,1,1,4,2,4,1,6,4.17,4.5,2.17,2.67,1.17,2.33,2,2,2,0,1,0,1,2,4,2,2,2,2,2,2,2,2,4,2,2.363636,2,1,1,1,1,1,1,1,1,1,1,1,2,1,2,1,1,1,2,1,1,2,1.181818,1.2,3,4,4,4,5,2,4,2,1,2,3,2,36,1,0,1,3,0,2,0,0,2,3,0,2,3,0,2,1,3,1,3,0,1,0.4285714,2,1.571429,1.333333,3,4,4,3,3,1,3,4,1,3,2,4,3,3,2,3,4,3,2,2,0,2,2,1,0,2,1,2,0,4,3,1,2,3,2,2,4,1,3.5,2.5,2.8,2.166667,1.2,2.333333,2,2.666667,2.378378,5,4,4,4,5,4,4,2,3,4,4,4,5,4,4,4,5,2,5,4,3,83,2,2,2,3,2,1,3,1,1,1,3,2,1,1,2,1,2,1,2,1,1,4,35,NA,34,Male,White,Full-Time,1187
630fadc5c6bf2f6d623f5775,44900.74969,44900.75762,0,,100,684,1,44900.75763,R_2tM3st8SGRuGeny,,,anonymous,EN,1,1,630fadc5c6bf2f6d623f5775,2,5,5,4,4,1,5,5,3,4,3,5,5,2,6,1,4,4,4,4,3,5,4,5,1,1,1,1,1,2,6,1,6,3.5,4.17,2.83,4.17,2.17,0.78,2,2,3,0,0,0,1,1,3,2,1,1,1,2,2,2,1,2,3,1.818182,2,1,2,1,3,1,1,1,3,2,3,1,3,2,1,1,1,1,1,1,1,2,1.181818,2,2,5,5,4,4,4,5,3,3,2,3,3,43,5,0,6,6,0,2,5,0,1,1,0,1,6,0,1,6,6,4,1,0,2,0.8571429,4.285714,2.428571,2.523809,5,5,5,2,1,1,1,0,0,1,2,2,2,2,3,1,1,0,1,3,1,1,0,3,2,5,0,1,4,4,3,0,0,2,1,1,3,1,4.25,0.6666667,2.2,1.166667,2,3.666667,0.6666667,1.666667,1.864865,4,3,3,5,2,5,4,4,3,4,5,4,4,4,4,1,5,4,1,2,1,72,2,3,3,5,5,3,3,2,1,4,4,1,5,1,1,5,3,2,1,1,2,4,57,good luck with the research,50,Male,White,Full-Time,693
6310bdd0c04dd21ec4d97496,44900.66603,44900.67369,0,,100,662,1,44900.67371,R_1JQKm0vDriH97Ew,,,anonymous,EN,1,1,6310bdd0c04dd21ec4d97496,4,5,2,3,2,1,4,4,4,5,2,4,5,4,5,1,4,6,4,3,4,6,5,4,2,3,4,6,3,4,5,4,6,4.5,4.5,3.33,4,2.83,1.11,2,2,2,1,1,0,0,2,1,1,1,1,2,1,1,2,2,1,2,1.363636,1,1,2,1,1,1,1,2,1,2,2,1,1,1,1,2,2,1,1,1,1,2,1.090909,1.5,2,3,2,1,2,2,4,1,1,4,3,1,26,3,2,4,6,1,2,4,1,3,5,3,5,5,1,4,5,6,4,5,2,5,2.285714,4.714286,3.857143,3.619048,4,5,3,3,4,3,3,4,3,1,1,1,4,4,1,4,3,2,4,3,3,3,2,4,4,5,3,4,3,3,4,3,4,2,5,4,3,1,3.75,3,2.2,3,3.6,3.333333,3,4,3.216216,5,3,4,4,4,4,4,5,4,3,4,4,3,3,5,4,4,2,4,4,3,80,3,4,5,3,3,3,2,5,4,4,4,5,3,4,2,4,3,2,4,4,4,4,75,NA,29,Male,Mixed,Full-Time,680
63127690860023ab6b50a0b2,44901.31957,44901.35997,0,,100,3489,1,44901.35998,R_9Faf8pcsKYJezHH,,,anonymous,EN,1,1,63127690860023ab6b50a0b2,4,4,1,3,3,1,3,4,5,2,5,5,2,4,4,3,4,4,1,4,3,5,4,4,4,5,5,5,1,5,4,4,6,4.17,3.17,3.33,3.67,3.83,0.06,2,1,2,1,1,1,1,4,2,2,2,2,2,2,1,2,2,2,3,2,1,1,1,1,1,1,1,1,1,1,1,1,1,1,1,1,1,1,1,1,1,2,1,1,3,4,3,4,4,4,3,4,4,4,3,4,44,0,1,4,5,0,4,0,1,2,5,1,3,5,1,5,3,3,6,3,1,5,1.142857,3,4.142857,2.761905,3,3,3,2,2,2,1,1,2,2,2,2,4,3,2,4,3,3,3,2,3,3,3,3,3,4,4,3,3,2,3,2,3,3,3,4,3,1,2.75,1.666667,2.6,2.833333,3.4,2.666667,2.666667,3.333333,2.72973,2,3,2,1,4,4,4,4,4,3,5,2,4,3,4,2,4,2,4,3,3,67,3,5,3,3,3,3,3,2,3,3,3,3,3,3,3,3,3,3,3,2,3,4,63,NA,25,Male,Black,Full-Time,3496
631381096e95278a3f97fed4,44903.76353,44903.78199,0,,100,1595,1,44903.782,R_BRt6OqbTaPZaYH7,,,anonymous,EN,1,1,631381096e95278a3f97fed4,5,6,5,6,2,2,6,5,5,5,4,6,5,4,6,2,6,6,4,6,5,6,6,5,2,4,4,6,5,4,4,4,6,5.83,5.33,4,5.17,3.5,1.36,4,5,5,1,1,0,0,2,4,2,3,2,2,3,2,3,2,2,3,2.545455,2,2,4,3,4,1,3,2,4,4,4,1,4,3,1,4,4,1,4,3,1,2,1.818182,3.9,4,4,3,4,4,4,4,5,5,5,4,3,49,3,5,6,6,0,3,4,0,4,5,6,6,0,4,4,4,6,6,5,0,6,3,3.857143,5,3.952381,4,3,3,4,0,2,1,1,1,2,4,2,1,3,2,1,3,4,1,3,3,3,5,5,3,5,4,2,1,2,3,3,4,2,5,1,3,1,3.5,1.166667,2.4,2.833333,4.4,2,3,3,2.675676,2,3,2,4,4,3,5,4,2,1,4,3,2,4,3,3,3,1,5,2,1,61,5,4,4,4,3,2,4,3,1,3,3,2,1,1,5,4,4,1,4,2,1,4,61,NA,33,Female,Mixed,DATA_EXPIRED,1602
6313f4ebb6eb359b0650a088,44900.73302,44900.74938,0,,100,1413,1,44900.74939,R_3NVRtiurlPCbwiF,,,anonymous,EN,1,1,6313f4ebb6eb359b0650a088,6,6,6,6,5,1,6,6,6,6,6,6,6,6,6,2,6,6,1,5,6,6,6,6,6,6,6,6,6,2,5,5,6,6,6,4.5,5.67,5,0.94,2,2,2,1,1,0,0,2,1,3,1,1,1,5,1,1,1,1,5,1.909091,4,3,1,1,1,1,4,4,1,4,3,1,1,1,1,4,3,1,4,1,3,2,2.181818,2.3,4,5,5,5,5,4,5,4,4,4,4,4,53,6,5,6,6,2,6,6,3,4,6,5,6,3,4,5,6,6,6,6,5,6,4.285714,5.571429,5.571429,5.142857,3,5,4,5,2,0,2,1,4,0,2,0,5,2,0,4,4,2,3,3,2,5,4,5,4,4,4,4,5,4,4,4,3,5,4,4,5,1,4.25,1.5,1.8,3.166667,4.2,4.333333,4,4.333333,3.27027,5,5,5,5,5,5,5,5,5,5,5,5,5,5,5,2,5,2,5,5,5,99,1,4,1,1,1,1,1,1,1,1,1,1,1,1,1,1,1,1,1,1,1,4,24,NA,23,Female,White,Unemployed (and job seeking),1442
6316972ef4d8ad8f45a16d7f,44902.26154,44902.27781,0,,100,1405,1,44902.27783,R_a5xrkOXuzKooXIJ,,,anonymous,EN,1,1,6316972ef4d8ad8f45a16d7f,2,4,4,4,3,1,3,4,4,5,4,6,6,3,5,5,1,5,6,6,5,6,1,5,2,5,4,1,1,4,6,4,6,2.33,4.17,3.83,5.17,4.17,-1.14,7,7,7,1,0,0,1,2,4,2,1,2,2,1,1,2,1,2,1,1.727273,1,1,1,1,1,1,1,1,1,1,1,1,1,1,1,1,1,1,1,1,1,2,1,1,3,4,5,2,4,3,4,1,1,2,1,3,33,4,0,4,4,0,1,2,0,1,2,0,1,3,0,2,4,2,1,2,4,1,0.8571429,3,1.571429,1.809524,4,5,5,4,0,2,0,1,1,1,4,4,4,4,4,4,4,4,4,4,4,5,5,3,4,5,5,4,4,4,4,4,4,4,5,4,4,1,4.5,0.8333333,4,4.166667,4.4,4,4,4.333333,3.648649,5,5,5,5,5,5,5,5,4,5,5,5,5,5,5,4,5,5,5,5,5,103,1,3,1,2,2,2,1,1,1,1,3,1,1,1,1,1,1,2,2,1,1,4,30,NA,43,Male,White,"Not in paid work (e.g. homemaker', 'retired or disabled)",1423
6316b3bb5428889a3089cf98,44900.86498,44900.88507,0,,100,1736,1,44900.88508,R_3MFPW0VZCJx7xQF,,,anonymous,EN,1,1,6316b3bb5428889a3089cf98,3,4,3,2,6,1,2,5,2,3,4,4,6,1,4,2,5,5,4,5,4,6,6,5,4,6,4,3,2,1,4,2,6,3.83,4.5,2.5,4,3.67,0.78,6,6,6,1,1,0,1,3,3,2,4,2,1,2,2,2,2,4,3,2.454545,1,1,1,1,1,1,1,1,1,1,2,1,1,1,1,1,1,1,1,1,1,2,1,1.1,1,4,3,1,4,2,3,1,1,1,2,1,24,5,1,5,6,1,5,6,0,5,5,2,4,6,3,4,6,6,4,6,1,6,2,5.714286,4.714286,4.142857,3,3,3,4,1,2,1,2,2,2,3,2,3,4,3,4,3,1,4,1,3,4,2,3,3,4,3,3,3,2,3,3,1,4,5,4,4,1,3.25,1.666667,3,2.666667,3,2.666667,2.666667,4.333333,2.837838,4,4,5,4,5,5,5,4,4,5,5,5,4,4,4,3,4,3,4,4,3,88,2,3,2,3,2,2,4,2,2,2,2,2,2,2,2,4,2,2,3,2,2,4,49,NA,37,Male,White,Full-Time,1740
6316c38449466a362ee07be9,44904.43772,44904.47084,0,,100,2862,1,44904.47086,R_XIeQvBKpxD1CW7D,,,anonymous,EN,1,1,6316c38449466a362ee07be9,5,5,3,4,5,1,4,6,4,3,4,6,6,4,5,5,6,6,3,5,4,6,6,4,4,3,5,3,3,4,4,5,6,5,5,3.67,4,4.67,0.89,5,5,5,1,1,1,0,3,2,2,2,1,1,2,2,2,1,1,2,1.636364,3,1,2,3,2,2,2,2,2,3,3,1,2,1,2,3,3,1,3,2,1,2,1.636364,2.6,3,4,3,3,3,4,2,3,3,3,4,3,38,3,3,4,5,0,1,3,1,2,5,1,5,4,0,4,4,5,6,3,4,4,2,3.857143,3.714286,3.190476,3,3,3,5,3,2,2,2,2,2,2,3,3,3,3,2,3,1,4,4,4,2,3,3,4,4,3,2,3,1,3,4,3,4,4,2,4,1,3.5,2.166667,2.8,3,3.4,2.333333,3.666667,3.333333,2.918919,4,2,4,4,5,3,4,3,4,4,4,5,4,2,5,2,4,2,4,4,3,76,3,3,2,4,3,3,4,2,2,2,1,3,2,1,2,4,3,1,4,2,2,4,53,NA,19,Male,White,"Not in paid work (e.g. homemaker', 'retired or disabled)",2868
631819e1a694706e19cb6247,44900.77493,44900.78718,0,,100,1058,1,44900.78719,R_3EROn1B2ZxSMeZk,,,anonymous,EN,1,1,631819e1a694706e19cb6247,4,5,4,4,5,3,6,5,3,3,5,5,6,3,4,3,4,5,5,6,4,5,6,5,2,5,5,2,3,3,2,3,6,4.5,4.83,3.33,4,4.17,0.83,5,5,6,1,1,0,1,3,3,2,2,2,2,2,4,2,3,4,2,2.545455,1,1,1,1,2,1,3,1,1,1,2,1,1,1,1,3,3,1,1,1,1,2,1.181818,1.6,2,1,4,1,1,3,5,1,1,1,2,1,23,2,3,5,5,1,5,2,1,3,4,2,6,2,4,4,1,3,3,2,1,4,2.142857,2.571429,4.285714,3,3,3,3,2,4,3,2,1,2,3,2,3,1,3,3,4,3,2,3,3,3,3,3,4,3,3,4,4,3,4,2,3,3,3,4,4,3,1,2.75,2.5,2.4,2.833333,3.4,3,3,3.666667,2.945946,2,4,2,5,4,4,3,3,3,4,4,4,4,4,2,1,3,3,4,4,1,68,2,4,4,4,3,4,3,5,5,2,4,4,2,2,3,4,4,1,4,2,3,4,69,NA,30,Male,White,Full-Time,1066
6318c6b8dd3d07c0fb9f0d18,44900.70579,44900.71978,0,,100,1209,1,44900.71979,R_ZxWbncS86881IVb,,,anonymous,EN,1,1,6318c6b8dd3d07c0fb9f0d18,6,6,2,2,4,1,6,5,2,2,5,6,6,2,4,2,6,5,3,2,3,6,4,6,2,4,3,3,6,3,2,3,6,5.17,5.67,2.33,2.67,3.33,2.64,1,1,1,1,0,0,1,2,4,1,2,1,2,2,2,2,2,2,3,2.090909,2,1,4,3,2,1,1,1,2,3,2,1,2,1,1,1,2,1,4,1,1,2,1.090909,2.5,2,1,1,1,1,1,1,1,1,1,1,1,13,3,1,4,5,0,2,5,0,1,5,5,2,5,0,2,4,3,5,5,4,3,1.857143,4.571429,2.714286,3.047619,5,5,4,2,0,0,0,1,1,0,1,0,1,0,1,3,1,2,5,3,5,3,5,5,5,4,5,0,2,4,2,3,1,4,1,1,1,1,4,0.3333333,0.6,3.166667,4.8,2.666667,2.666667,1,2.324324,2,4,2,4,4,2,4,4,4,4,4,5,5,4,5,2,5,1,3,4,4,76,2,1,1,1,1,1,3,1,1,1,1,1,1,1,1,1,1,1,4,1,1,4,27,NA,43,Male,White,Part-Time,1214
631b428359f449b8159625f8,44900.76575,44900.78663,0,,100,1803,1,44900.78667,R_3EgNBUh28Dy5CzO,,,anonymous,EN,1,1,631b428359f449b8159625f8,6,5,2,2,2,1,6,6,4,1,1,6,6,2,3,3,6,6,4,2,1,6,6,4,3,2,1,6,5,2,2,1,6,6,5.33,2.83,2,1.5,3.56,2,1,3,0,0,0,1,1,2,2,1,2,2,1,1,1,1,1,1,1.363636,1,2,2,2,4,1,1,1,3,2,1,1,2,1,2,2,2,1,3,1,1,2,1.181818,2.3,3,4,5,3,4,4,4,4,5,4,4,4,48,1,1,5,5,0,5,2,0,3,5,4,5,3,1,5,5,3,5,4,1,5,1.428571,3.571429,4.714286,3.238095,5,5,5,3,4,4,5,4,3,4,5,3,2,2,5,3,5,2,3,4,5,5,4,5,5,5,5,3,3,5,4,5,4,5,3,4,5,1,4.5,4,3.4,4,4.8,4,4.666667,4,4.081081,4,5,5,4,5,4,5,2,4,3,5,5,5,4,5,2,5,2,5,3,4,86,2,2,2,3,2,4,5,1,2,1,5,4,2,2,4,4,4,1,4,1,2,4,57,NA,35,Male,Asian,Full-Time,1814
63220fb95b15e676e19d7af8,44900.7067,44900.72244,0,,100,1360,1,44900.72246,R_2dAeYTRROGs75sf,,,anonymous,EN,1,1,63220fb95b15e676e19d7af8,4,5,2,3,2,1,6,6,2,1,2,5,5,2,4,1,6,6,5,5,1,6,5,6,4,3,1,5,3,3,4,1,6,5.17,5.17,3,3.33,1.33,2.61,2,2,2,1,1,0,1,3,4,2,2,1,1,2,2,2,2,3,4,2.272727,3,2,3,2,2,1,2,1,2,2,3,1,2,1,2,2,2,1,2,2,2,2,1.636364,2.2,5,4,4,4,4,3,4,4,5,4,5,4,50,2,1,1,6,0,4,3,0,0,2,0,1,5,1,3,6,4,2,5,1,4,1,4.142857,2.142857,2.428571,2,4,2,2,4,3,3,4,2,2,3,2,1,0,3,1,1,1,1,1,2,1,1,2,1,3,2,1,1,2,1,1,1,0,2,1,0,1,2.5,3,1.8,1.166667,1.8,1.333333,0.6666667,1,1.72973,4,4,4,5,4,5,4,4,4,5,5,5,4,4,5,2,5,1,4,3,5,86,4,4,3,3,3,2,3,2,2,4,4,3,3,2,3,4,3,1,5,1,3,4,62,NA,50,Male,White,"Not in paid work (e.g. homemaker', 'retired or disabled)",1368
63221d55274aef20b4f533b6,44900.78113,44900.81493,0,,100,2920,1,44900.81495,R_2whQh6UAImoxb1G,,,anonymous,EN,1,1,63221d55274aef20b4f533b6,4,5,3,2,1,2,2,5,4,2,3,2,6,4,2,1,1,5,6,3,1,5,1,6,4,4,1,1,1,1,4,4,6,1.83,4.67,3.67,2.83,1.83,0.47,3,3,4,0,0,0,1,1,4,1,3,1,2,4,2,2,2,5,2,2.545455,3,1,1,1,1,1,1,1,1,1,1,1,1,1,1,1,1,1,1,1,1,2,1.181818,1,1,1,1,1,1,1,1,1,1,1,1,1,12,0,1,6,5,0,1,0,0,2,6,0,2,2,0,4,6,0,4,4,0,1,0.1428571,3.285714,2.857143,2.095238,4,5,0,3,5,2,2,4,5,5,1,5,5,5,5,4,0,5,3,0,4,3,0,0,0,0,0,5,0,3,0,0,0,3,5,5,4,1,3,3.833333,4.2,2.5,0,1,1,4.666667,2.702703,5,5,5,5,5,5,5,5,5,5,5,5,5,5,5,5,5,1,4,5,5,100,2,2,1,5,2,2,5,2,2,2,4,2,2,2,2,2,2,2,2,2,2,4,49,NA,28,Male,Asian,Full-Time,2925
6323a90c380df6eb64255d6f,44900.64755,44900.66406,0,,100,1427,1,44900.66408,R_wSsw9tROujZDWsp,,,anonymous,EN,1,1,6323a90c380df6eb64255d6f,5,4,1,3,1,1,5,5,5,2,2,5,6,4,4,2,5,5,1,3,1,5,6,4,2,1,1,4,6,3,3,1,6,5,5,2.67,2.67,1.33,2.78,1,1,1,1,0,0,1,2,3,1,2,1,1,1,2,1,1,1,2,1.454545,2,1,3,3,4,1,1,1,3,3,4,1,1,1,1,3,3,1,3,1,1,2,1.090909,3,3,2,3,2,4,1,2,4,3,4,4,3,35,2,5,6,5,2,1,3,1,3,5,4,6,5,3,4,3,3,2,2,2,3,2.857143,3.571429,3.571429,3.333333,2,5,2,2,0,2,0,1,1,2,4,3,3,4,4,2,2,4,2,3,3,3,2,3,4,2,2,2,3,3,3,3,2,3,1,2,2,1,2.75,1,3.6,2.833333,2.6,3,2.666667,1.666667,2.45946,2,3,3,2,4,3,2,5,4,3,4,4,4,3,3,2,4,1,2,5,2,65,1,2,1,3,4,1,4,4,4,3,4,4,2,2,2,2,4,1,3,4,4,4,59,NA,23,Female,White,"Not in paid work (e.g. homemaker', 'retired or disabled)",1433
63251e479509813fab713ad2,44900.66572,44900.67957,0,,100,1197,1,44900.679580000000,R_2pQy4okadoHtZfO,,,anonymous,EN,1,1,63251e479509813fab713ad2,5,4,3,4,6,1,5,6,4,3,5,6,6,4,6,6,5,6,6,5,4,6,6,6,5,2,4,3,1,1,5,3,6,5,4.83,3.83,4.17,4.67,0.69,6,6,7,1,1,0,1,3,4,1,2,1,1,2,2,1,1,2,2,1.727273,1,2,1,1,1,1,4,1,1,1,1,1,1,2,1,3,1,1,1,1,1,2,1.454545,1.2,2,2,5,4,4,1,4,1,1,1,1,1,27,6,0,6,6,0,4,6,2,5,6,2,6,6,0,6,6,1,6,6,5,6,1.428571,6,5.571429,4.333333,4,5,5,4,0,0,0,0,0,1,4,5,4,5,5,5,4,5,5,5,5,4,5,4,5,5,5,4,5,5,4,2,4,3,3,5,5,1,4.5,0.1666667,4.6,4.666667,4.8,4.666667,3,4.333333,3.756757,5,5,5,5,5,4,5,4,5,5,5,5,5,5,5,2,5,4,5,5,5,99,1,2,1,1,1,1,4,1,1,1,2,1,1,1,4,1,1,1,5,1,1,4,33,NA,38,Male,White,Full-Time,1203
632890876b6124c7a15d06f6,44900.73193,44900.74161,0,,100,835,1,44900.74162,R_xtJUWxlAW6tOp0t,,,anonymous,EN,1,1,632890876b6124c7a15d06f6,4,6,3,3,5,1,4,6,5,3,3,6,6,5,4,2,5,5,2,1,3,5,6,5,1,2,2,6,3,2,3,4,6,5.17,5.17,3,2.67,3.17,2.22,1,1,1,0,0,0,1,1,2,2,2,1,1,1,2,2,2,2,2,1.727273,1,1,1,1,1,1,1,1,1,1,1,1,1,1,1,1,1,1,1,1,1,2,1,1,2,4,4,2,4,2,4,1,1,1,2,2,29,4,0,2,5,0,3,2,0,2,5,1,1,5,0,3,3,5,3,4,0,3,0.8571429,4,2.428571,2.428571,3,3,3,2,4,3,3,4,4,3,4,3,2,1,3,3,3,4,3,3,2,3,3,2,4,4,3,3,4,4,4,4,2,3,3,3,4,1,2.75,3.5,2.6,3,3.2,4,3,3.333333,3.135135,4,4,4,4,4,4,4,3,4,4,4,4,4,4,4,3,4,3,4,4,4,81,4,4,4,4,2,2,3,2,2,2,5,2,2,2,4,4,4,2,4,2,2,4,62,NA,27,Female,Asian,Full-Time,840
6330aa1c7f5f79e3707b7ea6,44900.66472,44900.66925,0,,100,390,1,44900.66927,R_0Uih9MzqqaQIcKd,,,anonymous,EN,1,1,6330aa1c7f5f79e3707b7ea6,5,5,5,5,5,5,5,5,5,5,5,5,5,5,5,5,6,4,5,5,5,4,6,5,5,5,5,5,5,5,4,4,6,5.33,4.83,5,4.83,4.83,0.19,5,5,6,1,0,0,1,2,4,2,3,3,3,2,2,2,2,5,3,2.818182,1,1,1,1,1,1,1,1,1,1,1,1,1,1,1,1,1,1,1,1,1,2,1,1,1,1,1,1,1,1,1,1,1,1,1,1,12,6,4,5,6,3,6,3,4,5,6,6,6,6,6,6,6,6,6,6,4,6,4.714286,5.571429,5.714286,5.333333,1,3,4,1,1,4,3,2,2,2,2,2,3,3,2,3,3,2,2,3,2,3,4,3,4,3,3,3,3,3,3,4,4,3,3,3,3,1,2.25,2.333333,2.4,2.5,3.4,3,3.666667,3,2.756757,3,5,5,5,4,3,4,5,3,4,4,4,3,3,4,3,4,2,4,4,4,80,3,3,3,3,3,3,3,3,4,3,4,3,3,3,3,3,3,4,3,3,3,4,66,NA,29,Male,Other,Full-Time,400
6330f30b973410dadd20eb64,44900.80836,44900.81582,0,,100,644,1,44900.81583,R_zTkTuiA0ARaLGKJ,,,anonymous,EN,1,1,6330f30b973410dadd20eb64,5,6,1,2,1,1,6,5,3,2,2,6,6,4,2,2,5,6,1,2,1,6,5,6,3,1,3,4,6,2,2,5,6,5.17,5.83,2.33,1.83,2.33,3.33,1,1,1,0,0,0,1,1,3,2,2,1,2,2,1,2,1,1,4,1.909091,1,4,1,3,1,1,3,1,2,2,2,1,2,2,1,1,3,1,3,3,2,2,1.818182,2,4,5,4,5,4,5,4,2,4,4,4,4,49,0,0,1,1,0,1,0,0,1,6,0,1,0,0,2,4,4,5,0,0,4,0.5714286,1.571429,2.142857,1.428571,3,2,3,3,2,4,1,5,4,5,4,5,3,2,2,3,3,1,2,3,2,3,2,3,1,2,3,1,2,4,1,4,2,4,2,1,4,1,2.75,3.5,3.2,2.333333,2.2,2.333333,3.333333,2.333333,2.72973,5,2,5,2,2,2,4,5,4,4,5,5,4,2,4,2,2,3,4,4,2,72,2,2,4,2,2,2,4,2,2,2,4,2,2,2,4,4,5,2,5,2,2,4,58,NA,39,Male,Mixed,"Not in paid work (e.g. homemaker', 'retired or disabled)",650
63316daa57747115376760da,44900.69201,44900.70382,0,,100,1020,1,44900.70383,R_3Rfn5Yt0oeo6Ual,,,anonymous,EN,1,1,63316daa57747115376760da,3,4,1,3,5,1,3,5,3,2,4,5,5,3,4,2,3,3,2,3,3,4,4,4,2,2,2,2,3,3,4,3,6,3.33,4,2.33,3,3.17,0.83,2,1,2,1,0,0,1,2,4,2,3,2,2,2,2,2,3,3,4,2.636364,1,2,2,2,1,1,1,1,1,1,2,1,2,1,1,3,1,1,2,1,1,2,1.090909,1.7,4,5,3,4,3,4,3,2,3,3,3,2,39,2,2,4,3,1,1,3,2,4,2,2,3,3,3,4,5,6,2,5,1,5,2.428571,3.285714,3.285714,3,1,1,1,1,0,2,2,1,3,3,1,1,1,1,1,1,1,1,1,1,1,2,1,2,2,2,1,1,1,3,1,1,1,1,1,2,3,1,1,1.833333,1,1.166667,1.6,1.666667,1,2,1.378378,2,2,2,2,1,2,3,4,4,3,3,4,2,3,2,4,3,2,2,2,3,55,1,2,1,1,1,1,2,1,1,1,2,1,1,1,1,2,1,1,3,1,1,4,27,Best wishes and Happy Holidays,51,Male,White,DATA_EXPIRED,1037
6332517a492e9ac48804f991,44900.68914,44900.70588,0,,100,1445,1,44900.70589,R_rqFabjjtPBuPLbP,,,anonymous,EN,1,1,6332517a492e9ac48804f991,4,5,5,5,5,2,5,5,5,5,5,5,5,5,5,4,5,6,5,5,6,6,6,5,5,4,4,6,5,6,5,2,6,5.17,5.17,5.17,4.83,4.33,0.39,2,2,2,1,1,1,1,4,2,2,3,2,2,2,2,3,2,1,4,2.272727,2,1,3,1,2,1,1,2,3,3,4,1,2,1,1,2,3,1,3,1,1,2,1.181818,2.6,2,4,4,4,4,4,3,4,3,4,4,4,44,4,6,4,6,3,5,5,5,3,6,3,4,6,2,4,5,3,5,6,1,5,3.285714,5.428571,4.285714,4.333333,3,4,3,1,2,4,4,4,4,3,1,1,2,2,1,2,1,1,2,3,2,2,4,3,4,4,4,3,2,2,2,3,3,3,2,2,4,1,2.75,3.5,1.4,1.833333,3.8,2,3,2.666667,2.621622,4,4,4,4,2,5,4,4,4,4,5,5,5,4,4,1,4,1,4,4,4,80,2,4,2,4,4,4,2,4,4,3,3,5,2,3,3,4,4,1,4,3,2,4,67,NA,65,Male,White,Part-Time,1453
6333103245619932bba4c8f6,44900.74484,44900.75721,0,,100,1069,1,44900.75723,R_3p6jRxGRsDedRaB,,,anonymous,EN,1,1,6333103245619932bba4c8f6,1,3,1,1,5,1,4,5,1,2,1,4,4,3,3,6,4,4,5,6,4,6,4,4,1,4,4,4,1,4,5,5,6,3.5,3.5,2.5,3.5,4.17,0.11,6,6,6,1,1,1,0,3,3,2,3,2,2,1,2,3,2,3,2,2.272727,1,1,1,1,2,1,2,1,1,1,2,1,1,1,1,1,1,1,1,1,1,2,1.090909,1.2,1,3,4,1,4,1,4,1,2,1,1,3,26,5,4,5,5,0,3,4,4,4,5,3,5,6,3,5,5,4,3,5,2,4,2.857143,5,4.142857,4,3,3,3,3,1,1,1,1,2,2,1,2,4,4,2,3,4,4,4,3,4,4,3,3,3,4,4,3,3,4,3,2,3,3,4,4,3,1,3,1.333333,2.6,3.833333,3.4,3.333333,2.666667,3.666667,2.918919,4,5,3,4,5,4,5,5,5,5,4,5,4,4,4,4,4,3,4,4,3,88,2,3,3,3,3,2,4,2,2,2,3,2,2,2,3,2,3,2,2,2,2,4,51,NA,42,Male,White,Full-Time,1074
6333813956b0fd924b64a4d0,44901.49995,44901.50784,0,,100,681,1,44901.50785,R_2w4dl1R8C7EiXh4,,,anonymous,EN,1,1,6333813956b0fd924b64a4d0,5,4,3,3,3,2,4,5,2,4,3,4,3,4,3,5,4,4,3,4,5,4,4,4,4,5,4,5,2,4,4,5,6,4.33,3.67,3.33,3.83,4.17,0.22,5,5,5,1,1,1,0,3,3,2,2,2,2,2,2,2,2,3,3,2.272727,2,1,2,1,2,1,1,1,1,3,2,1,1,1,3,3,2,1,2,2,1,2,1.363636,1.9,4,4,4,4,4,2,4,1,2,2,5,2,38,2,3,5,5,4,4,6,3,0,4,4,6,6,4,5,4,3,5,5,3,1,3.428571,4.571429,3.714286,3.904762,3,2,2,1,1,2,1,1,1,1,2,2,4,4,2,3,4,3,3,2,4,4,4,3,4,2,5,2,2,3,1,4,3,3,1,1,1,1,2,1.166667,2.8,3.333333,3.6,2,3.333333,1,2.45946,2,4,3,4,4,4,4,3,4,4,4,3,4,4,2,2,3,2,4,3,2,69,2,4,1,3,2,2,4,1,1,1,4,1,1,2,1,3,3,1,4,1,3,4,45,NA,31,Male,White,Unemployed (and job seeking),686
6334b0fc574064de4e68f578,44901.17435,44901.19021,0,,100,1369,1,44901.19022,R_25WvAwjQcV3zYDQ,,,anonymous,EN,1,1,6334b0fc574064de4e68f578,3,3,3,3,5,2,3,3,3,3,4,3,3,3,4,5,6,6,6,6,6,6,5,6,5,5,5,6,3,4,6,6,6,4.33,4,4,4.5,5.17,-0.39,6,6,6,1,1,1,1,4,3,2,2,3,3,2,2,2,2,3,4,2.545455,2,2,4,2,2,1,2,1,4,3,2,1,4,1,2,3,3,1,2,2,1,2,1.454545,2.9,5,5,4,5,4,5,5,5,5,5,5,4,57,6,6,6,6,6,4,6,6,4,6,5,4,6,6,4,6,6,6,6,6,4,5.857143,6,4.571429,5.476191,2,1,2,2,1,2,1,0,2,2,1,3,1,1,0,1,1,3,2,1,1,2,3,2,2,2,1,0,2,2,1,1,1,3,1,2,1,1,1.75,1.333333,1.2,1.666667,2,1.666667,1.666667,1.333333,1.513514,4,1,4,3,4,4,4,4,4,3,4,3,4,3,4,2,4,3,3,2,2,69,2,4,2,2,3,1,4,1,1,2,2,1,3,1,2,2,3,1,2,1,2,4,42,NA,62,Female,White,Full-Time,1376
633643465b40568290457617,44907.44909,44907.46244,0,,100,1153,1,44907.46247,R_vxaGmP5wJ6gZyut,,,anonymous,EN,1,1,633643465b40568290457617,4,2,5,4,2,1,4,3,3,4,5,2,3,3,6,2,5,5,6,5,4,6,6,3,4,6,4,1,2,4,4,1,6,3.67,3,4.17,4.83,3,-0.67,5,3,6,1,1,1,0,3,2,2,1,2,2,1,2,2,2,3,1,1.818182,1,1,1,2,1,1,1,1,2,2,1,1,1,1,2,1,3,1,4,1,1,2,1.090909,1.8,4,1,4,1,4,1,4,1,1,2,1,1,25,6,1,6,6,0,1,2,4,4,6,3,5,6,1,5,4,6,4,5,6,6,3,5,4.428571,4.142857,3,0,3,1,2,3,2,2,5,3,4,5,2,3,2,3,3,3,0,1,3,0,0,0,3,2,0,2,0,4,4,0,0,0,3,3,3,1,1.75,2.833333,3.2,1.666667,1,2.666667,0,3,2.081081,3,5,4,5,5,5,4,5,5,4,5,4,4,4,4,1,5,4,4,4,3,87,2,4,3,5,4,4,1,4,4,3,4,4,4,4,2,3,2,2,2,2,4,4,67,NA,30,Male,Mixed,Unemployed (and job seeking),1159
633c2576bb250e8f0da2be0a,44906.69421,44906.69725,0,,100,262,1,44906.69728,R_1n1HFvSJGNA1Bdj,,,anonymous,EN,1,1,633c2576bb250e8f0da2be0a,2,3,2,3,4,3,4,5,2,3,5,2,5,2,3,5,3,4,2,2,3,3,2,2,2,2,3,3,4,3,3,3,6,2.67,3.83,2.17,2.67,3.83,0.36,1,1,1,0,0,1,1,2,2,3,2,4,4,2,4,3,4,2,3,3,1,1,1,1,1,1,1,1,1,1,1,1,1,1,1,1,1,1,1,1,1,2,1,1,2,1,1,3,2,2,2,2,2,1,2,3,23,1,1,3,2,0,0,1,1,2,1,1,0,2,0,0,1,2,0,0,1,1,0.8571429,1.142857,0.8571429,0.952381,0,0,0,1,4,5,5,4,4,5,4,5,1,0,4,2,1,1,0,0,1,0,0,0,0,0,0,1,1,0,1,0,0,0,1,0,1,1,0.25,4.5,2.8,0.5,0,0.6666667,0,0.6666667,1.405405,2,2,1,2,2,1,2,2,2,2,1,2,3,2,1,1,1,1,1,2,2,35,1,2,3,1,3,2,2,3,3,2,2,2,3,4,3,1,2,4,2,2,2,4,49,NA,37,Male,White,Full-Time,267
633c30f159b7fd599e41aeb2,44900.68742,44900.69809,0,,100,922,1,44900.6981,R_1pnfTvoHQoDMjY8,,,anonymous,EN,1,1,633c30f159b7fd599e41aeb2,6,6,2,4,2,2,6,6,3,4,6,6,6,4,6,1,5,6,3,3,5,6,6,4,2,2,2,6,6,2,2,2,6,5.83,5.67,2.67,3.5,3,2.69,1,1,1,0,0,0,1,1,1,1,1,1,1,1,1,2,1,2,2,1.272727,1,1,1,1,1,1,1,1,1,1,1,1,1,1,2,1,1,1,1,1,1,2,1.090909,1,1,1,4,1,2,1,3,1,1,1,1,1,18,4,3,4,4,1,2,5,1,2,5,3,4,5,3,2,5,5,4,5,1,3,2.428571,4.714286,3,3.380952,4,4,4,2,4,3,4,4,3,4,4,5,4,4,5,4,4,4,4,5,4,5,3,1,5,5,4,5,4,5,5,4,4,4,4,5,5,1,3.5,3.666667,4.4,4.333333,3.6,4.666667,4,4.666667,4.081081,4,4,4,4,4,4,4,2,2,2,4,4,4,2,4,2,4,2,4,3,2,69,2,2,2,2,2,2,4,2,2,2,2,2,2,2,2,2,2,2,5,2,2,4,47,NA,38,Male,White,Other,935
633e64efca51d0be6c6f52a1,44900.69854,44900.71622,0,,100,1526,1,44900.71623,R_125U79N9fwKj1pK,,,anonymous,EN,1,1,633e64efca51d0be6c6f52a1,5,5,2,3,3,1,5,5,5,4,4,5,6,4,4,1,5,4,4,4,1,5,1,4,2,3,2,2,2,4,4,1,6,3.83,4.33,3.5,3.67,2,1.03,1,1,1,0,0,0,1,1,4,2,2,1,2,2,2,2,2,2,2,2.090909,3,2,3,3,1,1,2,2,1,3,2,1,1,2,1,3,1,1,2,1,1,2,1.545455,2,4,4,4,4,5,3,2,4,2,3,4,2,41,4,2,4,5,1,3,3,0,3,5,3,5,5,1,4,4,1,2,5,1,4,1.285714,4.428571,3.571429,3.095238,4,4,4,2,2,2,0,0,1,4,2,1,3,4,3,3,3,3,2,2,4,2,3,1,4,4,3,2,1,2,1,3,1,4,5,4,4,1,3.5,1.5,2.6,2.666667,3,1.333333,2.666667,4.333333,2.621622,4,4,4,5,5,4,5,5,5,5,5,5,5,5,5,3,5,4,5,5,5,98,2,2,1,4,1,1,1,1,1,1,4,3,2,1,1,1,1,2,4,1,1,4,36,NA,31,Male,White,Unemployed (and job seeking),1532
633edc50cfae73d4a72ca889,44901.10978,44901.11907,0,,100,802,1,44901.11909,R_3MlFwfQGImpkLRT,,,anonymous,EN,1,1,633edc50cfae73d4a72ca889,3,5,1,1,1,1,2,4,1,1,1,2,5,1,2,1,3,4,1,2,1,4,6,2,3,4,1,6,2,1,1,1,6,3.67,3.67,1.33,1.83,1,2.28,5,5,6,0,0,0,0,0,5,4,4,4,3,4,4,2,3,4,3,3.636364,1,1,1,1,1,1,1,1,1,1,1,1,1,1,1,1,1,1,1,1,1,2,1,1,4,4,5,3,5,4,5,2,2,2,2,3,41,2,0,3,4,0,3,3,0,4,2,1,1,4,0,2,1,0,2,2,1,5,0.2857143,2.571429,2.857143,1.904762,4,3,2,2,5,5,2,3,5,5,4,3,3,3,4,4,4,3,4,0,4,5,3,1,0,1,2,1,0,0,1,0,0,1,5,5,4,1,2.75,4.166667,3.4,3.333333,1.4,0.3333333,0.3333333,4.666667,2.72973,5,5,4,5,5,5,5,5,5,5,5,5,4,4,5,4,5,3,4,3,4,95,1,3,1,2,3,2,1,1,1,2,4,4,1,1,1,1,1,2,1,1,2,4,36,NA,43,Male,White,Full-Time,807
6341b7b2e340e467cab1363b,44900.70556,44900.72322,0,,100,1526,1,44900.72323,R_NWmX3ZkpBkG6W3L,,,anonymous,EN,1,1,6341b7b2e340e467cab1363b,4,6,2,4,2,2,5,6,2,3,3,6,6,3,6,2,6,6,5,4,3,6,6,5,3,3,3,5,2,5,6,2,6,5.33,5.17,3.33,4.33,2.5,1.86,6,5,6,1,1,0,1,3,3,2,2,1,1,2,2,2,1,2,3,1.909091,1,2,2,2,2,1,1,2,2,2,1,2,2,1,2,2,1,1,1,2,1,2,1.454545,1.7,4,5,5,3,5,4,4,4,2,3,3,4,46,6,1,5,6,0,5,6,2,4,6,3,5,6,0,4,6,1,5,6,2,4,1.285714,6,4.571429,3.952381,4,4,3,3,3,4,1,3,3,2,3,3,3,2,3,2,3,2,4,3,2,3,5,3,3,3,2,3,4,3,3,4,2,3,5,3,3,1,3.5,2.666667,2.8,2.833333,3.2,3.333333,3,3.666667,3.027027,3,4,4,4,5,4,5,3,4,4,5,5,4,3,4,3,4,1,3,4,4,80,2,2,2,2,4,2,4,1,1,1,1,2,2,1,3,4,5,1,4,1,2,4,47,NA,53,Male,White,Part-Time,1662
6343071aa0875d1a9399f408,44900.66545,44900.67557,0,,100,873,1,44900.67558,R_1DSSoc0YuyfRTI6,,,anonymous,EN,1,1,6343071aa0875d1a9399f408,4,5,3,4,3,1,6,4,5,3,6,6,6,3,5,2,4,4,2,4,4,5,5,5,3,3,3,4,4,4,5,5,6,4.83,4.67,3.33,4,3.83,1.03,2,1,3,1,0,1,1,3,2,1,2,2,1,1,2,2,1,4,2,1.818182,1,1,1,2,3,1,1,1,1,2,2,1,1,1,1,1,1,1,1,1,1,2,1,1.5,4,4,2,3,4,2,1,2,3,2,1,1,29,4,2,5,4,1,5,3,1,3,5,3,4,3,1,4,5,6,5,2,2,5,2.285714,3.714286,4.428571,3.476191,1,5,2,1,2,2,3,2,2,2,2,3,3,2,3,1,2,2,1,2,1,2,3,3,4,3,3,2,1,4,3,2,2,3,2,1,3,1,2.25,2.166667,2.6,1.666667,3.2,2.666667,2.333333,2,2.297297,1,2,1,4,5,5,4,5,4,5,5,2,4,5,4,2,4,1,2,4,3,72,1,1,1,3,1,1,3,1,1,1,2,2,1,1,1,2,1,1,3,1,1,4,30,NA,24,Male,Asian,DATA_EXPIRED,879
63445f4375dd2cc3f3c0e399,44900.6701,44900.67433,0,,100,364,1,44900.67434,R_Q5u3NU455uPGARX,,,anonymous,EN,1,1,63445f4375dd2cc3f3c0e399,4,5,4,3,3,3,2,4,4,4,4,3,3,4,4,3,4,4,5,4,5,4,4,4,5,6,6,4,4,4,5,3,6,3.5,4,4.33,4.33,4,-0.47,4,4,3,1,1,1,0,3,2,2,3,2,1,4,2,1,3,2,3,2.272727,1,1,1,1,1,1,1,1,1,1,1,1,1,1,1,1,1,1,1,1,1,2,1,1,1,2,4,3,4,2,2,4,3,2,1,2,30,2,4,3,4,4,3,3,2,3,4,4,3,3,3,3,3,4,3,4,3,4,3.428571,3.285714,3.142857,3.285714,2,2,3,1,2,2,3,3,1,2,2,3,3,2,1,2,3,2,2,3,2,3,3,3,3,3,2,3,2,4,4,2,3,3,2,3,3,1,2,2.166667,2.2,2.5,2.8,3.333333,2.666667,2.666667,2.486486,3,4,4,4,3,3,3,3,4,5,4,3,4,2,5,4,4,3,3,2,5,75,4,4,4,4,5,4,4,4,3,4,2,5,3,4,3,5,5,4,3,3,2,4,79,NA,47,Male,Black,DATA_EXPIRED,397
6344e676138c37d41771acd0,44901.58977,44901.60403,0,,100,1232,1,44901.60404,R_efHflVDVrpvtyEx,,,anonymous,EN,1,1,6344e676138c37d41771acd0,5,5,1,4,5,1,1,5,3,1,3,5,5,1,3,5,6,6,4,5,3,4,5,3,1,4,2,6,4,5,3,3,6,4.67,4.67,2.5,3.33,3.5,1.56,3,3,3,1,1,0,1,3,2,1,3,1,1,1,1,2,1,3,1,1.545455,3,1,2,1,1,2,1,1,2,2,4,2,2,1,3,3,2,3,2,2,1,2,1.818182,2.1,2,4,4,3,4,3,4,3,2,2,4,3,38,3,1,4,5,1,3,4,1,1,5,4,2,5,1,2,4,6,4,5,1,3,2.142857,4.428571,2.714286,3.095238,2,3,3,4,1,1,0,2,1,1,4,3,3,3,4,2,2,1,2,3,3,2,3,3,4,4,4,3,2,4,3,3,1,4,2,3,4,1,3,1,3.4,2.166667,3.6,3,2.666667,3,2.621622,3,5,4,4,4,4,3,5,5,4,4,4,4,4,5,2,5,1,4,3,2,79,2,4,2,3,2,2,2,2,1,2,3,3,2,1,2,2,2,1,2,1,2,4,43,NA,34,Male,White,Part-Time,1240
63456cbb51b2440f2dfc3e85,44900.97294,44900.98427,0,,100,979,1,44900.98429,R_z21IbRv8gHYJxgB,,,anonymous,EN,1,1,63456cbb51b2440f2dfc3e85,5,6,4,5,5,4,5,5,6,4,4,6,6,6,6,6,6,6,6,5,2,5,5,6,5,5,6,5,4,5,4,5,6,5.33,5.5,5.33,4.83,4.67,0.47,2,2,3,0,0,0,1,1,2,1,4,1,2,2,2,1,1,4,2,2,3,3,3,4,4,3,3,2,2,3,3,2,2,2,2,3,3,2,3,1,2,2,2.272727,3,4,4,4,4,4,5,5,4,4,4,5,4,51,3,4,5,6,1,5,5,5,5,6,5,4,4,6,5,5,5,3,2,3,4,4.142857,4.428571,4.428571,4.333333,4,4,4,3,2,1,1,3,1,1,1,1,1,2,1,2,4,5,5,3,3,3,5,3,4,5,4,3,5,2,5,4,3,4,3,4,4,1,3.75,1.5,1.2,3.833333,4.2,4,3.666667,3.666667,3.054054,4,5,3,5,5,4,4,4,5,4,4,5,4,4,4,3,5,2,4,3,4,85,4,5,3,4,5,4,4,4,5,4,4,5,4,2,4,5,4,3,4,3,4,4,84,NA,40,Male,Other,Full-Time,1014
63457ca6ea7e55d2491ec3fc,44901.40591,44901.41273,0,,100,588,1,44901.41274,R_3iqmUNNGTH1ebRx,,,anonymous,EN,1,1,63457ca6ea7e55d2491ec3fc,5,4,2,3,2,1,5,5,3,2,2,5,5,3,5,1,6,6,4,4,3,6,6,6,3,2,2,6,5,3,4,2,6,5.5,5.17,3,3.33,2,2.56,2,2,3,1,0,0,1,2,3,2,1,2,1,2,2,3,2,2,4,2.181818,1,3,2,3,3,1,1,1,3,2,1,1,2,1,1,3,2,1,3,1,1,2,1.181818,2.4,4,4,4,4,4,4,4,4,4,4,4,4,48,4,3,3,5,4,2,4,3,3,2,3,2,4,4,3,2,3,3,4,4,4,3.428571,3.571429,2.857143,3.285714,1,4,0,0,5,3,3,2,5,4,1,2,0,0,2,0,0,2,0,0,0,0,0,1,0,0,0,0,0,0,0,0,0,0,0,2,3,1,1.25,3.666667,1,0.3333333,0.2,0,0,1.666667,1.081081,3,4,3,4,4,4,3,4,4,4,4,4,4,4,4,2,4,4,2,3,3,75,3,4,3,3,3,3,4,3,3,3,3,2,3,3,3,4,4,4,2,3,3,4,66,NA,52,Male,White,"Not in paid work (e.g. homemaker', 'retired or disabled)",597
634696400ff1ac25ed01ad11,44901.47325,44901.49584,0,,100,1951,1,44901.49586,R_31yZbJyhrFzJ5uJ,,,anonymous,EN,1,1,634696400ff1ac25ed01ad11,6,4,1,1,4,1,6,6,3,1,1,6,6,3,6,4,6,3,5,5,3,6,6,4,2,2,2,1,3,2,4,4,6,5.17,4.33,2.67,3.17,3,1.81,5,5,5,1,0,0,1,2,1,1,2,1,1,1,1,2,1,2,2,1.363636,3,4,3,4,4,1,1,2,3,2,2,2,3,1,1,2,2,1,2,1,2,2,1.727273,2.7,5,5,4,4,5,5,4,5,4,4,5,4,54,4,5,3,6,2,5,3,3,2,5,2,4,6,6,4,6,6,6,6,2,6,3.714286,5.142857,4.285714,4.380952,4,4,4,4,2,1,1,2,2,1,1,2,2,3,1,4,3,3,3,3,3,4,4,4,4,4,4,2,3,3,3,4,3,3,3,2,3,1,4,1.5,1.8,3.166667,4,3,3.333333,2.666667,2.864865,4,4,2,5,4,4,2,4,4,4,4,4,4,4,4,4,4,2,4,2,4,77,2,2,2,2,2,1,2,2,2,2,2,1,1,1,2,2,2,1,5,2,2,4,40,NA,42,Female,White,Full-Time,3588
63483c4522d65d46028da7a7,44900.71402,44900.73924,0,,100,2179,1,44900.73925,R_2Vgr9nYdildZi52,,,anonymous,EN,1,1,63483c4522d65d46028da7a7,4,4,5,6,6,2,4,5,4,5,6,5,3,5,6,6,4,4,6,5,6,6,6,5,4,6,6,5,3,5,6,6,6,4.67,4,4.83,5.67,6,-1.17,7,7,7,0,0,0,1,1,2,2,3,3,1,2,1,2,2,2,3,2.090909,1,1,1,1,1,1,1,1,2,3,1,1,1,1,1,3,1,1,1,1,1,2,1,1.5,2,2,3,2,4,3,4,2,1,2,1,2,28,4,6,4,6,6,4,5,6,5,5,4,6,4,6,6,5,4,4,5,6,6,5.428571,4.857143,5,5.095238,4,5,3,4,4,2,3,4,1,3,4,4,2,3,3,3,2,3,4,2,3,3,3,2,3,3,2,3,3,3,3,2,1,3,4,3,3,1,4,2.833333,3.2,2.833333,2.6,3,2,3.333333,2.972973,3,5,4,5,5,5,4,4,4,4,5,5,4,4,5,2,5,2,4,4,3,86,1,3,1,2,2,2,3,1,1,1,2,2,1,1,1,1,1,1,4,1,1,4,33,NA,32,Male,White,Full-Time,2189
6348801ddd19d0c7bfddac73,44900.66797,44900.68275,0,,100,1277,1,44900.68279,R_3oAWJXYxe4YLv5c,,,anonymous,EN,1,1,6348801ddd19d0c7bfddac73,6,6,5,5,5,1,6,6,4,5,5,6,6,5,6,5,6,6,5,6,6,6,6,6,4,5,6,6,6,3,2,6,6,6,6,4.33,4.83,5.5,1.11,2,3,3,1,0,0,1,2,2,2,3,2,2,1,1,1,1,1,1,1.545455,1,1,1,1,1,1,1,1,1,1,1,1,1,1,1,1,1,1,1,1,1,2,1,1,3,5,5,3,5,5,5,1,1,1,1,3,38,4,6,5,6,6,5,6,6,5,6,6,5,6,5,6,5,6,6,6,6,6,5.857143,5.571429,5.428571,5.619048,4,5,5,4,1,0,0,1,0,1,2,5,4,5,5,4,5,4,5,5,4,5,4,4,5,5,5,4,5,4,5,5,5,4,5,5,5,1,4.5,0.5,4.2,4.666667,4.6,4.666667,4.666667,5,3.891892,4,3,4,4,5,5,4,4,4,4,4,5,4,4,4,1,4,3,5,1,1,77,3,2,4,4,3,3,4,3,2,2,5,1,2,2,1,4,4,3,5,2,2,4,61,"Very, very good study.",75,Female,White,"Not in paid work (e.g. homemaker', 'retired or disabled)",1295
6348846ae221cb4a0efbf3f9,44900.67076,44900.68648,0,,100,1358,1,44900.6865,R_Q9BXh7ecFbAttV7,,,anonymous,EN,1,1,6348846ae221cb4a0efbf3f9,4,5,4,5,5,1,6,2,2,1,4,6,5,3,4,6,5,5,2,6,3,3,6,6,6,6,6,5,1,3,6,6,6,5.33,4,3.33,4.67,5,0.33,5,5,3,1,1,1,1,4,1,3,2,3,2,1,1,4,3,1,4,2.272727,3,3,1,1,2,4,4,3,1,2,4,1,1,4,1,2,4,1,2,2,1,2,2.454545,2,4,1,3,3,2,2,2,4,5,3,4,4,37,5,3,6,6,0,5,6,6,2,6,1,6,6,6,6,5,3,1,5,6,0,3.571429,5.571429,3.714286,4.285714,0,5,1,3,5,1,5,0,2,1,0,5,4,1,4,0,2,4,3,3,3,0,2,5,4,5,4,2,2,3,2,3,0,2,5,2,2,1,2.25,2.333333,2.8,2.5,4,2.333333,1.666667,3,2.567568,5,5,5,5,5,5,3,5,5,5,5,4,2,5,5,2,5,3,5,3,4,91,4,2,2,3,2,1,5,1,1,2,1,1,1,1,3,5,5,1,2,2,1,4,46,NA,79,Female,White,Other,1368
63614899ad49a91f1ef09067,44900.66588,44900.68963,0,,100,2051,1,44900.68965,R_AHyxSdVVET7X8d3,,,anonymous,EN,1,1,63614899ad49a91f1ef09067,5,6,1,4,5,1,5,5,2,2,4,6,6,3,3,1,6,6,4,5,5,6,6,6,6,2,4,5,3,3,3,2,6,5.5,5.33,3.17,3.17,3.5,2.14,2,1,3,1,0,0,1,2,3,2,2,2,2,1,2,2,2,3,3,2.181818,1,1,1,1,1,1,1,1,1,1,1,1,1,1,1,1,1,1,1,1,1,2,1,1,3,5,4,4,4,4,3,1,1,2,2,3,36,5,1,5,6,0,3,5,0,3,5,1,4,5,1,4,1,5,4,2,1,4,1.285714,4.142857,3.857143,3.095238,5,3,5,3,3,2,0,3,2,1,2,4,4,4,2,4,4,3,3,4,5,4,5,5,4,5,4,4,5,4,4,3,3,4,5,5,5,1,4,1.833333,3.2,3.833333,4.6,4.333333,3.333333,5,3.648649,5,5,5,5,5,5,5,4,4,5,5,5,5,5,5,4,5,4,4,5,5,100,2,4,2,4,3,3,4,2,3,2,4,4,1,1,3,4,2,5,4,1,2,4,60,NA,51,Male,White,Full-Time,2057
63614edb8ec467e6999ff831,44900.67532,44900.71045,0,,100,3035,1,44900.71047,R_UtDeN0zGVMkLNUB,,,anonymous,EN,1,1,63614edb8ec467e6999ff831,4,5,3,5,4,3,4,5,5,4,5,5,6,4,4,1,5,6,1,4,3,5,4,4,3,2,4,6,4,3,5,3,6,4.67,5,3.17,4,3.33,1.33,2,2,2,0,0,0,1,1,2,2,2,2,2,3,2,4,2,4,3,2.545455,1,2,2,3,2,1,2,1,2,2,2,1,2,2,1,1,3,2,2,1,1,2,1.363636,2.1,5,5,4,4,4,4,3,4,5,4,4,5,51,4,3,3,5,0,5,3,2,4,4,5,5,4,2,4,5,6,5,5,4,6,3.142857,4.285714,4.571429,4,3,4,2,2,2,3,3,2,2,3,2,2,2,2,2,2,2,3,3,3,2,3,3,3,3,2,2,2,1,3,2,3,3,1,2,3,2,1,2.75,2.5,2,2.666667,2.6,2,2.333333,2.333333,2.405406,4,5,4,5,5,5,4,3,5,4,5,4,4,4,4,2,5,2,4,4,5,87,3,4,2,4,4,4,4,2,4,3,3,4,3,3,4,2,3,3,3,3,3,4,68,NA,32,Male,Asian,Full-Time,3042
63614f71fa75fcbcee84f2ac,44900.75472,44900.76242,0,,100,664,1,44900.76244,R_2E7bx2mtV8koljd,,,anonymous,EN,1,1,63614f71fa75fcbcee84f2ac,2,4,2,5,2,1,3,4,2,2,2,4,4,3,5,1,4,5,5,5,5,5,6,4,4,3,1,5,1,2,3,4,6,4,3.67,3,3.83,2.5,0.72,4,4,4,1,1,0,1,3,3,2,2,2,2,1,2,2,2,3,1,2,1,1,1,1,1,1,1,1,2,1,1,1,1,1,1,1,1,1,1,1,1,2,1,1.1,1,1,4,1,1,1,2,1,1,1,1,1,16,4,3,6,5,0,2,5,5,5,4,0,2,1,6,5,2,5,4,4,0,0,2.714286,3.571429,3.428571,3.238095,4,4,3,4,5,5,3,5,5,5,5,5,4,4,5,4,4,1,4,4,4,4,4,0,3,4,4,4,4,4,4,3,1,4,4,3,4,1,3.75,4.666667,4.6,3.5,3,4,2.666667,3.666667,3.810811,4,4,4,4,4,4,4,4,4,4,4,4,4,4,4,4,4,4,4,4,4,84,1,1,1,1,1,1,1,1,1,1,1,1,1,1,1,1,1,1,1,1,1,4,21,just a thank you note,43,Male,White,Full-Time,669
636187a2ba30731760619d57,44900.74105,44900.75148,0,,100,900,1,44900.75149,R_1q1COIQ4izeky8h,,,anonymous,EN,1,1,636187a2ba30731760619d57,6,6,1,2,1,2,6,6,3,1,1,2,6,3,4,1,4,5,3,3,1,6,2,5,3,4,1,2,6,2,4,1,6,3.67,5.67,2.5,3,1,2.5,1,1,2,0,0,0,1,1,3,1,3,1,1,1,2,3,1,2,1,1.727273,1,1,2,2,2,1,1,1,3,2,1,1,3,1,1,2,2,1,1,2,1,2,1.090909,2,4,3,5,4,5,4,4,2,2,2,2,2,39,3,1,1,4,0,1,2,0,1,3,0,1,2,0,1,3,3,1,4,0,0,0.5714286,3,0.8571429,1.47619,4,4,4,4,4,4,1,1,1,2,2,3,3,4,4,5,5,4,4,4,2,4,4,0,5,5,4,4,5,5,5,3,4,2,5,5,3,1,4,2.166667,3.2,3.833333,3.6,5,3,4.333333,3.567568,4,4,5,4,5,5,4,5,5,5,5,5,5,5,5,3,5,3,3,4,5,94,3,2,3,2,1,1,4,2,1,1,2,3,1,1,4,5,2,1,2,3,3,4,47,NA,25,Male,Asian,DATA_EXPIRED,905
6361a6a7be16d8144319fd3a,44901.30683,44901.31435,0,,100,649,1,44901.31436,R_3nuQ5WXNgZqXyxT,,,anonymous,EN,1,1,6361a6a7be16d8144319fd3a,5,5,3,2,2,1,5,5,5,2,5,5,5,3,5,1,5,3,1,4,2,5,5,4,2,5,2,5,5,2,2,2,6,5,4.5,2.67,3.33,2.33,1.97,2,2,2,1,0,0,0,1,2,2,2,2,2,2,2,4,2,2,3,2.272727,2,3,3,3,3,2,2,1,3,3,3,1,3,1,2,3,1,1,2,1,1,2,1.545455,2.7,2,5,4,4,4,2,4,4,4,4,4,2,43,0,2,2,0,0,5,0,1,3,0,4,4,0,0,4,0,6,4,0,2,6,2.142857,0,4,2.047619,3,1,3,0,2,3,2,1,4,3,1,3,1,1,4,3,2,1,2,2,1,1,1,2,1,1,1,1,2,2,1,2,1,2,1,1,2,1,1.75,2.5,2,1.5,1.2,1.666667,1.666667,1.333333,1.756757,4,2,2,4,4,4,4,4,3,4,4,4,2,2,2,2,4,2,4,2,4,67,2,2,2,2,4,2,2,2,2,2,4,2,2,2,2,2,2,2,2,2,2,4,46,NA,38,Male,White,Full-Time,655
63625293f294f7d242d70c10,44900.81168,44900.82735,0,,100,1353,1,44900.82736,R_1prJLYdrr2uKaDF,,,anonymous,EN,1,1,63625293f294f7d242d70c10,4,5,3,5,5,4,5,5,5,4,4,5,4,5,5,5,5,4,4,4,5,5,5,5,4,4,4,5,5,4,4,5,4,4.83,4.67,4.17,4.33,4.67,0.36,2,2,2,1,1,1,0,3,4,3,4,2,2,4,3,2,2,3,4,3,2,3,2,2,2,2,2,2,2,2,2,3,3,1,3,2,3,3,3,1,3,2,2.272727,2.3,4,3,4,4,4,4,4,4,4,3,4,4,46,3,4,5,4,3,4,4,5,4,5,5,4,5,5,5,3,5,5,4,4,4,4.428571,4,4.428571,4.285714,4,4,4,3,2,1,2,1,1,2,2,1,4,2,2,3,3,4,3,4,4,4,4,3,3,3,3,3,3,3,4,4,3,4,4,4,4,1,3.75,1.5,2.2,3.666667,3.2,3.333333,3.666667,4,3.027027,4,3,3,4,4,4,3,3,3,4,3,4,3,4,3,4,4,4,4,4,3,75,3,4,3,3,4,4,3,4,4,3,4,3,4,4,4,3,4,3,4,4,4,4,76,NA,67,Male,White,Part-Time,1396
